"Nome da campanha","Nome do anúncio","Nome do conjunto de anúncios","Segmentos de público","Status de veiculação","Nível de veiculação",Frequência,Impressões,"Hook Rate","Reproduções de 100% do vídeo","Valor usado (BRL)","Cliques no link","Visualizações da página de destino do site","CPC (custo por clique no link)","CTR (todos)","CPM (custo por 1.000 impressões)","Tipo de resultado","Custo por resultado","Finalizações de compra iniciadas","Taxa de conversão",Resultados,"ROAS (retorno sobre o investimento em publicidade) das compras","Tipo de valor de resultado","Valor dos resultados","Início dos relatórios","Encerramento dos relatórios"
"[C] [LM - TESTE] [ABO]",AD2,"[HIBRIDO] [ESTATICO ORG.] [BID 60]",prospecting,active,ad,4.39485117,3989725,0.03837432,,32029.52789964,18814,14126,1.70243053,,8.02800391,"Compras no site",57.71086108,2079,0.02949931,555,2.90110208,"Valor de conversão da compra no site",92920.93,2026-01-01,2026-05-25
"[C] [LM - PRINCIPAL][EX. BASE] [ADV. +] [CBO]","ADS - TOFU","[AQUISIÇÃO]  [ADV. +]",prospecting,inactive,ad,2.48945864,3289252,0.26498639,,73050.69983843,32050,26885,2.27927301,,22.20890945,"Compras no site",72.90489006,4549,0.03126365,1002,2.25575786,"Valor de conversão da compra no site",164784.69,2026-01-01,2026-05-25
"[C] [LM - PRINCIPAL][EX. BASE] [ADV. +] [CBO]","ADS - LARI TOFU","[AQUISIÇÃO]  [ADV. +]",prospecting,inactive,ad,1.81271554,2655989,0.32626076,,46288.331556,18330,16503,2.52527723,,17.42790786,"Compras no site",76.13212427,2630,0.03316967,608,2.46559135,"Valor de conversão da compra no site",114128.11,2026-01-01,2026-05-25
"[C] [LM - RMKT] [ADV. ABO]","AD - LUCIANA MOFU","[RMKT LARANJA MORO-REATIVAÇÃO BASE QUENTE]",prospecting,inactive,ad,2.23888299,2543286,0.21506822,,57628.88364782,27739,23202,2.07754006,,22.65922262,"Compras no site",62.16708053,3408,0.03341865,927,2.58477417,"Valor de conversão da compra no site",148957.65,2026-01-01,2026-05-25
"[C] [TONS] [PB DR]","AD - MOFU","[PUBLICO ENG.] [DR]",prospecting,active,ad,2.3782887,2464837,0.38734407,,66844.45499699,58775,8943,1.137294,,27.11921924,"Compras no site",78.27219555,8341,0.01452999,854,2.68574304,"Valor de conversão da compra no site",179527.03,2026-01-01,2026-05-25
"[C] [LM - TESTE] [ABO]","AD - BOFU 1 — Cópia","[HIBRIDO] [ESTATICO ORG.] [BID 60]",prospecting,active,ad,2.65495369,2278691,0.00119893,,14598.73129492,6544,4565,2.23085747,,6.40663052,"Compras no site",90.67534966,483,0.02460269,161,2.13453343,"Valor de conversão da compra no site",31161.48,2026-01-01,2026-05-25
"[C] [LM - RMKT] [ADV. ABO]","AD - LEVE 3 PAGUE 2","[RMKT LARANJA MORO-REATIVAÇÃO BASE QUENTE]",engaged,active,ad,8.65672317,2143976,0,,58554.6632437,29351,21832,1.99498018,,27.3112494,"Compras no site",52.65707126,3658,0.03788627,1112,3.84142027,"Valor de conversão da compra no site",224933.07,2026-01-01,2026-05-25
"[C] [LM - RMKT] [ADV. ABO]","AD - LEVE 3 PAGUE 2","[RMKT LARANJA MORO-REATIVAÇÃO BASE QUENTE]",prospecting,active,ad,3.9477771,1978768,0,,48677.90245646,25341,19760,1.92091482,,24.60010595,"Compras no site",60.69563897,2702,0.03164832,802,3.29547499,"Valor de conversão da compra no site",160416.81,2026-01-01,2026-05-25
"[C] [LM - TESTE] [ABO]",AD1,"[TOFU] [TIK + ORG ] [ABERTO]",prospecting,inactive,ad,2.72756864,1957456,0,,22232.44367629,13561,11172,1.63943984,,11.3578255,"Compras no site",58.04815581,1860,0.02824275,383,2.90341993,"Valor de conversão da compra no site",64550.12,2026-01-01,2026-05-25
"[C] [TONS] [PB DR]","AD - CAMPEÃO TOFU","[PUBLICO ENG.] [DR]",prospecting,active,ad,1.88622767,1954428,0.40453012,,76505.09035913,80358,71836,0.95205319,,39.14449156,"Compras no site",78.22606376,9444,0.01217054,978,2.85714949,"Valor de conversão da compra no site",218586.48,2026-01-01,2026-05-25
"[C] [LM - PRINCIPAL][EX. BASE] [ADV. +] [CBO]","AD - BOFU","[AQUISIÇÃO]  [ADV. +]",prospecting,inactive,ad,3.22363792,1929934,0.05709211,,42507.62480606,17161,13539,2.47698997,,22.02542927,"Compras no site",62.41941969,2284,0.039683,681,3.01518635,"Valor de conversão da compra no site",128168.41,2026-01-01,2026-05-25
"[C] [LM - RMKT] [ADV. ABO]","AD - LEVE 3 PAGUE 2","[RMKT LARANJA MORO-REATIVAÇÃO BASE QUENTE]",existing,active,ad,17.2407237,1799104,0,,63425.63445095,25442,18167,2.49295002,,35.25401225,"Compras no site",53.25410113,3428,0.04681236,1191,4.22830946,"Valor de conversão da compra no site",268183.21,2026-01-01,2026-05-25
"[C] [LM - TESTE] [ABO]",AD3,"[TOFU] [TIK + ORG ] [ABERTO]",prospecting,inactive,ad,3.18281837,1497376,0,,27925.31567185,12045,9339,2.31841558,,18.64950131,"Compras no site",47.57293982,1950,0.04873391,587,3.15652761,"Valor de conversão da compra no site",88147.03,2026-01-01,2026-05-25
"[C] [LM - PRINCIPAL][EX. BASE] [ADV. +] [CBO]","AD - BOFU ANA ELISA 22K","[EXCLUSÃO BASE] [ADV. +]",prospecting,active,ad,3.10107855,1480458,0.11368982,,24475.45831976,13341,8619,1.83460448,,16.53235574,"Compras no site",77.94731949,1243,0.02353647,314,2.31665202,"Valor de conversão da compra no site",56701.12,2026-01-01,2026-05-25
"[C] [LM - TESTE] [ABO]","AD - JADE TOFU","[BM JADE]",prospecting,inactive,ad,1.7951262,1413249,0.21250537,,23560.72021149,14760,14033,1.59625476,,16.67131568,"Compras no site",59.19778948,1218,0.02696477,398,2.9651496,"Valor de conversão da compra no site",69861.06,2026-01-01,2026-05-25
"[C] [LM - PRINCIPAL][EX. BASE] [ADV. +] [CBO]","ADS - MES CONSUMIDOR STORIE","[AQUISIÇÃO]  [ADV. +]",prospecting,inactive,ad,1.48146407,1374252,0.32895932,,32157.82940059,17890,16294,1.79753099,,23.40024202,"Compras no site",78.81820932,1806,0.02280604,408,2.26087865,"Valor de conversão da compra no site",72704.95,2026-01-01,2026-05-25
"[C] [LM - PRINCIPAL][EX. BASE] [ADV. +] [CBO]","AD - EVELYN TOFU","[AQUISIÇÃO]  [ADV. +]",prospecting,inactive,ad,1.48077056,1373083,0.39050953,,20699.60027558,14886,12349,1.39054147,,15.07527242,"Compras no site",75.27127373,1050,0.01847373,275,2.20224398,"Valor de conversão da compra no site",45585.57,2026-01-01,2026-05-25
"[C] [LM - TESTE] [ABO]","ADS - DANI — Cópia","[BOFU] [ADV+ ABERTO] [ESTATICO]",prospecting,not_delivering,ad,2.94190892,1212293,0.01944084,,10144.46023779,6464,4207,1.56937813,,8.36799374,"Compras no site",70.94028138,545,0.02212252,143,2.62159143,"Valor de conversão da compra no site",26594.63,2026-01-01,2026-05-25
"[C] [LM - PRINCIPAL][EX. BASE] [ADV. +] [CBO]","ADS - RAIZA 3","[AQUISIÇÃO]  [ADV. +]",prospecting,inactive,ad,2.57293137,1195528,0.11774714,,23089.89976908,8613,7541,2.68081966,,19.31355833,"Compras no site",68.11179873,1294,0.03935911,339,2.55634847,"Valor de conversão da compra no site",59025.83,2026-01-01,2026-05-25
"[C] [LM - RMKT] [ADV. ABO]","laranja-moro_mi-ruback_02-07-2025_junto-com-cafe — Cópia","[RMKT LARANJA MORO-REATIVAÇÃO BASE QUENTE]",prospecting,inactive,ad,2.05813431,1181118,0.09737469,,13197.32420358,5170,4387,2.55267393,,11.17358655,"Compras no site",69.45960107,696,0.03675048,190,2.54266088,"Valor de conversão da compra no site",33556.32,2026-01-01,2026-05-25
"[C] [LM - TESTE] [ABO]","AD1 - 07/12","Influ Larissa L 2",prospecting,archived,ad,1.81038939,1175341,0.27419702,,14479.91998512,14093,11939,1.02745476,,12.31976081,"Compras no site",49.41952213,1910,0.02079046,293,3.52585857,"Valor de conversão da compra no site",51054.15,2026-01-01,2026-05-25
"[C] [LM - TESTE] [ABO]","Criativo 1 - Brenda 29/12","Lm Perfil Novo",prospecting,not_delivering,ad,2.87590711,1148876,0.12801207,,13243.6690317,9669,6311,1.36970411,,11.52750082,"Compras no site",57.33190057,872,0.02389078,231,2.7813146,"Valor de conversão da compra no site",36834.81,2026-01-01,2026-05-25
"[C] [LM - PRINCIPAL][EX. BASE] [ADV. +] [CBO]","[0 (0,00) | 7 (806,90) | 0 (0,00)] ADS - LM","[AQUISIÇÃO]  [ADV. +]",prospecting,inactive,ad,3.28363035,1103881,0,,27545.94853802,6919,5418,3.98120372,,24.9537301,"Compras no site",57.50719945,1475,0.06922966,479,2.94781463,"Valor de conversão da compra no site",81200.35,2026-01-01,2026-05-25
"[C] [LM - TESTE] [ABO]",AD2,"[HIBRIDO] [ESTATICO ORG.] [BID 60]",existing,active,ad,11.17294663,1075195,0.0433819,,12040.80351396,6757,4504,1.78197477,,11.19871606,"Compras no site",39.22085835,1095,0.04543436,307,5.17547271,"Valor de conversão da compra no site",62316.85,2026-01-01,2026-05-25
"[C] [VARIOS PRODUTO] [ABO] [BID]","AD - ORG TOFU","[VINAGRE] [RMKT]",prospecting,inactive,ad,2.19565526,1052259,0,,26569.45332129,15922,13045,1.66872587,,25.24991786,"Compras no site",103.78692704,1311,0.01607838,256,1.86094232,"Valor de conversão da compra no site",49444.22,2026-01-01,2026-05-25
"[C] [LM - PRINCIPAL][EX. BASE] [ADV. +] [CBO]","ADS - LARISSA","[AQUISIÇÃO]  [ADV. +]",prospecting,inactive,ad,1.70386776,1041283,0.27757968,,24786.83157278,9433,7809,2.62767217,,23.80412585,"Compras no site",82.34827765,1509,0.03190925,301,2.12318141,"Valor de conversão da compra no site",52626.94,2026-01-01,2026-05-25
"[C] [LM - RMKT] [ADV. ABO]","AD - RMKT DANI","[RMKT LARANJA MORO-REATIVAÇÃO BASE QUENTE]",prospecting,active,ad,2.91536096,1017219,0.15325805,,30449.31323484,11381,8870,2.67545147,,29.93388173,"Compras no site",57.12816742,2047,0.04683244,533,3.33798596,"Valor de conversão da compra no site",101639.38,2026-01-01,2026-05-25
"[C] [LM - TESTE] [ABO]",AD5,"[BOFU] [ADV+ ABERTO] [ESTATICO]",prospecting,not_delivering,ad,2.26037393,998970,0.09968868,,9676.80780037,3676,2965,2.63242867,,9.68678519,"Compras no site",73.86876183,504,0.03563656,131,2.21459705,"Valor de conversão da compra no site",21430.23,2026-01-01,2026-05-25
"[C] [LM - RMKT] [ADV. ABO]","AD - BOFU","[RMKT LARANJA MORO-REATIVAÇÃO BASE QUENTE]",prospecting,active,ad,3.61426593,976206,0.09029549,,21238.56854076,5680,4842,3.7391846,,21.75623643,"Compras no site",55.59834697,1116,0.06725352,382,3.14881108,"Valor de conversão da compra no site",66876.24,2026-01-01,2026-05-25
"[C] [TONS] [PB DR]","AD7 - BOFU","[PUBLICO ABERTO]",prospecting,not_delivering,ad,2.45212071,972310,0,,14312.69205372,7534,6228,1.89974676,,14.72029708,"Compras no site",88.89870841,1007,0.02136979,161,2.59731711,"Valor de conversão da compra no site",37174.6,2026-01-01,2026-05-25
"[C] [LM - PRINCIPAL][EX. BASE] [ADV. +] [CBO]","ADS - ORGANICO LM 2","[AQUISIÇÃO]  [ADV. +]",prospecting,inactive,ad,1.98602719,961118,0,,12552.90986132,5841,4639,2.14910287,,13.06073746,"Compras no site",77.01171694,806,0.02790618,163,2.26422481,"Valor de conversão da compra no site",28422.61,2026-01-01,2026-05-25
"[C] [LM - TESTE] [ABO]",ADS,"Lm Perfil Novo",prospecting,inactive,ad,2.70094493,955832,0.0842533,,7011.31361763,8956,6401,0.78286217,,7.33529911,"Compras no site",57.94474064,467,0.0135105,121,2.90289539,"Valor de conversão da compra no site",20353.11,2026-01-01,2026-05-25
"[C] [LM - PRINCIPAL][EX. BASE] [ADV. +] [CBO]","ADS - ORGANICO LM 2","[AQUISIÇÃO]  [ADV. +]",prospecting,inactive,ad,2.35785631,936458,0,,20294.2251638,5830,4633,3.48099917,,21.67126039,"Compras no site",64.42611163,1256,0.05403087,315,2.39543908,"Valor de conversão da compra no site",48613.58,2026-01-01,2026-05-25
"[C] [LM - RMKT] [ADV. ABO]","laranja-moro_mi-ruback_02-07-2025_junto-com-cafe — Cópia","[RMKT LARANJA MORO-REATIVAÇÃO BASE QUENTE]",engaged,inactive,ad,4.97527307,892763,0.10494835,,18345.20307681,7829,5749,2.34323708,,20.54879411,"Compras no site",63.25932095,1087,0.03704177,290,2.76034175,"Valor de conversão da compra no site",50639.03,2026-01-01,2026-05-25
"[C] [LM - TESTE] [ABO]","Teste - ADS 2","Evelyn Regly BM - LM",prospecting,not_delivering,ad,2.36178875,852157,0.09522658,,7764.14315911,5884,4977,1.31953487,,9.11116515,"Compras no site",58.37701623,546,0.02260367,133,2.83988968,"Valor de conversão da compra no site",22049.31,2026-01-01,2026-05-25
"[C] [LM - PRINCIPAL][EX. BASE] [ADV. +] [CBO]","AD - DANI TOFU","[AQUISIÇÃO]  [ADV. +]",prospecting,inactive,ad,2.09656288,850368,0.11143646,,16509.16324075,6788,5700,2.43211008,,19.41413981,"Compras no site",70.55197966,873,0.0344726,234,2.57529466,"Valor de conversão da compra no site",42515.96,2026-01-01,2026-05-25
"[C] [TONS] [PB DR]","Novo anúncio de Vendas","[PUBLICO ABERTO]",prospecting,inactive,ad,1.33708103,827597,0.47197126,,15702.60416175,20752,15736,0.75667907,,18.97373258,"Compras no site",102.63139975,1756,0.00737278,153,2.12084312,"Valor de conversão da compra no site",33302.76,2026-01-01,2026-05-25
"[C] [VARIOS PRODUTO] [ABO] [BID]",AD7,"[VINAGRE] [RMKT]",prospecting,inactive,ad,2.94988035,811105,0,,16171.31943032,7898,6613,2.04752082,,19.93739335,"Compras no site",76.64132431,1064,0.02671562,211,2.74481623,"Valor de conversão da compra no site",44387.3,2026-01-01,2026-05-25
"[C] [LM - TESTE] [ABO]","ADS 6","Evelyn Regly BM - LM",prospecting,not_delivering,ad,1.86667841,805412,0.20311716,,9172.43634499,5157,4464,1.77863803,,11.38850221,"Compras no site",58.05339459,510,0.03063797,158,2.77148285,"Valor de conversão da compra no site",25421.25,2026-01-01,2026-05-25
"[C] [LM - PRINCIPAL][EX. BASE] [ADV. +] [CBO]","AD - LUCIANA  TOFU","[EXCLUSÃO BASE] [ADV. +]",prospecting,inactive,ad,1.81482131,796369,0.25730911,,13439.17703266,13642,12295,0.98513246,,16.87556526,"Compras no site",61.08716833,1054,0.01612667,220,2.75341041,"Valor de conversão da compra no site",37003.57,2026-01-01,2026-05-25
"[C] [TONS] [PB DR]","AD - BOFU","[PUBLICO ENG.] [DR]",prospecting,active,ad,3.80323086,776924,0,,20820.56110487,9278,7683,2.24407858,,26.79871018,"Compras no site",63.09260941,1498,0.03556801,330,3.76699598,"Valor de conversão da compra no site",78430.97,2026-01-01,2026-05-25
"[C] [LM - PRINCIPAL][EX. BASE] [ADV. +] [CBO]","AD - JADE MOFU","[EXCLUSÃO BASE] [ADV. +]",prospecting,inactive,ad,1.42400863,768190,0.22154545,,11128.16097887,12355,12081,0.90070101,,14.48620911,"Compras no site",70.88000623,523,0.01270741,157,2.24818818,"Valor de conversão da compra no site",25018.2,2026-01-01,2026-05-25
"[C] [TONS] [PB DR]","ADS - ASIATICA","[PUBLICO ENG.] [DR]",prospecting,active,ad,2.09146615,765577,0.32453822,,30409.33220166,27688,23357,1.09828562,,39.7208017,"Compras no site",107.07511339,2178,0.01025715,284,2.02597675,"Valor de conversão da compra no site",61608.6,2026-01-01,2026-05-25
"[C] [LM - TESTE] [ABO]",AD2,"[HIBRIDO] [ESTATICO ORG.] [BID 60]",engaged,active,ad,8.10299468,730566,0.05830685,,8324.5943814,6543,4162,1.27229014,,11.39471914,"Compras no site",50.45208716,702,0.02521779,165,3.52000214,"Valor de conversão da compra no site",29302.59,2026-01-01,2026-05-25
"[C] [LM - RMKT] [ADV. ABO]","AD - LUCIANA TOFU","[RMKT LARANJA MORO-REATIVAÇÃO BASE QUENTE]",prospecting,active,ad,1.57795556,729006,0.35220698,,23728.71385269,15387,13718,1.54212737,,32.54940817,"Compras no site",73.01142724,1379,0.02112173,325,2.42499785,"Valor de conversão da compra no site",57542.08,2026-01-01,2026-05-25
"[C] [LM - PRINCIPAL][EX. BASE] [ADV. +] [CBO]","ADS - MES CONSUMIDOR","[AQUISIÇÃO]  [ADV. +]",prospecting,inactive,ad,3.55791278,722146,0.00363915,,18348.35064895,5999,5063,3.0585682,,25.40809012,"Compras no site",58.62092859,1139,0.05217536,313,3.18088373,"Valor de conversão da compra no site",58363.97,2026-01-01,2026-05-25
"[C] [LM - TESTE] [ABO]","ADS 1","Conj - Vm",prospecting,not_delivering,ad,3.3042308,707112,0.14991967,,8789.64151101,3719,2696,2.36344219,,12.43033849,"Compras no site",68.1367559,454,0.03468674,129,3.05948428,"Valor de conversão da compra no site",26891.77,2026-01-01,2026-05-25
"[C] [LM - TESTE] [ABO]",AD2,"[TOFU] [TIK + ORG ] [ABERTO]",prospecting,inactive,ad,1.88726305,691446,0,,9007.46423092,4507,3667,1.99854986,,13.02699593,"Compras no site",71.48781136,680,0.02795651,126,2.38572249,"Valor de conversão da compra no site",21489.31,2026-01-01,2026-05-25
"[C] [LM - TESTE] [ABO]","AD - EVELYN MOFU","teste aquisição ate dia 15  - Lm",prospecting,inactive,ad,1.97369959,678702,0.07622049,,6207.61600975,3500,2674,1.77360457,,9.14630576,"Compras no site",87.4312114,273,0.02028571,71,2.02440679,"Valor de conversão da compra no site",12566.74,2026-01-01,2026-05-25
"[C] [LM - PRINCIPAL][EX. BASE] [ADV. +] [CBO]","ADS - JESSICA","[AQUISIÇÃO]  [ADV. +]",prospecting,inactive,ad,2.67423435,655158,0.19322057,,25086.21306763,8578,7785,2.92448275,,38.29032549,"Compras no site",62.40351509,1918,0.04686407,402,2.87099292,"Valor de conversão da compra no site",72022.34,2026-01-01,2026-05-25
"[C] [LM - TESTE] [ABO]","ADS 2","Influ Isadora N. - Lm",prospecting,archived,ad,1.9405493,626648,0.24510411,,14071.79929156,6713,5645,2.09620129,,22.45566776,"Compras no site",58.38920868,1131,0.03590049,241,3.06202918,"Valor de conversão da compra no site",43088.26,2026-01-01,2026-05-25
"[C] [LM - TESTE] [ABO]","AD - BOFU","[BOFU] [ADV+ ABERTO] [ESTATICO]",prospecting,not_delivering,ad,2.32721668,625877,0.06318334,,4800.88446401,1851,1477,2.5936707,,7.67065168,"Compras no site",85.73007971,177,0.03025392,56,2.05216561,"Valor de conversão da compra no site",9852.21,2026-01-01,2026-05-25
"[C] [LM - TESTE] [ABO]","AD - ANA MOFU","teste aquisição ate dia 15  - Lm",prospecting,inactive,ad,2.94698438,608234,0.11176948,,9145.25370221,4614,3102,1.98206626,,15.03574891,"Compras no site",70.89343955,454,0.02795839,129,2.39691984,"Valor de conversão da compra no site",21920.44,2026-01-01,2026-05-25
"[C] [LM - TESTE] [ABO]","AD - BOFU 1 — Cópia","[HIBRIDO] [ESTATICO ORG.] [BID 60]",existing,active,ad,8.13189045,604541,0.00035564,,7656.14709005,2962,2026,2.5847897,,12.66439677,"Compras no site",47.55370863,502,0.05435517,161,4.23715867,"Valor de conversão da compra no site",32440.31,2026-01-01,2026-05-25
"[C] [LM - PRINCIPAL][EX. BASE] [ADV. +] [CBO]","AD - BOFU ANA ELISA 22K","[EXCLUSÃO BASE] [ADV. +]",existing,active,ad,8.3130822,589888,0.12463552,,13196.00335716,13499,7470,0.97755414,,22.37035396,"Compras no site",57.37392764,786,0.0170383,230,3.67604332,"Valor de conversão da compra no site",48509.08,2026-01-01,2026-05-25
"[C] [LM - RMKT] [ADV. ABO]","AD - RMKT","[RMKT LARANJA MORO-REATIVAÇÃO BASE QUENTE]",prospecting,inactive,ad,3.65121366,589200,0.00052444,,13685.41305626,5088,4095,2.68974313,,23.22710974,"Compras no site",85.5338316,608,0.03144654,160,2.4957018,"Valor de conversão da compra no site",34154.71,2026-01-01,2026-05-25
"[C] [LM - RMKT] [ADV. ABO]","AD - EVELYN","[RMKT LARANJA MORO-REATIVAÇÃO BASE QUENTE]",prospecting,not_delivering,ad,3.32160722,587682,0,,16761.5712843,4852,4112,3.45456951,,28.5214985,"Compras no site",53.21133741,1233,0.06492168,315,3.087485,"Valor de conversão da compra no site",51751.1,2026-01-01,2026-05-25
"[C] [LM - TESTE] [ABO]","Criativo Versão 2 - Sabrina 29/12","Influ Sabrina - LM TESTE TRAVA DE CPA",prospecting,archived,ad,2.37773445,571945,0.14441074,,6736.25513085,3055,1886,2.2049935,,11.77780229,"Compras no site",73.22016447,346,0.03011457,92,2.43845723,"Valor de conversão da compra no site",16426.07,2026-01-01,2026-05-25
"[C] [LM - PRINCIPAL][EX. BASE] [ADV. +] [CBO]","AD - BOFU","[AQUISIÇÃO]  [ADV. +]",existing,inactive,ad,6.97158977,554827,0.01853911,,17615.34975889,6326,4857,2.78459528,,31.74926555,"Compras no site",44.14874626,1181,0.06307303,399,4.81545817,"Valor de conversão da compra no site",84825.98,2026-01-01,2026-05-25
"[C] [LM - RMKT] [ADV. ABO]","AD - RMKT","[RMKT LARANJA MORO-REATIVAÇÃO BASE QUENTE]",prospecting,active,ad,3.32834761,552975,0.00042136,,13730.18889091,4603,3760,2.98287832,,24.82967384,"Compras no site",72.26415206,712,0.04127743,190,2.7944459,"Valor de conversão da compra no site",38368.27,2026-01-01,2026-05-25
"[C] [LM - TESTE] [ABO]","ADS 2","Evelyn Regly BM - LM",prospecting,not_delivering,ad,2.61163511,549078,0.09161722,,4871.62053769,3019,2576,1.61365371,,8.8723652,"Compras no site",57.3131828,410,0.02815502,85,3.16122117,"Valor de conversão da compra no site",15400.27,2026-01-01,2026-05-25
"[C] [LM - TESTE] [ABO]",AD3,"[TOFU] [TIK + ORG ] [ABERTO]",engaged,inactive,ad,5.88244963,540403,0,,12132.73810703,5189,3775,2.33816498,,22.45127823,"Compras no site",41.83702796,943,0.05588745,290,3.82336119,"Valor de conversão da compra no site",46387.84,2026-01-01,2026-05-25
"[C] [LM - TESTE] [ABO]",AD2,"Arte - Organica Lm",prospecting,not_delivering,ad,2.51368152,540253,0,,4158.40298415,2461,1952,1.68972084,,7.69714001,"Compras no site",66.00639657,326,0.02559935,63,2.5772923,"Valor de conversão da compra no site",10717.42,2026-01-01,2026-05-25
"[C] [LM - RMKT] [ADV. ABO]","AD - RMKT","[RMKT LARANJA MORO-REATIVAÇÃO BASE QUENTE]",existing,inactive,ad,6.67169816,538793,0.00047514,,17100.35749432,5757,4552,2.97035913,,31.7382696,"Compras no site",62.63867214,916,0.04742053,273,3.98685174,"Valor de conversão da compra no site",68176.59,2026-01-01,2026-05-25
"[C] [LM - RMKT] [ADV. ABO]","AD - RMKT DANI","[RMKT LARANJA MORO-REATIVAÇÃO BASE QUENTE]",engaged,active,ad,4.06987662,528795,0.09046039,,19143.2651964,8717,6484,2.19608411,,36.20167588,"Compras no site",51.46039031,1436,0.04267523,372,3.80083226,"Valor de conversão da compra no site",72760.34,2026-01-01,2026-05-25
"[C] [TONS] [PB DR]","AD - RMKT","[PUBLICO ENG.] [DR]",prospecting,inactive,ad,3.13909886,516184,0,,10818.79451788,5958,5004,1.81584332,,20.95918223,"Compras no site",62.89996813,788,0.02886875,172,3.60430175,"Valor de conversão da compra no site",38994.2,2026-01-01,2026-05-25
"[C] [LM - RMKT] [ADV. ABO]","AD - BOFU","[RMKT LARANJA MORO-REATIVAÇÃO BASE QUENTE]",existing,active,ad,6.40802983,501800,0.10632921,,14421.20864678,3489,2701,4.13333581,,28.73895705,"Compras no site",47.2826513,852,0.0874176,305,4.24068339,"Valor de conversão da compra no site",61155.78,2026-01-01,2026-05-25
"[C] [LM - PRINCIPAL][EX. BASE] [ADV. +] [CBO]","AD - BOFU ANA ELISA 22K","[EXCLUSÃO BASE] [ADV. +]",engaged,active,ad,6.41039854,499588,0.15745775,,12649.92929233,15218,9396,0.83124782,,25.32072286,"Compras no site",56.72614032,829,0.0146537,223,3.33592616,"Valor de conversão da compra no site",42199.23,2026-01-01,2026-05-25
"[C] [LM - TESTE] [ABO]","AD - ANA ELISA MOFU","[BM] [ANA ELISA]",prospecting,not_delivering,ad,2.46351957,498168,0.14270487,,8639.40067772,4565,3624,1.89253027,,17.3423437,"Compras no site",63.52500498,532,0.02979189,136,2.77076743,"Valor de conversão da compra no site",23937.77,2026-01-01,2026-05-25
"[C] [LM - TESTE] [ABO]","ADS - DANI — Cópia","[BOFU] [ADV+ ABERTO] [ESTATICO]",existing,not_delivering,ad,7.07410998,496171,0.02101695,,6880.38171381,4228,2691,1.62733721,,13.86695658,"Compras no site",40.47283361,529,0.04020814,170,5.38761824,"Valor de conversão da compra no site",37068.87,2026-01-01,2026-05-25
"[C] [TONS] [PB DR]",tons_dr-ursinho_video-reels_10-07-2025_nao-tem-clareador-oral-barra,"[PUBLICO ENG.] [DR]",prospecting,inactive,ad,2.98169149,488249,0.13111343,,11648.22587758,5703,4892,2.04247341,,23.85714231,"Compras no site",69.74985555,885,0.02928283,167,3.21189771,"Valor de conversão da compra no site",37412.91,2026-01-01,2026-05-25
"[C] [LM - RMKT] [ADV. ABO]","AD - RMKT","[RMKT LARANJA MORO-REATIVAÇÃO BASE QUENTE]",engaged,inactive,ad,4.12232624,485272,0,,15422.68034222,4309,3285,3.57917854,,31.78151705,"Compras no site",61.4449416,1008,0.05825017,251,2.64516861,"Valor de conversão da compra no site",40795.59,2026-01-01,2026-05-25
"[C] [TONS] [PB DR]","AD5 - TOFU","[PUBLICO ABERTO]",prospecting,not_delivering,ad,2.4499264,484299,0,,10727.44223771,4505,3715,2.38123024,,22.150453,"Compras no site",58.61990294,955,0.04062153,183,3.82751537,"Valor de conversão da compra no site",41059.45,2026-01-01,2026-05-25
"[C] [LM - TESTE] [ABO]","ADS 1","Conj - Vm",existing,not_delivering,ad,8.79465326,482932,0.17059752,,8258.84228982,9277,6667,0.89024925,,17.10146002,"Compras no site",57.75414189,530,0.01541447,143,4.03691205,"Valor de conversão da compra no site",33340.22,2026-01-01,2026-05-25
"[C] [LM - TESTE] [ABO]","AD - RMK ANA ELISA NIVER 3","[BM] [ANA ELISA]",prospecting,not_delivering,ad,3.1037258,482828,0.12505488,,7516.058621,2326,1826,3.23132357,,15.56674141,"Compras no site",56.93983804,387,0.05674979,132,2.7449134,"Valor de conversão da compra no site",20630.93,2026-01-01,2026-05-25
"[C] [LM - TESTE] [ABO]","AD - JADE TOFU — Cópia","[BM JADE]",prospecting,not_delivering,ad,1.47284062,482426,0.1690622,,9095.69613965,4066,3783,2.23701332,,18.85407532,"Compras no site",71.61965464,377,0.03123463,127,2.44317748,"Valor de conversão da compra no site",22222.4,2026-01-01,2026-05-25
"[C] [LM - RMKT] [ADV. ABO]","AD - RMKT DANI","[RMKT LARANJA MORO-REATIVAÇÃO BASE QUENTE]",existing,active,ad,6.46862718,474021,0.07422667,,20856.96212457,7654,5592,2.72497545,,44.00008043,"Compras no site",51.12000521,1326,0.05330546,408,4.05052469,"Valor de conversão da compra no site",84481.64,2026-01-01,2026-05-25
"[C] [LM - RMKT] [ADV. ABO]","AD - EVELYN","[RMKT LARANJA MORO-REATIVAÇÃO BASE QUENTE]",prospecting,inactive,ad,2.25421693,465471,0.16743471,,13302.80027571,4298,3954,3.09511407,,28.57922465,"Compras no site",57.83826207,802,0.05351326,230,3.1244805,"Valor de conversão da compra no site",41564.34,2026-01-01,2026-05-25
"[C] [LM - RMKT] [ADV. ABO]","AD - LUCIANA MOFU","[RMKT LARANJA MORO-REATIVAÇÃO BASE QUENTE]",engaged,inactive,ad,4.44947671,457028,0.16673814,,15678.3468876,7979,6106,1.96495136,,34.30500295,"Compras no site",48.53977365,1038,0.04048126,323,3.3250253,"Valor de conversão da compra no site",52130.9,2026-01-01,2026-05-25
"[C] [TONS] [PB DR]","AD - BOFU","[PUBLICO ENG.] [DR]",prospecting,active,ad,3.27232583,454261,0,,11943.4142758,4541,3780,2.63012867,,26.29196492,"Compras no site",54.28824671,839,0.04844748,220,4.14873326,"Valor de conversão da compra no site",49550.04,2026-01-01,2026-05-25
"[C] [LM - TESTE] [ABO]",AD3,"[TOFU] [TIK + ORG ] [ABERTO]",existing,inactive,ad,5.78790315,453488,0,,10800.45126841,3225,2320,3.34897714,,23.81639926,"Compras no site",42.52146169,761,0.07875969,254,4.33714563,"Valor de conversão da compra no site",46843.13,2026-01-01,2026-05-25
"[C] [LM - RMKT] [ADV. ABO]","AD - BOFU","[RMKT LARANJA MORO-REATIVAÇÃO BASE QUENTE]",engaged,active,ad,6.52121256,448529,0.11150673,,11046.75712205,3759,2844,2.9387489,,24.62885816,"Compras no site",46.80829289,747,0.06278265,236,3.84585988,"Valor de conversão da compra no site",42484.28,2026-01-01,2026-05-25
"[C] [LM - PRINCIPAL][EX. BASE] [ADV. +] [CBO]","AD - LUCIANA MOFU 2","[EXCLUSÃO BASE] [ADV. +]",prospecting,inactive,ad,1.7177812,446989,0.37983261,,8697.64117809,9002,8060,0.96618987,,19.45828908,"Compras no site",63.48643196,634,0.01521884,137,2.64160817,"Valor de conversão da compra no site",22975.76,2026-01-01,2026-05-25
"[C] [LM - PRINCIPAL][EX. BASE] [ADV. +] [CBO]","AD - BOFU — Cópia","[EXCLUSÃO BASE] [ADV. +]",prospecting,inactive,ad,2.16747268,446844,0.05623663,,3492.12243361,1348,1084,2.59059528,,7.81508185,"Compras no site",79.36641895,131,0.03264095,44,2.20766887,"Valor de conversão da compra no site",7709.45,2026-01-01,2026-05-25
"[C] [LM - TESTE] [ABO]",AD1,"[TOFU] [TIK + ORG ] [ABERTO]",engaged,inactive,ad,4.73737212,444555,0,,6793.92491286,3411,2525,1.99176925,,15.28252952,"Compras no site",55.68790912,517,0.03576664,122,2.86729251,"Valor de conversão da compra no site",19480.17,2026-01-01,2026-05-25
"[C] [TONS] [PB DR]","TESTE CRIATIVOS COMENTARIOS","[PUBLICO ENG.] [DR]",prospecting,inactive,ad,1.4224109,435922,0.34421525,,7916.71536992,8783,7971,0.90136803,,18.16085302,"Compras no site",65.97262808,1209,0.01366276,120,3.06857186,"Valor de conversão da compra no site",24293.01,2026-01-01,2026-05-25
"[C] [VARIOS PRODUTO] [ABO] [BID]","AD - RAIZA TOFU","[VINAGRE] [RMKT]",prospecting,active,ad,2.20799463,431069,0.16526589,,11391.25425654,4798,4022,2.37416721,,26.42559371,"Compras no site",83.14784129,689,0.02855356,137,2.67399351,"Valor de conversão da compra no site",30460.14,2026-01-01,2026-05-25
"[C] [LM - PRINCIPAL][EX. BASE] [ADV. +] [CBO]","ADS - TOFU","[AQUISIÇÃO]  [ADV. +]",engaged,inactive,ad,3.8091812,427253,0.22918739,,14425.40932466,5475,4064,2.63477796,,33.76315514,"Compras no site",60.86670601,851,0.04328767,237,2.83279865,"Valor de conversão da compra no site",40864.28,2026-01-01,2026-05-25
"[C] [LM - RMKT] [ADV. ABO]","AD - RMKT","[RMKT LARANJA MORO-REATIVAÇÃO BASE QUENTE]",existing,active,ad,6.63243714,426280,0.00041053,,14041.83162078,4091,3163,3.43237145,,32.94039509,"Compras no site",56.62028879,830,0.06062088,248,3.9964708,"Valor de conversão da compra no site",56117.77,2026-01-01,2026-05-25
"[C] [LM - PRINCIPAL][EX. BASE] [ADV. +] [CBO]","AD - BOFU","[AQUISIÇÃO]  [ADV. +]",engaged,inactive,ad,4.68589615,420353,0.04187671,,12267.11575793,6330,4916,1.93793298,,29.18289095,"Compras no site",49.06846303,938,0.03949447,250,4.03794999,"Valor de conversão da compra no site",49534,2026-01-01,2026-05-25
"[C] [LM - TESTE] [ABO]","AD - PRI TOFU","[BM] [MARCELA/PRI]",prospecting,not_delivering,ad,2.18203402,408060,0.16752683,,4817.13470519,5148,4037,0.93572935,,11.80496668,"Compras no site",89.20619824,224,0.01048951,54,1.93399616,"Valor de conversão da compra no site",9316.32,2026-01-01,2026-05-25
"[C] [LM - TESTE] [ABO]","Criativo 1 - Brenda 29/12","Lm Perfil Novo",existing,not_delivering,ad,6.52630649,406367,0.11242793,,5436.95602378,3707,1771,1.46667279,,13.37942309,"Compras no site",40.57429868,433,0.03614783,134,4.77991911,"Valor de conversão da compra no site",25988.21,2026-01-01,2026-05-25
"[C] [LM - TESTE] [ABO]",29/12,"Influ Larissa L. 1 - LM TESTE TRAVA DE CPA",prospecting,archived,ad,2.11774387,405315,0.20198118,,5388.59652822,3084,2496,1.74727514,,13.29483618,"Compras no site",54.98567886,563,0.03177691,98,3.13860574,"Valor de conversão da compra no site",16912.68,2026-01-01,2026-05-25
"[C] [TONS] [PB DR]","AD - BOFU","[PUBLICO ENG.] [DR]",existing,active,ad,7.7701249,403759,0,,13258.50624475,4651,3737,2.85067862,,32.83767357,"Compras no site",36.72716411,1224,0.07761772,361,7.05863151,"Valor de conversão da compra no site",93586.91,2026-01-01,2026-05-25
"[C] [TONS] [PB DR]","tons_sabrina_video-reels_23-09-2025 — Cópia","[PUBLICO ABERTO]",prospecting,inactive,ad,2.19651098,400771,0.20638719,,10197.63929323,4806,4013,2.12185587,,25.44505289,"Compras no site",81.58111435,771,0.02600916,125,2.73525658,"Valor de conversão da compra no site",27893.16,2026-01-01,2026-05-25
"[C] [LM - RMKT] [ADV. ABO]","AD - LUCIANA MOFU 2 — Cópia","[RMKT LARANJA MORO-REATIVAÇÃO BASE QUENTE]",prospecting,inactive,ad,1.65202023,400529,0.43788839,,11506.2688209,7691,6796,1.49606928,,28.7276797,"Compras no site",62.19604768,742,0.02405409,185,2.72908538,"Valor de conversão da compra no site",31401.59,2026-01-01,2026-05-25
"[C] [LM - PRINCIPAL][EX. BASE] [ADV. +] [CBO]","AD - EVELYN",[EVELIN],prospecting,inactive,ad,1.64646075,396746,0.07217212,,3219.38652732,1774,1429,1.81476129,,8.11447759,"Compras no site",68.49758569,217,0.0264938,47,2.33694834,"Valor de conversão da compra no site",7523.54,2026-01-01,2026-05-25
"[C] [TONS] [PB DR]","ADS - DR 2 — Cópia","[PUBLICO ABERTO]",prospecting,inactive,ad,2.0098885,393502,0.17759757,,8656.29118341,4889,3851,1.77056477,,21.99808688,"Compras no site",106.86779239,605,0.01656781,81,2.04388919,"Valor de conversão da compra no site",17692.5,2026-01-01,2026-05-25
"[C] [LM - PRINCIPAL][EX. BASE] [ADV. +] [CBO]","ADS - DANI","[AQUISIÇÃO]  [ADV. +]",prospecting,inactive,ad,1.4347802,388362,0.15666826,,5192.14788294,1514,1216,3.42942396,,13.36935097,"Compras no site",519.21478829,28,0.00660502,10,0.33651199,"Valor de conversão da compra no site",1747.22,2026-01-01,2026-05-25
"[C] [LM - TESTE] [ABO]","ADS 3","teste publico novo - bid",prospecting,not_delivering,ad,1.7247828,385332,0.35135935,,5466.84179881,2916,2581,1.87477428,,14.1873548,"Compras no site",74.88824382,362,0.02503429,73,2.3076468,"Valor de conversão da compra no site",12615.54,2026-01-01,2026-05-25
"[C] [LM - TESTE] [ABO]","AD - ANA MOFU","[BM] [ANA ELISA]",prospecting,inactive,ad,3.03332755,384450,0.11699051,,8503.53890528,3090,2567,2.75195434,,22.1187122,"Compras no site",51.85084698,793,0.05307443,164,3.57610759,"Valor de conversão da compra no site",30409.57,2026-01-01,2026-05-25
"[C] [LM - TESTE] [ABO]",AD1,"[TOFU] [TIK + ORG ] [ABERTO]",existing,inactive,ad,5.03766061,381497,0,,6475.05161734,2185,1577,2.96341035,,16.97274583,"Compras no site",46.58310516,455,0.06361556,139,4.08760602,"Valor de conversão da compra no site",26467.46,2026-01-01,2026-05-25
"[C] [LM - TESTE] [ABO]","AD - ALESSANDRA","[TOFU] [TIK TOK] [EXCLUSAÕ BASE] [BID 60] - TESTE ATÉ 20-05",prospecting,not_delivering,ad,2.85842013,375968,0.16557792,,3041.93381109,2127,1289,1.43015224,,8.09093809,"Compras no site",66.12899589,142,0.0216267,46,2.90712111,"Valor de conversão da compra no site",8843.27,2026-01-01,2026-05-25
"[C] [LM - RMKT] [ADV. ABO]","AD - RMKT","[RMKT LARANJA MORO-REATIVAÇÃO BASE QUENTE]",prospecting,inactive,ad,2.2368627,374377,0,,12003.58658346,2787,2293,4.30699196,,32.06283127,"Compras no site",60.01793292,591,0.07176175,200,2.63687105,"Valor de conversão da compra no site",31651.91,2026-01-01,2026-05-25
"[C] [TONS] [PB DR]","AD- NIVER 2","TONS TESTE",prospecting,inactive,ad,2.42903994,368104,0,,9616.53025165,4464,3752,2.15424065,,26.12449268,"Compras no site",101.22663423,567,0.02128136,95,2.1977979,"Valor de conversão da compra no site",21135.19,2026-01-01,2026-05-25
"[C] [TONS] [PB DR]","AD - MOFU","[PUBLICO ENG.] [DR]",engaged,active,ad,3.25830925,366348,0.3326946,,13404.49544673,9086,1472,1.47529116,,36.58951447,"Compras no site",59.57553532,1504,0.02476337,225,3.70723913,"Valor de conversão da compra no site",49693.67,2026-01-01,2026-05-25
"[C] [TONS] [PB DR]","ADS - ESPINHA","[PUBLICO ENG.] [DR]",prospecting,inactive,ad,1.55338796,365885,0.43744346,,8541.8293528,7872,6158,1.08509011,,23.34566695,"Compras no site",92.84597123,494,0.01168699,92,2.35868444,"Valor de conversão da compra no site",20147.48,2026-01-01,2026-05-25
"[C] [LM - TESTE] [ABO]","ADS - ART 2","Evelyn Regly BM - LM",prospecting,not_delivering,ad,3.08948176,364426,0,,4266.15123213,1582,1304,2.69668219,,11.70649523,"Compras no site",56.88201643,326,0.04740834,75,2.70842954,"Valor de conversão da compra no site",11554.57,2026-01-01,2026-05-25
"[C] [LM - TESTE] [ABO]","Criativo 1 - Brenda 29/12","Lm Perfil Novo",engaged,not_delivering,ad,4.74487112,360800,0.14194013,,5070.45494363,4001,2330,1.26729691,,14.05336736,"Compras no site",50.70454944,406,0.02499375,100,3.34818082,"Valor de conversão da compra no site",16976.8,2026-01-01,2026-05-25
"[C] [LM - TESTE] [ABO]","ADS 6 — Cópia","teste aquisição ate dia 15  - Lm",prospecting,inactive,ad,1.44871815,360189,0.16003543,,2889.93446071,1844,1676,1.56720958,,8.02338345,"Compras no site",78.10633678,168,0.02006508,37,1.89164844,"Valor de conversão da compra no site",5466.74,2026-01-01,2026-05-25
"[C] [TONS] [PB DR]","AD - DR URSINHO 18-05","[PUBLICO ENG.] [DR]",prospecting,active,ad,1.55148873,349071,0.3366192,,11196.54824839,10379,8758,1.07876946,,32.0752748,"Compras no site",88.16179723,992,0.01223625,127,2.5148447,"Valor de conversão da compra no site",28157.58,2026-01-01,2026-05-25
"[C] [LM - TESTE] [ABO]",AD1,"Arte - Organica Lm",prospecting,not_delivering,ad,2.4496581,347849,0,,3361.83316897,1633,1295,2.05868535,,9.6646337,"Compras no site",68.60884018,218,0.03000612,49,3.05746879,"Valor de conversão da compra no site",10278.7,2026-01-01,2026-05-25
"[C] [LM - TESTE] [ABO]",AD1,"Arte - Organica Tons ###",prospecting,not_delivering,ad,2.61346473,345027,0,,6538.61890489,3182,2566,2.05487709,,18.95103544,"Compras no site",64.73880104,464,0.03174104,101,3.43824443,"Valor de conversão da compra no site",22481.37,2026-01-01,2026-05-25
"[C] [LM - RMKT] [ADV. ABO]","AD - EVELYN","[RMKT LARANJA MORO-REATIVAÇÃO BASE QUENTE]",engaged,inactive,ad,5.01171721,342606,0.0018476,,7792.69213827,3154,2731,2.47073308,,22.74534637,"Compras no site",52.65332526,563,0.04692454,148,3.43627074,"Valor de conversão da compra no site",26777.8,2026-01-01,2026-05-25
"[C] [LM - RMKT] [ADV. ABO]","laranja-moro_mi-ruback_02-07-2025_junto-com-cafe — Cópia","[RMKT LARANJA MORO-REATIVAÇÃO BASE QUENTE]",existing,inactive,ad,6.76477439,336879,0.13344554,,8521.7126576,6118,4019,1.3928919,,25.29606374,"Compras no site",54.97879134,449,0.02533508,155,3.54091263,"Valor de conversão da compra no site",30174.64,2026-01-01,2026-05-25
"[C] [LM - TESTE] [ABO]","AD - RMK ANA ELISA NIVER 3","[BM] [ANA ELISA]",existing,not_delivering,ad,5.51344443,336480,0.12240252,,5413.34240073,1785,932,3.03268482,,16.08815502,"Compras no site",49.21220364,286,0.06162465,110,4.03525001,"Valor de conversão da compra no site",21844.19,2026-01-01,2026-05-25
"[C] [TONS] [PB DR]","AD - SHOOTING BOFU","[PUBLICO ENG.] [DR]",prospecting,active,ad,3.42991185,331916,0.27826016,,13544.27777746,6194,5037,2.18667707,,40.8063419,"Compras no site",75.24598765,766,0.02906038,180,2.83834329,"Valor de conversão da compra no site",38443.31,2026-01-01,2026-05-25
"[C] [LM - TESTE] [ABO]","ADS 4 - NOVO VM","Evelyn Regly BM - LM",prospecting,not_delivering,ad,1.88645187,331393,0.31666631,,6918.81148071,3366,2857,2.05549955,,20.87796508,"Compras no site",60.69132878,474,0.03386809,114,3.06173106,"Valor de conversão da compra no site",21183.54,2026-01-01,2026-05-25
"[C] [LM - TESTE] [ABO]","ADS - ART 1","Evelyn Regly BM - LM",prospecting,not_delivering,ad,3.14116939,318524,0.0138043,,3183.05,1477,1243,2.15507786,,9.99312454,"Compras no site",56.84017857,264,0.03791469,56,3.23261966,"Valor de conversão da compra no site",10289.59,2026-01-01,2026-05-25
"[C] [LM - TESTE] [ABO]","AD - JADE MOFU 3","[BM JADE]",prospecting,inactive,ad,2.50351007,312398,0.10027913,,3693.80536011,1616,1504,2.28577064,,11.82403652,"Compras no site",58.63183111,170,0.03898515,63,2.98570686,"Valor de conversão da compra no site",11028.62,2026-01-01,2026-05-25
"[C] [LM - PRINCIPAL][EX. BASE] [ADV. +] [CBO]","AD - MOFU","[AQUISIÇÃO]  [ADV. +]",prospecting,active,ad,1.95452492,311563,0.10027827,,5972.96388134,2063,1597,2.8952806,,19.17096665,"Compras no site",42.97096318,326,0.06737761,139,4.17143658,"Valor de conversão da compra no site",24915.84,2026-01-01,2026-05-25
"[C] [LM - RMKT] [ADV. ABO]","AD - RMKT","[RMKT LARANJA MORO-REATIVAÇÃO BASE QUENTE]",existing,inactive,ad,5.66731425,309220,0,,11617.21310939,2466,1732,4.71095422,,37.56941048,"Compras no site",57.51095599,576,0.08191403,202,3.39817989,"Valor de conversão da compra no site",39477.38,2026-01-01,2026-05-25
"[C] [LM - TESTE] [ABO]",AD4,"Arte - Organica Tons ###",prospecting,not_delivering,ad,3.6620164,305544,0,,7297.80830761,2474,1902,2.94980126,,23.88463955,"Compras no site",42.67724156,525,0.06911884,171,4.79177015,"Valor de conversão da compra no site",34969.42,2026-01-01,2026-05-25
"[C] [TONS] [PB DR]","AD - BOFU","[PUBLICO ENG.] [DR]",engaged,active,ad,4.58266023,304669,0,,9137.93370317,4660,3619,1.96092998,,29.99298814,"Compras no site",52.82042603,827,0.03712446,173,4.52765596,"Valor de conversão da compra no site",41373.42,2026-01-01,2026-05-25
"[C] [LM - PRINCIPAL][EX. BASE] [ADV. +] [CBO]","AD- MOFU",[EVELIN],prospecting,inactive,ad,1.44328508,300987,0.20699897,,3994.48096864,2800,2385,1.42660035,,13.27127407,"Compras no site",86.8365428,316,0.01642857,46,1.8556904,"Valor de conversão da compra no site",7412.52,2026-01-01,2026-05-25
"[C] [VARIOS PRODUTO] [ABO] [BID]",AD7,"[VINAGRE] [RMKT]",existing,inactive,ad,6.50923391,299594,0,,8233.39696923,3670,2971,2.24343242,,27.48184867,"Compras no site",55.25769778,706,0.04059946,149,3.93333762,"Valor de conversão da compra no site",32384.73,2026-01-01,2026-05-25
"[C] [LM - TESTE] [ABO]","ADS 4","teste publico novo - bid",prospecting,not_delivering,ad,2.01108625,298409,0.16922412,,4081.10240723,1495,1321,2.72983439,,13.67620416,"Compras no site",51.65952414,284,0.05284281,79,3.00762852,"Valor de conversão da compra no site",12274.44,2026-01-01,2026-05-25
"[C] [TONS] [PB DR]","AD1 - VERAO — Cópia","[PUBLICO ENG.] [DR]",prospecting,inactive,ad,2.69923094,297628,0.00021167,,6175.81224084,2081,1507,2.96771371,,20.75010497,"Compras no site",59.38281001,322,0.04997597,104,3.5235511,"Valor de conversão da compra no site",21760.79,2026-01-01,2026-05-25
"[C] [LM - TESTE] [ABO]",ADS,"Lm Perfil Novo",existing,inactive,ad,5.78665089,293470,0.09234334,,2584.76341262,3788,2515,0.68235571,,8.80758992,"Compras no site",46.99569841,208,0.01451954,55,4.62428396,"Valor de conversão da compra no site",11952.68,2026-01-01,2026-05-25
"[C] [LM - PRINCIPAL][EX. BASE] [ADV. +] [CBO]","ADS - 4","[EXCLUSÃO BASE] [ADV. +]",prospecting,inactive,ad,1.90297303,289956,0.26448841,,7151.7486088,2888,2713,2.47636725,,24.66494437,"Compras no site",60.09872781,288,0.04120499,119,2.71917136,"Valor de conversão da compra no site",19446.83,2026-01-01,2026-05-25
"[C] [LM - TESTE] [ABO]","ADS 1","Conj - Vm",engaged,not_delivering,ad,5.4392061,289121,0.19477658,,4618.60621115,6831,4985,0.67612446,,15.97464802,"Compras no site",57.73257764,284,0.01171132,80,3.95292847,"Valor de conversão da compra no site",18257.02,2026-01-01,2026-05-25
"[C] [LM - RMKT] [ADV. ABO]","ADS1 - EVELYN","[RMKT LARANJA MORO-REATIVAÇÃO BASE QUENTE]",prospecting,inactive,ad,2.01556214,288564,0.31249913,,6332.48737176,2657,2233,2.38332231,,21.94482809,"Compras no site",62.69789477,505,0.0380128,101,2.90863588,"Valor de conversão da compra no site",18418.9,2026-01-01,2026-05-25
"[C] [LM - RMKT] [ADV. ABO]","AD - RMKT","[RMKT LARANJA MORO-REATIVAÇÃO BASE QUENTE]",prospecting,inactive,ad,2.92479583,285074,0,,5976.32273832,2519,2114,2.37249811,,20.96411015,"Compras no site",60.36689635,415,0.03930131,99,3.02698345,"Valor de conversão da compra no site",18090.23,2026-01-01,2026-05-25
"[C] [LM - TESTE] [ABO]","ADS 4 — Cópia","teste aquisição ate dia 15  - Lm",prospecting,not_delivering,ad,2.01247475,284898,0.12658566,,2554.41709304,1213,1065,2.10586735,,8.9660759,"Compras no site",62.30285593,145,0.03380049,41,2.53427289,"Valor de conversão da compra no site",6473.59,2026-01-01,2026-05-25
"[C] [LM - TESTE] [ABO]","AD - ANA MOFU","teste aquisição ate dia 15  - Lm",existing,inactive,ad,6.23058247,284856,0.09971354,,5107.40610187,3271,1910,1.56142039,,17.92978242,"Compras no site",53.76216949,315,0.02904311,95,3.84686465,"Valor de conversão da compra no site",19647.5,2026-01-01,2026-05-25
"[C] [LM - PRINCIPAL][EX. BASE] [ADV. +] [CBO]","ADS - LARI TOFU","[AQUISIÇÃO]  [ADV. +]",engaged,inactive,ad,2.92716988,282548,0.22087928,,8355.99306007,3192,2755,2.61779231,,29.57371158,"Compras no site",56.45941257,498,0.04636591,148,3.0786251,"Valor de conversão da compra no site",25724.97,2026-01-01,2026-05-25
"[C] [TONS] [PB DR]","AD1 — Cópia","[PUBLICO ENG.] [DR]",prospecting,active,ad,2.97722934,279148,0,,6219.29253967,3117,2572,1.99528153,,22.27955257,"Compras no site",86.37906305,375,0.02309913,72,2.3398417,"Valor de conversão da compra no site",14552.16,2026-01-01,2026-05-25
"[C] [LM - TESTE] [ABO]","AD -  ANA ELISA TOFU","teste aquisição ate dia 15  - Lm",prospecting,not_delivering,ad,1.81412141,278874,0.25824207,,5439.32433987,2303,1886,2.36184296,,19.50459469,"Compras no site",63.24795744,323,0.0373426,86,2.51104166,"Valor de conversão da compra no site",13658.37,2026-01-01,2026-05-25
"[C] [LM - PRINCIPAL][EX. BASE] [ADV. +] [CBO]","ADS - LARISSA MES CLIENTE","[AQUISIÇÃO]  [ADV. +]",prospecting,active,ad,2.48795121,274528,0.21214958,,5514.78074482,2339,1869,2.35775149,,20.08822687,"Compras no site",53.02673793,322,0.04446345,104,3.42117318,"Valor de conversão da compra no site",18867.02,2026-01-01,2026-05-25
"[C] [LM - PRINCIPAL][EX. BASE] [ADV. +] [CBO]","[0 (0,00) | 7 (806,90) | 0 (0,00)] ADS - LM","[AQUISIÇÃO]  [ADV. +]",engaged,inactive,ad,4.25941676,274447,0,,8402.02380129,2428,1767,3.46047109,,30.61437655,"Compras no site",56.77043109,504,0.06095552,148,2.94628896,"Valor de conversão da compra no site",24754.79,2026-01-01,2026-05-25
"[C] [LM - RMKT] [ADV. ABO]","AD - RMKT","[RMKT LARANJA MORO-REATIVAÇÃO BASE QUENTE]",engaged,inactive,ad,5.27341084,273516,0.00022668,,7197.70149886,3336,2485,2.15758438,,26.31546783,"Compras no site",76.57129254,324,0.02817746,94,2.97715319,"Valor de conversão da compra no site",21428.66,2026-01-01,2026-05-25
"[C] [LM - PRINCIPAL][EX. BASE] [ADV. +] [CBO]","ADS - TOFU","[AQUISIÇÃO]  [ADV. +]",existing,inactive,ad,3.13824938,272626,0.20159853,,9451.6212568,2672,1903,3.5372834,,34.6688183,"Compras no site",56.59653447,545,0.0625,167,3.25966193,"Valor de conversão da compra no site",30809.09,2026-01-01,2026-05-25
"[C] [LM - RMKT] [ADV. ABO]","AD - EVELYN","[RMKT LARANJA MORO-REATIVAÇÃO BASE QUENTE]",prospecting,inactive,ad,2.79635751,272382,0.00192744,,6221.68605918,2372,2065,2.62297051,,22.84176656,"Compras no site",55.05916867,479,0.04763912,113,3.390732,"Valor de conversão da compra no site",21096.07,2026-01-01,2026-05-25
"[C] [TONS] [PB DR]","AD7 - BOFU","[PUBLICO ABERTO]",engaged,not_delivering,ad,4.655671,266607,0,,5111.39715402,2691,2120,1.89944153,,19.17202907,"Compras no site",67.25522571,480,0.02824229,76,3.17123274,"Valor de conversão da compra no site",16209.43,2026-01-01,2026-05-25
"[C] [TONS] [PB DR]","AD2 - MOFU","[PUBLICO ABERTO]",prospecting,not_delivering,ad,1.48651799,256298,0.13638421,,5561.95742952,2878,2107,1.93257729,,21.70113473,"Compras no site",92.69929049,285,0.02084781,60,2.60613286,"Valor de conversão da compra no site",14495.2,2026-01-01,2026-05-25
"[C] [LM - PRINCIPAL][EX. BASE] [ADV. +] [CBO]","ADS - RAIZA 3","[AQUISIÇÃO]  [ADV. +]",engaged,inactive,ad,4.44025616,255852,0.12333302,,5910.49728275,2700,2259,2.18907307,,23.10123541,"Compras no site",48.44669904,408,0.04518519,122,3.87424085,"Valor de conversão da compra no site",22898.69,2026-01-01,2026-05-25
"[C] [LM - PRINCIPAL][EX. BASE] [ADV. +] [CBO]","ADS - JESSICA","[AQUISIÇÃO]  [ADV. +]",existing,inactive,ad,4.47701099,254630,0.1799513,,12803.79791663,5072,4115,2.52440811,,50.28393322,"Compras no site",50.80872189,1246,0.04968454,252,3.92079603,"Valor de conversão da compra no site",50201.08,2026-01-01,2026-05-25
"[C] [LM - PRINCIPAL][EX. BASE] [ADV. +] [CBO]","AD - JADE TOFU LP LM1","[AQUISIÇÃO]  [ADV. +]",prospecting,active,ad,2.16144836,252803,0.1589815,,4861.92803001,1876,1736,2.59164607,,19.23208202,"Compras no site",55.24918216,217,0.04690832,88,3.0659627,"Valor de conversão da compra no site",14906.49,2026-01-01,2026-05-25
"[C] [LM - TESTE] [ABO]","AD - ANA ELISA MOFU","[BM] [ANA ELISA]",engaged,not_delivering,ad,3.62802619,252663,0.1425456,,4842.11069097,4247,3071,1.14012496,,19.16430459,"Compras no site",61.29254039,358,0.01860137,79,3.55565395,"Valor de conversão da compra no site",17216.87,2026-01-01,2026-05-25
"[C] [JEJOOM] [CBO]","AD2 - ORGANICO","[CAMPANHA AQUISIÇÃO]",prospecting,inactive,ad,2.0704486,251721,0,,5849.39798405,3516,3027,1.6636513,,23.23762413,"Compras no site",84.77388383,485,0.01962457,69,2.64926579,"Valor de conversão da compra no site",15496.61,2026-01-01,2026-05-25
"[C] [LM - TESTE] [ABO]","Criativo Versão 2 - Sabrina 29/12","Influ Sabrina - LM TESTE TRAVA DE CPA",existing,archived,ad,4.95199653,250883,0.15156069,,3886.03026639,2250,1032,1.72712456,,15.48941246,"Compras no site",40.47948194,220,0.04266667,96,5.68508182,"Valor de conversão da compra no site",22092.4,2026-01-01,2026-05-25
"[C] [LM - RMKT] [ADV. ABO]","CRIATIVO 3 RMKT","[RMKT LARANJA MORO-REATIVAÇÃO BASE QUENTE]",engaged,inactive,ad,3.31656613,250152,0,,5741.68723923,3051,2377,1.88190339,,22.95279366,"Compras no site",56.84838851,362,0.0331039,101,3.30610659,"Valor de conversão da compra no site",18982.63,2026-01-01,2026-05-25
"[C] [LM - TESTE] [ABO]",AD3,"Arte - Organica Lm",prospecting,not_delivering,ad,2.28322226,249079,0,,2449.93,1437,1095,1.70489214,,9.83595566,"Compras no site",74.24030303,188,0.02296451,33,2.6672109,"Valor de conversão da compra no site",6534.48,2026-01-01,2026-05-25
"[C] [LM - PRINCIPAL][EX. BASE] [ADV. +] [CBO]","[0 (0,00) | 7 (806,90) | 0 (0,00)] ADS - LM","[AQUISIÇÃO]  [ADV. +]",existing,inactive,ad,4.10903171,244812,0,,7699.37766481,1554,1096,4.95455448,,31.45016447,"Compras no site",61.59502132,385,0.08043758,125,2.96533447,"Valor de conversão da compra no site",22831.23,2026-01-01,2026-05-25
"[C] [TONS] [PB DR]","AD3 - MOFU","[PUBLICO ABERTO]",prospecting,inactive,ad,1.61875256,244791,0.1586823,,5094.23273367,2346,1908,2.1714547,,20.81053933,"Compras no site",78.37281129,351,0.02770673,65,2.88329387,"Valor de conversão da compra no site",14688.17,2026-01-01,2026-05-25
"[C] [LM - TESTE] [ABO]","AD - NIVER 1","[HIBRIDO] [ESTATICO ORG.] [BID 60]",prospecting,inactive,ad,1.4304183,242310,0.001853,,1342.88964702,791,506,1.69771131,,5.54203148,"Compras no site",122.080877,28,0.01390645,11,1.38398565,"Valor de conversão da compra no site",1858.54,2026-01-01,2026-05-25
"[C] [LM - TESTE] [ABO]","AD - ANA ELISA MOFU","[BM] [ANA ELISA]",existing,not_delivering,ad,5.95090118,239375,0.12886893,,4883.30942579,4233,2807,1.1536285,,20.40024825,"Compras no site",55.49215257,332,0.02078904,88,3.79267591,"Valor de conversão da compra no site",18520.81,2026-01-01,2026-05-25
"[C] [TONS] [PB DR]","ADS 3 - MES DO CLIENTE — Cópia","[PUBLICO ENG.] [DR]",prospecting,inactive,ad,3.30896132,239089,0.00073613,,7068.96276868,2445,2025,2.89119132,,29.56624006,"Compras no site",69.98973038,506,0.04130879,101,3.64285693,"Valor de conversão da compra no site",25751.22,2026-01-01,2026-05-25
"[C] [LM - TESTE] [ABO]","ADS 1","Influ Nutri- Lm",prospecting,not_delivering,ad,1.92579748,238225,0.26545912,,2416.30339475,1936,1618,1.2480906,,10.14294635,"Compras no site",83.32080672,80,0.01497934,29,2.44953097,"Valor de conversão da compra no site",5918.81,2026-01-01,2026-05-25
"[C] [LM - RMKT] [ADV. ABO]","AD - EVELYN","[RMKT LARANJA MORO-REATIVAÇÃO BASE QUENTE]",engaged,not_delivering,ad,5.18931783,236581,0,,8424.38106163,2831,2312,2.97576159,,35.60886572,"Compras no site",41.91234359,658,0.07099965,201,3.96026483,"Valor de conversão da compra no site",33362.78,2026-01-01,2026-05-25
"[C] [LM - RMKT] [ADV. ABO]","AD - RMKT","[RMKT LARANJA MORO-REATIVAÇÃO BASE QUENTE]",engaged,active,ad,5.30064478,235937,0.00022464,,6850.2371642,2952,2296,2.32054104,,29.03417931,"Compras no site",48.5832423,422,0.04776423,141,4.2320564,"Valor de conversão da compra no site",28990.59,2026-01-01,2026-05-25
"[C] [LM - PRINCIPAL][EX. BASE] [ADV. +] [CBO]",AD2,"ESTUDOS CLINICOS",prospecting,archived,ad,1.66324157,235194,0.118094,,2329.35032099,1107,812,2.10420083,,9.903953,"Compras no site",116.46751605,71,0.01806685,20,1.49241613,"Valor de conversão da compra no site",3476.36,2026-01-01,2026-05-25
"[C] [LM - TESTE] [ABO]",AD4,"[BOFU] [ADV+ ABERTO] [ESTATICO]",prospecting,inactive,ad,1.65789978,233739,0.06882035,,1419.22542847,605,411,2.34582715,,6.07183837,"Compras no site",78.84585714,59,0.02975207,18,2.34243971,"Valor de conversão da compra no site",3324.45,2026-01-01,2026-05-25
"[C] [JEJOOM] [CBO]","AD - RMKT","[CAMPANHA AQUISIÇÃO]",existing,inactive,ad,7.19457529,233687,0,,5660.91209701,2908,1951,1.94666853,,24.22433467,"Compras no site",43.21306944,467,0.04504814,131,5.31620161,"Valor de conversão da compra no site",30094.55,2026-01-01,2026-05-25
"[C] [LM - PRINCIPAL][EX. BASE] [ADV. +] [CBO]","V - EVELYN TOFU LP OLD","[EXCLUSÃO BASE] [ADV. +]",prospecting,active,ad,1.5220699,232484,0.21321037,,2739.86142404,2118,1464,1.29360785,,11.78516123,"Compras no site",97.85219372,142,0.01322002,28,1.81070837,"Valor de conversão da compra no site",4961.09,2026-01-01,2026-05-25
"[C] [VARIOS PRODUTO] [ABO] [BID]","AD - RAIZA TOFU","[VINAGRE] [RMKT]",existing,active,ad,3.53215459,230134,0.14580201,,7959.87248255,3060,2394,2.60126552,,34.58798996,"Compras no site",63.67897986,521,0.04084967,125,4.19390261,"Valor de conversão da compra no site",33382.93,2026-01-01,2026-05-25
"[C] [LM - RMKT] [ADV. ABO]","AD - LUCIANA MOFU","[RMKT LARANJA MORO-REATIVAÇÃO BASE QUENTE]",existing,inactive,ad,3.09140205,229753,0.16858539,,9904.08199083,3722,2754,2.66095701,,43.10751977,"Compras no site",60.02473934,514,0.044331,165,3.05690422,"Valor de conversão da compra no site",30275.83,2026-01-01,2026-05-25
"[C] [LM - TESTE] [ABO]","AD - BOFU","[BOFU] [ADV+ ABERTO] [ESTATICO]",existing,not_delivering,ad,4.65427894,229563,0.09300715,,3267.11540121,1999,1458,1.63437489,,14.23189016,"Compras no site",62.82914233,183,0.02601301,52,3.24411865,"Valor de conversão da compra no site",10598.91,2026-01-01,2026-05-25
"[C] [TONS] [PB DR]","tons 3 - 25-11","[PUBLICO ENG.] [DR]",prospecting,inactive,ad,1.26773294,227643,0.48456575,,5709.36644863,5380,4793,1.06122053,,25.08035147,"Compras no site",78.2104993,793,0.01356877,73,2.48614625,"Valor de conversão da compra no site",14194.32,2026-01-01,2026-05-25
"[C] [LM - TESTE] [ABO]","ADS 3","Influ Evelyn BM -VM",prospecting,inactive,ad,1.68336076,227082,0.30020874,,1605.4241101,2515,1965,0.63833961,,7.06979906,"Compras no site",84.49600579,208,0.00755467,19,2.358654,"Valor de conversão da compra no site",3786.64,2026-01-01,2026-05-25
"[C] [TONS] [PB DR]","AD - CAMPEÃO TOFU","[PUBLICO ENG.] [DR]",engaged,active,ad,2.03466387,226629,0.3737827,,10716.27163958,9949,8483,1.07712048,,47.28552674,"Compras no site",77.65414232,1284,0.01387074,138,2.83071865,"Valor de conversão da compra no site",30334.75,2026-01-01,2026-05-25
"[C] [VARIOS PRODUTO] [ABO] [BID]","AD - TOFU","[VINAGRE] [RMKT]",prospecting,inactive,ad,1.88544327,225203,0.33314387,,5311.07512821,2172,1702,2.44524638,,23.58350079,"Compras no site",81.70884813,275,0.02992634,65,2.40718305,"Valor de conversão da compra no site",12784.73,2026-01-01,2026-05-25
"[C] [LM - TESTE] [ABO]","ADS - KAMILI 29/12","Influ Kamili",prospecting,archived,ad,2.56997464,224991,0.06876275,,2604.01626654,1122,883,2.32087011,,11.57386858,"Compras no site",62.0003873,184,0.03743316,42,2.63926155,"Valor de conversão da compra no site",6872.68,2026-01-01,2026-05-25
"[C] [LM - TESTE] [ABO]","AD - ALESSANDRA","[TOFU] [TIK TOK] [EXCLUSAÕ BASE] [BID 60] - TESTE ATÉ 20-05",engaged,not_delivering,ad,5.34794508,224726,0.1871835,,2053.1457732,2153,1130,0.95362089,,9.13621821,"Compras no site",68.43819244,112,0.01393405,30,3.60518483,"Valor de conversão da compra no site",7401.97,2026-01-01,2026-05-25
"[C] [LM - TESTE] [ABO]","AD - BOFU 1 — Cópia","[HIBRIDO] [ESTATICO ORG.] [BID 60]",engaged,active,ad,5.23001141,224561,0.00020484,,2740.09148343,1645,1200,1.66570911,,12.20199181,"Compras no site",45.66819139,176,0.03647416,60,3.70022317,"Valor de conversão da compra no site",10138.95,2026-01-01,2026-05-25
"[C] [LM - PRINCIPAL][EX. BASE] [ADV. +] [CBO]","ADS 4","[EXCLUSÃO BASE] [ADV. +]",prospecting,inactive,ad,2.29228529,223562,0.09368766,,2701.1479421,1061,989,2.54585103,,12.08232142,"Compras no site",77.17565549,102,0.03298775,35,2.11293499,"Valor de conversão da compra no site",5707.35,2026-01-01,2026-05-25
"[C] [LM - RMKT] [ADV. ABO]","AD - EVELYN","[RMKT LARANJA MORO-REATIVAÇÃO BASE QUENTE]",existing,inactive,ad,6.22204566,223191,0.001147,,5655.87187775,1670,1411,3.38674963,,25.34094958,"Compras no site",53.35728187,383,0.06347305,106,3.69719301,"Valor de conversão da compra no site",20910.85,2026-01-01,2026-05-25
"[C] [LM - TESTE] [ABO]",AD5,"[BOFU] [ADV+ ABERTO] [ESTATICO]",existing,not_delivering,ad,4.31902341,222542,0.09036496,,2566.71965828,1921,1091,1.33613725,,11.53364155,"Compras no site",51.33439317,178,0.02602811,50,4.42560603,"Valor de conversão da compra no site",11359.29,2026-01-01,2026-05-25
"[C] [LM - PRINCIPAL][EX. BASE] [ADV. +] [CBO]","ADS - MES CONSUMIDOR","[AQUISIÇÃO]  [ADV. +]",existing,inactive,ad,5.52809212,222268,0.0019526,,7660.35589703,2222,1888,3.4475049,,34.46450185,"Compras no site",41.63236901,633,0.08280828,184,4.91829368,"Valor de conversão da compra no site",37675.88,2026-01-01,2026-05-25
"[C] [LM - RMKT] [ADV. ABO]","AD - EVELYN","[RMKT LARANJA MORO-REATIVAÇÃO BASE QUENTE]",existing,not_delivering,ad,5.19468548,220904,0,,8068.91764127,1929,1551,4.18295368,,36.5268064,"Compras no site",51.069099,526,0.08190772,158,3.58487734,"Valor de conversão da compra no site",28926.08,2026-01-01,2026-05-25
"[C] [LM - PRINCIPAL][EX. BASE] [ADV. +] [CBO]","ADS - MES CONSUMIDOR","[AQUISIÇÃO]  [ADV. +]",engaged,inactive,ad,4.8335925,220697,0.00225649,,7834.00353719,3021,2531,2.59318224,,35.49664716,"Compras no site",45.02300883,561,0.05759682,174,4.18901649,"Valor de conversão da compra no site",32816.77,2026-01-01,2026-05-25
"[C] [TONS] [PB DR]","AD - BOFU","[PUBLICO ENG.] [DR]",existing,active,ad,5.137962,217418,0,,6472.26241425,2179,1725,2.97029023,,29.7687515,"Compras no site",36.3610248,536,0.08168885,178,5.92029766,"Valor de conversão da compra no site",38317.72,2026-01-01,2026-05-25
"[C] [LM - RMKT] [ADV. ABO]","AD - RMKT","[RMKT LARANJA MORO-REATIVAÇÃO BASE QUENTE]",existing,inactive,ad,4.91848213,214254,0,,5829.94193644,1903,1511,3.0635533,,27.21042285,"Compras no site",55.52325654,395,0.05517604,105,3.63351132,"Valor de conversão da compra no site",21183.16,2026-01-01,2026-05-25
"[C] [TONS] [PB DR]","AD7 - BOFU","[PUBLICO ABERTO]",existing,not_delivering,ad,7.8591055,210514,0,,4194.6907626,1479,1068,2.83616684,,19.92594679,"Compras no site",50.53844292,326,0.056119,83,4.98268435,"Valor de conversão da compra no site",20900.82,2026-01-01,2026-05-25
"[C] [LM - TESTE] [ABO]","AD - RMK ANA ELISA NIVER 3","[BM] [ANA ELISA]",engaged,not_delivering,ad,4.83323745,210038,0.12887192,,3197.34931329,1449,767,2.20659028,,15.22271833,"Compras no site",51.57015021,209,0.04278813,62,2.98164794,"Valor de conversão da compra no site",9533.37,2026-01-01,2026-05-25
"[C] [LM - PRINCIPAL][EX. BASE] [ADV. +] [CBO]","ADS - ANA ELISA 2","[AQUISIÇÃO]  [ADV. +]",prospecting,inactive,ad,1.98973895,208843,0.12703801,,3902.38260022,1146,1053,3.40522042,,18.68572373,"Compras no site",42.88332528,260,0.07940663,91,3.92382336,"Valor de conversão da compra no site",15312.26,2026-01-01,2026-05-25
"[C] [LM - PRINCIPAL][EX. BASE] [ADV. +] [CBO]","AD - MOFU teste ate 08-05 — Cópia — Cópia","[AQUISIÇÃO]  [ADV. +]",prospecting,inactive,ad,1.325686,208081,0.46747661,,3140.5013809,1945,1444,1.61465367,,15.09268689,"Compras no site",84.8784157,151,0.01902314,37,1.96699802,"Valor de conversão da compra no site",6177.36,2026-01-01,2026-05-25
"[C] [LM - TESTE] [ABO]","AD - ANA MOFU","teste aquisição ate dia 15  - Lm",engaged,inactive,ad,4.78090238,206731,0.12162182,,4135.22019512,2941,1922,1.40605923,,20.00290327,"Compras no site",60.81206169,273,0.02312139,68,2.85535218,"Valor de conversão da compra no site",11807.51,2026-01-01,2026-05-25
"[C] [LM - PRINCIPAL][EX. BASE] [ADV. +] [CBO]","ADS - JESSICA","[AQUISIÇÃO]  [ADV. +]",engaged,inactive,ad,3.59682329,205616,0.21512431,,9223.11892323,5178,4099,1.78121262,,44.85603709,"Compras no site",59.50399305,772,0.02993434,155,3.18434797,"Valor de conversão da compra no site",29369.62,2026-01-01,2026-05-25
"[C] [LM - TESTE] [ABO]",ADS,"Lm Perfil Novo",engaged,inactive,ad,3.98148543,205584,0.11747023,,1958.08356308,4626,3446,0.4232779,,9.52449394,"Compras no site",45.53682705,146,0.00929529,43,4.13320461,"Valor de conversão da compra no site",8093.16,2026-01-01,2026-05-25
"[C] [JEJOOM] [CBO]","AD - RMKT","[CAMPANHA AQUISIÇÃO]",prospecting,inactive,ad,3.27011394,205216,0,,4217.19196486,2621,1952,1.60900113,,20.55001542,"Compras no site",60.2455995,281,0.02670736,70,3.58374485,"Valor de conversão da compra no site",15113.34,2026-01-01,2026-05-25
"[C] [LM - RMKT] [ADV. ABO]","AD - EVELYN","[RMKT LARANJA MORO-REATIVAÇÃO BASE QUENTE]",engaged,inactive,ad,3.6570009,202415,0.17722995,,6623.8809089,3871,3010,1.71115498,,32.72425912,"Compras no site",51.7490696,443,0.03306639,128,3.32972774,"Valor de conversão da compra no site",22055.72,2026-01-01,2026-05-25
"[C] [LM - PRINCIPAL][EX. BASE] [ADV. +] [CBO]","ADS - RAIZA 3","[AQUISIÇÃO]  [ADV. +]",existing,inactive,ad,5.57324698,198781,0.11380363,,4644.7228917,1931,1425,2.40534588,,23.36603041,"Compras no site",61.11477489,286,0.03935785,76,3.66267491,"Valor de conversão da compra no site",17012.11,2026-01-01,2026-05-25
"[C] [LM - TESTE] [ABO]","ADS - DANI — Cópia","[BOFU] [ADV+ ABERTO] [ESTATICO]",engaged,not_delivering,ad,4.04154848,198048,0.03113892,,2702.08850015,2245,1408,1.2036029,,13.64360408,"Compras no site",45.79811017,198,0.02628062,59,3.99044295,"Valor de conversão da compra no site",10782.53,2026-01-01,2026-05-25
"[C] [LM - TESTE] [ABO]","ADS 2","Conj - Vm",prospecting,inactive,ad,2.35376659,195252,0.00016901,,6665.57574634,1357,952,4.91199392,,34.13832251,"Compras no site",77.50669472,227,0.06337509,86,3.00874835,"Valor de conversão da compra no site",20055.04,2026-01-01,2026-05-25
"[C] [VARIOS PRODUTO] [ABO] [BID]",AD8,"[VINAGRE] [RMKT]",prospecting,inactive,ad,1.92015718,194967,0,,3199.94166078,1617,1293,1.97893733,,16.41273477,"Compras no site",99.9981769,212,0.01978973,32,1.88030928,"Valor de conversão da compra no site",6016.88,2026-01-01,2026-05-25
"[C] [LM - TESTE] [ABO]","AD - JADE TOFU","[BM JADE]",engaged,inactive,ad,3.17871001,194963,0.17456133,,3660.31053934,2736,2238,1.3378328,,18.7743856,"Compras no site",43.06247693,244,0.03106725,85,4.00336798,"Valor de conversão da compra no site",14653.57,2026-01-01,2026-05-25
"[C] [LM - PRINCIPAL][EX. BASE] [ADV. +] [CBO]","ADS - RAIZA 3","LP - ATUAL",prospecting,archived,ad,2.05613424,194829,0.13298328,,4498.91791811,1690,1376,2.66208161,,23.09162352,"Compras no site",80.33781997,353,0.03313609,56,2.12059215,"Valor de conversão da compra no site",9540.37,2026-01-01,2026-05-25
"[C] [TONS] [PB DR]",AD8,"[PUBLICO ABERTO]",prospecting,inactive,ad,1.14627372,194784,0.42697552,,8207.48289522,7086,6451,1.15826741,,42.13632996,"Compras no site",81.26220688,829,0.01425346,101,2.82770008,"Valor de conversão da compra no site",23208.3,2026-01-01,2026-05-25
"[C] [LM - TESTE] [ABO]","Criativo Versão 2 - Sabrina 29/12","Influ Sabrina - LM TESTE TRAVA DE CPA",engaged,archived,ad,3.77013584,192899,0.17235963,,2798.78459619,1923,941,1.45542621,,14.50906742,"Compras no site",66.63772848,142,0.02184087,42,2.73379738,"Valor de conversão da compra no site",7651.31,2026-01-01,2026-05-25
"[C] [JEJOOM] [CBO]","AD - MORGANA TOFU",[RMK],prospecting,active,ad,2.52912251,192360,0.00161156,,1348.9584656,3319,1977,0.40643521,,7.01267657,"Compras no site",89.93056437,58,0.00451943,15,2.63291279,"Valor de conversão da compra no site",3551.69,2026-01-01,2026-05-25
"[C] [VARIOS PRODUTO] [ABO] [BID]","ADS2 - VM — Cópia","[VINAGRE] [RMKT]",prospecting,inactive,ad,1.76551083,191851,0,,5810.56785795,2075,1752,2.80027367,,30.28687814,"Compras no site",93.71883642,262,0.02987952,62,2.39243915,"Valor de conversão da compra no site",13901.43,2026-01-01,2026-05-25
"[C] [LM - PRINCIPAL][EX. BASE] [ADV. +] [CBO]","ADS - MES CONSUMIDOR STORIE","[AQUISIÇÃO]  [ADV. +]",engaged,inactive,ad,2.31223598,191578,0.25437159,,6975.28666668,4084,3479,1.70795462,,36.40964342,"Compras no site",65.18959502,431,0.0261998,107,2.6644525,"Valor de conversão da compra no site",18585.32,2026-01-01,2026-05-25
"[C] [LM - TESTE] [ABO]","ADS 4","Influ Evelyn - Vm",prospecting,not_delivering,ad,1.34133988,189086,0.3190453,,4878.21890234,3106,2447,1.57057917,,25.79894282,"Compras no site",81.30364837,376,0.01931745,60,2.88100028,"Valor de conversão da compra no site",14054.15,2026-01-01,2026-05-25
"[C] [JEJOOM] [CBO]","AD - LARISSA TOFU","[CAMPANHA AQUISIÇÃO]",prospecting,inactive,ad,2.24998197,187140,0.247916,,6666.47239785,3174,2727,2.10033787,,35.62291545,"Compras no site",88.88629864,452,0.02362949,75,2.27695535,"Valor de conversão da compra no site",15179.26,2026-01-01,2026-05-25
"[C] [LM - PRINCIPAL][EX. BASE] [ADV. +] [CBO]","ADS - DANI","[AQUISIÇÃO]  [ADV. +]",prospecting,inactive,ad,1.82816907,186678,0,,3219.96879648,931,741,3.4586131,,17.24878559,"Compras no site",65.71364891,169,0.05263158,49,2.61932973,"Valor de conversão da compra no site",8434.16,2026-01-01,2026-05-25
"[C] [TONS] [PB DR]","AD - TOFU","[PUBLICO ENG.] [DR]",prospecting,inactive,ad,1.44264161,186359,0.26146846,,10102.18608936,4736,4382,2.13306294,,54.20820078,"Compras no site",120.26412011,615,0.01773649,84,1.84402463,"Valor de conversão da compra no site",18628.68,2026-01-01,2026-05-25
"[C] [TONS] [PB DR]",tons3_rmkt_01-09-2025,rmkt_tons_estáticos_visitantes-engajado-compradores_max-conv_cpa35_02-09-2025_7,prospecting,not_delivering,ad,1.94515368,184669,0,,3061.05333845,1868,1639,1.63867952,,16.57589167,"Compras no site",87.45866681,260,0.01873662,35,2.47486377,"Valor de conversão da compra no site",7575.69,2026-01-01,2026-05-25
"[C] [TONS] [PB DR]","AD - RMKT","[PUBLICO ENG.] [DR]",engaged,inactive,ad,3.80505557,184549,0,,4316.67963232,2387,1845,1.80841208,,23.39042548,"Compras no site",62.56057438,343,0.02890658,69,3.47149228,"Valor de conversão da compra no site",14985.32,2026-01-01,2026-05-25
"[C] [TONS] [PB DR]","AD - BOFU","[PUBLICO ENG.] [DR]",engaged,active,ad,3.46391908,184232,0,,5454.68366194,2642,2108,2.06460396,,29.60768847,"Compras no site",49.14129425,455,0.04201363,111,4.56681662,"Valor de conversão da compra no site",24910.54,2026-01-01,2026-05-25
"[C] [LM - TESTE] [ABO]","AD - RMK  EVELYN 18-05 PERFIL DENA — Cópia","[BM JADE]",prospecting,inactive,ad,1.43135941,183725,0.00150225,,1194.43999414,632,426,1.8899367,,6.50123823,"Compras no site",398.14666471,14,0.00474684,3,0.4847125,"Valor de conversão da compra no site",578.96,2026-01-01,2026-05-25
"[C] [TONS] [PB DR]","AD - RMKT","[PUBLICO ENG.] [DR]",existing,inactive,ad,5.80696653,183715,0,,4700.91583043,1485,1097,3.16559989,,25.58808933,"Compras no site",41.97246277,338,0.07542088,112,5.65283467,"Valor de conversão da compra no site",26573.5,2026-01-01,2026-05-25
"[C] [JEJOOM] [CBO]","ADS - LARISSA 1 24-12","[PUBLICO LARISSA]",prospecting,archived,ad,2.56068563,182856,0.19235901,,5188.36719253,2522,2087,2.05724314,,28.37406042,"Compras no site",87.93842699,305,0.02339413,59,2.30022077,"Valor de conversão da compra no site",11934.39,2026-01-01,2026-05-25
"[C] [LM - TESTE] [ABO]","ADS 2","Conj - Vm",existing,inactive,ad,5.03064543,182542,0.00010409,,8624.51682405,3039,2268,2.83794565,,47.24675321,"Compras no site",73.08912563,375,0.03882856,118,3.74571708,"Valor de conversão da compra no site",32305,2026-01-01,2026-05-25
"[C] [TONS] [PB DR]","AD - CAMPEÃO TOFU","[PUBLICO ENG.] [DR]",existing,active,ad,2.09060657,182188,0.35326696,,11655.96079162,6030,5166,1.93299516,,63.97765381,"Compras no site",73.30792951,1048,0.02636816,159,3.15147508,"Valor de conversão da compra no site",36733.47,2026-01-01,2026-05-25
"[C] [LM - PRINCIPAL][EX. BASE] [ADV. +] [CBO]","ADS - ORGANICO LM 2","[AQUISIÇÃO]  [ADV. +]",engaged,inactive,ad,2.9687556,182148,0,,3172.060504,1465,1052,2.16522901,,17.41474243,"Compras no site",66.08459383,231,0.03276451,48,2.84245524,"Valor de conversão da compra no site",9016.44,2026-01-01,2026-05-25
"[C] [TONS] [PB DR]",AD10,"[PUBLICO ENG.] [DR]",prospecting,inactive,ad,1.57071881,181784,0.26155767,,6540.31530889,3120,2827,2.09625491,,35.97849816,"Compras no site",99.0956865,457,0.02115385,66,2.33029591,"Valor de conversão da compra no site",15240.87,2026-01-01,2026-05-25
"[C] [TONS] [PB DR]","TESTE VIDEO COMENTARIO","[PUBLICO ENG.] [DR]",prospecting,inactive,ad,1.9019138,181764,0.14861029,,3705.81664762,2103,1936,1.76215723,,20.38806721,"Compras no site",90.38577189,362,0.01949596,41,2.4506717,"Valor de conversão da compra no site",9081.74,2026-01-01,2026-05-25
"[C] [LM - TESTE] [ABO]",AD5,"[BOFU] [ADV+ ABERTO] [ESTATICO]",engaged,not_delivering,ad,3.25102903,181661,0.10796484,,2114.02314504,1824,1078,1.15900392,,11.63718765,"Compras no site",52.85057863,148,0.02192982,40,3.45099344,"Valor de conversão da compra no site",7295.48,2026-01-01,2026-05-25
"[C] [LM - TESTE] [ABO]","AD - ORG 2 TOFU","Conj - Vm",prospecting,inactive,ad,1.46051874,180136,0,,2655.32389932,1449,1189,1.83252167,,14.74066205,"Compras no site",132.76619497,97,0.01380262,20,1.43664959,"Valor de conversão da compra no site",3814.77,2026-01-01,2026-05-25
"[C] [LM - TESTE] [ABO]","AD - JADE TOFU","[BM JADE]",existing,inactive,ad,3.35669761,178244,0.1462153,,3223.49603517,2008,1537,1.60532671,,18.08473797,"Compras no site",44.15747993,223,0.03635458,73,4.7542078,"Valor de conversão da compra no site",15325.17,2026-01-01,2026-05-25
"[C] [JEJOOM] [CBO]","AD - MORGANA TOFU",[RMK],existing,active,ad,5.43510212,177505,0.00461959,,2144.3060011,4029,2157,0.53221792,,12.0802569,"Compras no site",57.95421625,154,0.00918342,37,4.07908666,"Valor de conversão da compra no site",8746.81,2026-01-01,2026-05-25
"[C] [TONS] [PB DR]","AD - SHOOTING BOFU","[PUBLICO ENG.] [DR]",existing,active,ad,5.3571907,175973,0.2536014,,8964.27454129,4372,3329,2.05038301,,50.94119292,"Compras no site",46.6889299,630,0.04391583,192,4.7980659,"Valor de conversão da compra no site",43011.18,2026-01-01,2026-05-25
"[C] [VARIOS PRODUTO] [ABO] [BID]",AD7,"[VINAGRE] [RMKT]",engaged,inactive,ad,3.57232024,175133,0,,3571.80361235,2389,1932,1.49510407,,20.3948063,"Compras no site",81.17735483,296,0.01841775,44,2.64666847,"Valor de conversão da compra no site",9453.38,2026-01-01,2026-05-25
"[C] [TONS] [PB DR]","AD - MOFU","[PUBLICO ENG.] [DR]",existing,active,ad,2.85521396,174879,0.31943801,,8250.87018988,3202,789,2.57678644,,47.18045157,"Compras no site",51.89226535,741,0.04965646,159,4.31186156,"Valor de conversão da compra no site",35576.61,2026-01-01,2026-05-25
"[C] [TONS] [PB DR]","tons_dr-ursinho_video-reels_10-07-2025_esse-foi-produto-que-a-mamae — Cópia","[PUBLICO ABERTO]",prospecting,not_delivering,ad,1.27151506,174312,0.32902497,,4172.08572609,2775,2144,1.50345432,,23.93458698,"Compras no site",73.19448642,239,0.02054054,57,3.16284009,"Valor de conversão da compra no site",13195.64,2026-01-01,2026-05-25
"[C] [TONS] [PB DR]","AD - BOFU","[PUBLICO ENG.] [DR]",prospecting,active,ad,2.88649631,173057,0,,4643.55364672,1531,1248,3.03302002,,26.83250979,"Compras no site",61.09939009,279,0.04964076,76,3.25176387,"Valor de conversão da compra no site",15099.74,2026-01-01,2026-05-25
"[C] [TONS] [PB DR]",tons_dr-ursinho_video-reels_10-07-2025_nao-tem-clareador-oral-barra,"[PUBLICO ENG.] [DR]",engaged,inactive,ad,3.84492121,172760,0.14313498,,4759.13777292,3208,2469,1.48352175,,27.54768333,"Compras no site",67.03010948,380,0.02213217,71,3.35785194,"Valor de conversão da compra no site",15980.48,2026-01-01,2026-05-25
"[C] [LM - TESTE] [ABO]","Video 3 Larissa Lemos - 29/12","Influ Larissa Lemos - Lm",prospecting,archived,ad,2.09895459,172469,0.25604022,,2640.14985184,1154,949,2.28782483,,15.30796753,"Compras no site",64.39389883,227,0.0355286,41,3.20205309,"Valor de conversão da compra no site",8453.9,2026-01-01,2026-05-25
"[C] [LM - PRINCIPAL][EX. BASE] [ADV. +] [CBO]","AD - DANI TOFU","[AQUISIÇÃO]  [ADV. +]",engaged,inactive,ad,2.81292312,172435,0.11661206,,4528.50814592,2035,1642,2.22531113,,26.26211701,"Compras no site",53.91081126,287,0.04127764,84,3.3364012,"Valor de conversão da compra no site",15108.92,2026-01-01,2026-05-25
"[C] [LM - RMKT] [ADV. ABO]","AD - MOFU teste ate 08-05 — Cópia — Cópia — Cópia","[RMKT LARANJA MORO-REATIVAÇÃO BASE QUENTE]",prospecting,not_delivering,ad,1.5221713,171054,0.40302478,,2734.94977675,1102,879,2.48180561,,15.98880925,"Compras no site",105.19037603,113,0.02359347,26,1.92431687,"Valor de conversão da compra no site",5262.91,2026-01-01,2026-05-25
"[C] [JEJOOM] [CBO]","AD - MORGANA TOFU","[CAMPANHA AQUISIÇÃO]",prospecting,inactive,ad,2.38421493,170829,0.31930761,,5482.53772212,2826,2471,1.94003458,,32.09371782,"Compras no site",80.62555474,277,0.02406228,68,2.62046715,"Valor de conversão da compra no site",14366.81,2026-01-01,2026-05-25
"[C] [JEJOOM] [CBO]","AD - LARISSA TOFU","[CAMPANHA AQUISIÇÃO]",prospecting,active,ad,1.76583174,169760,0.17436381,,3951.3253101,2030,1665,1.94646567,,23.27595022,"Compras no site",112.89500886,321,0.01724138,35,2.03464138,"Valor de conversão da compra no site",8039.53,2026-01-01,2026-05-25
"[C] [LM - TESTE] [ABO]","AD - EVELYN TOFU","Evelyn Regly BM - LM",prospecting,inactive,ad,1.094131,169610,0.41277047,,2106.30342112,2129,1881,0.98933932,,12.41850965,"Compras no site",72.63115245,106,0.01362142,29,1.98827005,"Valor de conversão da compra no site",4187.9,2026-01-01,2026-05-25
"[C] [TONS] [PB DR]","AD1 — Cópia","[PUBLICO ENG.] [DR]",existing,active,ad,4.05794603,169472,0,,5575.0839596,1917,1497,2.90823368,,32.89678507,"Compras no site",57.47509237,362,0.0505999,97,4.29921776,"Valor de conversão da compra no site",23968.5,2026-01-01,2026-05-25
"[C] [LM - PRINCIPAL][EX. BASE] [ADV. +] [CBO]","ADS - RAIZA 3","LP - 2",prospecting,archived,ad,2.1720622,169145,0.12738183,,3426.84192136,1296,1013,2.64416815,,20.25978847,"Compras no site",67.19297885,274,0.03935185,51,2.50142849,"Valor de conversão da compra no site",8572,2026-01-01,2026-05-25
"[C] [LM - TESTE] [ABO]","AD - MOFU teste ate 08-05","[TOFU] [TIK TOK] [EXCLUSAÕ BASE] [BID 60] - TESTE ATÉ 20-05",prospecting,inactive,ad,1.45117709,168531,0.4096279,,1402.67209629,1198,849,1.17084482,,8.32293226,"Compras no site",100.19086402,67,0.01168614,14,1.81420163,"Valor de conversão da compra no site",2544.73,2026-01-01,2026-05-25
"[C] [LM - PRINCIPAL][EX. BASE] [ADV. +] [CBO]","ADS - LARI TOFU","[AQUISIÇÃO]  [ADV. +]",existing,inactive,ad,2.45887484,167442,0.1981522,,5554.73538661,1670,1326,3.32618885,,33.17408647,"Compras no site",63.12199303,306,0.05269461,88,3.21186497,"Valor de conversão da compra no site",17841.06,2026-01-01,2026-05-25
"[C] [LM - TESTE] [ABO]","AD - LARI MOFU","Lm Perfil Novo",prospecting,not_delivering,ad,1.67235736,165550,0.29693144,,1868.3092901,1849,1603,1.0104431,,11.28546838,"Compras no site",98.3320679,70,0.01027582,19,2.5355866,"Valor de conversão da compra no site",4737.26,2026-01-01,2026-05-25
"[C] [LM - RMKT] [ADV. ABO]","AD - LUCIANA TOFU","[RMKT LARANJA MORO-REATIVAÇÃO BASE QUENTE]",engaged,active,ad,2.37625358,165152,0.26309097,,5953.51554262,3276,2716,1.81731244,,36.04870388,"Compras no site",62.0157869,462,0.02930403,96,2.82624441,"Valor de conversão da compra no site",16826.09,2026-01-01,2026-05-25
"[C] [TONS] [PB DR]","AD- NIVER 2","TONS TESTE",existing,inactive,ad,4.25339091,160557,0,,7093.40300643,3011,2477,2.35582963,,44.17996728,"Compras no site",48.25444222,579,0.04882099,147,5.17011369,"Valor de conversão da compra no site",36673.7,2026-01-01,2026-05-25
"[C] [LM - RMKT] [ADV. ABO]","CRIATIVO 3 RMKT","[RMKT LARANJA MORO-REATIVAÇÃO BASE QUENTE]",prospecting,inactive,ad,1.61623449,160185,0,,2533.99380813,1601,1317,1.58275691,,15.81917039,"Compras no site",81.74173575,135,0.0193629,31,2.50693588,"Valor de conversão da compra no site",6352.56,2026-01-01,2026-05-25
"[C] [LM - PRINCIPAL][EX. BASE] [ADV. +] [CBO]","ADS - MES CONSUMIDOR STORIE","[AQUISIÇÃO]  [ADV. +]",existing,inactive,ad,2.40433907,160028,0.20990077,,6900.54380924,2645,2301,2.60890125,,43.12085266,"Compras no site",49.28959864,471,0.05293006,140,4.285113,"Valor de conversão da compra no site",29569.61,2026-01-01,2026-05-25
"[C] [LM - PRINCIPAL][EX. BASE] [ADV. +] [CBO]",AD3,"TESTE RACHEL ATE 21-03",prospecting,archived,ad,1.71444342,159961,0.07730634,,1682.11,555,388,3.03082883,,10.51575071,"Compras no site",112.14066667,40,0.02702703,15,1.51624448,"Valor de conversão da compra no site",2550.49,2026-01-01,2026-05-25
"[C] [LM - PRINCIPAL][EX. BASE] [ADV. +] [CBO]","AD - LUCIANA  TOFU","[EXCLUSÃO BASE] [ADV. +]",engaged,inactive,ad,2.62949599,158861,0.20884295,,3725.46074318,3886,2880,0.95868779,,23.45107196,"Compras no site",47.15773093,324,0.02032939,79,3.73144718,"Valor de conversão da compra no site",13901.36,2026-01-01,2026-05-25
"[C] [LM - PRINCIPAL][EX. BASE] [ADV. +] [CBO]","AD - ISA MOFU LP DANI","[AQUISIÇÃO]  [ADV. +]",prospecting,inactive,ad,1.43972203,157245,0.49372635,,3872.50788216,2250,2090,1.72111461,,24.62722428,"Compras no site",75.9315271,176,0.02266667,51,2.44495306,"Valor de conversão da compra no site",9468.1,2026-01-01,2026-05-25
"[C] [LM - TESTE] [ABO]","AD - RMK NIVER","[BM] [ANA ELISA]",prospecting,inactive,ad,2.48765834,156516,0.00069003,,2371.64195824,1038,759,2.28481884,,15.15271255,"Compras no site",64.0984313,122,0.03564547,37,2.60907427,"Valor de conversão da compra no site",6187.79,2026-01-01,2026-05-25
"[C] [LM - PRINCIPAL][EX. BASE] [ADV. +] [CBO]","AD - EVELYN TOFU","[AQUISIÇÃO]  [ADV. +]",existing,inactive,ad,1.98724213,155766,0.36079119,,4793.76290353,2083,1692,2.30137441,,30.7754125,"Compras no site",57.75617956,405,0.03984638,83,3.512341,"Valor de conversão da compra no site",16837.33,2026-01-01,2026-05-25
"[C] [TONS] [PB DR]","AD1 - VERAO",rmkt_tons_estáticos_visitantes-engajado-compradores_max-conv_cpa35_02-09-2025_7,prospecting,not_delivering,ad,2.76219458,155216,0,,3540.18070565,988,788,3.58317885,,22.80809134,"Compras no site",80.4586524,233,0.04453441,44,2.91722679,"Valor de conversão da compra no site",10327.51,2026-01-01,2026-05-25
"[C] [LM - PRINCIPAL][EX. BASE] [ADV. +] [CBO]","ADS - ORGANICO LM 2","[AQUISIÇÃO]  [ADV. +]",existing,inactive,ad,3.04587588,155096,0,,3116.84962496,996,681,3.12936709,,20.09626054,"Compras no site",46.52014366,192,0.06726908,67,4.24287392,"Valor de conversão da compra no site",13224.4,2026-01-01,2026-05-25
"[C] [LM - RMKT] [ADV. ABO]","AD - EVELYN","[RMKT LARANJA MORO-REATIVAÇÃO BASE QUENTE]",existing,inactive,ad,3.24496694,154574,0.18191934,,6103.50003774,3418,2527,1.7856934,,39.48594225,"Compras no site",49.62195153,360,0.03598596,123,3.86246577,"Valor de conversão da compra no site",23574.56,2026-01-01,2026-05-25
"[C] [LM - TESTE] [ABO]",AD1,"[BOFU] [ADV+ ABERTO] [ESTATICO]",prospecting,inactive,ad,1.93853627,154449,0.06391754,,1148.62978667,555,422,2.06960322,,7.43695192,"Compras no site",95.71914889,62,0.02162162,12,1.71521758,"Valor de conversão da compra no site",1970.15,2026-01-01,2026-05-25
"[C] [VARIOS PRODUTO] [ABO] [BID]",AD2,"[VINAGRE] [RMKT]",prospecting,active,ad,2.34597878,154105,0,,3078.88908835,1354,1081,2.27392104,,19.97916413,"Compras no site",76.97222721,201,0.0295421,40,3.28260282,"Valor de conversão da compra no site",10106.77,2026-01-01,2026-05-25
"[C] [LM - PRINCIPAL][EX. BASE] [ADV. +] [CBO]","ADS - ORGANICO LM 2","[AQUISIÇÃO]  [ADV. +]",engaged,inactive,ad,3.07183804,153254,0,,4276.22105294,1316,986,3.24940809,,27.90283486,"Compras no site",55.53533835,298,0.05851064,77,2.87363068,"Valor de conversão da compra no site",12288.28,2026-01-01,2026-05-25
"[C] [VARIOS PRODUTO] [ABO] [BID]",AD2,"[VINAGRE] [RMKT]",existing,active,ad,3.84845813,152753,0,,4677.51553486,2499,1860,1.87175492,,30.62143156,"Compras no site",71.96177746,256,0.0260104,65,3.92942789,"Valor de conversão da compra no site",18379.96,2026-01-01,2026-05-25
"[C] [LM - TESTE] [ABO]",AD2,"[TOFU] [TIK + ORG ] [ABERTO]",engaged,inactive,ad,2.83308565,150604,0,,2628.05248152,1306,997,2.01229133,,17.4500842,"Compras no site",48.66763855,215,0.04134763,54,3.46554343,"Valor de conversão da compra no site",9107.63,2026-01-01,2026-05-25
"[C] [LM - RMKT] [ADV. ABO]","CRIATIVO 3 RMKT","[RMKT LARANJA MORO-REATIVAÇÃO BASE QUENTE]",existing,inactive,ad,5.39844844,150309,0,,5111.2788772,1823,1422,2.80377338,,34.00514192,"Compras no site",60.84855806,283,0.04607789,84,3.64144482,"Valor de conversão da compra no site",18612.44,2026-01-01,2026-05-25
"[C] [TONS] [PB DR]","ADS - ASIATICA","[PUBLICO ENG.] [DR]",engaged,active,ad,2.65353573,148935,0.30955115,,7062.91121086,5021,3948,1.40667421,,47.42277645,"Compras no site",88.28639014,514,0.01593308,80,2.45476822,"Valor de conversão da compra no site",17337.81,2026-01-01,2026-05-25
"[C] [LM - PRINCIPAL][EX. BASE] [ADV. +] [CBO]","ADS - RAIZA 3","LP - 1",prospecting,archived,ad,1.90811969,147885,0.12833621,,3052.27950826,1131,923,2.69874404,,20.63954768,"Compras no site",52.62550876,245,0.05128205,58,3.25331608,"Valor de conversão da compra no site",9930.03,2026-01-01,2026-05-25
"[C] [LM - TESTE] [ABO]","ADS DANI","Conj. - Q10",prospecting,not_delivering,ad,2.51050581,147560,0.00203985,,1204.81575948,308,169,3.91173948,,8.16492111,"Compras no site",240.9631519,20,0.01623377,5,0.98099646,"Valor de conversão da compra no site",1181.92,2026-01-01,2026-05-25
"[C] [LM - RMKT] [ADV. ABO]","ADS 3 — Cópia","[RMKT LARANJA MORO-REATIVAÇÃO BASE QUENTE]",prospecting,not_delivering,ad,1.31522698,147554,0.37348361,,3087.02016689,1546,1232,1.99677889,,20.92129096,"Compras no site",81.23737281,157,0.02457956,38,2.1329987,"Valor de conversão da compra no site",6584.61,2026-01-01,2026-05-25
"[C] [LM - RMKT] [ADV. ABO]","ADS1 - EVELYN","[RMKT LARANJA MORO-REATIVAÇÃO BASE QUENTE]",engaged,inactive,ad,2.94952243,146373,0.23479057,,3842.66122319,1713,1155,2.24323481,,26.25252761,"Compras no site",49.90469121,280,0.04495038,77,3.68352014,"Valor de conversão da compra no site",14154.52,2026-01-01,2026-05-25
"[C] [TONS] [PB DR]","AD1 - VERAO — Cópia","[PUBLICO ENG.] [DR]",existing,inactive,ad,4.23296213,145961,0.00025349,,4772.15719681,1455,1014,3.27983312,,32.69474172,"Compras no site",44.18664071,295,0.0742268,108,4.93584537,"Valor de conversão da compra no site",23554.63,2026-01-01,2026-05-25
"[C] [TONS] [PB DR]","AD5 - TOFU","[PUBLICO ABERTO]",existing,not_delivering,ad,6.47697119,144987,0,,3319.66327107,1148,911,2.89169274,,22.89628223,"Compras no site",48.81857752,355,0.05923345,68,4.89938547,"Valor de conversão da compra no site",16264.31,2026-01-01,2026-05-25
"[C] [LM - PRINCIPAL][EX. BASE] [ADV. +] [CBO]","ADS - ORGANICO LM 2","[AQUISIÇÃO]  [ADV. +]",existing,inactive,ad,3.28264758,144965,0,,3974.64379965,871,614,4.56331091,,27.41795468,"Compras no site",59.32304179,252,0.07692308,67,3.25839261,"Valor de conversão da compra no site",12950.95,2026-01-01,2026-05-25
"[C] [VARIOS PRODUTO] [ABO] [BID]",AD1,"[VINAGRE] [RMKT]",prospecting,inactive,ad,1.89209879,143107,0,,2795.78322538,1031,803,2.71171991,,19.53631357,"Compras no site",69.89458063,167,0.03879728,40,2.80199478,"Valor de conversão da compra no site",7833.77,2026-01-01,2026-05-25
"[C] [LM - TESTE] [ABO]","AD - MOFU teste ate 08-05 — Cópia","[TOFU] [TIK + ORG ] [ABERTO]",prospecting,active,ad,1.81192801,141758,0.13680357,,2983.58295867,1317,960,2.26543884,,21.04701646,"Compras no site",96.24461157,107,0.02353834,31,1.88275308,"Valor de conversão da compra no site",5617.35,2026-01-01,2026-05-25
"[C] [LM - PRINCIPAL][EX. BASE] [ADV. +] [CBO]","ADS - ANA ELISA 3","[AQUISIÇÃO]  [ADV. +]",prospecting,inactive,ad,1.95079571,141460,0.33318959,,3793.15592145,1422,1213,2.66747955,,26.81433565,"Compras no site",66.54659511,184,0.04008439,57,2.86904631,"Valor de conversão da compra no site",10882.74,2026-01-01,2026-05-25
"[C] [VARIOS PRODUTO] [ABO] [BID]","AD - ORG TOFU","[VINAGRE] [RMKT]",existing,inactive,ad,3.23556054,141449,0,,5741.22202525,2287,1856,2.51037255,,40.58863637,"Compras no site",62.40458723,352,0.04022737,92,3.60228709,"Valor de conversão da compra no site",20681.53,2026-01-01,2026-05-25
"[C] [LM - PRINCIPAL][EX. BASE] [ADV. +] [CBO]","ADS - LARISSA","[AQUISIÇÃO]  [ADV. +]",engaged,inactive,ad,2.13517038,140791,0.25972541,,4649.06089715,1729,1288,2.6888727,,33.02100914,"Compras no site",59.60334484,284,0.04511278,78,2.8874197,"Valor de conversão da compra no site",13423.79,2026-01-01,2026-05-25
"[C] [JEJOOM] [CBO]","AD - RMKT",[RMK],existing,active,ad,5.66497421,140582,0,,1924.77914973,1485,689,1.29614758,,13.69150496,"Compras no site",53.46608749,130,0.02424242,36,4.33861204,"Valor de conversão da compra no site",8350.87,2026-01-01,2026-05-25
"[C] [TONS] [PB DR]","AD - SHOOTING BOFU","[PUBLICO ENG.] [DR]",engaged,active,ad,4.29553497,139592,0.28936472,,6189.98108612,3804,2837,1.62722952,,44.34337989,"Compras no site",52.45746683,431,0.03101998,118,4.16641176,"Valor de conversão da compra no site",25790.01,2026-01-01,2026-05-25
"[C] [JEJOOM] [CBO]","AD - LARISSA TOFU","[CAMPANHA AQUISIÇÃO]",existing,inactive,ad,3.90709274,138651,0.20452792,,4975.86164579,2103,1613,2.36607782,,35.88767225,"Compras no site",59.23644816,368,0.03994294,84,3.80948695,"Valor de conversão da compra no site",18955.48,2026-01-01,2026-05-25
"[C] [LM - RMKT] [ADV. ABO]","ADSS - ORGANICO 2","[RMKT LARANJA MORO-REATIVAÇÃO BASE QUENTE]",prospecting,inactive,ad,1.73397716,136816,0,,4529.31556029,988,781,4.58432749,,33.10515992,"Compras no site",74.25107476,205,0.06174089,61,2.26174349,"Valor de conversão da compra no site",10244.15,2026-01-01,2026-05-25
"[C] [LM - TESTE] [ABO]","AD - ANA MOFU","[BM] [ANA ELISA]",engaged,inactive,ad,3.54337997,133224,0.12714676,,3568.31820396,1711,1269,2.08551619,,26.7843497,"Compras no site",39.64798004,391,0.05260082,90,4.43085484,"Valor de conversão da compra no site",15810.7,2026-01-01,2026-05-25
"[C] [LM - TESTE] [ABO]","ADS - ART 2","Evelyn Regly BM - LM",engaged,not_delivering,ad,4.12979719,132360,0,,3133.19542883,966,774,3.24347353,,23.67176963,"Compras no site",48.95617858,201,0.06625259,64,3.32871352,"Valor de conversão da compra no site",10429.51,2026-01-01,2026-05-25
"[C] [LM - TESTE] [ABO]","ADS 2","Influ Isadora N. - Lm",engaged,archived,ad,2.54034474,132197,0.23154081,,3459.35836678,1625,1278,2.12883592,,26.16820629,"Compras no site",48.72335728,274,0.04369231,71,3.5899085,"Valor de conversão da compra no site",12418.78,2026-01-01,2026-05-25
"[C] [LM - TESTE] [ABO]","Teste - ADS 2","Evelyn Regly BM - LM",engaged,not_delivering,ad,3.57059825,132080,0.09071775,,2296.9546019,1295,1028,1.77371012,,17.39063145,"Compras no site",45.03832553,179,0.03938224,51,3.79850781,"Valor de conversão da compra no site",8725,2026-01-01,2026-05-25
"[C] [LM - PRINCIPAL][EX. BASE] [ADV. +] [CBO]","AD - LUCIANA  TOFU","[EXCLUSÃO BASE] [ADV. +]",existing,inactive,ad,2.87105057,131942,0.16818754,,2867.82293033,2486,1790,1.15358927,,21.73548173,"Compras no site",61.01750916,209,0.01890587,47,3.42798361,"Valor de conversão da compra no site",9830.85,2026-01-01,2026-05-25
"[C] [LM - TESTE] [ABO]","AD - NIVER","Conj. - Q10",prospecting,not_delivering,ad,2.94379841,131891,0,,961.1936145,629,538,1.52812975,,7.28778775,"Compras no site",96.11936145,39,0.01589825,10,1.89930517,"Valor de conversão da compra no site",1825.6,2026-01-01,2026-05-25
"[C] [LM - TESTE] [ABO]","ADS 6","Evelyn Regly BM - LM",engaged,not_delivering,ad,2.5728504,131838,0.21481667,,2813.27035126,1150,950,2.44632204,,21.33884276,"Compras no site",76.03433382,149,0.03217391,37,2.05875699,"Valor de conversão da compra no site",5791.84,2026-01-01,2026-05-25
"[C] [JEJOOM] [CBO]","AD - LARISSA TOFU","[CAMPANHA AQUISIÇÃO]",existing,active,ad,3.99653916,130491,0.15375007,,3394.93188931,2000,1215,1.69746594,,26.016598,"Compras no site",48.49902699,345,0.035,70,4.82556662,"Valor de conversão da compra no site",16382.47,2026-01-01,2026-05-25
"[C] [TONS] [PB DR]","ADS 3 - MES DO CLIENTE — Cópia","[PUBLICO ENG.] [DR]",existing,inactive,ad,5.72112812,130436,0.00049833,,4858.0076274,1697,1389,2.86270338,,37.24437753,"Compras no site",35.72064432,554,0.08014143,136,7.23495776,"Valor de conversão da compra no site",35147.48,2026-01-01,2026-05-25
"[C] [LM - TESTE] [ABO]","AD - JADE MOFU 3","[BM JADE]",existing,inactive,ad,4.26174211,130388,0.12159861,,1704.08522054,1934,1353,0.88111956,,13.06934089,"Compras no site",58.76155933,85,0.01499483,29,4.05422799,"Valor de conversão da compra no site",6908.75,2026-01-01,2026-05-25
"[C] [TONS] [PB DR]","AD5 - TOFU","[PUBLICO ABERTO]",engaged,not_delivering,ad,3.33474988,130262,0,,3341.65448515,1728,1384,1.93382783,,25.65333317,"Compras no site",43.96913796,393,0.04398148,76,5.07884046,"Valor de conversão da compra no site",16971.73,2026-01-01,2026-05-25
"[C] [LM - TESTE] [ABO]","ADS 2","Evelyn Regly - LM",prospecting,not_delivering,ad,2.15914545,129566,0.07129185,,1867.37,530,417,3.52333962,,14.41250019,"Compras no site",81.19,81,0.04339623,23,2.60629656,"Valor de conversão da compra no site",4866.92,2026-01-01,2026-05-25
"[C] [TONS] [PB DR]","AD - TOFU","[PUBLICO ENG.] [DR]",prospecting,inactive,ad,1.209742,129319,0.38790897,,2532.66526145,3042,2646,0.83256583,,19.58463382,"Compras no site",140.70362564,167,0.00591716,18,1.68910991,"Valor de conversão da compra no site",4277.95,2026-01-01,2026-05-25
"[C] [LM - TESTE] [ABO]","Teste - ADS 2","Evelyn Regly BM - LM",prospecting,not_delivering,ad,2.01318699,128391,0.08702323,,1695.91061335,941,811,1.80224295,,13.20895244,"Compras no site",48.45458895,124,0.03719447,35,3.41113497,"Valor de conversão da compra no site",5784.98,2026-01-01,2026-05-25
"[C] [TONS] [PB DR]",tons_dr-ursinho-melasma1-13-10-2025,"[PUBLICO ENG.] [DR]",prospecting,inactive,ad,1.36581055,128266,0.47517659,,3236.87244974,3211,2537,1.00805744,,25.23562323,"Compras no site",75.27610348,310,0.01339147,43,2.61640832,"Valor de conversão da compra no site",8468.98,2026-01-01,2026-05-25
"[C] [JEJOOM] [CBO]","AD - MORGANA TOFU","[CAMPANHA AQUISIÇÃO]",existing,inactive,ad,3.75022667,128224,0.27167301,,4327.19241678,2953,2356,1.4653547,,33.74713327,"Compras no site",52.77063923,287,0.02776837,82,3.82724834,"Valor de conversão da compra no site",16561.24,2026-01-01,2026-05-25
"[C] [LM - TESTE] [ABO]",AD2,"Arte - Organica Lm",engaged,not_delivering,ad,3.4620102,127582,0,,1083.14212551,630,450,1.71927322,,8.48977227,"Compras no site",51.57819645,96,0.03333333,21,3.33388381,"Valor de conversão da compra no site",3611.07,2026-01-01,2026-05-25
"[C] [LM - TESTE] [ABO]","ADS 4 — Cópia","Influ Evelyn BM -VM",prospecting,inactive,ad,1.35979388,126401,0.25302806,,1005.17373514,1316,1049,0.76380983,,7.95226094,"Compras no site",71.79812394,148,0.0106383,14,3.82838296,"Valor de conversão da compra no site",3848.19,2026-01-01,2026-05-25
"[C] [TONS] [PB DR]","ADS - ASIATICA","[PUBLICO ENG.] [DR]",existing,active,ad,2.76179646,125079,0.29293487,,7394.06704042,3956,3228,1.8690766,,59.11517553,"Compras no site",50.29977579,591,0.03715875,147,4.6365268,"Valor de conversão da compra no site",34282.79,2026-01-01,2026-05-25
"[C] [VARIOS PRODUTO] [ABO] [BID]","AD - ORG TOFU","[VINAGRE] [RMKT]",engaged,inactive,ad,3.49646282,125044,0,,4350.03457241,2411,1911,1.80424495,,34.78803119,"Compras no site",72.50057621,234,0.02488594,60,2.54881423,"Valor de conversão da compra no site",11087.43,2026-01-01,2026-05-25
"[C] [LM - TESTE] [ABO]",AD2,"Arte - Organica Lm",existing,not_delivering,ad,5.01272122,124912,0,,1364.28489034,500,329,2.72856978,,10.92196819,"Compras no site",34.98166385,90,0.078,39,7.25844732,"Valor de conversão da compra no site",9902.59,2026-01-01,2026-05-25
"[C] [JEJOOM] [CBO]","AD2 - ORGANICO","[CAMPANHA AQUISIÇÃO]",existing,inactive,ad,2.82971319,124414,0,,4114.54299152,1892,1596,2.1747056,,33.07138257,"Compras no site",76.19524058,361,0.02854123,54,2.7683439,"Valor de conversão da compra no site",11390.47,2026-01-01,2026-05-25
"[C] [TONS] [PB DR]","AD - SHOOTING MOFU","[PUBLICO ENG.] [DR]",prospecting,active,ad,2.0502314,124039,0.24215771,,3763.8242939,2665,2132,1.41231681,,30.34387809,"Compras no site",99.04800773,207,0.01425891,38,2.17408395,"Valor de conversão da compra no site",8182.87,2026-01-01,2026-05-25
"[C] [LM - PRINCIPAL][EX. BASE] [ADV. +] [CBO]","AD - BOFU — Cópia","[EXCLUSÃO BASE] [ADV. +]",existing,inactive,ad,3.09495676,123105,0.07188985,,1568.65863321,1350,1009,1.16196936,,12.74244452,"Compras no site",58.0984679,108,0.02,27,4.04935138,"Valor de conversão da compra no site",6352.05,2026-01-01,2026-05-25
"[C] [LM - PRINCIPAL][EX. BASE] [ADV. +] [CBO]","AD - EVELYN TOFU","[AQUISIÇÃO]  [ADV. +]",engaged,inactive,ad,1.9662529,122763,0.35201975,,3084.53682691,1819,1432,1.69573218,,25.12594859,"Compras no site",77.11342067,194,0.0219901,40,2.37367242,"Valor de conversão da compra no site",7321.68,2026-01-01,2026-05-25
"[C] [LM - RMKT] [ADV. ABO]","AD - BOFU — Cópia — Cópia","[RMKT LARANJA MORO-REATIVAÇÃO BASE QUENTE]",prospecting,active,ad,1.6970311,122266,0.08750593,,2931.91741797,696,553,4.21252503,,23.9798261,"Compras no site",75.17736969,113,0.05603448,39,2.31961172,"Valor de conversão da compra no site",6800.91,2026-01-01,2026-05-25
"[C] [VARIOS PRODUTO] [ABO] [BID]","AD - RAIZA TOFU","[VINAGRE] [RMKT]",engaged,active,ad,2.54388017,121773,0.17452145,,3751.86314734,1988,1516,1.8872551,,30.81030399,"Compras no site",57.7209715,264,0.03269618,65,3.73354503,"Valor de conversão da compra no site",14007.75,2026-01-01,2026-05-25
"[C] [LM - TESTE] [ABO]",AD2,"[TOFU] [TIK + ORG ] [ABERTO]",existing,inactive,ad,2.50296041,121326,0,,2346.12328807,754,530,3.11156935,,19.33734969,"Compras no site",41.89505872,179,0.07427056,56,4.89631131,"Valor de conversão da compra no site",11487.35,2026-01-01,2026-05-25
"[C] [JEJOOM] [CBO]","AD - RMKT",[RMK],prospecting,active,ad,3.1213401,121211,0,,1372.59800006,1151,624,1.1925265,,11.32403825,"Compras no site",80.74105883,63,0.01476977,17,2.35784986,"Valor de conversão da compra no site",3236.38,2026-01-01,2026-05-25
"[C] [LM - TESTE] [ABO]","AD - EVELYN MOFU","teste aquisição ate dia 15  - Lm",existing,inactive,ad,3.27745822,120794,0.06983791,,1781.97588952,664,440,2.68369863,,14.75218876,"Compras no site",40.49945203,115,0.06626506,44,4.81463304,"Valor de conversão da compra no site",8579.56,2026-01-01,2026-05-25
"[C] [LM - RMKT] [ADV. ABO]","AD - LUCIANA TOFU","[RMKT LARANJA MORO-REATIVAÇÃO BASE QUENTE]",existing,active,ad,2.17820116,120387,0.26734614,,6182.59891437,2413,2024,2.56220427,,51.35603441,"Compras no site",57.24628624,458,0.04475756,108,3.32880885,"Valor de conversão da compra no site",20580.69,2026-01-01,2026-05-25
"[C] [JEJOOM] [CBO]","ADS - LARISSA 1 24-12","[PUBLICO LARISSA]",existing,archived,ad,6.38272129,120276,0.15806146,,3301.19002708,2154,1365,1.5325859,,27.44678928,"Compras no site",45.84986149,280,0.03342618,72,4.58154177,"Valor de conversão da compra no site",15124.54,2026-01-01,2026-05-25
"[C] [TONS] [PB DR]",tons_dr-ursinho-melasma4-13-10-2025,"[PUBLICO ENG.] [DR]",prospecting,inactive,ad,1.76322584,120185,0.30484669,,5689.02244286,2327,1976,2.44478833,,47.33554473,"Compras no site",83.66209475,301,0.02922217,68,2.60367755,"Valor de conversão da compra no site",14812.38,2026-01-01,2026-05-25
"[C] [JEJOOM] [CBO]","AD - RMKT","[CAMPANHA AQUISIÇÃO]",engaged,inactive,ad,4.50183644,120118,0,,2474.6759446,1742,1178,1.42059469,,20.60204086,"Compras no site",54.99279877,201,0.02583238,45,4.01598845,"Valor de conversão da compra no site",9938.27,2026-01-01,2026-05-25
"[C] [LM - RMKT] [ADV. ABO]","AD3 — Cópia","[RMKT LARANJA MORO-REATIVAÇÃO BASE QUENTE]",prospecting,inactive,ad,1.89021047,119983,0,,2794.28276268,1144,897,2.44255486,,23.28898896,"Compras no site",59.45282474,144,0.04108392,47,2.48157777,"Valor de conversão da compra no site",6934.23,2026-01-01,2026-05-25
"[C] [LM - TESTE] [ABO]","AD - MOFU ate 14-05","[TOFU] [TIK TOK] [EXCLUSAÕ BASE] [BID 60] - TESTE ATÉ 20-05",prospecting,not_delivering,ad,1.53668647,119734,0.18696444,,1054.15584036,505,357,2.08743731,,8.80414786,"Compras no site",81.0889108,34,0.02574257,13,2.17149108,"Valor de conversão da compra no site",2289.09,2026-01-01,2026-05-25
"[C] [LM - RMKT] [ADV. ABO]","AD - RMKT","[RMKT LARANJA MORO-REATIVAÇÃO BASE QUENTE]",engaged,inactive,ad,3.67852278,118831,0,,2797.53532491,1475,1175,1.89663412,,23.542134,"Compras no site",63.58034829,213,0.02983051,44,3.12093289,"Valor de conversão da compra no site",8730.92,2026-01-01,2026-05-25
"[C] [LM - PRINCIPAL][EX. BASE] [ADV. +] [CBO]","ADS - ORGANICO LM 2","[AQUISIÇÃO]  [ADV. +]",prospecting,inactive,ad,1.37589934,118758,0,,2268.33,766,612,2.96126632,,19.10043955,"Compras no site",87.24346154,87,0.03394256,26,1.77726786,"Valor de conversão da compra no site",4031.43,2026-01-01,2026-05-25
"[C] [LM - TESTE] [ABO]","ADS1 - Q10","Conj. - Q10",prospecting,inactive,ad,1.64908042,118089,0,,1127.2627064,870,633,1.29570426,,9.54587393,"Compras no site",281.8156766,36,0.0045977,4,0.57900434,"Valor de conversão da compra no site",652.69,2026-01-01,2026-05-25
"[C] [LM - TESTE] [ABO]","ADS 4 - NOVO VM","Evelyn Regly BM - LM",engaged,not_delivering,ad,2.40766871,117735,0.31454538,,3898.97857209,2164,1683,1.80174611,,33.11656323,"Compras no site",57.33792018,250,0.03142329,68,3.35571477,"Valor de conversão da compra no site",13083.86,2026-01-01,2026-05-25
"[C] [TONS] [PB DR]","AD - BOFU","[PUBLICO ENG.] [DR]",existing,active,ad,4.78747249,117475,0,,3945.2934703,1197,951,3.29598452,,33.58411126,"Compras no site",36.87190159,304,0.08939014,107,6.45555779,"Valor de conversão da compra no site",25469.07,2026-01-01,2026-05-25
"[C] [TONS] [PB DR]",tons1_rmkt_20-10-2025,rmkt_tons_estáticos_visitantes-engajado-compradores_max-conv_cpa35_02-09-2025_7,prospecting,not_delivering,ad,2.73464558,116701,0,,2875.06629098,1014,855,2.8353711,,24.63617528,"Compras no site",70.12356807,200,0.04043393,41,2.93946614,"Valor de conversão da compra no site",8451.16,2026-01-01,2026-05-25
"[C] [LM - RMKT] [ADV. ABO]","AD - LUCIANA MOFU 2 — Cópia","[RMKT LARANJA MORO-REATIVAÇÃO BASE QUENTE]",engaged,inactive,ad,2.62661537,116057,0.33048416,,4057.81126793,2590,2112,1.5667225,,34.96395106,"Compras no site",57.9687324,282,0.02702703,70,3.17353104,"Valor de conversão da compra no site",12877.59,2026-01-01,2026-05-25
"[C] [TONS] [PB DR]","ADS - DR 2 — Cópia","[PUBLICO ABERTO]",engaged,inactive,ad,2.57418285,114824,0.17175852,,2894.75380447,1929,1532,1.50064998,,25.21035502,"Compras no site",67.31985592,343,0.02229134,43,3.19864162,"Valor de conversão da compra no site",9259.28,2026-01-01,2026-05-25
"[C] [LM - PRINCIPAL][EX. BASE] [ADV. +] [CBO]","AD - DANI TOFU","[AQUISIÇÃO]  [ADV. +]",existing,inactive,ad,2.67119363,114669,0.09670443,,3377.81861704,1096,861,3.08195129,,29.45712108,"Compras no site",73.4308395,206,0.0419708,46,2.72706769,"Valor de conversão da compra no site",9211.54,2026-01-01,2026-05-25
"[C] [LM - TESTE] [ABO]","AD - ISA MOFU","teste aquisição ate dia 15  - Lm",prospecting,inactive,ad,1.57079334,113749,0.11434826,,1572.05323343,646,535,2.43351894,,13.8203697,"Compras no site",87.33629075,54,0.02786378,18,2.12396752,"Valor de conversão da compra no site",3338.99,2026-01-01,2026-05-25
"[C] [LM - PRINCIPAL][EX. BASE] [ADV. +] [CBO]","ADS - JESSICA 2","[AQUISIÇÃO]  [ADV. +]",prospecting,inactive,ad,1.31649843,113078,0.39221599,,3589.15141075,896,802,4.00574934,,31.7404925,"Compras no site",76.36492363,126,0.05245536,47,2.36823946,"Valor de conversão da compra no site",8499.97,2026-01-01,2026-05-25
"[C] [LM - TESTE] [ABO]",AD2,"[BOFU] [ADV+ ABERTO] [ESTATICO]",prospecting,inactive,ad,1.99884135,112135,0.07816471,,1083.48933249,557,473,1.94522322,,9.6623653,"Compras no site",77.39209518,50,0.02513465,14,2.96435775,"Valor de conversão da compra no site",3211.85,2026-01-01,2026-05-25
"[C] [TONS] [PB DR]","AD- NIVER 3","TONS TESTE",prospecting,inactive,ad,2.37043463,109296,0.00019214,,2942.09539111,1017,818,2.89291582,,26.91860078,"Compras no site",117.68381564,128,0.0245821,25,1.72650758,"Valor de conversão da compra no site",5079.55,2026-01-01,2026-05-25
"[C] [LM - TESTE] [ABO]","AD1 - 07/12","Influ Larissa L 2",engaged,archived,ad,2.23792058,109215,0.25196173,,2029.85897025,1713,1442,1.18497313,,18.5858991,"Compras no site",32.73966081,349,0.03619381,62,5.37880225,"Valor de conversão da compra no site",10918.21,2026-01-01,2026-05-25
"[C] [VARIOS PRODUTO] [ABO] [BID]","[Criativo 2 Digestino] — Cópia","[DIGESTINO] [RMKT]",existing,not_delivering,ad,2.8636147,108153,0,,1198.15502864,698,461,1.71655448,,11.07833374,"Compras no site",108.92318442,88,0.01575931,11,2.33342926,"Valor de conversão da compra no site",2795.81,2026-01-01,2026-05-25
"[C] [LM - TESTE] [ABO]",AD1,"Arte - Organica Tons ###",engaged,not_delivering,ad,3.04985463,106995,0,,2229.82529343,1254,974,1.77817009,,20.84046258,"Compras no site",54.38598277,193,0.03269537,41,4.35101801,"Valor de conversão da compra no site",9702.01,2026-01-01,2026-05-25
"[C] [TONS] [PB DR]",tons_dr-ursinho_video-reels_10-07-2025_nao-tem-clareador-oral-barra,"[PUBLICO ENG.] [DR]",existing,inactive,ad,4.21224506,106157,0.1329917,,3253.07632572,2005,1486,1.62248196,,30.64401147,"Compras no site",48.553378,249,0.03341646,67,4.61388805,"Valor de conversão da compra no site",15009.33,2026-01-01,2026-05-25
"[C] [LM - TESTE] [ABO]","AD - NIVER","Conj. - Q10",existing,not_delivering,ad,4.43035117,105974,0,,1739.92844113,818,627,2.12705188,,16.41844642,"Compras no site",54.37276379,113,0.0391198,32,5.06897858,"Valor de conversão da compra no site",8819.66,2026-01-01,2026-05-25
"[C] [LM - TESTE] [ABO]","AD - BOFU","[BOFU] [ADV+ ABERTO] [ESTATICO]",engaged,not_delivering,ad,3.59662347,105453,0.11396546,,1454.98013833,1393,1030,1.044494,,13.79742765,"Compras no site",58.19920553,96,0.01794688,25,3.32116561,"Valor de conversão da compra no site",4832.23,2026-01-01,2026-05-25
"[C] [LM - TESTE] [ABO]","AD - BOFU — Cópia","[HIBRIDO] [ESTATICO ORG.] [BID 60]",prospecting,inactive,ad,1.83378376,105173,0.06014852,,854.12104939,319,264,2.67749545,,8.1211057,"Compras no site",42.70605247,59,0.06269592,20,4.15890699,"Valor de conversão da compra no site",3552.21,2026-01-01,2026-05-25
"[C] [LM - TESTE] [ABO]","AD - BOFU 2","Conj. - Tipo 2",prospecting,not_delivering,ad,1.87530308,104415,0,,407.80102817,325,168,1.25477239,,3.90557897,"Compras no site",67.96683803,21,0.01846154,6,2.59560405,"Valor de conversão da compra no site",1058.49,2026-01-01,2026-05-25
"[C] [TONS] [PB DR]","AD- NIVER 2","TONS TESTE",engaged,inactive,ad,3.19694539,103613,0,,3875.10682727,2577,2053,1.50372791,,37.39981303,"Compras no site",64.58511379,264,0.02328289,60,3.70918032,"Valor de conversão da compra no site",14373.47,2026-01-01,2026-05-25
"[C] [VARIOS PRODUTO] [ABO] [BID]","AD - TOFU","[VINAGRE] [RMKT]",existing,inactive,ad,2.65190295,103403,0.33206967,,3421.15195262,1757,1307,1.94715535,,33.08561601,"Compras no site",71.27399901,192,0.02731929,48,2.94740197,"Valor de conversão da compra no site",10083.51,2026-01-01,2026-05-25
"[C] [LM - TESTE] [ABO]","AD - NIVER","Conj. - Q10",prospecting,not_delivering,ad,1.82610477,102523,0.0038723,,850.64148153,293,175,2.90321325,,8.2970795,"Compras no site",212.66037038,21,0.01365188,4,0.73075439,"Valor de conversão da compra no site",621.61,2026-01-01,2026-05-25
"[C] [LM - RMKT] [ADV. ABO]","AD - JADE TOFU","[RMKT LARANJA MORO-REATIVAÇÃO BASE QUENTE]",prospecting,inactive,ad,1.24832453,101887,0.39391679,,2870.10983335,990,940,2.89910084,,28.16953913,"Compras no site",75.52920614,113,0.03838384,38,2.4034028,"Valor de conversão da compra no site",6898.03,2026-01-01,2026-05-25
"[C] [TONS] [PB DR]","AD1 — Cópia","[PUBLICO ENG.] [DR]",engaged,active,ad,3.5253193,101850,0,,2788.88260116,1513,1170,1.84327997,,27.38225431,"Compras no site",58.10172086,225,0.03172505,48,4.19568396,"Valor de conversão da compra no site",11701.27,2026-01-01,2026-05-25
"[C] [LM - TESTE] [ABO]","ADS. VIDEO INFLU — Cópia","teste aquisição ate dia 15  - Lm",prospecting,inactive,ad,1.41299059,100482,0.34939591,,1823.56236419,1696,1293,1.07521366,,18.14814956,"Compras no site",130.25445458,46,0.00825472,14,1.33629101,"Valor de conversão da compra no site",2436.81,2026-01-01,2026-05-25
"[C] [JEJOOM] [CBO]","AD - RMKT",[RMK],existing,active,ad,4.40607686,100203,0,,1090.1291919,868,402,1.25590921,,10.87920713,"Compras no site",57.37522063,83,0.0218894,19,4.30707666,"Valor de conversão da compra no site",4695.27,2026-01-01,2026-05-25
"[C] [LM - TESTE] [ABO]","ADS 4","teste publico novo - bid",engaged,not_delivering,ad,2.52684929,99712,0.18634668,,1800.92782374,726,620,2.48061684,,18.06129477,"Compras no site",54.57357042,109,0.04545455,33,3.37602647,"Valor de conversão da compra no site",6079.98,2026-01-01,2026-05-25
"[C] [LM - TESTE] [ABO]","AD - ANA MOFU","[BM] [ANA ELISA]",existing,inactive,ad,4.91444009,99139,0.11981158,,2838.062897,1344,885,2.11165394,,28.62710837,"Compras no site",52.55672031,241,0.04017857,54,3.93568445,"Valor de conversão da compra no site",11169.72,2026-01-01,2026-05-25
"[C] [LM - TESTE] [ABO]","AD - JADE MOFU 3","[BM JADE]",engaged,inactive,ad,3.80096506,98464,0.12433986,,1478.58134403,1267,984,1.16699396,,15.01646636,"Compras no site",54.762272,91,0.02131018,27,3.12514426,"Valor de conversão da compra no site",4620.78,2026-01-01,2026-05-25
"[C] [LM - TESTE] [ABO]","ADS 1 - NOVO","Evelyn Regly BM - LM",prospecting,not_delivering,ad,1.24084443,98394,0.18517389,,1371.21445681,471,356,2.91128335,,13.93595602,"Compras no site",124.65585971,41,0.02335456,11,1.55315603,"Valor de conversão da compra no site",2129.71,2026-01-01,2026-05-25
"[C] [LM - TESTE] [ABO]","ADS 4","Evelyn Regly BM - LM",prospecting,inactive,ad,1.60052462,98237,0.26359722,,1076.4,1224,1100,0.87941176,,10.957175,"Compras no site",82.8,90,0.01062092,13,2.33808993,"Valor de conversão da compra no site",2516.72,2026-01-01,2026-05-25
"[C] [LM - RMKT] [ADV. ABO]","[VERÃO 3] [BOFU]","[RMKT LARANJA MORO-REATIVAÇÃO BASE QUENTE]",engaged,not_delivering,ad,3.11342674,97553,0,,2943.55292241,924,689,3.18566334,,30.17388417,"Compras no site",61.32401922,202,0.05194805,48,2.77931473,"Valor de conversão da compra no site",8181.06,2026-01-01,2026-05-25
"[C] [LM - TESTE] [ABO]","ADS1 - Q10","Conj. - Q10",existing,inactive,ad,3.25956201,96897,0,,1692.44403582,882,551,1.91887079,,17.46642348,"Compras no site",73.5845233,86,0.0260771,23,3.68620165,"Valor de conversão da compra no site",6238.69,2026-01-01,2026-05-25
"[C] [LM - TESTE] [ABO]","AD - LUCIANA MOFU","[BM JADE]",prospecting,inactive,ad,1.3247512,96373,0.23803347,,1430.52383289,1157,1077,1.23640781,,14.84361629,"Compras no site",55.02014742,92,0.02247191,26,3.17356474,"Valor de conversão da compra no site",4539.86,2026-01-01,2026-05-25
"[C] [LM - TESTE] [ABO]","ADS 1","Influ Nutri- Lm",existing,not_delivering,ad,3.62120471,96248,0.21815518,,1327.15974491,1427,862,0.93003486,,13.7889592,"Compras no site",53.0863898,79,0.01751927,25,3.63014326,"Valor de conversão da compra no site",4817.78,2026-01-01,2026-05-25
"[C] [LM - TESTE] [ABO]","AD - EVELYN MOFU","teste aquisição ate dia 15  - Lm",engaged,inactive,ad,3.0166902,96157,0.08265649,,1618.3581033,793,553,2.04080467,,16.83037224,"Compras no site",62.24454243,81,0.03278689,26,3.03497723,"Valor de conversão da compra no site",4911.68,2026-01-01,2026-05-25
"[C] [LM - TESTE] [ABO]",AD1,"Arte - Organica Tons ###",existing,not_delivering,ad,4.02844538,95877,0,,2204.35580408,748,534,2.94699974,,22.99149748,"Compras no site",45.92407925,157,0.06417112,48,5.70948663,"Valor de conversão da compra no site",12585.74,2026-01-01,2026-05-25
"[C] [TONS] [PB DR]","AD - TOFU","[PUBLICO ENG.] [DR]",prospecting,inactive,ad,1.77731186,95790,0.26485019,,4442.2709997,1559,1266,2.84943618,,46.37510178,"Compras no site",71.64953225,224,0.03976908,62,3.35375982,"Valor de conversão da compra no site",14898.31,2026-01-01,2026-05-25
"[C] [JEJOOM] [CBO]","ADS - LARISSA 07/01","[PUBLICO LARISSA]",prospecting,archived,ad,2.05960866,95364,0.1643702,,2804.19888338,1178,1042,2.38047443,,29.40521458,"Compras no site",66.76664008,242,0.03565365,42,3.00452655,"Valor de conversão da compra no site",8425.29,2026-01-01,2026-05-25
"[C] [LM - TESTE] [ABO]",AD1,"Arte - Organica Lm",engaged,not_delivering,ad,3.03723167,95363,0,,1021.65311895,532,388,1.9204006,,10.71330725,"Compras no site",78.58870146,84,0.02443609,13,2.50223873,"Valor de conversão da compra no site",2556.42,2026-01-01,2026-05-25
"[C] [LM - TESTE] [ABO]","AD - MOFU ANA ELISA","[BM] [ANA ELISA]",prospecting,not_delivering,ad,2.00684355,95305,0.0908242,,1197.40271108,553,333,2.16528519,,12.56390232,"Compras no site",85.52876508,46,0.02531646,14,2.18997333,"Valor de conversão da compra no site",2622.28,2026-01-01,2026-05-25
"[C] [LM - TESTE] [ABO]","AD - JADE TOFU — Cópia","[BM JADE]",existing,not_delivering,ad,2.44901596,94821,0.14995623,,1844.92893345,1668,1189,1.1060725,,19.45696558,"Compras no site",73.79715734,101,0.01498801,25,3.21963621,"Valor de conversão da compra no site",5940,2026-01-01,2026-05-25
"[C] [LM - TESTE] [ABO]",AD4,"Arte - Organica Tons ###",existing,not_delivering,ad,5.22240636,94536,0,,2661.71573546,889,641,2.99405595,,28.15557814,"Compras no site",45.11382602,196,0.0663667,59,5.06912133,"Valor de conversão da compra no site",13492.56,2026-01-01,2026-05-25
"[C] [LM - PRINCIPAL][EX. BASE] [ADV. +] [CBO]","AD - EVELYN TOFU","[EXCLUSÃO BASE] [ADV. +]",prospecting,inactive,ad,1.07478187,93247,0.38034468,,1306.89687041,1048,816,1.247039,,14.01543074,"Compras no site",261.37937408,42,0.00477099,5,0.60244999,"Valor de conversão da compra no site",787.34,2026-01-01,2026-05-25
"[C] [LM - TESTE] [ABO]","ADS DANI","Conj. - Q10",existing,not_delivering,ad,5.08321957,93089,0.00083791,,1238.84563971,472,174,2.62467297,,13.30818507,"Compras no site",61.94228199,43,0.04237288,20,4.25684995,"Valor de conversão da compra no site",5273.58,2026-01-01,2026-05-25
"[C] [LM - RMKT] [ADV. ABO]","ADS1 - EVELYN","[RMKT LARANJA MORO-REATIVAÇÃO BASE QUENTE]",existing,inactive,ad,4.14194151,93057,0.20460578,,2232.61138114,1226,603,1.82105333,,23.9918693,"Compras no site",62.01698281,134,0.02936378,36,4.27421005,"Valor de conversão da compra no site",9542.65,2026-01-01,2026-05-25
"[C] [TONS] [PB DR]","tons_sabrina_video-reels_23-09-2025 — Cópia","[PUBLICO ABERTO]",engaged,inactive,ad,2.70935601,92725,0.20648153,,2901.47319191,1479,1209,1.96178039,,31.29116411,"Compras no site",100.05079972,254,0.01960784,29,2.42895231,"Valor de conversão da compra no site",7047.54,2026-01-01,2026-05-25
"[C] [LM - TESTE] [ABO]","AD - JADE MOFU 2","[BM JADE]",prospecting,inactive,ad,1.77845162,92668,0.15485389,,1337.84044781,583,553,2.29475205,,14.43691941,"Compras no site",60.81092945,84,0.03773585,22,2.54620796,"Valor de conversão da compra no site",3406.42,2026-01-01,2026-05-25
"[C] [TONS] [PB DR]","AD1 - VERAO — Cópia","[PUBLICO ENG.] [DR]",engaged,inactive,ad,3.03014481,92277,9.753E-5,,2516.51083629,992,677,2.53680528,,27.27126842,"Compras no site",55.92246303,155,0.0453629,45,3.53353138,"Valor de conversão da compra no site",8892.17,2026-01-01,2026-05-25
"[C] [TONS] [PB DR]","AD - DR URSINHO 18-05","[PUBLICO ENG.] [DR]",existing,active,ad,1.91491221,92046,0.32037242,,4990.63790245,2911,2339,1.7144067,,54.21895468,"Compras no site",58.03067328,502,0.02954311,86,4.10051589,"Valor de conversão da compra no site",20464.19,2026-01-01,2026-05-25
"[C] [LM - TESTE] [ABO]","ADS 4 - NOVO VM","Evelyn Regly BM - LM",existing,not_delivering,ad,2.48411149,91619,0.28520285,,3323.10001791,1483,1163,2.2407957,,36.27086104,"Compras no site",54.47704947,230,0.04113284,61,4.31328275,"Valor de conversão da compra no site",14333.47,2026-01-01,2026-05-25
"[C] [VARIOS PRODUTO] [ABO] [BID]","[Criativo 2 Digestino] — Cópia","[DIGESTINO] [RMKT]",prospecting,not_delivering,ad,2.62242674,91465,0,,665.79501016,541,371,1.2306747,,7.2792326,"Compras no site",110.96583503,36,0.01109057,6,1.76809676,"Valor de conversão da compra no site",1177.19,2026-01-01,2026-05-25
"[C] [LM - TESTE] [ABO]","AD - MOFU ANA ELISA","[BM] [ANA ELISA]",existing,not_delivering,ad,2.79440946,90972,0.12435694,,1633.65548219,1606,854,1.0172201,,17.95778352,"Compras no site",60.5057586,91,0.01681196,27,3.39160249,"Valor de conversão da compra no site",5540.71,2026-01-01,2026-05-25
"[C] [LM - TESTE] [ABO]","AD -  EVELYN",EVELIN,prospecting,active,ad,1.276249,90763,0.22446371,,1074.32705104,745,550,1.44204973,,11.83661901,"Compras no site",82.64054239,73,0.01744966,13,1.67705914,"Valor de conversão da compra no site",1801.71,2026-01-01,2026-05-25
"[C] [LM - TESTE] [ABO]","AD - EVELYN","Influ Evelyn BM -VM",prospecting,not_delivering,ad,1.37484843,90707,0.20739303,,940.3,720,551,1.30597222,,10.36634438,"Compras no site",156.71666667,70,0.00833333,6,1.40431777,"Valor de conversão da compra no site",1320.48,2026-01-01,2026-05-25
"[C] [TONS] [PB DR]",tons2_rmkt_01-09-2025,rmkt_tons_estáticos_visitantes-engajado-compradores_max-conv_cpa35_02-09-2025_7,prospecting,not_delivering,ad,1.73464203,90132,0,,2184.7383969,979,847,2.23160204,,24.23932007,"Compras no site",87.38953588,167,0.02553626,25,2.41449503,"Valor de conversão da compra no site",5275.04,2026-01-01,2026-05-25
"[C] [LM - TESTE] [ABO]","AD - MOFU ANA ELISA — Cópia","[BM] [ANA ELISA]",prospecting,not_delivering,ad,1.37275625,90013,0.1555442,,829.78450748,541,331,1.53379761,,9.2184963,,,3,0,,,,,2026-01-01,2026-05-25
"[C] [LM - TESTE] [ABO]",AD4,"Arte - Organica Tons ###",engaged,not_delivering,ad,3.95721078,89892,0,,2523.01595768,1068,809,2.36237449,,28.06719127,"Compras no site",46.72251773,190,0.0505618,54,4.48787887,"Valor de conversão da compra no site",11322.99,2026-01-01,2026-05-25
"[C] [JEJOOM] [CBO]","AD - MORGANA TOFU","[CAMPANHA AQUISIÇÃO]",engaged,inactive,ad,3.06559672,89776,0.29123597,,2494.50986375,2205,1799,1.13129699,,27.78593236,"Compras no site",54.2284753,162,0.02086168,46,4.01641226,"Valor de conversão da compra no site",10018.98,2026-01-01,2026-05-25
"[C] [JEJOOM] [CBO]","AD - RMKT",[RMK],prospecting,active,ad,2.16339111,89493,0,,646.56269437,275,200,2.35113707,,7.22472925,"Compras no site",80.8203368,32,0.02909091,8,3.32600383,"Valor de conversão da compra no site",2150.47,2026-01-01,2026-05-25
"[C] [VARIOS PRODUTO] [ABO] [BID]","AD - RAIZA MOFU","[VINAGRE] [RMKT]",prospecting,inactive,ad,1.67024721,89253,0.21100691,,3594.29169882,1488,1283,2.41551861,,40.27082226,"Compras no site",74.88107706,192,0.03225806,48,3.2941372,"Valor de conversão da compra no site",11840.09,2026-01-01,2026-05-25
"[C] [TONS] [PB DR]",tons_dr-ursinho_video-reels_10-07-2025_esse-foi-produto-que-a-mamae,"[PUBLICO ENG.] [DR]",prospecting,inactive,ad,1.70574945,87580,0.2656771,,2709.62125312,1277,1087,2.12186472,,30.93881312,"Compras no site",56.45044277,201,0.0375881,48,3.82331294,"Valor de conversão da compra no site",10359.73,2026-01-01,2026-05-25
"[C] [LM - TESTE] [ABO]","AD - ALESSANDRA","[TOFU] [TIK TOK] [EXCLUSAÕ BASE] [BID 60] - TESTE ATÉ 20-05",prospecting,inactive,ad,2.11723051,87304,0.11094566,,593.72057497,476,294,1.24731213,,6.80061137,"Compras no site",118.74411499,14,0.0105042,5,2.23654031,"Valor de conversão da compra no site",1327.88,2026-01-01,2026-05-25
"[C] [LM - TESTE] [ABO]",29/12,"Influ Larissa L. 1 - LM TESTE TRAVA DE CPA",engaged,archived,ad,2.73968926,86755,0.17836436,,1450.46482491,818,632,1.77318438,,16.71909198,"Compras no site",53.72091944,166,0.03300733,27,3.18806766,"Valor de conversão da compra no site",4624.18,2026-01-01,2026-05-25
"[C] [LM - TESTE] [ABO]","ADS 2","Evelyn Regly BM - LM",engaged,not_delivering,ad,3.86474076,86690,0.08390818,,1210.64031257,683,544,1.7725334,,13.96516683,"Compras no site",60.53201563,87,0.02928258,20,3.28212266,"Valor de conversão da compra no site",3973.47,2026-01-01,2026-05-25
"[C] [TONS] [PB DR]","ADS 3 - MES DO CLIENTE — Cópia","[PUBLICO ENG.] [DR]",engaged,inactive,ad,3.78533322,86563,0.00043899,,3086.27966834,1253,999,2.46311227,,35.6535664,"Compras no site",62.98529935,239,0.03910615,49,4.08686229,"Valor de conversão da compra no site",12613.2,2026-01-01,2026-05-25
"[C] [LM - TESTE] [ABO]",AD4,"[BOFU] [ADV+ ABERTO] [ESTATICO]",existing,inactive,ad,3.37652659,86537,0.09372869,,779.97298336,1181,640,0.66043436,,9.01317336,"Compras no site",43.33183241,64,0.01524132,18,4.74129243,"Valor de conversão da compra no site",3698.08,2026-01-01,2026-05-25
"[C] [TONS] [PB DR]","tons_sabrina_video-reels_23-09-2025 — Cópia","[PUBLICO ABERTO]",existing,inactive,ad,3.43096667,86354,0.18080228,,3367.11740611,1075,831,3.13220224,,38.99202592,"Compras no site",74.82483125,268,0.04186047,45,3.04638026,"Valor de conversão da compra no site",10257.52,2026-01-01,2026-05-25
"[C] [LM - PRINCIPAL][EX. BASE] [ADV. +] [CBO]","AD - MOFU","[AQUISIÇÃO]  [ADV. +]",existing,active,ad,2.73108235,84202,0.10904729,,2221.36995747,1155,812,1.92326403,,26.38143937,"Compras no site",52.88976089,94,0.03636364,42,4.13494833,"Valor de conversão da compra no site",9185.25,2026-01-01,2026-05-25
"[C] [LM - TESTE] [ABO]","ADS 3","teste publico novo - bid",engaged,not_delivering,ad,2.17058061,83741,0.32015381,,1618.302697,1091,866,1.48332053,,19.325094,"Compras no site",85.17382616,103,0.01741522,19,2.21666194,"Valor de conversão da compra no site",3587.23,2026-01-01,2026-05-25
"[C] [LM - TESTE] [ABO]",AD1,"[BOFU] [ADV+ ABERTO] [ESTATICO]",existing,inactive,ad,3.11153832,83355,0.06989383,,759.87646663,376,235,2.02094805,,9.1161474,"Compras no site",44.69861568,49,0.04521277,17,5.37154416,"Valor de conversão da compra no site",4081.71,2026-01-01,2026-05-25
"[C] [LM - TESTE] [ABO]","AD - ISA MOFU","teste aquisição ate dia 15  - Lm",prospecting,inactive,ad,1.60944289,83345,0.19834423,,1113.4247164,390,270,2.85493517,,13.35922631,"Compras no site",111.34247164,28,0.02564103,10,1.38244641,"Valor de conversão da compra no site",1539.25,2026-01-01,2026-05-25
"[C] [LM - TESTE] [ABO]","AD - FERNANDA","[TOFU] [TIK TOK] [EXCLUSAÕ BASE] [BID 60] - TESTE ATÉ 20-05",prospecting,inactive,ad,1.97281447,83091,0.16262892,,798.21644794,592,370,1.34833859,,9.60653317,"Compras no site",72.56513163,33,0.01858108,11,2.63883312,"Valor de conversão da compra no site",2106.36,2026-01-01,2026-05-25
"[C] [TONS] [PB DR]","AD - TOFU — Cópia","[PUBLICO ENG.] [DR]",prospecting,active,ad,1.42908889,82457,0.4827122,,1525.75846382,2219,1585,0.68758831,,18.50368633,"Compras no site",66.33732451,150,0.01036503,23,3.17927779,"Valor de conversão da compra no site",4850.81,2026-01-01,2026-05-25
"[C] [JEJOOM] [CBO]","AD - RMKT",[RMK],engaged,active,ad,4.76378453,82423,0,,1069.3628603,1075,539,0.99475615,,12.97408321,"Compras no site",56.28225581,84,0.01767442,19,4.31631785,"Valor de conversão da compra no site",4615.71,2026-01-01,2026-05-25
"[C] [TONS] [PB DR]","tons1_rmkt_20-10-2025 — Cópia","[PUBLICO ENG.] [DR]",prospecting,inactive,ad,2.93062371,82415,0,,1948.29400477,647,524,3.01127358,,23.64004131,"Compras no site",67.18255189,132,0.04482226,29,2.99016985,"Valor de conversão da compra no site",5825.73,2026-01-01,2026-05-25
"[C] [LM - TESTE] [ABO]",AD3,"Arte - Organica Lm",engaged,not_delivering,ad,3.0727184,81848,0,,843.48,487,362,1.73199179,,10.30544424,"Compras no site",70.29,77,0.02464066,12,2.78522312,"Valor de conversão da compra no site",2349.28,2026-01-01,2026-05-25
"[C] [TONS] [PB DR]","AD - BOFU — Cópia","[PUBLICO ENG.] [DR]",prospecting,active,ad,2.32856124,81651,0,,2477.18292011,848,696,2.92120627,,30.33867215,"Compras no site",50.55475347,140,0.05778302,49,4.32013313,"Valor de conversão da compra no site",10701.76,2026-01-01,2026-05-25
"[C] [JEJOOM] [CBO]","AD - RMKT PERFIL LARI + DENA",[RMK],existing,active,ad,3.76934097,81561,0.00029426,,839.53657214,734,284,1.1437828,,10.293358,"Compras no site",69.96138101,54,0.01634877,12,3.33598332,"Valor de conversão da compra no site",2800.68,2026-01-01,2026-05-25
"[C] [LM - TESTE] [ABO]","AD - RAIZA TOFU — Cópia","Conj - Vm",existing,inactive,ad,2.64104557,81537,0.15725376,,3480.89953463,1171,921,2.97258713,,42.69104253,"Compras no site",75.67172901,199,0.03928266,46,3.45365613,"Valor de conversão da compra no site",12021.83,2026-01-01,2026-05-25
"[C] [JEJOOM] [CBO]","AD - RMKT PERFIL LARI + DENA",[RMK],prospecting,active,ad,2.17667243,80563,0.00070752,,604.65520541,395,244,1.53077267,,7.50537102,"Compras no site",100.77586757,35,0.01518987,6,2.1961607,"Valor de conversão da compra no site",1327.92,2026-01-01,2026-05-25
"[C] [VARIOS PRODUTO] [ABO] [BID]",AD1,"[VINAGRE] [RMKT]",existing,inactive,ad,3.84901322,80352,0,,2501.06231466,941,718,2.65787706,,31.12632311,"Compras no site",48.09735221,194,0.05526036,52,4.85455317,"Valor de conversão da compra no site",12141.54,2026-01-01,2026-05-25
"[C] [LM - RMKT] [ADV. ABO]","AD - BOFU — Cópia — Cópia","[RMKT LARANJA MORO-REATIVAÇÃO BASE QUENTE]",existing,active,ad,2.29495602,80351,0.10955682,,2910.18350091,743,570,3.91680148,,36.21838559,"Compras no site",53.89228705,201,0.07267833,54,3.99619818,"Valor de conversão da compra no site",11629.67,2026-01-01,2026-05-25
"[C] [LM - TESTE] [ABO]","ADS - ART 1","Evelyn Regly BM - LM",engaged,not_delivering,ad,4.46063474,80113,0.01303159,,1049.76,463,405,2.26730022,,13.10349132,"Compras no site",65.61,89,0.03455724,16,2.85676726,"Valor de conversão da compra no site",2998.92,2026-01-01,2026-05-25
"[C] [JEJOOM] [CBO]","AD - LARISSA TOFU","[CAMPANHA AQUISIÇÃO]",engaged,inactive,ad,2.85666225,79818,0.22130347,,2508.63595458,1425,1107,1.76044628,,31.42945143,"Compras no site",71.67531299,200,0.0245614,35,3.10004725,"Valor de conversão da compra no site",7776.89,2026-01-01,2026-05-25
"[C] [LM - TESTE] [ABO]","AD - RMK NIVER","[BM] [ANA ELISA]",existing,inactive,ad,3.43764006,79767,0.00018805,,1293.68650824,570,337,2.26962545,,16.2183172,"Compras no site",49.75717339,98,0.04561404,26,4.55213065,"Valor de conversão da compra no site",5889.03,2026-01-01,2026-05-25
"[C] [LM - PRINCIPAL][EX. BASE] [ADV. +] [CBO]",AD2,"TESTE RACHEL ATE 21-03",prospecting,archived,ad,1.49381717,79368,0.11178309,,1533.7255814,419,312,3.66044292,,19.32423119,"Compras no site",139.42959831,52,0.02625298,11,1.17708801,"Valor de conversão da compra no site",1805.33,2026-01-01,2026-05-25
"[C] [LM - TESTE] [ABO]","AD -  ANA ELISA TOFU","teste aquisição ate dia 15  - Lm",existing,not_delivering,ad,2.6714642,79257,0.2240433,,1815.44802052,770,528,2.3577247,,22.90583823,"Compras no site",41.26018228,126,0.05714286,44,4.42857075,"Valor de conversão da compra no site",8039.84,2026-01-01,2026-05-25
"[C] [LM - PRINCIPAL][EX. BASE] [ADV. +] [CBO]","AD - JADE MOFU","[EXCLUSÃO BASE] [ADV. +]",engaged,inactive,ad,2.0507855,79107,0.19168974,,1628.34600848,1395,1098,1.16727312,,20.58409507,"Compras no site",49.34381844,99,0.02365591,33,3.37646911,"Valor de conversão da compra no site",5498.06,2026-01-01,2026-05-25
"[C] [LM - TESTE] [ABO]","ADS 2","Conj - Vm",engaged,inactive,ad,3.43952738,78889,3.803E-5,,3618.38740407,2427,1759,1.49088892,,45.86681799,"Compras no site",59.3178263,134,0.02513391,61,3.65153548,"Valor de conversão da compra no site",13212.67,2026-01-01,2026-05-25
"[C] [LM - TESTE] [ABO]",ADS,"Conj. - Q10",existing,not_delivering,ad,3.63708855,78452,0,,1590.84161779,556,343,2.86122593,,20.27789754,"Compras no site",63.63366471,104,0.04496403,25,4.37588502,"Valor de conversão da compra no site",6961.34,2026-01-01,2026-05-25
"[C] [LM - PRINCIPAL][EX. BASE] [ADV. +] [CBO]","AD - EVELYN MOFU","[EXCLUSÃO BASE] [ADV. +]",prospecting,inactive,ad,1.21537627,78410,0.08579263,,782.66,461,338,1.69774403,,9.981635,"Compras no site",78.266,39,0.02169197,10,2.35648941,"Valor de conversão da compra no site",1844.33,2026-01-01,2026-05-25
"[C] [LM - TESTE] [ABO]",ADS,"Conj. - Q10",prospecting,not_delivering,ad,1.92833563,78275,0,,971.57770021,417,313,2.32992254,,12.41236283,"Compras no site",121.44721253,48,0.01918465,8,1.75803747,"Valor de conversão da compra no site",1708.07,2026-01-01,2026-05-25
"[C] [LM - PRINCIPAL][EX. BASE] [ADV. +] [CBO]","AD - JADE MOFU","[EXCLUSÃO BASE] [ADV. +]",existing,inactive,ad,2.25665432,77999,0.17130989,,1528.29301264,1300,964,1.17561001,,19.59375136,"Compras no site",72.77585774,69,0.01615385,21,2.38781436,"Valor de conversão da compra no site",3649.28,2026-01-01,2026-05-25
"[C] [LM - TESTE] [ABO]","ADS 4 — Cópia","teste aquisição ate dia 15  - Lm",engaged,not_delivering,ad,2.41117505,77934,0.14842046,,895.09744432,528,419,1.69526031,,11.48532661,"Compras no site",37.29572685,74,0.04545455,24,4.58714303,"Valor de conversão da compra no site",4105.94,2026-01-01,2026-05-25
"[C] [TONS] [PB DR]","AD - BOFU","[PUBLICO ENG.] [DR]",engaged,active,ad,3.0687044,77807,0,,2269.00314685,926,722,2.45032737,,29.16194104,"Compras no site",59.71060913,156,0.04103672,38,3.38347702,"Valor de conversão da compra no site",7677.12,2026-01-01,2026-05-25
"[C] [LM - TESTE] [ABO]","AD - ALESSANDRA","[TOFU] [TIK TOK] [EXCLUSAÕ BASE] [BID 60] - TESTE ATÉ 20-05",engaged,inactive,ad,3.77848532,77731,0.15431424,,661.24950298,1951,999,0.3389285,,8.50689561,"Compras no site",94.46421471,23,0.0035879,7,2.81703047,"Valor de conversão da compra no site",1862.76,2026-01-01,2026-05-25
"[C] [LM - TESTE] [ABO]","AD - MOFU teste ate 08-05 — Cópia","[TOFU] [TIK + ORG ] [ABERTO]",existing,active,ad,2.51511715,77614,0.1589404,,2163.84498336,1263,861,1.7132581,,27.87957048,"Compras no site",80.14240679,115,0.02137767,27,1.90299214,"Valor de conversão da compra no site",4117.78,2026-01-01,2026-05-25
"[C] [LM - PRINCIPAL][EX. BASE] [ADV. +] [CBO]","AD - BOFU","[EXCLUSÃO BASE] [ADV. +]",prospecting,inactive,ad,1.57248008,77550,0.06094133,,783.39543919,252,193,3.10871206,,10.10181095,"Compras no site",87.04393769,42,0.03571429,9,1.88110618,"Valor de conversão da compra no site",1473.65,2026-01-01,2026-05-25
"[C] [LM - TESTE] [ABO]",AD1,"Arte - Organica Lm",existing,not_delivering,ad,3.52984255,77120,0,,1067.84371208,354,245,3.01650766,,13.84652116,"Compras no site",50.84970058,60,0.05932203,21,4.01404246,"Valor de conversão da compra no site",4286.37,2026-01-01,2026-05-25
"[C] [TONS] [PB DR]","Novo anúncio de Vendas","[PUBLICO ABERTO]",engaged,inactive,ad,1.55524159,77056,0.33222591,,2086.59426871,1883,1462,1.10812229,,27.0789331,"Compras no site",52.16485672,271,0.0212427,40,4.49531092,"Valor de conversão da compra no site",9379.89,2026-01-01,2026-05-25
"[C] [LM - TESTE] [ABO]",AD4,"Arte - Organica Lm",prospecting,not_delivering,ad,2.14870232,76829,0,,813.02,301,234,2.70106312,,10.58220203,"Compras no site",67.75166667,44,0.03986711,12,2.68919584,"Valor de conversão da compra no site",2186.37,2026-01-01,2026-05-25
"[C] [TONS] [PB DR]","AD - TOFU","[PUBLICO ENG.] [DR]",prospecting,inactive,ad,1.69945404,76574,0.36991668,,3553.57694975,1203,962,2.9539293,,46.40709575,"Compras no site",71.07153899,179,0.04156276,50,3.44747565,"Valor de conversão da compra no site",12250.87,2026-01-01,2026-05-25
"[C] [LM - PRINCIPAL][EX. BASE] [ADV. +] [CBO]","ADS - LARISSA MES CLIENTE","[AQUISIÇÃO]  [ADV. +]",existing,active,ad,2.82137563,76132,0.20618137,,2158.22770874,1000,714,2.15822771,,28.34849615,"Compras no site",41.50437901,154,0.052,52,4.5555434,"Valor de conversão da compra no site",9831.9,2026-01-01,2026-05-25
"[C] [LM - PRINCIPAL][EX. BASE] [ADV. +] [CBO]","ADS - LARISSA","[AQUISIÇÃO]  [ADV. +]",existing,inactive,ad,1.80408183,75932,0.22786177,,2852.82759606,804,591,3.54829303,,37.57082121,"Compras no site",71.3206899,147,0.04975124,40,2.91564061,"Valor de conversão da compra no site",8317.82,2026-01-01,2026-05-25
"[C] [LM - PRINCIPAL][EX. BASE] [ADV. +] [CBO]","ADS - 4","[EXCLUSÃO BASE] [ADV. +]",engaged,inactive,ad,2.34096117,75599,0.28046667,,2296.11485513,1151,952,1.99488693,,30.37229137,"Compras no site",74.06822113,110,0.0269331,31,2.55108319,"Valor de conversão da compra no site",5857.58,2026-01-01,2026-05-25
"[C] [LM - TESTE] [ABO]","AD - ALESSANDRA","[TOFU] [TIK TOK] [EXCLUSAÕ BASE] [BID 60] - TESTE ATÉ 20-05",existing,inactive,ad,4.57379536,75367,0.11995966,,634.69992444,949,449,0.66880919,,8.42145666,"Compras no site",57.69999313,28,0.01159115,11,4.348165,"Valor de conversão da compra no site",2759.78,2026-01-01,2026-05-25
"[C] [VARIOS PRODUTO] [ABO] [BID]","ADS 1 — Cópia","[VINAGRE] [RMKT]",prospecting,inactive,ad,1.49180133,75239,0.23354909,,4818.6943018,1749,1533,2.75511395,,64.04516676,"Compras no site",89.23507966,249,0.03087479,54,2.23901939,"Valor de conversão da compra no site",10789.15,2026-01-01,2026-05-25
"[C] [LM - TESTE] [ABO]",AD5,"Arte - Organica Tons ###",prospecting,inactive,ad,1.3698974,74769,0,,1046.67729036,689,588,1.51912524,,13.99881355,"Compras no site",209.33545807,76,0.00725689,5,0.90791117,"Valor de conversão da compra no site",950.29,2026-01-01,2026-05-25
"[C] [LM - TESTE] [ABO]","ADS - ART 2","Evelyn Regly BM - LM",existing,not_delivering,ad,4.13414296,74551,0,,1545.77334297,394,306,3.9232826,,20.73444143,"Compras no site",55.20619082,81,0.07106599,28,3.3525355,"Valor de conversão da compra no site",5182.26,2026-01-01,2026-05-25
"[C] [LM - TESTE] [ABO]","ADS 6","Evelyn Regly BM - LM",existing,not_delivering,ad,2.26658128,74328,0.19672263,,1542.47397576,534,412,2.88852804,,20.75225993,"Compras no site",44.07068502,115,0.06554307,35,4.01716988,"Valor de conversão da compra no site",6196.38,2026-01-01,2026-05-25
"[C] [LM - PRINCIPAL][EX. BASE] [ADV. +] [CBO]","ADS - DANI","[AQUISIÇÃO]  [ADV. +]",existing,inactive,ad,2.63770644,74109,0,,1831.81224859,556,415,3.29462635,,24.71781091,"Compras no site",65.42186602,114,0.05035971,28,3.23180501,"Valor de conversão da compra no site",5920.06,2026-01-01,2026-05-25
"[C] [LM - TESTE] [ABO]","ADS 4","teste publico novo - bid",existing,not_delivering,ad,2.22583668,73624,0.17008041,,1512.80977173,393,331,3.84938873,,20.54778023,"Compras no site",68.76408053,84,0.05597964,22,2.73230652,"Valor de conversão da compra no site",4133.46,2026-01-01,2026-05-25
"[C] [LM - TESTE] [ABO]","Teste - ADS 2","Evelyn Regly BM - LM",existing,not_delivering,ad,3.73326546,73340,0.07413417,,1142.48223674,465,322,2.45695105,,15.57788706,"Compras no site",57.12411184,96,0.04301075,20,3.36143519,"Valor de conversão da compra no site",3840.38,2026-01-01,2026-05-25
"[C] [TONS] [PB DR]","tons_dr-ursinho-bruna2-06-11-2025 — Cópia","[PUBLICO ENG.] [DR]",prospecting,inactive,ad,1.1830995,73196,0.4542598,,2297.06647328,1356,1147,1.69400182,,31.38240441,"Compras no site",82.03808833,172,0.02064897,28,2.76550551,"Valor de conversão da compra no site",6352.55,2026-01-01,2026-05-25
"[C] [LM - TESTE] [ABO]",AD6,"Arte - Organica Tons ###",prospecting,inactive,ad,1.47233425,73016,0,,891.07727945,589,475,1.51286465,,12.20386326,"Compras no site",89.10772794,66,0.01697793,10,2.57366005,"Valor de conversão da compra no site",2293.33,2026-01-01,2026-05-25
"[C] [LM - RMKT] [ADV. ABO]","ADSS - ORGANICO 2","[RMKT LARANJA MORO-REATIVAÇÃO BASE QUENTE]",engaged,inactive,ad,2.42215877,72953,0,,2406.42325925,578,426,4.16336204,,32.9859397,"Compras no site",58.69325023,131,0.07093426,41,3.08367199,"Valor de conversão da compra no site",7420.62,2026-01-01,2026-05-25
"[C] [LM - PRINCIPAL][EX. BASE] [ADV. +] [CBO]","AD - TOFU/MOFU",[EVELIN],prospecting,inactive,ad,1.54719287,72175,0.12077589,,682.25,319,225,2.13871473,,9.45271909,"Compras no site",62.02272727,43,0.03448276,11,2.28860388,"Valor de conversão da compra no site",1561.4,2026-01-01,2026-05-25
"[C] [LM - TESTE] [ABO]","AD - MOFU ANA ELISA","[BM] [ANA ELISA]",prospecting,not_delivering,ad,1.72420249,70913,0.14406385,,978.8533369,469,367,2.08710733,,13.80358096,"Compras no site",122.35666711,49,0.01705757,8,2.68512136,"Valor de conversão da compra no site",2628.34,2026-01-01,2026-05-25
"[C] [LM - TESTE] [ABO]","AD - RAIZA TOFU — Cópia","Conj - Vm",prospecting,inactive,ad,1.73230338,70529,0.19219045,,2557.422923,1054,891,2.42639746,,36.26058675,"Compras no site",150.43664253,114,0.01612903,17,1.53857227,"Valor de conversão da compra no site",3934.78,2026-01-01,2026-05-25
"[C] [LM - TESTE] [ABO]","AD -  EVELYN","[TESTE PB FECHADO]",prospecting,active,ad,1.13239763,70434,0.24121873,,919.38982708,569,407,1.61579934,,13.05321048,"Compras no site",102.15442523,32,0.01581722,9,1.14470486,"Valor de conversão da compra no site",1052.43,2026-01-01,2026-05-25
"[C] [JEJOOM] [CBO]","ADS - LARI 1 24-12","[CAMPANHA AQUISIÇÃO]",prospecting,inactive,ad,1.72597102,70033,0.16844916,,1878.04441054,665,567,2.82412693,,26.81656377,"Compras no site",78.25185044,151,0.03609023,24,2.72890778,"Valor de conversão da compra no site",5125.01,2026-01-01,2026-05-25
"[C] [LM - TESTE] [ABO]","AD - LARI MOFU","Lm Perfil Novo",existing,not_delivering,ad,2.49458033,69963,0.24391464,,913.72205882,818,660,1.11701963,,13.06007545,"Compras no site",53.7483564,64,0.0207824,17,3.6814149,"Valor de conversão da compra no site",3363.79,2026-01-01,2026-05-25
"[C] [LM - PRINCIPAL][EX. BASE] [ADV. +] [CBO]","AD - LUCIANA MOFU 2","[EXCLUSÃO BASE] [ADV. +]",engaged,inactive,ad,2.3646661,69935,0.30860084,,1819.23998065,2426,1898,0.74989282,,26.01329779,"Compras no site",53.50705825,147,0.01401484,34,3.44082148,"Valor de conversão da compra no site",6259.68,2026-01-01,2026-05-25
"[C] [LM - TESTE] [ABO]","ADS - MES CONSUMIDOR — Cópia","[BOFU] [ADV+ ABERTO] [ESTATICO]",prospecting,inactive,ad,1.37211497,69794,0.00207754,,392.8862995,180,115,2.18270166,,5.62922743,"Compras no site",130.96209983,15,0.01666667,3,1.25927018,"Valor de conversão da compra no site",494.75,2026-01-01,2026-05-25
"[C] [LM - TESTE] [ABO]","ADS 3","Influ Leka - LM TESTE TRAVA DE CPA",prospecting,archived,ad,1.28509727,69624,0.26163392,,916.58,519,424,1.7660501,,13.16471332,"Compras no site",114.5725,73,0.01541426,8,1.10048223,"Valor de conversão da compra no site",1008.68,2026-01-01,2026-05-25
"[C] [LM - TESTE] [ABO]","AD - DANI TOFU 3","[BOFU] [ADV+ ABERTO] [ESTATICO]",prospecting,not_delivering,ad,1.19683834,69577,0.15046639,,444.97128345,301,131,1.47830991,,6.39537898,,,1,0,,,,,2026-01-01,2026-05-25
"[C] [JEJOOM] [CBO]","AD - MORGANA TOFU","[CAMPANHA AQUISIÇÃO]",existing,active,ad,2.84244637,69296,0.30483722,,1097.58924064,2467,1699,0.44490849,,15.83914282,"Compras no site",57.76785477,73,0.00770166,19,3.43722393,"Valor de conversão da compra no site",3772.66,2026-01-01,2026-05-25
"[C] [LM - TESTE] [ABO]","AD - NIVER 2","[HIBRIDO] [ESTATICO ORG.] [BID 60]",prospecting,inactive,ad,1.45102242,69044,0.00331673,,432.12,249,167,1.73542169,,6.25861769,"Compras no site",216.06,14,0.00803213,2,0.81789781,"Valor de conversão da compra no site",353.43,2026-01-01,2026-05-25
"[C] [LM - TESTE] [ABO]",AD3,"[HIBRIDO] [ESTATICO ORG.] [BID 60]",prospecting,inactive,ad,1.63205962,68979,0.06590412,,380.77248637,183,120,2.08072397,,5.52012187,"Compras no site",76.15449727,18,0.0273224,5,2.11843037,"Valor de conversão da compra no site",806.64,2026-01-01,2026-05-25
"[C] [LM - PRINCIPAL][EX. BASE] [ADV. +] [CBO]","AD - JADE TOFU LP LM1","[AQUISIÇÃO]  [ADV. +]",engaged,active,ad,2.74888809,68604,0.16166696,,1558.10049275,675,596,2.30829703,,22.71151088,"Compras no site",42.11082413,95,0.05481481,37,4.075456,"Valor de conversão da compra no site",6349.97,2026-01-01,2026-05-25
"[C] [LM - RMKT] [ADV. ABO]","AD - MOFU teste ate 08-05 — Cópia — Cópia — Cópia","[RMKT LARANJA MORO-REATIVAÇÃO BASE QUENTE]",existing,not_delivering,ad,1.75054911,68541,0.38289491,,1615.67349814,599,424,2.69728464,,23.57236542,"Compras no site",107.71156654,70,0.02504174,15,2.09060804,"Valor de conversão da compra no site",3377.74,2026-01-01,2026-05-25
"[C] [LM - PRINCIPAL][EX. BASE] [ADV. +] [CBO]","Rmkt Dani 2 — Cópia","LP - ATUAL",prospecting,archived,ad,1.73670023,68294,0,,1647.46496182,627,519,2.62753582,,24.12312885,"Compras no site",43.3543411,193,0.06060606,38,5.04841086,"Valor de conversão da compra no site",8317.08,2026-01-01,2026-05-25
"[C] [LM - TESTE] [ABO]","ADS 2","Influ Isadora N. - Lm",existing,archived,ad,2.47911976,68270,0.22244031,,2113.2023504,789,521,2.67832998,,30.95360115,"Compras no site",60.37721001,124,0.04435995,35,3.21698488,"Valor de conversão da compra no site",6798.14,2026-01-01,2026-05-25
"[C] [LM - TESTE] [ABO]","AD - JADE TOFU","[BM JADE]",prospecting,inactive,ad,1.48484848,67914,0.27151986,,916.18,409,380,2.2400489,,13.49029655,"Compras no site",83.28909091,28,0.02689487,11,2.09227444,"Valor de conversão da compra no site",1916.9,2026-01-01,2026-05-25
"[C] [LM - TESTE] [ABO]","ADS 3","Influ Evelyn - Vm 2",prospecting,not_delivering,ad,1.34293131,67767,0.29574867,,1735.32,718,545,2.41688022,,25.60715392,"Compras no site",96.40666667,79,0.02506964,18,2.23514395,"Valor de conversão da compra no site",3878.69,2026-01-01,2026-05-25
"[C] [TONS] [PB DR]","tons 3 - 25-11 — Cópia","[PUBLICO ENG.] [DR]",prospecting,active,ad,1.2025724,67599,0.48195979,,2132.38678168,1534,1323,1.39008265,,31.5446498,"Compras no site",68.78667038,189,0.0202086,31,3.03127465,"Valor de conversão da compra no site",6463.85,2026-01-01,2026-05-25
"[C] [VARIOS PRODUTO] [ABO] [BID]","AD11 - EVELYN","[VINAGRE] [RMKT]",prospecting,inactive,ad,1.35699416,66490,0.39881185,,2411.23,975,824,2.47305641,,36.26455106,"Compras no site",109.60136364,127,0.0225641,22,2.07794362,"Valor de conversão da compra no site",5010.4,2026-01-01,2026-05-25
"[C] [TONS] [PB DR]","AD - SHOOTING TOFU 2","[PUBLICO ENG.] [DR]",prospecting,inactive,ad,1.46581876,66384,0.23079356,,1922.30232903,1448,1160,1.32755686,,28.95731395,"Compras no site",240.28779113,99,0.00552486,8,0.71731693,"Valor de conversão da compra no site",1378.9,2026-01-01,2026-05-25
"[C] [TONS] [PB DR]","AD - TOFU","[PUBLICO ENG.] [DR]",prospecting,inactive,ad,1.81383954,66265,0.23339621,,2752.44615858,1002,830,2.74695225,,41.53695252,"Compras no site",88.78858576,136,0.03093812,31,2.24740454,"Valor de conversão da compra no site",6185.86,2026-01-01,2026-05-25
"[C] [LM - TESTE] [ABO]","ADS 4","teste publico novo - bid",prospecting,not_delivering,ad,1.22970046,65848,0.20116025,,1199.13003995,657,584,1.82515988,,18.21057648,"Compras no site",29.24707415,142,0.06240487,41,6.55974727,"Valor de conversão da compra no site",7865.99,2026-01-01,2026-05-25
"[C] [LM - TESTE] [ABO]","AD - MOFU ANA ELISA","[BM] [ANA ELISA]",existing,not_delivering,ad,1.98135029,65444,0.19036122,,1638.64558613,901,711,1.81869654,,25.03889717,"Compras no site",74.48389028,150,0.02441731,22,2.40142227,"Valor de conversão da compra no site",3935.08,2026-01-01,2026-05-25
"[C] [JEJOOM] [CBO]","AD - LARISSA TOFU","[CAMPANHA AQUISIÇÃO]",engaged,active,ad,2.77581146,65251,0.18526919,,1358.97277985,1289,798,1.05428455,,20.82684985,"Compras no site",84.93579874,166,0.01241272,16,2.16258195,"Valor de conversão da compra no site",2938.89,2026-01-01,2026-05-25
"[C] [LM - RMKT] [ADV. ABO]","AD - MOFU ANA ELISA — Cópia","[RMKT LARANJA MORO-REATIVAÇÃO BASE QUENTE]",existing,active,ad,2.29349817,65117,0.28393507,,3596.21968862,1745,1414,2.06087088,,55.22704806,"Compras no site",56.19093263,271,0.03667622,64,4.21812662,"Valor de conversão da compra no site",15169.31,2026-01-01,2026-05-25
"[C] [LM - TESTE] [ABO]",AD6,"[BOFU] [ADV+ ABERTO] [ESTATICO]",prospecting,inactive,ad,1.35883363,64868,0.11790097,,434.72809283,170,125,2.55722408,,6.70173418,"Compras no site",108.68202321,7,0.02352941,4,1.58874021,"Valor de conversão da compra no site",690.67,2026-01-01,2026-05-25
"[C] [LM - TESTE] [ABO]",AD1,"[TOFU] [TIK TOK] [EXCLUSAÕ BASE] [BID 60] - TESTE ATÉ 20-05",prospecting,inactive,ad,1.73349436,64590,0.07889766,,482.29907837,195,138,2.47332861,,7.4670859,"Compras no site",96.45981567,19,0.02564103,5,1.56790679,"Valor de conversão da compra no site",756.2,2026-01-01,2026-05-25
"[C] [LM - TESTE] [ABO]","AD - MOFU teste ate 08-05","[TOFU] [TIK TOK] [EXCLUSAÕ BASE] [BID 60] - TESTE ATÉ 20-05",prospecting,inactive,ad,1.34157496,64244,0.33584459,,594.10312269,334,224,1.77875186,,9.2476048,"Compras no site",118.82062454,22,0.01497006,5,1.59127257,"Valor de conversão da compra no site",945.38,2026-01-01,2026-05-25
"[C] [LM - TESTE] [ABO]","AD - 5","[TOFU] [TIK TOK] [EXCLUSAÕ BASE] [BID 60] - TESTE ATÉ 20-05",prospecting,not_delivering,ad,1.48318191,64158,0.14885127,,442.68062474,360,246,1.2296684,,6.89985076,"Compras no site",221.34031237,13,0.00555556,2,1.19119738,"Valor de conversão da compra no site",527.32,2026-01-01,2026-05-25
"[C] [TONS] [PB DR]","AD- NIVER 3","TONS TESTE",existing,inactive,ad,3.82065347,64080,7.803E-5,,2782.43672656,1116,884,2.49322287,,43.42129723,"Compras no site",43.47557385,178,0.05734767,64,5.50365795,"Valor de conversão da compra no site",15313.58,2026-01-01,2026-05-25
"[C] [LM - RMKT] [ADV. ABO]","ADS 3 — Cópia","[RMKT LARANJA MORO-REATIVAÇÃO BASE QUENTE]",engaged,not_delivering,ad,1.70198446,63981,0.34303934,,1761.10439034,1182,788,1.48993603,,27.52542771,"Compras no site",83.86211383,76,0.0177665,21,2.01228276,"Valor de conversão da compra no site",3543.84,2026-01-01,2026-05-25
"[C] [LM - PRINCIPAL][EX. BASE] [ADV. +] [CBO]","ADS - LARISSA MES CLIENTE","[AQUISIÇÃO]  [ADV. +]",engaged,active,ad,2.60785437,63749,0.2280977,,1677.49144248,1093,778,1.53475887,,26.31400402,"Compras no site",50.83307401,110,0.03019213,33,3.03600953,"Valor de conversão da compra no site",5092.88,2026-01-01,2026-05-25
"[C] [LM - TESTE] [ABO]","ADS 3","teste publico novo - bid",existing,not_delivering,ad,1.99749279,63736,0.30681248,,1431.60546389,781,599,1.83304157,,22.46148902,"Compras no site",68.17168876,93,0.0268886,21,2.67677101,"Valor de conversão da compra no site",3832.08,2026-01-01,2026-05-25
"[C] [LM - PRINCIPAL][EX. BASE] [ADV. +] [CBO]","ADS 4","[EXCLUSÃO BASE] [ADV. +]",existing,inactive,ad,3.24756663,63727,0.14816326,,853.82612035,2312,1564,0.36930196,,13.39818476,"Compras no site",42.69130602,49,0.00865052,20,5.05991782,"Valor de conversão da compra no site",4320.29,2026-01-01,2026-05-25
"[C] [JEJOOM] [CBO]","ADS - LARISSA 1 24-12","[PUBLICO LARISSA]",engaged,archived,ad,3.46254355,63600,0.17685535,,1404.7527774,991,683,1.41751037,,22.08730782,"Compras no site",54.02895298,151,0.02623613,26,3.87324381,"Valor de conversão da compra no site",5440.95,2026-01-01,2026-05-25
"[C] [LM - TESTE] [ABO]","AD -  ANA ELISA TOFU","teste aquisição ate dia 15  - Lm",engaged,not_delivering,ad,2.26477727,63450,0.26805359,,1572.42765587,721,520,2.18089827,,24.78215376,"Compras no site",46.24787223,107,0.04715673,34,3.81408962,"Valor de conversão da compra no site",5997.38,2026-01-01,2026-05-25
"[C] [LM - TESTE] [ABO]","ADS - ART 1","Evelyn Regly BM - LM",existing,not_delivering,ad,4.73103603,63429,0.00728373,,837.43,263,215,3.18414449,,13.20263602,"Compras no site",59.81642857,56,0.05323194,14,3.8963376,"Valor de conversão da compra no site",3262.91,2026-01-01,2026-05-25
"[C] [TONS] [PB DR]","AD2 - MOFU","[PUBLICO ABERTO]",engaged,not_delivering,ad,3.08137951,63347,0.24039023,,2385.50749827,2877,1678,0.82916493,,37.65778171,"Compras no site",62.77651311,181,0.0132082,38,3.37031848,"Valor de conversão da compra no site",8039.92,2026-01-01,2026-05-25
"[C] [LM - PRINCIPAL][EX. BASE] [ADV. +] [CBO]","ADS - ANA ELISA 2","[AQUISIÇÃO]  [ADV. +]",engaged,inactive,ad,2.54567404,63260,0.13452419,,1444.87245004,520,465,2.77860087,,22.8402221,"Compras no site",45.15226406,106,0.06153846,32,4.12592821,"Valor de conversão da compra no site",5961.44,2026-01-01,2026-05-25
"[C] [TONS] [PB DR]","AD1 - VERAO",rmkt_tons_estáticos_visitantes-engajado-compradores_max-conv_cpa35_02-09-2025_7,existing,not_delivering,ad,4.11856076,62841,0,,2041.27798388,557,366,3.66477196,,32.4832193,"Compras no site",45.36173298,187,0.08078995,45,5.31479793,"Valor de conversão da compra no site",10848.98,2026-01-01,2026-05-25
"[C] [LM - PRINCIPAL][EX. BASE] [ADV. +] [CBO]","AD - BOFU — Cópia","[EXCLUSÃO BASE] [ADV. +]",engaged,inactive,ad,2.44738387,62538,0.08206211,,812.31893536,872,655,0.93155841,,12.98920553,"Compras no site",33.84662231,56,0.02752294,24,5.38303345,"Valor de conversão da compra no site",4372.74,2026-01-01,2026-05-25
"[C] [TONS] [PB DR]","TESTE VIDEO COMENTARIO","[PUBLICO ENG.] [DR]",engaged,inactive,ad,2.37498572,62360,0.14074727,,1490.96220849,943,802,1.581084,,23.90895139,"Compras no site",70.9982004,170,0.02226935,21,2.83895861,"Valor de conversão da compra no site",4232.78,2026-01-01,2026-05-25
"[C] [VARIOS PRODUTO] [ABO] [BID]",AD8,"[VINAGRE] [RMKT]",existing,inactive,ad,2.9855679,62061,0,,1604.10576793,675,546,2.37645299,,25.84724332,"Compras no site",53.47019226,138,0.04444444,30,4.89298783,"Valor de conversão da compra no site",7848.87,2026-01-01,2026-05-25
"[C] [TONS] [PB DR]",AD10,"[PUBLICO ABERTO]",prospecting,not_delivering,ad,1.2289171,61860,0.19238603,,1364.29580832,438,313,3.11483061,,22.05457175,"Compras no site",64.96646706,76,0.04794521,21,3.56388253,"Valor de conversão da compra no site",4862.19,2026-01-01,2026-05-25
"[C] [LM - RMKT] [ADV. ABO]","[VERÃO 3] [BOFU]","[RMKT LARANJA MORO-REATIVAÇÃO BASE QUENTE]",existing,not_delivering,ad,4.48393195,61672,0,,2376.0868129,760,568,3.12643002,,38.52780537,"Compras no site",55.25783286,176,0.05657895,43,3.65152062,"Valor de conversão da compra no site",8676.33,2026-01-01,2026-05-25
"[C] [TONS] [PB DR]","ADS - DR 2 — Cópia","[PUBLICO ABERTO]",existing,inactive,ad,3.44030938,61382,0.13912873,,1824.80500595,755,550,2.41696027,,29.72866648,"Compras no site",96.04236873,120,0.02516556,19,2.30418592,"Valor de conversão da compra no site",4204.69,2026-01-01,2026-05-25
"[C] [LM - TESTE] [ABO]","AD - JADE TOFU — Cópia","[BM JADE]",engaged,not_delivering,ad,2.29105123,60958,0.17979593,,1319.84492918,1294,1001,1.0199729,,21.65170985,"Compras no site",62.84975853,64,0.01622875,21,2.68547457,"Valor de conversão da compra no site",3544.41,2026-01-01,2026-05-25
"[C] [LM - TESTE] [ABO]",AD3,"Arte - Organica Tons ###",prospecting,inactive,ad,2.08252709,60916,0.00021341,,1208.56143354,381,294,3.17207725,,19.8398029,"Compras no site",109.86922123,68,0.02887139,11,2.12786039,"Valor de conversão da compra no site",2571.65,2026-01-01,2026-05-25
"[C] [LM - PRINCIPAL][EX. BASE] [ADV. +] [CBO]","AD - MOFU","[AQUISIÇÃO]  [ADV. +]",engaged,active,ad,2.29592491,60904,0.1351307,,1557.01613688,1170,811,1.33078302,,25.56508828,"Compras no site",47.18230718,93,0.02820513,33,3.79297289,"Valor de conversão da compra no site",5905.72,2026-01-01,2026-05-25
"[C] [LM - RMKT] [ADV. ABO]","AD - MOFU teste ate 08-05 — Cópia — Cópia — Cópia","[RMKT LARANJA MORO-REATIVAÇÃO BASE QUENTE]",engaged,not_delivering,ad,2.02602243,60884,0.37338217,,1146.35667246,509,321,2.25217421,,18.82853742,"Compras no site",67.43274544,57,0.03339882,17,2.77362192,"Valor de conversão da compra no site",3179.56,2026-01-01,2026-05-25
"[C] [LM - TESTE] [ABO]","AD - PROMO — Cópia","Conj - Vm",existing,inactive,ad,3.17054304,60662,0.15916059,,2036.99616253,989,705,2.05965234,,33.57944286,"Compras no site",56.58322674,175,0.0364004,36,4.59044556,"Valor de conversão da compra no site",9350.72,2026-01-01,2026-05-25
"[C] [TONS] [PB DR]","AD3 - MOFU","[PUBLICO ABERTO]",engaged,inactive,ad,2.50712239,60369,0.22335967,,2046.89556808,1493,1026,1.37099502,,33.90640176,"Compras no site",70.5826058,157,0.01942398,29,3.20831219,"Valor de conversão da compra no site",6567.08,2026-01-01,2026-05-25
"[C] [LM - TESTE] [ABO]","ADS 3","Conj - Vm",prospecting,inactive,ad,1.65389993,60326,0.2110367,,1804.33172897,764,598,2.36169074,,29.90968619,"Compras no site",100.24065161,79,0.02356021,18,2.36169432,"Valor de conversão da compra no site",4261.28,2026-01-01,2026-05-25
"[C] [LM - TESTE] [ABO]","AD 2 DUDA","[DAI - DUDA - ANA]",prospecting,active,ad,1.18678896,60296,0.09431803,,635.93876586,287,179,2.21581452,,10.54694782,"Compras no site",105.98979431,21,0.02090592,6,1.93565806,"Valor de conversão da compra no site",1230.96,2026-01-01,2026-05-25
"[C] [LM - PRINCIPAL][EX. BASE] [ADV. +] [CBO]","AD- MOFU",[EVELIN],existing,inactive,ad,1.94978251,60065,0.15541497,,1358.12812896,883,608,1.53808395,,22.61097359,"Compras no site",90.54187526,89,0.01698754,15,1.89647791,"Valor de conversão da compra no site",2575.66,2026-01-01,2026-05-25
"[C] [TONS] [PB DR]","AD - DR URSINHO 18-05","[PUBLICO ENG.] [DR]",engaged,active,ad,1.79394084,59984,0.33345559,,2501.17386664,2152,1728,1.16225551,,41.6973504,"Compras no site",83.37246222,256,0.01394052,30,2.77323784,"Valor de conversão da compra no site",6936.35,2026-01-01,2026-05-25
"[C] [LM - PRINCIPAL][EX. BASE] [ADV. +] [CBO]","ADS - ANA ELISA 2","[AQUISIÇÃO]  [ADV. +]",existing,inactive,ad,3.36929201,59249,0.10398488,,1238.2549597,469,345,2.64020247,,20.89917061,"Compras no site",41.27516532,82,0.06396588,30,5.91825613,"Valor de conversão da compra no site",7328.31,2026-01-01,2026-05-25
"[C] [TONS] [PB DR]","AD- NIVER","TONS TESTE",prospecting,inactive,ad,1.44094277,59119,0.00576803,,863.92603039,443,343,1.95017163,,14.61333971,"Compras no site",215.9815076,47,0.00902935,4,1.31511259,"Valor de conversão da compra no site",1136.16,2026-01-01,2026-05-25
"[C] [LM - RMKT] [ADV. ABO]","ADSS - ORGANICO 2","[RMKT LARANJA MORO-REATIVAÇÃO BASE QUENTE]",existing,inactive,ad,2.6464778,58945,0,,2157.81118748,418,291,5.16222772,,36.60719633,"Compras no site",77.06468527,102,0.06698565,28,2.26941079,"Valor de conversão da compra no site",4896.96,2026-01-01,2026-05-25
"[C] [TONS] [PB DR]","ADS - DR 2","[PUBLICO ENG.] [DR]",prospecting,inactive,ad,1.58748245,58794,0.19331905,,1609.36270536,806,650,1.99672792,,27.37290719,"Compras no site",67.05677939,141,0.02977667,24,3.48169495,"Valor de conversão da compra no site",5603.31,2026-01-01,2026-05-25
"[C] [JEJOOM] [CBO]","AD2 - ORGANICO","[CAMPANHA AQUISIÇÃO]",engaged,inactive,ad,2.13885341,58611,0,,1437.04898569,1061,883,1.35442883,,24.5184178,"Compras no site",68.43090408,136,0.01979265,21,3.06523302,"Valor de conversão da compra no site",4404.89,2026-01-01,2026-05-25
"[C] [LM - TESTE] [ABO]",ADS,"Conj. - Q10",existing,not_delivering,ad,3.43617211,57738,0.24172988,,844.48689273,882,302,0.95746813,,14.62618887,"Compras no site",56.29912618,49,0.0170068,15,5.20480547,"Valor de conversão da compra no site",4395.39,2026-01-01,2026-05-25
"[C] [LM - TESTE] [ABO]","AD - JADE TOFU","[BM JADE]",prospecting,inactive,ad,1.63793495,57711,0.12626709,,626.21759021,307,281,2.03979671,,10.85092253,"Compras no site",62.62175902,29,0.03257329,10,2.70153702,"Valor de conversão da compra no site",1691.75,2026-01-01,2026-05-25
"[C] [LM - PRINCIPAL][EX. BASE] [ADV. +] [CBO]","[ADS] - [TOPO 2] [27-02]","[AQUISIÇÃO]  [ADV. +]",prospecting,inactive,ad,1.5261431,57676,0.2797004,,1281.29265685,429,373,2.98669617,,22.21535226,"Compras no site",128.12926568,55,0.02331002,10,1.58948854,"Valor de conversão da compra no site",2036.6,2026-01-01,2026-05-25
"[C] [LM - TESTE] [ABO]","AD - FERNANDA","[TOFU] [TIK TOK] [EXCLUSAÕ BASE] [BID 60] - TESTE ATÉ 20-05",engaged,inactive,ad,3.31956559,57465,0.19030714,,613.95355206,1632,921,0.37619703,,10.68395636,"Compras no site",55.81395928,39,0.0067402,11,3.60976819,"Valor de conversão da compra no site",2216.23,2026-01-01,2026-05-25
"[C] [LM - TESTE] [ABO]","AD - ORG 2 TOFU","Conj - Vm",existing,inactive,ad,1.96993204,57392,0,,1378.87009635,547,435,2.52078628,,24.02547561,"Compras no site",81.11000567,87,0.03107861,17,2.85423552,"Valor de conversão da compra no site",3935.62,2026-01-01,2026-05-25
"[C] [LM - PRINCIPAL][EX. BASE] [ADV. +] [CBO]","AD - MOFU teste ate 08-05","[AQUISIÇÃO]  [ADV. +]",prospecting,inactive,ad,1.18567798,57388,0.37014707,,1084.72551815,546,399,1.98667677,,18.90160867,"Compras no site",120.52505757,52,0.01648352,9,1.53884091,"Valor de conversão da compra no site",1669.22,2026-01-01,2026-05-25
"[C] [VARIOS PRODUTO] [ABO] [BID]","AD - TOFU","[VINAGRE] [RMKT]",engaged,inactive,ad,2.2372663,57321,0.35147677,,1866.20288472,1231,933,1.51600559,,32.55705387,"Compras no site",62.20676282,121,0.02437043,30,3.24431499,"Valor de conversão da compra no site",6054.55,2026-01-01,2026-05-25
"[C] [LM - TESTE] [ABO]","AD - BOFU","Conj. - Tipo 2",prospecting,not_delivering,ad,1.50545177,57299,0,,347.11,190,142,1.82689474,,6.05787187,"Compras no site",173.555,18,0.01052632,2,0.79631817,"Valor de conversão da compra no site",276.41,2026-01-01,2026-05-25
"[C] [VARIOS PRODUTO] [ABO] [BID]","AD - RAIZA MOFU","[VINAGRE] [RMKT]",existing,inactive,ad,2.74140408,57246,0.17973308,,2808.60569933,1193,974,2.3542378,,49.06204275,"Compras no site",58.51261874,177,0.0402347,48,4.3630902,"Valor de conversão da compra no site",12254.2,2026-01-01,2026-05-25
"[C] [JEJOOM] [CBO]","AD - MORGANA TOFU","[CAMPANHA AQUISIÇÃO]",prospecting,active,ad,1.77716477,57015,0.20776989,,518.14623831,372,256,1.39286623,,9.08789333,"Compras no site",86.35770639,30,0.01612903,6,1.75666623,"Valor de conversão da compra no site",910.21,2026-01-01,2026-05-25
"[C] [LM - RMKT] [ADV. ABO]","AD - BOFU 1","[RMKT LARANJA MORO-REATIVAÇÃO BASE QUENTE]",prospecting,inactive,ad,1.86010261,56921,0.00131762,,1701.37221588,422,353,4.03168772,,29.89006194,"Compras no site",94.52067866,74,0.04265403,18,1.88665947,"Valor de conversão da compra no site",3209.91,2026-01-01,2026-05-25
"[C] [TONS] [PB DR]","AD - REFAÇAO","[PUBLICO ENG.] [DR]",prospecting,active,ad,1.35489556,56888,0.45920053,,2017.31718279,1080,864,1.86788628,,35.46120769,"Compras no site",118.66571663,110,0.01574074,17,1.84236769,"Valor de conversão da compra no site",3716.64,2026-01-01,2026-05-25
"[C] [TONS] [PB DR]","AD - BOFU — Cópia","[PUBLICO ENG.] [DR]",existing,active,ad,2.88934155,56738,0,,2024.69545156,616,510,3.28684327,,35.68499862,"Compras no site",41.32031534,171,0.07954545,49,5.70893266,"Valor de conversão da compra no site",11558.85,2026-01-01,2026-05-25
"[C] [LM - PRINCIPAL][EX. BASE] [ADV. +] [CBO]","AD - LEMOS TOFU","[AQUISIÇÃO]  [ADV. +]",prospecting,inactive,ad,1.22543315,56441,0.37876721,,907.74284699,361,266,2.51452312,,16.08303976,"Compras no site",90.7742847,35,0.02770083,10,1.80412328,"Valor de conversão da compra no site",1637.68,2026-01-01,2026-05-25
"[C] [LM - RMKT] [ADV. ABO]","AD - MOFU ANA ELISA — Cópia","[RMKT LARANJA MORO-REATIVAÇÃO BASE QUENTE]",prospecting,active,ad,1.71132551,56407,0.31689329,,2584.10114289,1052,861,2.45636991,,45.8117103,"Compras no site",99.3885055,93,0.02471483,26,1.89753796,"Valor de conversão da compra no site",4903.43,2026-01-01,2026-05-25
"[C] [TONS] [PB DR]",tons3_rmkt_01-09-2025,rmkt_tons_estáticos_visitantes-engajado-compradores_max-conv_cpa35_02-09-2025_7,engaged,not_delivering,ad,2.2082631,56335,0,,1174.62895575,695,578,1.69011361,,20.85078469,"Compras no site",61.82257662,122,0.02733813,19,3.16265829,"Valor de conversão da compra no site",3714.95,2026-01-01,2026-05-25
"[C] [TONS] [PB DR]",tons_dr-ursinho-melasma4-13-10-2025,"[PUBLICO ENG.] [DR]",engaged,inactive,ad,2.07765511,55891,0.31463026,,2703.69185446,1826,1432,1.48066367,,48.37436894,"Compras no site",87.21586627,177,0.016977,31,2.5798872,"Valor de conversão da compra no site",6975.22,2026-01-01,2026-05-25
"[C] [TONS] [PB DR]",tons2_rmkt_20-10-2025-pagdenavita,rmkt_tons_estáticos_visitantes-engajado-compradores_max-conv_cpa35_02-09-2025_7,prospecting,not_delivering,ad,2.29586261,55879,0,,1206.37427392,435,361,2.77327419,,21.58904551,"Compras no site",70.96319258,96,0.03908046,17,3.09893876,"Valor de conversão da compra no site",3738.48,2026-01-01,2026-05-25
"[C] [LM - RMKT] [ADV. ABO]","AD3 — Cópia","[RMKT LARANJA MORO-REATIVAÇÃO BASE QUENTE]",engaged,inactive,ad,2.47354661,55823,0,,1383.57176021,570,393,2.42731888,,24.78497681,"Compras no site",86.47323501,100,0.02807018,16,1.52933159,"Valor de conversão da compra no site",2115.94,2026-01-01,2026-05-25
"[C] [LM - RMKT] [ADV. ABO]","AD - BOFU 1","[RMKT LARANJA MORO-REATIVAÇÃO BASE QUENTE]",existing,inactive,ad,2.496187,55318,0.00077732,,2102.34152743,438,330,4.7998665,,38.0046554,"Compras no site",58.39837576,103,0.08219178,36,3.18830214,"Valor de conversão da compra no site",6702.9,2026-01-01,2026-05-25
"[C] [TONS] [PB DR]","TESTE CRIATIVOS COMENTARIOS","[PUBLICO ENG.] [DR]",engaged,inactive,ad,1.42680311,55213,0.3077355,,1541.72141595,1469,1303,1.04950403,,27.92315969,"Compras no site",59.29697754,247,0.01769912,26,3.22676325,"Valor de conversão da compra no site",4974.77,2026-01-01,2026-05-25
"[C] [LM - TESTE] [ABO]","ADS 1","Influ Nutri- Lm",engaged,not_delivering,ad,2.73216762,55157,0.23217361,,692.47682652,923,562,0.75024575,,12.55464994,"Compras no site",138.4953653,30,0.00541712,5,1.29199991,"Valor de conversão da compra no site",894.68,2026-01-01,2026-05-25
"[C] [LM - PRINCIPAL][EX. BASE] [ADV. +] [CBO]","ADS - RAIZA 3","LP - ATUAL",engaged,archived,ad,2.65967929,55066,0.12949915,,1223.20583951,606,452,2.01849148,,22.21345003,"Compras no site",37.06684362,154,0.05445545,33,4.65952648,"Valor de conversão da compra no site",5699.56,2026-01-01,2026-05-25
"[C] [TONS] [PB DR]",AD10,"[PUBLICO ENG.] [DR]",engaged,inactive,ad,1.94146738,54961,0.24118921,,2116.31935979,1382,1164,1.53134541,,38.50583795,"Compras no site",88.17997332,163,0.01736614,24,2.66792437,"Valor de conversão da compra no site",5646.18,2026-01-01,2026-05-25
"[C] [LM - TESTE] [ABO]",AD3,"Arte - Organica Lm",existing,not_delivering,ad,3.1793964,54781,0,,703.57,278,160,2.53082734,,12.84332159,"Compras no site",63.96090909,40,0.03956835,11,3.14864193,"Valor de conversão da compra no site",2215.29,2026-01-01,2026-05-25
"[C] [LM - PRINCIPAL][EX. BASE] [ADV. +] [CBO]","ADS - ISA 2","[AQUISIÇÃO]  [ADV. +]",prospecting,inactive,ad,1.26930951,54560,0.3043805,,1414.72479602,447,364,3.16493243,,25.92970667,"Compras no site",101.05177114,48,0.03131991,14,1.68319662,"Valor de conversão da compra no site",2381.26,2026-01-01,2026-05-25
"[C] [TONS] [PB DR]","AD1 - VERAO",rmkt_tons_estáticos_visitantes-engajado-compradores_max-conv_cpa35_02-09-2025_7,engaged,not_delivering,ad,3.16689895,54534,0,,1484.65126971,549,417,2.70428282,,27.22432372,"Compras no site",40.12570999,170,0.06739526,37,5.04777125,"Valor de conversão da compra no site",7494.18,2026-01-01,2026-05-25
"[C] [LM - TESTE] [ABO]","AD - MOFU","teste aquisição ate dia 15  - Lm",prospecting,inactive,ad,1.76404348,54202,0.05604959,,521.78736571,200,157,2.60893683,,9.62671794,"Compras no site",104.35747314,20,0.025,5,1.4713848,"Valor de conversão da compra no site",767.75,2026-01-01,2026-05-25
"[C] [LM - TESTE] [ABO]","AD - EVELYN TOFU",EVELIN,prospecting,inactive,ad,1.26614957,54195,0.3848879,,1242.19145375,757,562,1.64093983,,22.92077597,"Compras no site",73.07008551,79,0.02245707,17,2.38976849,"Valor de conversão da compra no site",2968.55,2026-01-01,2026-05-25
"[C] [JEJOOM] [CBO]","AD - MORGANA TOFU",[RMK],engaged,active,ad,4.11673004,54135,0.00541239,,593.93536819,1206,610,0.49248372,,10.97137468,"Compras no site",59.39353682,45,0.00829187,10,3.1365534,"Valor de conversão da compra no site",1862.91,2026-01-01,2026-05-25
"[C] [LM - PRINCIPAL][EX. BASE] [ADV. +] [CBO]","AD - ISA MOFU LP DANI","[AQUISIÇÃO]  [ADV. +]",engaged,inactive,ad,1.57588285,54130,0.47760946,,1645.2672808,921,818,1.78639227,,30.39474009,"Compras no site",60.93582521,90,0.02931596,27,2.70856903,"Valor de conversão da compra no site",4456.32,2026-01-01,2026-05-25
"[C] [LM - PRINCIPAL][EX. BASE] [ADV. +] [CBO]","ADS - EVELYN","[AQUISIÇÃO]  [ADV. +]",prospecting,inactive,ad,2.08353932,53947,0,,687.39705962,272,232,2.52719507,,12.74208129,"Compras no site",85.92463245,38,0.02941176,8,1.67770575,"Valor de conversão da compra no site",1153.25,2026-01-01,2026-05-25
"[C] [LM - TESTE] [ABO]","AD - LARI MOFU","Lm Perfil Novo",engaged,not_delivering,ad,1.92453438,53733,0.2841829,,688.5786558,642,528,1.07255242,,12.81481875,"Compras no site",68.85786558,36,0.01557632,10,2.9503819,"Valor de conversão da compra no site",2031.57,2026-01-01,2026-05-25
"[C] [VARIOS PRODUTO] [ABO] [BID]","ADS2 - VM — Cópia","[VINAGRE] [RMKT]",existing,inactive,ad,2.57342926,53656,0,,2109.42559204,637,536,3.31150014,,39.31388087,"Compras no site",68.04598684,128,0.04866562,31,3.21816993,"Valor de conversão da compra no site",6788.49,2026-01-01,2026-05-25
"[C] [LM - PRINCIPAL][EX. BASE] [ADV. +] [CBO]","AD - LUCIANA MOFU 2","[EXCLUSÃO BASE] [ADV. +]",existing,inactive,ad,2.43342441,53438,0.23021071,,1136.42906875,1467,1009,0.77466194,,21.26630991,"Compras no site",47.3512112,71,0.01635992,24,4.31949528,"Valor de conversão da compra no site",4908.8,2026-01-01,2026-05-25
"[C] [LM - TESTE] [ABO]","AD - RMK NIVER","[BM] [ANA ELISA]",engaged,inactive,ad,2.94548966,53387,9.366E-5,,962.94154259,551,314,1.7476253,,18.03700419,"Compras no site",45.85435917,88,0.03811252,21,4.11197339,"Valor de conversão da compra no site",3959.59,2026-01-01,2026-05-25
"[C] [LM - TESTE] [ABO]","AD - MOFU ANA ELISA — Cópia","[BM] [ANA ELISA]",existing,not_delivering,ad,2.01732814,53320,0.2208177,,828.1047008,1398,964,0.59234957,,15.53084585,"Compras no site",276.03490027,19,0.00214592,3,0.69039579,"Valor de conversão da compra no site",571.72,2026-01-01,2026-05-25
"[C] [TONS] [PB DR]","ADS - ESPINHA","[PUBLICO ENG.] [DR]",engaged,inactive,ad,1.6597553,53313,0.4238741,,1872.89028813,1464,972,1.27929664,,35.13008625,"Compras no site",117.05564301,86,0.01092896,16,1.76236698,"Valor de conversão da compra no site",3300.72,2026-01-01,2026-05-25
"[C] [LM - PRINCIPAL][EX. BASE] [ADV. +] [CBO]","ADS - 4","[EXCLUSÃO BASE] [ADV. +]",existing,inactive,ad,2.32857205,53308,0.20531628,,1436.74841906,678,518,2.11909796,,26.95183498,"Compras no site",53.21290441,67,0.03982301,27,3.87647547,"Valor de conversão da compra no site",5569.52,2026-01-01,2026-05-25
"[C] [LM - TESTE] [ABO]","AD - MOFU ate 14-05","[TOFU] [TIK TOK] [EXCLUSAÕ BASE] [BID 60] - TESTE ATÉ 20-05",prospecting,not_delivering,ad,1.44939382,53200,0.28503759,,485.4044181,577,385,0.84125549,,9.1241432,"Compras no site",69.3434883,23,0.01213172,7,3.06600011,"Valor de conversão da compra no site",1488.25,2026-01-01,2026-05-25
"[C] [TONS] [PB DR]","AD - BOFU 5","TONS TESTE",prospecting,not_delivering,ad,1.51610972,53173,0.34397156,,2555.53531494,1430,1108,1.78708763,,48.06076984,"Compras no site",121.69215785,179,0.01468531,21,1.80276515,"Valor de conversão da compra no site",4607.03,2026-01-01,2026-05-25
"[C] [LM - TESTE] [ABO]",AD2,"[BOFU] [ADV+ ABERTO] [ESTATICO]",existing,inactive,ad,2.75774078,53172,0.07616791,,660.43521133,313,237,2.11001665,,12.42073293,"Compras no site",66.04352113,40,0.03194888,10,2.67569017,"Valor de conversão da compra no site",1767.12,2026-01-01,2026-05-25
"[C] [TONS] [PB DR]","AD2 - VERAO",rmkt_tons_estáticos_visitantes-engajado-compradores_max-conv_cpa35_02-09-2025_7,prospecting,inactive,ad,1.79947086,53052,0,,1107.95965913,458,390,2.41912589,,20.88440887,"Compras no site",100.72360538,78,0.02401747,11,2.05226786,"Valor de conversão da compra no site",2273.83,2026-01-01,2026-05-25
"[C] [TONS] [PB DR]",tons1_rmkt_20-10-2025,rmkt_tons_estáticos_visitantes-engajado-compradores_max-conv_cpa35_02-09-2025_7,existing,not_delivering,ad,3.65183806,52948,0,,1674.03606639,567,421,2.95244456,,31.61660622,"Compras no site",52.31362707,156,0.05643739,32,3.77832361,"Valor de conversão da compra no site",6325.05,2026-01-01,2026-05-25
"[C] [LM - PRINCIPAL][EX. BASE] [ADV. +] [CBO]",AD2,"ESTUDOS CLINICOS",existing,archived,ad,2.31043368,52902,0.10829458,,716.86393587,384,268,1.86683317,,13.55079082,"Compras no site",42.16846682,66,0.04427083,17,5.04240738,"Valor de conversão da compra no site",3614.72,2026-01-01,2026-05-25
"[C] [LM - PRINCIPAL][EX. BASE] [ADV. +] [CBO]","ADS - ANA ELISA 3","[AQUISIÇÃO]  [ADV. +]",engaged,inactive,ad,2.3988379,52844,0.28080766,,1382.02215746,642,491,2.15268249,,26.15286802,"Compras no site",86.37638484,72,0.02492212,16,1.77675154,"Valor de conversão da compra no site",2455.51,2026-01-01,2026-05-25
"[C] [LM - PRINCIPAL][EX. BASE] [ADV. +] [CBO]","ADS 4","[EXCLUSÃO BASE] [ADV. +]",engaged,inactive,ad,2.71526243,52820,0.18174934,,1006.50634708,2518,1747,0.39972452,,19.05540225,"Compras no site",62.90664669,55,0.00635425,16,2.82336024,"Valor de conversão da compra no site",2841.73,2026-01-01,2026-05-25
"[C] [LM - TESTE] [ABO]",24-12,"Influ Maritza 1 - LM TESTE TRAVA DE CPA",prospecting,archived,ad,1.53890431,52669,0.1493668,,844.73888121,378,306,2.23475895,,16.03863527,"Compras no site",70.39490677,89,0.03174603,12,2.46460776,"Valor de conversão da compra no site",2081.95,2026-01-01,2026-05-25
"[C] [LM - RMKT] [ADV. ABO]","AD - LUCIANA MOFU 2 — Cópia","[RMKT LARANJA MORO-REATIVAÇÃO BASE QUENTE]",existing,inactive,ad,2.02756497,52666,0.35250446,,2597.06120171,1369,1046,1.89704982,,49.31191284,"Compras no site",57.71247115,148,0.03287071,45,3.12944108,"Valor de conversão da compra no site",8127.35,2026-01-01,2026-05-25
"[C] [LM - RMKT] [ADV. ABO]","AD - RMKT DANI 2","[RMKT LARANJA MORO-REATIVAÇÃO BASE QUENTE]",prospecting,inactive,ad,1.70483394,52514,0,,1874.41,463,353,4.04840173,,35.69352934,"Compras no site",60.46483871,83,0.06695464,31,2.72221659,"Valor de conversão da compra no site",5102.55,2026-01-01,2026-05-25
"[C] [TONS] [PB DR]","tons 3 - 25-11","[PUBLICO ENG.] [DR]",engaged,inactive,ad,1.49451614,52462,0.46172468,,1873.66492554,1603,1343,1.16884899,,35.71470637,"Compras no site",58.55202892,238,0.01996257,32,3.14911163,"Valor de conversão da compra no site",5900.38,2026-01-01,2026-05-25
"[C] [VARIOS PRODUTO] [ABO] [BID]","ADS1 - VM — Cópia","[VINAGRE] [RMKT]",prospecting,inactive,ad,2.07867147,51946,0,,1759.10796946,503,383,3.49723254,,33.86416605,"Compras no site",62.82528462,80,0.055666,28,3.3285734,"Valor de conversão da compra no site",5855.32,2026-01-01,2026-05-25
"[C] [LM - TESTE] [ABO]","AD - DANI TOFU 2","[BOFU] [ADV+ ABERTO] [ESTATICO]",prospecting,not_delivering,ad,1.26521846,51254,0.14018418,,319.6289879,225,92,1.42057328,,6.23617645,,,3,0,,,,,2026-01-01,2026-05-25
"[C] [LM - RMKT] [ADV. ABO]",04-04,"[RMKT LARANJA MORO-REATIVAÇÃO BASE QUENTE]",existing,not_delivering,ad,3.00193492,51198,0.00628931,,2045.49793079,703,594,2.90966989,,39.95269211,"Compras no site",42.61454022,236,0.06827881,48,5.63571824,"Valor de conversão da compra no site",11527.85,2026-01-01,2026-05-25
"[C] [LM - TESTE] [ABO]","AD - NIVER","Conj. - Q10",existing,not_delivering,ad,2.88568684,51068,0.00301559,,893.62105113,554,372,1.61303439,,17.49864986,"Compras no site",52.56594418,63,0.03068592,17,4.77290681,"Valor de conversão da compra no site",4265.17,2026-01-01,2026-05-25
"[C] [VARIOS PRODUTO] [ABO] [BID]",AD2,"[VINAGRE] [RMKT]",engaged,active,ad,2.62668519,51047,0,,1160.64536513,939,722,1.23604405,,22.73679874,"Compras no site",96.72044709,85,0.01277955,12,2.00709887,"Valor de conversão da compra no site",2329.53,2026-01-01,2026-05-25
"[C] [LM - TESTE] [ABO]","ADS 1","Influ Ingrid - Lm",prospecting,not_delivering,ad,1.56614816,50845,0.16123513,,552.96843904,232,140,2.38348465,,10.87557162,"Compras no site",55.2968439,33,0.04310345,10,3.31691625,"Valor de conversão da compra no site",1834.15,2026-01-01,2026-05-25
"[C] [VARIOS PRODUTO] [ABO] [BID]","AD11 - EVELYN","[VINAGRE] [RMKT]",prospecting,inactive,ad,1.96017426,50843,0.2372598,,814.35588102,641,501,1.27044599,,16.01706982,"Compras no site",38.77885148,76,0.03276131,21,4.89090838,"Valor de conversão da compra no site",3982.94,2026-01-01,2026-05-25
"[C] [LM - RMKT] [ADV. ABO]","AD - EVELYN NIVER 2 — Cópia","[RMKT LARANJA MORO-REATIVAÇÃO BASE QUENTE]",prospecting,not_delivering,ad,1.30866097,50195,0.2778962,,1126.91554876,336,271,3.35391532,,22.45075304,"Compras no site",75.12770325,56,0.04464286,15,2.08280914,"Valor de conversão da compra no site",2347.15,2026-01-01,2026-05-25
"[C] [LM - TESTE] [ABO]","ADS 5","Evelyn Regly BM - LM",prospecting,not_delivering,ad,1.56994104,50056,0.12677801,,974.38175816,316,288,3.08348658,,19.46583343,"Compras no site",54.1323199,69,0.05696203,18,2.51326544,"Valor de conversão da compra no site",2448.88,2026-01-01,2026-05-25
"[C] [LM - PRINCIPAL][EX. BASE] [ADV. +] [CBO]","ADS - RAIZA 3","LP - ATUAL",existing,archived,ad,3.33517692,50051,0.11330443,,1187.87624851,418,298,2.84180921,,23.73331699,"Compras no site",35.99624995,90,0.07894737,33,7.43308069,"Valor de conversão da compra no site",8829.58,2026-01-01,2026-05-25
"[C] [LM - TESTE] [ABO]","AD - RMK NIVER 4","[BM] [ANA ELISA]",prospecting,inactive,ad,1.94958082,49765,0.08708932,,683.22084246,216,180,3.16305946,,13.72894288,"Compras no site",45.54805616,34,0.06944444,15,2.93512709,"Valor de conversão da compra no site",2005.34,2026-01-01,2026-05-25
"[C] [JEJOOM] [CBO]","AD - TOFU MARCELA 17-05",[RMK],prospecting,active,ad,1.57816457,49234,0.12972742,,433.03946166,346,271,1.25155914,,8.79553686,"Compras no site",144.34648722,32,0.00867052,3,1.1897761,"Valor de conversão da compra no site",515.22,2026-01-01,2026-05-25
"[C] [TONS] [PB DR]","AD- NIVER 5","TONS TESTE",prospecting,not_delivering,ad,1.37084829,48868,0,,242.45,105,68,2.30904762,,4.96132438,,,3,0,0,0.14110126,"Valor de conversão da compra no site",34.21,2026-01-01,2026-05-25
"[C] [LM - TESTE] [ABO]","AD - RAIZA TOFU — Cópia","Conj - Vm",engaged,inactive,ad,2.51708851,48829,0.18550452,,1546.16758398,855,659,1.80838314,,31.66494468,"Compras no site",103.07783893,88,0.01754386,15,2.21435893,"Valor de conversão da compra no site",3423.77,2026-01-01,2026-05-25
"[C] [JEJOOM] [CBO]","AD - MORGANA TOFU","[CAMPANHA AQUISIÇÃO]",existing,active,ad,3.47948334,48758,0.04819722,,783.79488967,993,489,0.78932013,,16.07520591,"Compras no site",35.62704044,54,0.02215509,22,6.79564267,"Valor de conversão da compra no site",5326.39,2026-01-01,2026-05-25
"[C] [LM - RMKT] [ADV. ABO]","AD - ISA MOFU","[RMKT LARANJA MORO-REATIVAÇÃO BASE QUENTE]",prospecting,inactive,ad,1.17361178,48611,0.48248339,,1661.73472464,772,727,2.15250612,,34.18433533,"Compras no site",97.74910145,52,0.02202073,17,1.7287657,"Valor de conversão da compra no site",2872.75,2026-01-01,2026-05-25
"[C] [LM - TESTE] [ABO]","AD - NIVER — Cópia","Conj - Vm",prospecting,inactive,ad,1.55093008,48358,0,,628.14282647,260,175,2.41593395,,12.98942939,"Compras no site",89.7346895,27,0.02692308,7,2.72121232,"Valor de conversão da compra no site",1709.31,2026-01-01,2026-05-25
"[C] [JEJOOM] [CBO]","AD - RMKT PERFIL MORG + DENA",[RMK],existing,inactive,ad,3.21413791,48151,0.00012461,,443.54471989,284,115,1.56177718,,9.21153704,"Compras no site",88.70894398,25,0.01760563,5,2.44674314,"Valor de conversão da compra no site",1085.24,2026-01-01,2026-05-25
"[C] [LM - RMKT] [ADV. ABO]","AD - RMKT DANI 2","[RMKT LARANJA MORO-REATIVAÇÃO BASE QUENTE]",engaged,inactive,ad,2.23077282,47743,0,,1980.09,590,459,3.35608475,,41.47393335,"Compras no site",63.87387097,80,0.05254237,31,3.1988142,"Valor de conversão da compra no site",6333.94,2026-01-01,2026-05-25
"[C] [LM - PRINCIPAL][EX. BASE] [ADV. +] [CBO]","ADS - DANI","[AQUISIÇÃO]  [ADV. +]",engaged,inactive,ad,2.32522113,47581,0,,1139.61895638,432,330,2.63800684,,23.95113504,"Compras no site",42.2081095,71,0.0625,27,3.8824907,"Valor de conversão da compra no site",4424.56,2026-01-01,2026-05-25
"[C] [LM - TESTE] [ABO]","AD - NIVER 1","[HIBRIDO] [ESTATICO ORG.] [BID 60]",existing,inactive,ad,2.13259346,47463,0.00065314,,462.10299632,284,187,1.62712323,,9.73606802,"Compras no site",46.21029963,26,0.03521127,10,4.1156842,"Valor de conversão da compra no site",1901.87,2026-01-01,2026-05-25
"[C] [LM - TESTE] [ABO]","AD - MOFU teste ate 08-05 — Cópia","[TOFU] [TIK + ORG ] [ABERTO]",engaged,active,ad,2.45558323,47324,0.17640098,,1151.40191446,1062,731,1.08418259,,24.33019006,"Compras no site",88.56937804,55,0.01224105,13,1.84881576,"Valor de conversão da compra no site",2128.73,2026-01-01,2026-05-25
"[C] [LM - RMKT] [ADV. ABO]","ADS - RMKT","[RMKT LARANJA MORO-REATIVAÇÃO BASE QUENTE]",prospecting,not_delivering,ad,1.75136956,47315,0,,1760.35432053,646,483,2.72500669,,37.20499462,"Compras no site",46.3251137,109,0.05882353,38,3.44390895,"Valor de conversão da compra no site",6062.5,2026-01-01,2026-05-25
"[C] [LM - TESTE] [ABO]","AD - JADE TOFU 19-05 BM JADE + DENA","[BM JADE]",prospecting,inactive,ad,1.41126336,46861,0.11435949,,471.5755706,171,112,2.75775187,,10.06328441,"Compras no site",157.19185687,4,0.01754386,3,1.19032884,"Valor de conversão da compra no site",561.33,2026-01-01,2026-05-25
"[C] [LM - RMKT] [ADV. ABO]","ADS 3 — Cópia","[RMKT LARANJA MORO-REATIVAÇÃO BASE QUENTE]",existing,not_delivering,ad,1.52755566,46039,0.31866461,,1429.28544729,749,485,1.90825827,,31.04510192,"Compras no site",142.92854473,59,0.01335113,10,1.6093986,"Valor de conversão da compra no site",2300.29,2026-01-01,2026-05-25
"[C] [LM - PRINCIPAL][EX. BASE] [ADV. +] [CBO]",AD2,"ESTUDOS CLINICOS",engaged,archived,ad,2.07855626,46013,0.11657575,,533.11574314,372,249,1.43310684,,11.58619832,"Compras no site",76.15939188,38,0.0188172,7,2.272771,"Valor de conversão da compra no site",1211.65,2026-01-01,2026-05-25
"[C] [LM - PRINCIPAL][EX. BASE] [ADV. +] [CBO]","AD - MOFU teste ate 08-05 — Cópia — Cópia","[AQUISIÇÃO]  [ADV. +]",existing,inactive,ad,1.53301713,45897,0.44113994,,1219.72897512,632,439,1.92995091,,26.57535297,"Compras no site",67.76272084,82,0.02848101,18,2.81195255,"Valor de conversão da compra no site",3429.82,2026-01-01,2026-05-25
"[C] [LM - PRINCIPAL][EX. BASE] [ADV. +] [CBO]","AD - EVELYN",[EVELIN],existing,inactive,ad,2.56662928,45763,0.06420034,,648.48735777,333,251,1.94740948,,14.17056045,"Compras no site",46.32052555,54,0.04204204,14,4.04451986,"Valor de conversão da compra no site",2622.82,2026-01-01,2026-05-25
"[C] [LM - TESTE] [ABO]","AD - BOFU — Cópia","[HIBRIDO] [ESTATICO ORG.] [BID 60]",existing,inactive,ad,2.22125655,45749,0.07626396,,519.32279845,123,91,4.22213657,,11.35156612,"Compras no site",51.93227985,25,0.08130081,10,3.78465957,"Valor de conversão da compra no site",1965.46,2026-01-01,2026-05-25
"[C] [LM - PRINCIPAL][EX. BASE] [ADV. +] [CBO]","ADS - ANA ELISA 3","[AQUISIÇÃO]  [ADV. +]",existing,inactive,ad,2.61486951,45687,0.26219712,,1230.35192069,507,380,2.42672963,,26.93002212,"Compras no site",34.17644224,97,0.07100592,36,5.55468715,"Valor de conversão da compra no site",6834.22,2026-01-01,2026-05-25
"[C] [LM - TESTE] [ABO]","AD - RMK  EVELYN 18-05 PERFIL DENA — Cópia — Cópia","[BM JADE]",prospecting,inactive,ad,1.19980012,45620,0.0064007,,301.82,131,78,2.30396947,,6.61595791,,,5,0,,,,,2026-01-01,2026-05-25
"[C] [TONS] [PB DR]","tons3_rmkt_01-09-2025 — Cópia","LP NOVA",prospecting,inactive,ad,1.86384996,45614,0,,946.19183836,480,418,1.971233,,20.74345241,"Compras no site",63.07945589,58,0.03125,15,3.35338974,"Valor de conversão da compra no site",3172.95,2026-01-01,2026-05-25
"[C] [TONS] [PB DR]","AD - BOFU 5","TONS TESTE",engaged,not_delivering,ad,2.15073217,45531,0.27875513,,2320.28746134,1213,880,1.91285034,,50.96060841,"Compras no site",96.67864422,138,0.01978566,24,2.60174228,"Valor de conversão da compra no site",6036.79,2026-01-01,2026-05-25
"[C] [LM - TESTE] [ABO]",AD4,"[BOFU] [ADV+ ABERTO] [ESTATICO]",engaged,inactive,ad,2.57221217,45487,0.10860246,,415.17158801,921,479,0.45078348,,9.12725807,"Compras no site",41.5171588,26,0.01085776,10,4.17745349,"Valor de conversão da compra no site",1734.36,2026-01-01,2026-05-25
"[C] [LM - RMKT] [ADV. ABO]","AD - BOFU — Cópia — Cópia","[RMKT LARANJA MORO-REATIVAÇÃO BASE QUENTE]",engaged,active,ad,2.2286373,45433,0.11555477,,1325.6988953,523,401,2.53479712,,29.17920664,"Compras no site",94.69277824,69,0.02676864,14,1.50729552,"Valor de conversão da compra no site",1998.22,2026-01-01,2026-05-25
"[C] [LM - TESTE] [ABO]",AD3,"[TOFU] [TIK TOK] [EXCLUSAÕ BASE] [BID 60] - TESTE ATÉ 20-05",prospecting,inactive,ad,1.7436676,45365,0.06948088,,355.24,130,101,2.73261538,,7.83070649,"Compras no site",88.81,20,0.03076923,4,2.05849566,"Valor de conversão da compra no site",731.26,2026-01-01,2026-05-25
"[C] [LM - TESTE] [ABO]","ADS 3 - NOVO VM — Cópia","Evelyn Regly BM - LM",prospecting,not_delivering,ad,1.55644772,45165,0.29498505,,652.7467282,297,232,2.19780043,,14.45249038,"Compras no site",50.21128678,43,0.04377104,13,4.17360958,"Valor de conversão da compra no site",2724.31,2026-01-01,2026-05-25
"[C] [LM - PRINCIPAL][EX. BASE] [ADV. +] [CBO]","Rmkt Dani 2 — Cópia","LP - 1",prospecting,archived,ad,1.74230202,44927,0,,1124.97928474,418,368,2.691338,,25.04016037,"Compras no site",43.26843403,120,0.06220096,26,4.28431889,"Valor de conversão da compra no site",4819.77,2026-01-01,2026-05-25
"[C] [LM - PRINCIPAL][EX. BASE] [ADV. +] [CBO]","AD - ISA MOFU LP DANI","[AQUISIÇÃO]  [ADV. +]",existing,inactive,ad,1.54516051,44907,0.46155388,,1306.0345422,598,532,2.18400425,,29.08309489,"Compras no site",87.06896948,71,0.02508361,15,2.82642601,"Valor de conversão da compra no site",3691.41,2026-01-01,2026-05-25
"[C] [LM - TESTE] [ABO]",29/12,"Influ Larissa L. 1 - LM TESTE TRAVA DE CPA",existing,archived,ad,2.73238661,44639,0.16458702,,926.96864687,362,246,2.56068687,,20.76589186,"Compras no site",61.79790979,46,0.04143646,15,3.03004855,"Valor de conversão da compra no site",2808.76,2026-01-01,2026-05-25
"[C] [TONS] [PB DR]","AD3 - MOFU","[PUBLICO ABERTO]",existing,inactive,ad,3.60521415,44528,0.21624596,,1390.04169102,1523,859,0.91269973,,31.21724962,"Compras no site",51.48302559,104,0.01772817,27,4.96876464,"Valor de conversão da compra no site",6906.79,2026-01-01,2026-05-25
"[C] [LM - TESTE] [ABO]","ADS 6 — Cópia","teste aquisição ate dia 15  - Lm",existing,inactive,ad,1.84316013,44234,0.17606366,,763.50061077,309,247,2.47087576,,17.26049217,"Compras no site",42.4167006,42,0.05825243,18,4.39370965,"Valor de conversão da compra no site",3354.6,2026-01-01,2026-05-25
"[C] [LM - PRINCIPAL][EX. BASE] [ADV. +] [CBO]","AD - BOFU 2","[EXCLUSÃO BASE] [ADV. +]",prospecting,inactive,ad,1.43637969,43913,0.00662674,,426.3058669,109,70,3.911063,,9.707965,"Compras no site",213.15293345,4,0.01834862,2,0.85511373,"Valor de conversão da compra no site",364.54,2026-01-01,2026-05-25
"[C] [TONS] [PB DR]","AD - SHOOTING MOFU","[PUBLICO ENG.] [DR]",existing,active,ad,2.62025921,43871,0.22677851,,1786.6242539,1270,943,1.40679075,,40.72449349,"Compras no site",61.60773289,97,0.02283465,29,3.77768856,"Valor de conversão da compra no site",6749.31,2026-01-01,2026-05-25
"[C] [LM - RMKT] [ADV. ABO]","AD - RMKT DANI 2","[RMKT LARANJA MORO-REATIVAÇÃO BASE QUENTE]",existing,inactive,ad,2.52985075,43731,0,,1713.08,489,356,3.50323108,,39.17312661,"Compras no site",63.44740741,74,0.05521472,27,2.90273659,"Valor de conversão da compra no site",4972.62,2026-01-01,2026-05-25
"[C] [LM - TESTE] [ABO]","AD - TOFU","[HIBRIDO] [ESTATICO ORG.] [BID 60]",prospecting,inactive,ad,1.43951016,43728,0.06069338,,357.93,145,117,2.46848276,,8.18537322,"Compras no site",178.965,18,0.0137931,2,1.16888777,"Valor de conversão da compra no site",418.38,2026-01-01,2026-05-25
"[C] [LM - TESTE] [ABO]","AD - ISA MOFU","teste aquisição ate dia 15  - Lm",existing,inactive,ad,2.23402078,43655,0.19715955,,751.42244424,351,237,2.14080468,,17.2127464,"Compras no site",150.28448885,33,0.01424501,5,2.11372446,"Valor de conversão da compra no site",1588.3,2026-01-01,2026-05-25
"[C] [LM - PRINCIPAL][EX. BASE] [ADV. +] [CBO]","AD - JADE TOFU LP LM1","[AQUISIÇÃO]  [ADV. +]",existing,active,ad,2.41244749,43646,0.15272877,,996.76105547,345,282,2.88916248,,22.8373976,"Compras no site",66.45073703,59,0.04347826,15,2.70076764,"Valor de conversão da compra no site",2692.02,2026-01-01,2026-05-25
"[C] [VARIOS PRODUTO] [ABO] [BID]","AD - RMKT 4","[COENZIMA] [RMKT]",prospecting,not_delivering,ad,1.25893633,43461,0.00140356,,481.24,135,73,3.56474074,,11.07291595,"Compras no site",481.24,4,0.00740741,1,1.44559887,"Valor de conversão da compra no site",695.68,2026-01-01,2026-05-25
"[C] [LM - TESTE] [ABO]","ADS 4","Influ Evelyn - Vm",existing,not_delivering,ad,1.87820958,43304,0.2766719,,1363.44056383,973,731,1.40127499,,31.48532616,"Compras no site",59.28002451,129,0.02363823,23,5.26604547,"Valor de conversão da compra no site",7179.94,2026-01-01,2026-05-25
"[C] [LM - TESTE] [ABO]","AD3 — Cópia","[TOFU] [TIK + ORG ] [ABERTO]",prospecting,inactive,ad,1.22195039,42954,0,,897.52612939,353,242,2.54256694,,20.89505353,"Compras no site",179.50522588,16,0.01416431,5,1.17739191,"Valor de conversão da compra no site",1056.74,2026-01-01,2026-05-25
"[C] [TONS] [PB DR]","AD - TOFU","[PUBLICO ENG.] [DR]",engaged,inactive,ad,1.5559139,42937,0.24435801,,2446.43945032,1123,1000,2.17848571,,56.97741925,"Compras no site",87.37283751,159,0.02493321,28,2.68753024,"Valor de conversão da compra no site",6574.88,2026-01-01,2026-05-25
"[C] [VARIOS PRODUTO] [ABO] [BID]","ADS2 - VM — Cópia","[VINAGRE] [RMKT]",engaged,inactive,ad,2.7348858,42749,0,,1649.76655257,634,524,2.60215545,,38.5919332,"Compras no site",61.10246491,93,0.04258675,27,2.944162,"Valor de conversão da compra no site",4857.18,2026-01-01,2026-05-25
"[C] [LM - TESTE] [ABO]","ADS 1","Influ Ingrid - Lm",existing,not_delivering,ad,2.43852038,42718,0.16601901,,550.028341,716,355,0.76819601,,12.87579805,"Compras no site",78.57547729,28,0.00977654,7,2.83463575,"Valor de conversão da compra no site",1559.13,2026-01-01,2026-05-25
"[C] [LM - TESTE] [ABO]","ADS - KAMILI 29/12","Influ Kamili",existing,archived,ad,3.46766697,42524,0.08595146,,774.01617251,267,153,2.89893698,,18.20186653,"Compras no site",48.37601078,47,0.05992509,16,3.16247914,"Valor de conversão da compra no site",2447.81,2026-01-01,2026-05-25
"[C] [TONS] [PB DR]",tons3_rmkt_01-09-2025,rmkt_tons_estáticos_visitantes-engajado-compradores_max-conv_cpa35_02-09-2025_7,existing,not_delivering,ad,2.6132953,42142,0,,1010.68770581,428,338,2.36141987,,23.98290793,"Compras no site",45.94035026,106,0.05140187,22,4.99557872,"Valor de conversão da compra no site",5048.97,2026-01-01,2026-05-25
"[C] [TONS] [PB DR]",tons1_rmkt_20-10-2025,rmkt_tons_estáticos_visitantes-engajado-compradores_max-conv_cpa35_02-09-2025_7,engaged,not_delivering,ad,2.71726829,41778,0,,1123.93764263,565,469,1.98927016,,26.90261962,"Compras no site",59.15461277,109,0.03362832,19,3.05128138,"Valor de conversão da compra no site",3429.45,2026-01-01,2026-05-25
"[C] [LM - PRINCIPAL][EX. BASE] [ADV. +] [CBO]","ADS - RAIZA 3","LP - 2",engaged,archived,ad,2.59202035,41773,0.13293276,,856.86797629,445,353,1.92554601,,20.51248357,"Compras no site",40.80323697,99,0.04719101,21,4.32746946,"Valor de conversão da compra no site",3708.07,2026-01-01,2026-05-25
"[C] [LM - TESTE] [ABO]","ADS - KAMILI 29/12","Influ Kamili",engaged,archived,ad,2.4571277,41695,0.0917616,,584.81755308,299,219,1.95591155,,14.02608354,"Compras no site",44.98596562,67,0.04347826,13,3.37506969,"Valor de conversão da compra no site",1973.8,2026-01-01,2026-05-25
"[C] [TONS] [PB DR]",tons_sabrina_video-reels_23-09-2025,"[PUBLICO ENG.] [DR]",prospecting,archived,ad,1.37271346,41574,0.18468273,,1201.11100321,434,353,2.76753687,,28.89091748,"Compras no site",70.65358842,89,0.03917051,17,2.88864226,"Valor de conversão da compra no site",3469.58,2026-01-01,2026-05-25
"[C] [LM - PRINCIPAL][EX. BASE] [ADV. +] [CBO]","ADS - LARISSA — Cópia","[AQUISIÇÃO]  [ADV. +]",prospecting,inactive,ad,1.64326976,41532,0.29273813,,889.28002486,481,426,1.84881502,,21.41192393,"Compras no site",98.80889165,48,0.01871102,9,1.89415027,"Valor de conversão da compra no site",1684.43,2026-01-01,2026-05-25
"[C] [LM - TESTE] [ABO]","AD - PRI TOFU","[BM] [MARCELA/PRI]",engaged,not_delivering,ad,3.55882858,41439,0.17985473,,917.69040935,788,594,1.16458174,,22.14557324,"Compras no site",50.98280052,61,0.02284264,18,3.38966166,"Valor de conversão da compra no site",3110.66,2026-01-01,2026-05-25
"[C] [TONS] [PB DR]","AD2 - MOFU","[PUBLICO ABERTO]",existing,not_delivering,ad,4.0118677,41242,0.33012463,,1594.56506529,3600,1922,0.44293474,,38.66362119,"Compras no site",45.55900187,130,0.00972222,35,4.49843042,"Valor de conversão da compra no site",7173.04,2026-01-01,2026-05-25
"[C] [LM - TESTE] [ABO]",AD2,"[TOFU] [TIK TOK] [EXCLUSAÕ BASE] [BID 60] - TESTE ATÉ 20-05",prospecting,inactive,ad,1.68160811,41117,0.09008439,,386.41,138,96,2.80007246,,9.39781599,"Compras no site",77.282,17,0.03623188,5,2.06436169,"Valor de conversão da compra no site",797.69,2026-01-01,2026-05-25
"[C] [LM - TESTE] [ABO]","AD - BOFU 2","Conj. - Tipo 2",existing,not_delivering,ad,2.7400884,40915,0,,396.29128139,318,198,1.246199,,9.68572116,"Compras no site",56.6130402,35,0.02201258,7,3.65561916,"Valor de conversão da compra no site",1448.69,2026-01-01,2026-05-25
"[C] [LM - PRINCIPAL][EX. BASE] [ADV. +] [CBO]","Rmkt Dani 2 — Cópia","LP - ATUAL",existing,archived,ad,2.95738986,40880,0,,1215.40415087,356,303,3.4140566,,29.7310213,"Compras no site",48.61616603,89,0.07022472,25,4.91283496,"Valor de conversão da compra no site",5971.08,2026-01-01,2026-05-25
"[C] [LM - RMKT] [ADV. ABO]","ADS - RMKT","[RMKT LARANJA MORO-REATIVAÇÃO BASE QUENTE]",engaged,not_delivering,ad,2.60363636,40812,0,,1859.81693314,715,535,2.60114256,,45.57034532,"Compras no site",48.94255087,132,0.05314685,38,3.58529911,"Valor de conversão da compra no site",6668,2026-01-01,2026-05-25
"[C] [LM - TESTE] [ABO]","AD - RMK NIVER 4","[BM] [ANA ELISA]",existing,inactive,ad,2.96426232,40726,0.09244709,,530.09961832,207,102,2.56086772,,13.0162456,"Compras no site",44.17496819,27,0.05797101,12,3.77491311,"Valor de conversão da compra no site",2001.08,2026-01-01,2026-05-25
"[C] [LM - TESTE] [ABO]",AD1,"Influ Dani - Vm",prospecting,not_delivering,ad,1.52638309,40585,0.10232845,,508.61772422,221,175,2.30143767,,12.53216026,"Compras no site",101.72354484,31,0.02262443,5,2.10224683,"Valor de conversão da compra no site",1069.24,2026-01-01,2026-05-25
"[C] [LM - TESTE] [ABO]",AD1,"Influ Vitoria - Lm",prospecting,not_delivering,ad,1.68237063,40281,0.10545915,,289.28,114,69,2.53754386,,7.18154961,"Compras no site",289.28,9,0.00877193,1,0.8238385,"Valor de conversão da compra no site",238.32,2026-01-01,2026-05-25
"[C] [TONS] [PB DR]",tons_dr-ursinho-melasma3-13-10-2025,"[PUBLICO ENG.] [DR]",prospecting,inactive,ad,1.68317245,40280,0.14575472,,822.29431314,431,349,1.90787544,,20.41445663,"Compras no site",68.52452609,68,0.02784223,12,3.27492232,"Valor de conversão da compra no site",2692.95,2026-01-01,2026-05-25
"[C] [TONS] [PB DR]",tons_dr-ursinho_video-reels_10-07-2025_nao-tem-clareador-oral-barra,"LP NOVA",prospecting,inactive,ad,1.74976039,40164,0.12304551,,999.36541385,430,386,2.32410561,,24.88211866,"Compras no site",166.56090231,35,0.01395349,6,1.55514687,"Valor de conversão da compra no site",1554.16,2026-01-01,2026-05-25
"[C] [TONS] [PB DR]","AD - SHOOTING MOFU","[PUBLICO ENG.] [DR]",engaged,active,ad,2.38674,39923,0.24552263,,1354.75243316,1157,850,1.17091827,,33.93413404,"Compras no site",61.57965605,77,0.01901469,22,3.4358307,"Valor de conversão da compra no site",4654.7,2026-01-01,2026-05-25
"[C] [LM - TESTE] [ABO]","ADS 3","Conj - Vm",existing,inactive,ad,2.10628964,39851,0.22421018,,1498.21991833,916,676,1.63561126,,37.59554135,"Compras no site",74.91099592,98,0.02183406,20,3.3068977,"Valor de conversão da compra no site",4954.46,2026-01-01,2026-05-25
"[C] [LM - PRINCIPAL][EX. BASE] [ADV. +] [CBO]","V - EVELYN TOFU LP OLD","[EXCLUSÃO BASE] [ADV. +]",engaged,active,ad,1.71293308,39800,0.24603015,,663.38697847,477,310,1.39074838,,16.66801453,"Compras no site",51.02976757,48,0.02725367,13,2.59117236,"Valor de conversão da compra no site",1718.95,2026-01-01,2026-05-25
"[C] [LM - TESTE] [ABO]","ADS 1","[BM] [ANA ELISA]",prospecting,inactive,ad,2.80882353,39728,0.18913613,,625.87602654,287,199,2.18075271,,15.75402805,"Compras no site",104.31267109,29,0.02090592,6,1.4802612,"Valor de conversão da compra no site",926.46,2026-01-01,2026-05-25
"[C] [LM - TESTE] [ABO]",AD3,"Influ Mi Ruback - Vm",prospecting,archived,ad,1.6519945,39633,0.33348472,,2433.83384461,841,708,2.89397603,,61.40927622,"Compras no site",90.14199424,136,0.03210464,27,2.66597492,"Valor de conversão da compra no site",6488.54,2026-01-01,2026-05-25
"[C] [LM - TESTE] [ABO]","AD - PROMO — Cópia","Conj - Vm",prospecting,inactive,ad,2.08837479,39629,0.1500921,,1068.4484776,412,286,2.59332155,,26.96127779,"Compras no site",71.22989851,66,0.03640777,15,2.95389068,"Valor de conversão da compra no site",3156.08,2026-01-01,2026-05-25
"[C] [LM - PRINCIPAL][EX. BASE] [ADV. +] [CBO]","AD -TOFU PRI","[AQUISIÇÃO]  [ADV. +]",prospecting,inactive,ad,1.4498645,39590,0.19669108,,705.89490483,537,396,1.31451565,,17.83013147,"Compras no site",176.47372621,21,0.00744879,4,0.84936156,"Valor de conversão da compra no site",599.56,2026-01-01,2026-05-25
"[C] [JEJOOM] [CBO]","ADS - LARISSA 07/01","[PUBLICO LARISSA]",existing,archived,ad,3.0722854,39442,0.14598651,,1390.84904497,497,368,2.79848902,,35.26314703,"Compras no site",66.2309069,122,0.04225352,21,2.95780481,"Valor de conversão da compra no site",4113.86,2026-01-01,2026-05-25
"[C] [JEJOOM] [CBO]","AD - RMKT PERFIL MORG + DENA",[RMK],prospecting,inactive,ad,2.16012929,39431,0.00032969,,272.71675349,160,125,1.70447971,,6.91630325,"Compras no site",136.35837674,18,0.0125,2,2.307339,"Valor de conversão da compra no site",629.25,2026-01-01,2026-05-25
"[C] [TONS] [PB DR]","AD - TOFU","[PUBLICO ENG.] [DR]",prospecting,inactive,ad,1.93270035,39286,0.19016953,,1979.07486372,757,528,2.61436574,,50.37608471,"Compras no site",65.96916212,97,0.03963012,30,3.64008969,"Valor de conversão da compra no site",7204.01,2026-01-01,2026-05-25
"[C] [LM - RMKT] [ADV. ABO]","Rmkt Dani - 1","[RMKT LARANJA MORO-REATIVAÇÃO BASE QUENTE]",engaged,not_delivering,ad,2.13600044,39029,0,,1623.41463579,287,222,5.65649699,,41.59508662,"Compras no site",57.97909414,106,0.09756098,28,2.63880829,"Valor de conversão da compra no site",4283.88,2026-01-01,2026-05-25
"[C] [JEJOOM] [CBO]","AD - INGRID 1","[CAMPANHA AQUISIÇÃO]",prospecting,inactive,ad,1.34598393,38693,0.40020159,,1062.80259308,617,519,1.72253257,,27.4675676,"Compras no site",88.56688276,124,0.01944895,12,2.38966297,"Valor de conversão da compra no site",2539.74,2026-01-01,2026-05-25
"[C] [LM - TESTE] [ABO]","AD - MI MOFU","[TOFU] [TIK TOK] [EXCLUSAÕ BASE] [BID 60] - TESTE ATÉ 20-05",engaged,inactive,ad,2.98629819,38577,0.1478342,,304.53363393,592,301,0.51441492,,7.89417617,"Compras no site",152.26681697,7,0.00337838,2,1.6810951,"Valor de conversão da compra no site",511.95,2026-01-01,2026-05-25
"[C] [VARIOS PRODUTO] [ABO] [BID]","AD - BOFU","[COLAGENO] [RMKT]",prospecting,not_delivering,ad,1.2472732,38537,0,,399.82513263,115,77,3.47674028,,10.37509751,,,9,0,,,,,2026-01-01,2026-05-25
"[C] [LM - TESTE] [ABO]",AD1,"[BOFU] [ADV+ ABERTO] [ESTATICO]",engaged,inactive,ad,2.25278201,38464,0.08155678,,334.0937857,228,122,1.46532362,,8.68588253,"Compras no site",41.76172321,15,0.03508772,8,4.79060093,"Valor de conversão da compra no site",1600.51,2026-01-01,2026-05-25
"[C] [VARIOS PRODUTO] [ABO] [BID]",AD1,"[VINAGRE] [RMKT]",engaged,inactive,ad,2.50955622,38341,0,,1186.51444318,504,401,2.35419532,,30.94636142,"Compras no site",59.32572216,66,0.03968254,20,3.62876324,"Valor de conversão da compra no site",4305.58,2026-01-01,2026-05-25
"[C] [TONS] [PB DR]","AD - TOFU","[PUBLICO ENG.] [DR]",engaged,inactive,ad,2.06285345,38301,0.32615336,,1903.93185338,1554,1085,1.22518137,,49.70971654,"Compras no site",50.10346983,129,0.02445302,38,3.82399191,"Valor de conversão da compra no site",7280.62,2026-01-01,2026-05-25
"[C] [JEJOOM] [CBO]","AD3 - ORGANICO","[CAMPANHA AQUISIÇÃO]",prospecting,inactive,ad,1.73389216,38267,0,,485.5349429,154,100,3.1528243,,12.68808485,"Compras no site",80.92249048,18,0.03896104,6,3.08869634,"Valor de conversão da compra no site",1499.67,2026-01-01,2026-05-25
"[C] [LM - TESTE] [ABO]","AD - JADE TOFU — Cópia — Cópia","[TESTE PB FECHADO JADE]",prospecting,active,ad,1.24455955,38203,0.20307306,,1028.86869096,352,304,2.92292242,,26.93162032,"Compras no site",79.14374546,50,0.03693182,13,2.08706905,"Valor de conversão da compra no site",2147.32,2026-01-01,2026-05-25
"[C] [JEJOOM] [CBO]","AD - RMKT","[CAMPANHA AQUISIÇÃO]",prospecting,inactive,ad,2.02568739,38089,0,,678.95412999,297,238,2.28604084,,17.82546483,"Compras no site",67.895413,61,0.03367003,10,3.01678701,"Valor de conversão da compra no site",2048.26,2026-01-01,2026-05-25
"[C] [LM - PRINCIPAL][EX. BASE] [ADV. +] [CBO]","ADS. VIDEO INFLU — Cópia — Cópia","[AQUISIÇÃO]  [ADV. +]",prospecting,inactive,ad,1.21603635,38006,0.46803136,,1568.97758173,1161,964,1.35140188,,41.28236546,"Compras no site",120.69058321,42,0.01119724,13,1.60981268,"Valor de conversão da compra no site",2525.76,2026-01-01,2026-05-25
"[C] [LM - TESTE] [ABO]","ADS - MES CONSUMIDOR — Cópia","[BOFU] [ADV+ ABERTO] [ESTATICO]",existing,inactive,ad,2.43588756,37956,0.00324059,,587.4544669,250,183,2.34981787,,15.4772491,"Compras no site",34.55614511,54,0.068,17,5.79542789,"Valor de conversão da compra no site",3404.55,2026-01-01,2026-05-25
"[C] [TONS] [PB DR]","AD- NIVER","TONS TESTE",existing,inactive,ad,2.62715502,37944,0.00550812,,1439.87005061,765,620,1.88218307,,37.94723937,"Compras no site",57.59480202,90,0.03267974,25,4.17943966,"Valor de conversão da compra no site",6017.85,2026-01-01,2026-05-25
"[C] [LM - RMKT] [ADV. ABO]","ADS2- EVELYN","[RMKT LARANJA MORO-REATIVAÇÃO BASE QUENTE]",engaged,inactive,ad,2.17625381,37795,0.16192618,,1110.39616992,608,485,1.82630949,,29.37944622,"Compras no site",61.68867611,82,0.02960526,18,2.92322694,"Valor de conversão da compra no site",3245.94,2026-01-01,2026-05-25
"[C] [LM - TESTE] [ABO]","AD - EVELYN","Influ Evelyn BM -VM",prospecting,not_delivering,ad,1.14257192,37770,0.158565,,465.67452062,169,116,2.75547054,,12.32921686,"Compras no site",155.22484021,10,0.01775148,3,1.81964003,"Valor de conversão da compra no site",847.36,2026-01-01,2026-05-25
"[C] [JEJOOM] [CBO]","AD - RMKT",[RMK],engaged,active,ad,3.71080519,37468,0,,341.20807618,386,163,0.88395875,,9.10665304,"Compras no site",113.73602539,12,0.00777202,3,1.24589665,"Valor de conversão da compra no site",425.11,2026-01-01,2026-05-25
"[C] [LM - RMKT] [ADV. ABO]",04-04,"[RMKT LARANJA MORO-REATIVAÇÃO BASE QUENTE]",prospecting,not_delivering,ad,2.31792873,37467,0.00709958,,1134.45767523,287,234,3.9528142,,30.27885006,"Compras no site",45.37830701,88,0.08710801,25,3.96534846,"Valor de conversão da compra no site",4498.52,2026-01-01,2026-05-25
"[C] [JEJOOM] [CBO]","AD3 - ORGANICO","[CAMPANHA AQUISIÇÃO]",existing,inactive,ad,2.43833377,37287,0,,694.00565246,289,129,2.40140364,,18.61253661,"Compras no site",115.66760874,26,0.02076125,6,1.72717613,"Valor de conversão da compra no site",1198.67,2026-01-01,2026-05-25
"[C] [TONS] [PB DR]","ADS - ESPINHA","[PUBLICO ENG.] [DR]",existing,inactive,ad,1.7170734,37221,0.39765186,,1501.99032926,886,559,1.69524868,,40.35330403,"Compras no site",51.79276997,89,0.03273138,29,4.88219522,"Valor de conversão da compra no site",7333.01,2026-01-01,2026-05-25
"[C] [LM - TESTE] [ABO]","AD - ISA MOFU","teste aquisição ate dia 15  - Lm",existing,inactive,ad,1.86413481,37059,0.12194069,,718.19492907,236,184,3.04319885,,19.37977088,"Compras no site",71.81949291,42,0.04237288,10,2.72232499,"Valor de conversão da compra no site",1955.16,2026-01-01,2026-05-25
"[C] [TONS] [PB DR]","tons1_rmkt_20-10-2025 — Cópia","[PUBLICO ENG.] [DR]",existing,inactive,ad,3.77687481,36715,0,,964.87207853,317,237,3.0437605,,26.28005117,"Compras no site",53.60400436,52,0.05678233,18,4.392375,"Valor de conversão da compra no site",4238.08,2026-01-01,2026-05-25
"[C] [LM - TESTE] [ABO]","AD1 - 07/12","Influ Larissa L 2",existing,archived,ad,1.98224852,36515,0.24329728,,864.40104463,467,362,1.85096583,,23.67249198,"Compras no site",54.02506529,70,0.03426124,16,3.92713547,"Valor de conversão da compra no site",3394.62,2026-01-01,2026-05-25
"[C] [LM - TESTE] [ABO]","AD - BOFU","Conj. - Tipo 2",existing,not_delivering,ad,2.69895017,36506,0,,510.26,279,191,1.82888889,,13.97742837,"Compras no site",56.69555556,28,0.03225806,9,3.05118959,"Valor de conversão da compra no site",1556.9,2026-01-01,2026-05-25
"[C] [LM - TESTE] [ABO]","AD - MARCELA TOFU","[BM] [MARCELA/PRI]",prospecting,not_delivering,ad,1.54831442,36421,0.3518849,,529.06,1007,788,0.52538232,,14.52623486,"Compras no site",105.812,17,0.00496524,5,1.50529241,"Valor de conversão da compra no site",796.39,2026-01-01,2026-05-25
"[C] [TONS] [PB DR]","AD- NIVER 3","TONS TESTE",engaged,inactive,ad,2.86809283,36333,0.00016514,,1448.42788476,917,711,1.57952877,,39.86535339,"Compras no site",85.20164028,86,0.01853871,17,2.4334798,"Valor de conversão da compra no site",3524.72,2026-01-01,2026-05-25
"[C] [LM - RMKT] [ADV. ABO]","ADSS - ORGANICO","[RMKT LARANJA MORO-REATIVAÇÃO BASE QUENTE]",engaged,inactive,ad,2.22093881,36148,0,,894.22751852,237,175,3.77311189,,24.73795282,"Compras no site",68.78673219,33,0.05485232,13,2.58519219,"Valor de conversão da compra no site",2311.75,2026-01-01,2026-05-25
"[C] [LM - TESTE] [ABO]","AD - MOFU ate 14-05","[TOFU] [TIK TOK] [EXCLUSAÕ BASE] [BID 60] - TESTE ATÉ 20-05",engaged,not_delivering,ad,1.81517686,36024,0.22629358,,423.13234429,352,229,1.20208052,,11.74584567,"Compras no site",52.89154304,22,0.02272727,8,3.28254273,"Valor de conversão da compra no site",1388.95,2026-01-01,2026-05-25
"[C] [LM - TESTE] [ABO]","AD - MOFU ANA ELISA","[BM] [ANA ELISA]",prospecting,not_delivering,ad,1.38053302,35898,0.11780601,,400.27159448,141,103,2.83880563,,11.15024777,"Compras no site",80.0543189,7,0.03546099,5,1.94900165,"Valor de conversão da compra no site",780.13,2026-01-01,2026-05-25
"[C] [LM - TESTE] [ABO]",AD2,"[BOFU] [ADV+ ABERTO] [ESTATICO]",engaged,inactive,ad,2.46350014,35839,0.08312174,,387.37546031,246,200,1.57469699,,10.80876867,"Compras no site",48.42193254,24,0.03252033,8,3.07172271,"Valor de conversão da compra no site",1189.91,2026-01-01,2026-05-25
"[C] [TONS] [PB DR]",tons2_rmkt_01-09-2025,rmkt_tons_estáticos_visitantes-engajado-compradores_max-conv_cpa35_02-09-2025_7,engaged,not_delivering,ad,2.29836066,35751,0,,1074.72380757,492,417,2.18439798,,30.06136353,"Compras no site",76.76598625,100,0.02845528,14,2.89091949,"Valor de conversão da compra no site",3106.94,2026-01-01,2026-05-25
"[C] [TONS] [PB DR]","ADS 3 - 18-02","[PUBLICO ENG.] [DR]",prospecting,archived,ad,1.7972225,35718,0,,1048.84927221,281,216,3.73255969,,29.36472569,"Compras no site",69.92328481,47,0.05338078,15,3.55065318,"Valor de conversão da compra no site",3724.1,2026-01-01,2026-05-25
"[C] [LM - PRINCIPAL][EX. BASE] [ADV. +] [CBO]","ADS - RAIZA 3","LP - 1",engaged,archived,ad,2.42348151,35710,0.13211985,,742.91501238,365,283,2.0353836,,20.80411684,"Compras no site",61.90958436,75,0.03287671,12,3.10240063,"Valor de conversão da compra no site",2304.82,2026-01-01,2026-05-25
"[C] [JEJOOM] [CBO]","AD - MORGANA TOFU","[CAMPANHA AQUISIÇÃO]",prospecting,active,ad,2.54039612,35657,0.02338952,,399.18249028,775,455,0.51507418,,11.19506661,"Compras no site",26.61216602,36,0.01935484,15,8.81160894,"Valor de conversão da compra no site",3517.44,2026-01-01,2026-05-25
"[C] [LM - PRINCIPAL][EX. BASE] [ADV. +] [CBO]","AD - TOFU/MOFU",[EVELIN],existing,inactive,ad,1.86670508,35641,0.13506916,,500.07,371,213,1.34789757,,14.0307511,"Compras no site",83.345,26,0.01617251,6,1.95740596,"Valor de conversão da compra no site",978.84,2026-01-01,2026-05-25
"[C] [TONS] [PB DR]","tons_dr-ursinho_video-reels_10-07-2025_esse-foi-produto-que-a-mamae — Cópia","[PUBLICO ABERTO]",engaged,not_delivering,ad,1.70610151,35260,0.37855927,,1192.46592023,786,568,1.51713221,,33.81922633,"Compras no site",79.49772802,91,0.01908397,15,4.38714425,"Valor de conversão da compra no site",5231.52,2026-01-01,2026-05-25
"[C] [VARIOS PRODUTO] [ABO] [BID]","AD11 - EVELYN","[VINAGRE] [RMKT]",existing,inactive,ad,3.15546332,34972,0.22475123,,560.02215245,471,322,1.18900669,,16.01344368,"Compras no site",37.33481016,58,0.03184713,15,5.71048839,"Valor de conversão da compra no site",3198,2026-01-01,2026-05-25
"[C] [LM - RMKT] [ADV. ABO]","AD - BOFU 1","[RMKT LARANJA MORO-REATIVAÇÃO BASE QUENTE]",engaged,inactive,ad,2.42159722,34871,0.00054487,,1039.1663831,299,198,3.47547285,,29.80030349,"Compras no site",94.46967119,45,0.0367893,11,2.0923887,"Valor de conversão da compra no site",2174.34,2026-01-01,2026-05-25
"[C] [LM - PRINCIPAL][EX. BASE] [ADV. +] [CBO]","ADS - RAIZA 3","LP - 2",existing,archived,ad,3.19686491,34670,0.11540237,,774.15010235,308,215,2.51347436,,22.32910592,"Compras no site",59.55000787,58,0.04220779,13,3.88770859,"Valor de conversão da compra no site",3009.67,2026-01-01,2026-05-25
"[C] [LM - TESTE] [ABO]","[ADS] - [LARISSA] [TOPO] [27-02] — Cópia","Influ Larissa Lemos - Lm",prospecting,archived,ad,1.75525754,34554,0.33909244,,622.15395914,373,311,1.66797308,,18.00526594,"Compras no site",69.12821768,26,0.02412869,9,2.61899804,"Valor de conversão da compra no site",1629.42,2026-01-01,2026-05-25
"[C] [LM - PRINCIPAL][EX. BASE] [ADV. +] [CBO]",AD3,"TESTE RACHEL ATE 21-03",existing,archived,ad,2.49155614,34376,0.11554573,,544.37,563,227,0.96690941,,15.83575751,"Compras no site",68.04625,27,0.01420959,8,2.90824256,"Valor de conversão da compra no site",1583.16,2026-01-01,2026-05-25
"[C] [LM - TESTE] [ABO]","AD - RMK NIVER 2","[BM] [ANA ELISA]",existing,inactive,ad,2.71930799,34266,0.14903986,,473.80701555,228,115,2.07810095,,13.827322,"Compras no site",78.96783592,33,0.02631579,6,2.75358945,"Valor de conversão da compra no site",1304.67,2026-01-01,2026-05-25
"[C] [LM - TESTE] [ABO]",AD1,"Influ Adeli - Lm",prospecting,not_delivering,ad,1.21730318,34233,0.12555137,,306.80801578,83,49,3.69648212,,8.96234674,"Compras no site",102.26933859,6,0.03614458,3,1.93782421,"Valor de conversão da compra no site",594.54,2026-01-01,2026-05-25
"[C] [TONS] [PB DR]","AD - TOFU","[PUBLICO ENG.] [DR]",engaged,inactive,ad,1.86550893,34053,0.36126039,,1619.01949824,814,571,1.98896744,,47.54410766,"Compras no site",59.96368512,90,0.03316953,27,3.97339872,"Valor de conversão da compra no site",6433.01,2026-01-01,2026-05-25
"[C] [LM - TESTE] [ABO]","Teste - ADS 2","Evelyn Regly BM - LM",engaged,not_delivering,ad,2.74149879,34022,0.09414497,,639.45383732,325,260,1.96755027,,18.79530414,"Compras no site",58.13216703,49,0.03384615,11,3.19833877,"Valor de conversão da compra no site",2045.19,2026-01-01,2026-05-25
"[C] [LM - RMKT] [ADV. ABO]","AD3 — Cópia","[RMKT LARANJA MORO-REATIVAÇÃO BASE QUENTE]",existing,inactive,ad,2.0751073,33845,0,,866.18748715,249,161,3.47866461,,25.59277551,"Compras no site",66.6298067,47,0.05220884,13,2.63392168,"Valor de conversão da compra no site",2281.47,2026-01-01,2026-05-25
"[C] [LM - PRINCIPAL][EX. BASE] [ADV. +] [CBO]","AD- MOFU",[EVELIN],engaged,inactive,ad,1.82695643,33711,0.16748242,,595.66093452,602,434,0.98946999,,17.66963112,"Compras no site",119.1321869,39,0.00830565,5,1.44102114,"Valor de conversão da compra no site",858.36,2026-01-01,2026-05-25
"[C] [LM - PRINCIPAL][EX. BASE] [ADV. +] [CBO]","ADS - AINA","[AQUISIÇÃO]  [ADV. +]",prospecting,inactive,ad,1.28867403,33588,0.31782184,,553.88080532,257,214,2.15517823,,16.49043722,"Compras no site",184.62693511,26,0.01167315,3,1.70097969,"Valor de conversão da compra no site",942.14,2026-01-01,2026-05-25
"[C] [JEJOOM] [CBO]","ADS - LARI 6","[CAMPANHA AQUISIÇÃO]",prospecting,inactive,ad,2.13952895,33520,0.1175716,,744.93768528,281,227,2.65102379,,22.22367796,"Compras no site",106.41966933,34,0.02491103,7,2.26472634,"Valor de conversão da compra no site",1687.08,2026-01-01,2026-05-25
"[C] [TONS] [PB DR]","Novo anúncio de Vendas","[PUBLICO ABERTO]",existing,inactive,ad,1.94649393,33505,0.30320848,,1029.06155944,709,466,1.45142674,,30.71367138,"Compras no site",51.45307797,74,0.02820874,20,4.75557556,"Valor de conversão da compra no site",4893.78,2026-01-01,2026-05-25
"[C] [LM - TESTE] [ABO]","AD - RMK NIVER 2","[BM] [ANA ELISA]",prospecting,inactive,ad,1.86407821,33367,0.16345491,,532.95289806,220,178,2.42251317,,15.97245476,"Compras no site",177.65096602,22,0.01363636,3,1.01598097,"Valor de conversão da compra no site",541.47,2026-01-01,2026-05-25
"[C] [TONS] [PB DR]",tons_dr-ursinho-melasma1-13-10-2025,"[PUBLICO ENG.] [DR]",engaged,inactive,ad,1.52703878,33349,0.45173768,,1049.69446016,984,714,1.06676266,,31.47604007,"Compras no site",87.47453835,94,0.01219512,12,2.2837979,"Valor de conversão da compra no site",2397.29,2026-01-01,2026-05-25
"[C] [LM - TESTE] [ABO]","AD - JADE MOFU 2","[BM JADE]",existing,inactive,ad,2.39407876,33316,0.17418057,,475.26509572,484,331,0.98195268,,14.26537086,"Compras no site",67.89501367,23,0.01446281,7,2.44684495,"Valor de conversão da compra no site",1162.9,2026-01-01,2026-05-25
"[C] [TONS] [PB DR]",tons_dr-ursinho_video-reels_10-07-2025_esse-e-o-futuro-do-skin,"[PUBLICO ENG.] [DR]",prospecting,inactive,ad,1.18135064,33307,0.17041463,,767.83497319,320,277,2.39948429,,23.05326127,"Compras no site",109.69071046,39,0.021875,7,1.90684203,"Valor de conversão da compra no site",1464.14,2026-01-01,2026-05-25
"[C] [LM - TESTE] [ABO]",AD3,"[HIBRIDO] [ESTATICO ORG.] [BID 60]",existing,inactive,ad,2.44457547,33168,0.07808731,,229.01360282,141,81,1.62420995,,6.90465517,"Compras no site",45.80272056,8,0.03546099,5,2.91214143,"Valor de conversão da compra no site",666.92,2026-01-01,2026-05-25
"[C] [LM - RMKT] [ADV. ABO]","ADS - ISA NOGUEIRA","[RMKT LARANJA MORO-REATIVAÇÃO BASE QUENTE]",engaged,inactive,ad,1.50009131,32858,0.23020269,,1076.08682839,460,345,2.33931919,,32.74961435,"Compras no site",119.56520315,63,0.01956522,9,1.68058929,"Valor de conversão da compra no site",1808.46,2026-01-01,2026-05-25
"[C] [LM - TESTE] [ABO]","ADS 1","Influ Ingrid - Lm",engaged,not_delivering,ad,2.04859638,32839,0.18700326,,395.87320061,658,306,0.601631,,12.05497124,"Compras no site",131.95773354,15,0.00455927,3,1.59649605,"Valor de conversão da compra no site",632.01,2026-01-01,2026-05-25
"[C] [LM - PRINCIPAL][EX. BASE] [ADV. +] [CBO]","AD - EVELYN",[EVELIN],engaged,inactive,ad,2.22951266,32756,0.07650507,,538.94611491,290,209,1.85843488,,16.45335557,"Compras no site",53.89461149,31,0.03448276,10,3.01119157,"Valor de conversão da compra no site",1622.87,2026-01-01,2026-05-25
"[C] [LM - PRINCIPAL][EX. BASE] [ADV. +] [CBO]","Rmkt Dani 2 — Cópia","LP - 2",prospecting,archived,ad,1.7921822,32736,0,,932.4188851,341,293,2.73436623,,28.48298158,"Compras no site",58.27618032,98,0.04692082,16,3.84751967,"Valor de conversão da compra no site",3587.5,2026-01-01,2026-05-25
"[C] [LM - RMKT] [ADV. ABO]","AD - RMK NIVER 3 — Cópia","[RMKT LARANJA MORO-REATIVAÇÃO BASE QUENTE]",prospecting,inactive,ad,1.64780223,32727,0.16490971,,930.8257297,252,214,3.6937529,,28.44213431,"Compras no site",40.4706839,51,0.09126984,23,3.34259132,"Valor de conversão da compra no site",3111.37,2026-01-01,2026-05-25
"[C] [JEJOOM] [CBO]","AD - TOFU MARCELA 17-05",[RMK],existing,active,ad,2.10000642,32716,0.15949383,,472.94494118,791,578,0.59790764,,14.45607474,"Compras no site",78.82415686,36,0.00758534,6,2.24694231,"Valor de conversão da compra no site",1062.68,2026-01-01,2026-05-25
"[C] [LM - PRINCIPAL][EX. BASE] [ADV. +] [CBO]","AD - LUCIANA MOFU 2 — Cópia — Cópia","[EXCLUSÃO BASE] [ADV. +]",prospecting,inactive,ad,1.32743578,32712,0.27353876,,704.42024373,416,361,1.69331789,,21.53400109,"Compras no site",100.63146339,21,0.01682692,7,1.70635357,"Valor de conversão da compra no site",1201.99,2026-01-01,2026-05-25
"[C] [JEJOOM] [CBO]","AD - INGRID 1","[CAMPANHA AQUISIÇÃO]",existing,inactive,ad,1.78659845,32475,0.37364126,,1212.94741943,580,460,2.09128865,,37.35018997,"Compras no site",55.13397361,134,0.03793103,22,4.29184309,"Valor de conversão da compra no site",5205.78,2026-01-01,2026-05-25
"[C] [LM - RMKT] [ADV. ABO]","AD - BOFU 3","[RMKT LARANJA MORO-REATIVAÇÃO BASE QUENTE]",prospecting,not_delivering,ad,1.40527421,32133,0,,711.73174491,214,163,3.32584928,,22.14955793,"Compras no site",88.96646811,24,0.03738318,8,1.77722858,"Valor de conversão da compra no site",1264.91,2026-01-01,2026-05-25
"[C] [TONS] [PB DR]","AD - TOFU — Cópia","[PUBLICO ENG.] [DR]",engaged,active,ad,1.65960423,32037,0.45640978,,800.46145915,832,569,0.9620931,,24.98553108,"Compras no site",72.76922356,85,0.01322115,11,2.36669733,"Valor de conversão da compra no site",1894.45,2026-01-01,2026-05-25
"[C] [LM - TESTE] [ABO]","ADS 2","Evelyn Regly BM - LM",existing,not_delivering,ad,3.57426848,32004,0.08133358,,442.46914973,233,164,1.89900923,,13.82543275,"Compras no site",34.03608844,28,0.05579399,13,6.54558629,"Valor de conversão da compra no site",2896.22,2026-01-01,2026-05-25
"[C] [TONS] [PB DR]",tons_dr-ursinho_video-reels_10-07-2025_esse-foi-produto-que-a-mamae,"[PUBLICO ENG.] [DR]",engaged,inactive,ad,1.8740449,31885,0.26993884,,1055.60490512,511,397,2.06576302,,33.10663024,"Compras no site",95.96408228,70,0.02152642,11,2.69181205,"Valor de conversão da compra no site",2841.49,2026-01-01,2026-05-25
"[C] [VARIOS PRODUTO] [ABO] [BID]","AD - RAIZA MOFU","[VINAGRE] [RMKT]",engaged,inactive,ad,2.27538407,31844,0.21790604,,1451.21261081,857,699,1.69336361,,45.57256032,"Compras no site",85.36544769,86,0.01983664,17,2.50568385,"Valor de conversão da compra no site",3636.28,2026-01-01,2026-05-25
"[C] [LM - TESTE] [ABO]","AD -  EVELYN","[TESTE PB FECHADO]",prospecting,active,ad,1.32868334,31717,0.09304159,,507.78932016,232,173,2.18874707,,16.01000473,"Compras no site",101.55786403,21,0.02155172,5,1.82047941,"Valor de conversão da compra no site",924.42,2026-01-01,2026-05-25
"[C] [LM - PRINCIPAL][EX. BASE] [ADV. +] [CBO]","AD - TOFU","[MI RUBACK]",prospecting,inactive,ad,1.99641148,31711,0.10302419,,249.3262041,137,97,1.8198993,,7.86245164,"Compras no site",249.3262041,8,0.00729927,1,0.63499142,"Valor de conversão da compra no site",158.32,2026-01-01,2026-05-25
"[C] [TONS] [PB DR]",tons4_rmkt_20-10-2025,rmkt_tons_estáticos_visitantes-engajado-compradores_max-conv_cpa35_02-09-2025_7,prospecting,not_delivering,ad,1.4958471,31697,0,,1035.38983152,471,416,2.1982799,,32.66523114,"Compras no site",64.71186447,96,0.03397028,16,3.34939546,"Valor de conversão da compra no site",3467.93,2026-01-01,2026-05-25
"[C] [VARIOS PRODUTO] [ABO] [BID]","AD - TOFU — Cópia","[VINAGRE] [RMKT]",existing,active,ad,1.61588115,31542,0.39734322,,1305.55210446,871,667,1.49891172,,41.39091067,"Compras no site",68.71326866,101,0.02181401,19,3.43731972,"Valor de conversão da compra no site",4487.6,2026-01-01,2026-05-25
"[C] [LM - PRINCIPAL][EX. BASE] [ADV. +] [CBO]","AD - EVELYN",[EVELIN],prospecting,inactive,ad,1.10857345,31356,0.15154994,,280.4,177,168,1.58418079,,8.94246715,"Compras no site",56.08,23,0.02824859,5,2.54111983,"Valor de conversão da compra no site",712.53,2026-01-01,2026-05-25
"[C] [LM - PRINCIPAL][EX. BASE] [ADV. +] [CBO]","ADS - SABRINA","[AQUISIÇÃO]  [ADV. +]",prospecting,inactive,ad,1.30580339,31321,0.31346381,,1190.67702619,290,227,4.10578285,,38.01529409,"Compras no site",108.24336602,50,0.03793103,11,1.64852429,"Valor de conversão da compra no site",1962.86,2026-01-01,2026-05-25
"[C] [TONS] [PB DR]",tons_dr-ursinho-melasma4-13-10-2025,"[PUBLICO ENG.] [DR]",existing,inactive,ad,2.15950031,31289,0.29406501,,1856.57613113,962,722,1.92991282,,59.33638439,"Compras no site",68.76207893,108,0.02806653,27,3.54962013,"Valor de conversão da compra no site",6590.14,2026-01-01,2026-05-25
"[C] [LM - TESTE] [ABO]","ADS 4","Influ Leka - LM TESTE TRAVA DE CPA",prospecting,archived,ad,1.19169976,31213,0.38205235,,432.24,310,228,1.39432258,,13.84807612,"Compras no site",61.74857143,63,0.02258065,7,2.39410975,"Valor de conversão da compra no site",1034.83,2026-01-01,2026-05-25
"[C] [TONS] [PB DR]","AD - TOFU — Cópia","[PUBLICO ENG.] [DR]",existing,active,ad,1.85752656,31121,0.4238617,,819.85228917,691,448,1.1864722,,26.34402137,"Compras no site",68.3210241,74,0.01736614,12,3.81128411,"Valor de conversão da compra no site",3124.69,2026-01-01,2026-05-25
"[C] [LM - TESTE] [ABO]","AD - ORG 2 TOFU","Conj - Vm",engaged,inactive,ad,1.837359,31112,0,,662.86600975,371,279,1.78670083,,21.30579872,"Compras no site",220.95533658,31,0.00808625,3,0.66585101,"Valor de conversão da compra no site",441.37,2026-01-01,2026-05-25
"[C] [LM - PRINCIPAL][EX. BASE] [ADV. +] [CBO]","AD - BOFU 1","[EXCLUSÃO BASE] [ADV. +]",prospecting,inactive,ad,1.52458292,31071,0.00115864,,358.80168863,104,75,3.45001624,,11.54779983,"Compras no site",179.40084432,3,0.01923077,2,0.7315183,"Valor de conversão da compra no site",262.47,2026-01-01,2026-05-25
"[C] [LM - TESTE] [ABO]","AD - MOFU","[TOFU] [TIK TOK] [EXCLUSAÕ BASE] [BID 60] - TESTE ATÉ 20-05",prospecting,inactive,ad,1.35470924,31054,0.27751658,,268.81136569,124,78,2.16783359,,8.65625574,"Compras no site",268.81136569,6,0.00806452,1,0.44242921,"Valor de conversão da compra no site",118.93,2026-01-01,2026-05-25
"[C] [JEJOOM] [CBO]","AD - MORGANA TOFU","[CAMPANHA AQUISIÇÃO]",engaged,active,ad,3.58657734,31049,0.02937293,,419.6226178,592,263,0.70882199,,13.51485129,"Compras no site",46.62473531,21,0.0152027,9,3.87853259,"Valor de conversão da compra no site",1627.52,2026-01-01,2026-05-25
"[C] [LM - PRINCIPAL][EX. BASE] [ADV. +] [CBO]","ADS - ANA ELISA","[AQUISIÇÃO]  [ADV. +]",prospecting,inactive,ad,1.46194933,30929,0.16676905,,498.69,197,162,2.53142132,,16.12370267,"Compras no site",62.33625,29,0.04060914,8,3.14389701,"Valor de conversão da compra no site",1567.83,2026-01-01,2026-05-25
"[C] [LM - TESTE] [ABO]","ADS 3","Influ Evelyn - Vm 2",existing,not_delivering,ad,1.86767726,30925,0.30231205,,1032.02,737,563,1.40029851,,33.37170574,"Compras no site",68.80133333,62,0.02035278,15,3.13615046,"Valor de conversão da compra no site",3236.57,2026-01-01,2026-05-25
"[C] [JEJOOM] [CBO]","AD - RMKT","[CAMPANHA AQUISIÇÃO]",existing,inactive,ad,3.11009359,30905,0,,626.29380967,202,150,3.1004644,,20.26512893,"Compras no site",62.62938097,28,0.04950495,10,3.58636788,"Valor de conversão da compra no site",2246.12,2026-01-01,2026-05-25
"[C] [TONS] [PB DR]","tons1_rmkt_20-10-2025 — Cópia","[PUBLICO ENG.] [DR]",engaged,inactive,ad,2.92529824,30897,0,,740.66391925,347,257,2.13447815,,23.97203351,"Compras no site",74.06639192,63,0.02881844,10,2.96077606,"Valor de conversão da compra no site",2192.94,2026-01-01,2026-05-25
"[C] [TONS] [PB DR]","AD - TOFU 3","TONS TESTE",prospecting,not_delivering,ad,1.25676562,30650,0.33141925,,1347.31601036,923,647,1.45971399,,43.95810801,"Compras no site",96.23685788,66,0.01516793,14,2.25782962,"Valor de conversão da compra no site",3042.01,2026-01-01,2026-05-25
"[C] [TONS] [PB DR]","AD - TOFU","[PUBLICO ENG.] [DR]",existing,inactive,ad,2.44612052,30486,0.33644952,,1754.88718808,1719,1205,1.02087678,,57.56370754,"Compras no site",83.56605658,94,0.0122164,21,2.73742383,"Valor de conversão da compra no site",4803.87,2026-01-01,2026-05-25
"[C] [LM - TESTE] [ABO]","AD - EVELYN TOFU",EVELIN,existing,inactive,ad,1.35782605,30380,0.35753785,,1071.42225183,465,354,2.30413387,,35.26735523,"Compras no site",59.52345844,78,0.03870968,18,3.10075696,"Valor de conversão da compra no site",3322.22,2026-01-01,2026-05-25
"[C] [TONS] [PB DR]","AD - BOFU 5","TONS TESTE",existing,not_delivering,ad,2.41421861,30325,0.24217642,,1713.68721037,595,385,2.88014657,,56.51070768,"Compras no site",55.28023259,103,0.05210084,31,4.1238039,"Valor de conversão da compra no site",7066.91,2026-01-01,2026-05-25
"[C] [VARIOS PRODUTO] [ABO] [BID]","AD12 - PAULA","[VINAGRE] [RMKT]",prospecting,inactive,ad,1.39395336,30246,0.30678437,,1226.18362892,503,408,2.43774081,,40.54035671,"Compras no site",153.27295362,61,0.01590457,8,1.27537178,"Valor de conversão da compra no site",1563.84,2026-01-01,2026-05-25
"[C] [LM - TESTE] [ABO]","AD - MI MOFU","[TOFU] [TIK TOK] [EXCLUSAÕ BASE] [BID 60] - TESTE ATÉ 20-05",prospecting,inactive,ad,1.88933501,30116,0.15181299,,287.68641496,220,129,1.30766552,,9.55261041,"Compras no site",287.68641496,3,0.00454545,1,0.9787393,"Valor de conversão da compra no site",281.57,2026-01-01,2026-05-25
"[C] [LM - TESTE] [ABO]","AD - EVELYN TOFU",EVELIN,prospecting,active,ad,1.25927168,30050,0.29168053,,397.99322155,176,119,2.26132512,,13.24436677,"Compras no site",79.59864431,13,0.02840909,5,2.44310694,"Valor de conversão da compra no site",972.34,2026-01-01,2026-05-25
"[C] [LM - TESTE] [ABO]","AD - RMK EVELYN",EVELIN,prospecting,active,ad,1.64269256,29943,0,,481.41832111,189,157,2.54718688,,16.07782524,"Compras no site",40.11819343,33,0.06349206,12,4.84829907,"Valor de conversão da compra no site",2334.06,2026-01-01,2026-05-25
"[C] [LM - TESTE] [ABO]","AD - RMK NIVER 4","[BM] [ANA ELISA]",engaged,inactive,ad,2.59586892,29785,0.08735941,,356.99953923,163,78,2.19018122,,11.98588347,"Compras no site",59.4999232,10,0.03680982,6,1.86412005,"Valor de conversão da compra no site",665.49,2026-01-01,2026-05-25
"[C] [TONS] [PB DR]","AD - TOFU","[PUBLICO ENG.] [DR]",engaged,inactive,ad,1.98868127,29693,0.24477149,,1367.7805449,522,409,2.62026924,,46.06407385,"Compras no site",62.17184295,86,0.04214559,22,3.22439884,"Valor de conversão da compra no site",4410.27,2026-01-01,2026-05-25
"[C] [LM - PRINCIPAL][EX. BASE] [ADV. +] [CBO]","AD - JADE TOFU — Cópia — Cópia","[AQUISIÇÃO]  [ADV. +]",prospecting,inactive,ad,1.12272055,29614,0.36182211,,572.86791025,220,206,2.60394505,,19.34449619,"Compras no site",143.21697756,14,0.01818182,4,1.10315134,"Valor de conversão da compra no site",631.96,2026-01-01,2026-05-25
"[C] [LM - RMKT] [ADV. ABO]","AD - EVELYN NIVER 2 — Cópia","[RMKT LARANJA MORO-REATIVAÇÃO BASE QUENTE]",engaged,not_delivering,ad,1.57260507,29598,0.27775525,,784.09690287,346,244,2.26617602,,26.4915502,"Compras no site",41.26825805,50,0.05491329,19,4.21254055,"Valor de conversão da compra no site",3303.04,2026-01-01,2026-05-25
"[C] [LM - RMKT] [ADV. ABO]","AD - BOFU 3","[RMKT LARANJA MORO-REATIVAÇÃO BASE QUENTE]",existing,not_delivering,ad,1.70176146,29563,0,,910.76265784,198,152,4.5998114,,30.80751811,"Compras no site",75.89688815,31,0.06060606,12,2.48796981,"Valor de conversão da compra no site",2265.95,2026-01-01,2026-05-25
"[C] [LM - PRINCIPAL][EX. BASE] [ADV. +] [CBO]","AD - BOFU","[EXCLUSÃO BASE] [ADV. +]",existing,inactive,ad,1.67709339,29542,0.08056327,,450.17312559,93,64,4.84057124,,15.23841059,"Compras no site",75.02885427,21,0.06451613,6,2.47004971,"Valor de conversão da compra no site",1111.95,2026-01-01,2026-05-25
"[C] [LM - TESTE] [ABO]","AD - LUCIANA MOFU","[BM JADE]",engaged,inactive,ad,1.56821206,29462,0.1935035,,553.17365559,355,299,1.55823565,,18.77583516,"Compras no site",32.5396268,61,0.04788732,17,5.8257655,"Valor de conversão da compra no site",3222.66,2026-01-01,2026-05-25
"[C] [JEJOOM] [CBO]","ADS - LARI 1 24-12","[CAMPANHA AQUISIÇÃO]",existing,inactive,ad,2.27701238,29419,0.16927836,,1138.90118902,360,311,3.16361441,,38.713117,"Compras no site",56.94505945,108,0.05555556,20,3.18319099,"Valor de conversão da compra no site",3625.34,2026-01-01,2026-05-25
"[C] [LM - TESTE] [ABO]","AD1 - 07/12 — Cópia","Influ Larissa Lemos - Lm",prospecting,archived,ad,1.21373383,29376,0.26354847,,341.09,301,199,1.13318937,,11.61117919,"Compras no site",85.2725,26,0.01328904,4,1.86123897,"Valor de conversão da compra no site",634.85,2026-01-01,2026-05-25
"[C] [LM - TESTE] [ABO]","AD - MOFU teste ate 08-05","[TOFU] [TIK TOK] [EXCLUSAÕ BASE] [BID 60] - TESTE ATÉ 20-05",engaged,inactive,ad,1.65167464,29342,0.39850726,,387.84951934,427,257,0.90831269,,13.21823732,"Compras no site",77.56990387,31,0.0117096,5,1.69717885,"Valor de conversão da compra no site",658.25,2026-01-01,2026-05-25
"[C] [LM - RMKT] [ADV. ABO]","AD - MOFU ANA ELISA — Cópia","[RMKT LARANJA MORO-REATIVAÇÃO BASE QUENTE]",engaged,active,ad,2.14381001,29248,0.30473879,,1128.53871043,807,652,1.39843706,,38.58515832,"Compras no site",80.60990789,64,0.0173482,14,2.28406875,"Valor de conversão da compra no site",2577.66,2026-01-01,2026-05-25
"[C] [LM - TESTE] [ABO]","AD - JADE TOFU — Cópia","Lm Perfil Novo",prospecting,not_delivering,ad,1.83105481,29198,0.79567094,,375.18868165,10934,5591,0.03431395,,12.84980758,,,13,0,,,,,2026-01-01,2026-05-25
"[C] [LM - TESTE] [ABO]","ADS 4","Influ Evelyn - Vm",engaged,not_delivering,ad,1.40879259,29193,0.31528106,,672.48054916,648,491,1.03777863,,23.03567804,"Compras no site",61.13459538,64,0.01697531,11,3.20944599,"Valor de conversão da compra no site",2158.29,2026-01-01,2026-05-25
"[C] [LM - TESTE] [ABO]","AD - JADE MOFU 2","[BM JADE]",engaged,inactive,ad,2.27530017,29183,0.19014495,,508.09492471,424,340,1.19833709,,17.41064746,"Compras no site",101.61898494,22,0.01179245,5,1.89653538,"Valor de conversão da compra no site",963.62,2026-01-01,2026-05-25
"[C] [LM - TESTE] [ABO]","AD - LUCIANA MOFU","teste aquisição ate dia 15  - Lm",prospecting,inactive,ad,1.50701745,29099,0.08099935,,219.27276841,103,72,2.12886183,,7.53540563,"Compras no site",73.0909228,8,0.02912621,3,2.40285195,"Valor de conversão da compra no site",526.88,2026-01-01,2026-05-25
"[C] [VARIOS PRODUTO] [ABO] [BID]",AD8,"[VINAGRE] [RMKT]",engaged,inactive,ad,1.95727709,28954,0,,489.95259864,322,233,1.52159192,,16.9217586,"Compras no site",97.99051973,34,0.01552795,5,1.83764716,"Valor de conversão da compra no site",900.36,2026-01-01,2026-05-25
"[C] [LM - TESTE] [ABO]","AD - LUCIANA MOFU","[BM JADE]",existing,inactive,ad,1.74981858,28935,0.17034733,,554.77406096,287,244,1.93301067,,19.17311425,"Compras no site",55.4774061,43,0.03484321,10,3.14008913,"Valor de conversão da compra no site",1742.04,2026-01-01,2026-05-25
"[C] [LM - TESTE] [ABO]","ADS DANI","Conj. - Q10",engaged,not_delivering,ad,3.47071531,28918,0.00089909,,397.53860081,163,72,2.43888712,,13.74709872,"Compras no site",66.25643347,19,0.03680982,6,3.0028782,"Valor de conversão da compra no site",1193.76,2026-01-01,2026-05-25
"[C] [LM - RMKT] [ADV. ABO]","ADS2- EVELYN","[RMKT LARANJA MORO-REATIVAÇÃO BASE QUENTE]",prospecting,inactive,ad,1.39967081,28913,0.19527548,,703.86489444,336,301,2.094836,,24.34423596,"Compras no site",63.98771768,60,0.0327381,11,2.67326871,"Valor de conversão da compra no site",1881.62,2026-01-01,2026-05-25
"[C] [LM - TESTE] [ABO]","ADS1 - Q10","Conj. - Q10",engaged,inactive,ad,2.19311707,28868,0,,439.21326193,308,178,1.42601708,,15.21453727,"Compras no site",109.80331548,14,0.01298701,4,2.2534611,"Valor de conversão da compra no site",989.75,2026-01-01,2026-05-25
"[C] [LM - PRINCIPAL][EX. BASE] [ADV. +] [CBO]","ADS - RAIZA 3","LP - 1",existing,archived,ad,2.73641717,28809,0.11524176,,673.12548091,264,192,2.54971773,,23.36511093,"Compras no site",48.08039149,62,0.0530303,14,5.22615783,"Valor de conversão da compra no site",3517.86,2026-01-01,2026-05-25
"[C] [LM - TESTE] [ABO]","AD - BOFU 3 — Cópia","[HIBRIDO] [ESTATICO ORG.] [BID 60]",prospecting,inactive,ad,1.38050722,28796,0,,203.50503731,116,95,1.75435377,,7.06712867,"Compras no site",67.83501244,13,0.02586207,3,3.09387919,"Valor de conversão da compra no site",629.62,2026-01-01,2026-05-25
"[C] [LM - TESTE] [ABO]","AD - EVELYN TOFU","[TESTE PB FECHADO]",prospecting,active,ad,1.13546242,28692,0.40310888,,741.95012369,448,310,1.65613867,,25.85912881,"Compras no site",92.74376546,37,0.01785714,8,1.89023488,"Valor de conversão da compra no site",1402.46,2026-01-01,2026-05-25
"[C] [VARIOS PRODUTO] [ABO] [BID]",AD6,"[VINAGRE] [RMKT]",prospecting,inactive,ad,1.72945122,28363,0,,815.82539087,222,165,3.67488915,,28.76372002,"Compras no site",74.16594462,44,0.04954955,11,2.32877037,"Valor de conversão da compra no site",1899.87,2026-01-01,2026-05-25
"[C] [LM - TESTE] [ABO]","AD - LIS TOFU","Conj - Vm",prospecting,inactive,ad,1.40347222,28294,0.31427158,,1361.61949943,600,491,2.26936583,,48.12396619,"Compras no site",123.78359086,63,0.01833333,11,1.3751125,"Valor de conversão da compra no site",1872.38,2026-01-01,2026-05-25
"[C] [TONS] [PB DR]","AD - BOFU — Cópia","[PUBLICO ENG.] [DR]",engaged,active,ad,2.21406752,28267,0,,985.24207068,418,320,2.35703845,,34.85485091,"Compras no site",46.91628908,75,0.05023923,21,4.97945647,"Valor de conversão da compra no site",4905.97,2026-01-01,2026-05-25
"[C] [JEJOOM] [CBO]","AD - MORGANA TOFU","[CAMPANHA AQUISIÇÃO]",engaged,active,ad,2.52373262,28127,0.31560422,,353.8144861,1466,1087,0.24134685,,12.5791761,"Compras no site",70.76289722,26,0.00341064,5,2.79248035,"Valor de conversão da compra no site",988.02,2026-01-01,2026-05-25
"[C] [VARIOS PRODUTO] [ABO] [BID]","[Criativo 2 Digestino] — Cópia","[DIGESTINO] [RMKT]",engaged,not_delivering,ad,2.34388309,28068,0,,266.98997884,243,156,1.09872419,,9.5122552,"Compras no site",133.49498942,15,0.00823045,2,2.02925219,"Valor de conversão da compra no site",541.79,2026-01-01,2026-05-25
"[C] [JEJOOM] [CBO]","AD - RMKT PERFIL DENA + JEJOOM",[RMK],prospecting,active,ad,1.3204222,28022,0,,265.50987133,75,57,3.54013162,,9.47505072,"Compras no site",132.75493567,6,0.02666667,2,1.21882474,"Valor de conversão da compra no site",323.61,2026-01-01,2026-05-25
"[C] [TONS] [PB DR]","tons 3 - 25-11","[PUBLICO ENG.] [DR]",existing,inactive,ad,1.33927374,27956,0.40767635,,1193.7156107,516,429,2.31340235,,42.69980007,"Compras no site",47.74862443,101,0.04844961,25,4.11486618,"Valor de conversão da compra no site",4911.98,2026-01-01,2026-05-25
"[C] [LM - RMKT] [ADV. ABO]","[VERÃO 3] [BOFU]","[RMKT LARANJA MORO-REATIVAÇÃO BASE QUENTE]",prospecting,not_delivering,ad,1.86889305,27925,0,,688.92025886,207,170,3.32811719,,24.67037632,"Compras no site",68.89202589,47,0.04830918,10,2.26963858,"Valor de conversão da compra no site",1563.6,2026-01-01,2026-05-25
"[C] [LM - TESTE] [ABO]","AD - JESSICA","Arte Organica - Digestino",prospecting,not_delivering,ad,1.39459621,27924,0.13561811,,229.2886878,160,124,1.4330543,,8.21116917,"Compras no site",76.4295626,6,0.01875,3,2.95208633,"Valor de conversão da compra no site",676.88,2026-01-01,2026-05-25
"[C] [LM - TESTE] [ABO]","AD - ISA MOFU","teste aquisição ate dia 15  - Lm",engaged,inactive,ad,2.01932962,27893,0.21618327,,484.94285544,277,180,1.75069623,,17.38582639,"Compras no site",69.27755078,11,0.02527076,7,2.18112297,"Valor de conversão da compra no site",1057.72,2026-01-01,2026-05-25
"[C] [LM - PRINCIPAL][EX. BASE] [ADV. +] [CBO]","V - LUCIANA MOFU LP OLD","[EXCLUSÃO BASE] [ADV. +]",prospecting,active,ad,1.18340834,27874,0.17733372,,381.53976125,225,176,1.69573227,,13.68801612,"Compras no site",95.38494031,21,0.01777778,4,2.24422219,"Valor de conversão da compra no site",856.26,2026-01-01,2026-05-25
"[C] [TONS] [PB DR]","tons1_rmkt_20-10-2025 — Cópia","LP NOVA",prospecting,inactive,ad,1.92107079,27844,0,,508.52957183,183,146,2.77885012,,18.26352434,"Compras no site",63.56619648,22,0.04371585,8,4.17198943,"Valor de conversão da compra no site",2121.58,2026-01-01,2026-05-25
"[C] [LM - TESTE] [ABO]","ADS1 - 18-02 — Cópia","Carrossel - Lm",prospecting,inactive,ad,1.69426791,27725,0,,554.48750229,243,211,2.28184157,,19.99954923,"Compras no site",79.21250033,18,0.02880658,7,2.59484658,"Valor de conversão da compra no site",1438.81,2026-01-01,2026-05-25
"[C] [LM - RMKT] [ADV. ABO]","ADSS - ORGANICO","[RMKT LARANJA MORO-REATIVAÇÃO BASE QUENTE]",existing,inactive,ad,2.79161206,27690,0,,761.02937768,220,129,3.45922444,,27.48390674,"Compras no site",63.41911481,37,0.05454545,12,3.14096942,"Valor de conversão da compra no site",2390.37,2026-01-01,2026-05-25
"[C] [LM - TESTE] [ABO]","AD - ISA MOFU","teste aquisição ate dia 15  - Lm",engaged,inactive,ad,1.82531646,27398,0.14548507,,576.54184628,241,193,2.39228982,,21.04320922,"Compras no site",82.3631209,24,0.02904564,7,1.77787615,"Valor de conversão da compra no site",1025.02,2026-01-01,2026-05-25
"[C] [TONS] [PB DR]","ADS - DR 2","[PUBLICO ENG.] [DR]",engaged,inactive,ad,1.9519526,27341,0.19490875,,847.88561994,482,364,1.7590988,,31.01150726,"Compras no site",56.525708,62,0.03112033,15,3.96105314,"Valor de conversão da compra no site",3358.52,2026-01-01,2026-05-25
"[C] [LM - TESTE] [ABO]","ADS 2","Evelyn Regly - LM",existing,not_delivering,ad,3.29074837,27175,0.0949402,,547.39,427,236,1.28194379,,20.14314627,"Compras no site",54.739,24,0.0234192,10,4.52595042,"Valor de conversão da compra no site",2477.46,2026-01-01,2026-05-25
"[C] [VARIOS PRODUTO] [ABO] [BID]","ADS1 - VM — Cópia","[VINAGRE] [RMKT]",existing,inactive,ad,2.60501056,27139,0,,1113.16301106,318,233,3.50051261,,41.01709757,"Compras no site",61.8423895,66,0.05660377,18,3.83754217,"Valor de conversão da compra no site",4271.81,2026-01-01,2026-05-25
"[C] [LM - TESTE] [ABO]","ADS 5","Evelyn Regly BM - LM",engaged,not_delivering,ad,1.87298958,27134,0.15677747,,739.87577532,298,240,2.48280462,,27.267479,"Compras no site",56.91352118,40,0.04362416,13,2.80544393,"Valor de conversão da compra no site",2075.68,2026-01-01,2026-05-25
"[C] [LM - RMKT] [ADV. ABO]","AD - ISA MOFU","[RMKT LARANJA MORO-REATIVAÇÃO BASE QUENTE]",engaged,inactive,ad,1.33658271,27011,0.46469957,,940.57267423,471,418,1.99696958,,34.8218383,"Compras no site",104.50807491,53,0.01910828,9,1.66851541,"Valor de conversão da compra no site",1569.36,2026-01-01,2026-05-25
"[C] [VARIOS PRODUTO] [ABO] [BID]","AD11 - EVELYN","[VINAGRE] [RMKT]",engaged,inactive,ad,2.59045516,26977,0.24565371,,464.64200475,461,297,1.00790023,,17.22363512,"Compras no site",58.08025059,40,0.01735358,8,5.45415605,"Valor de conversão da compra no site",2534.23,2026-01-01,2026-05-25
"[C] [LM - RMKT] [ADV. ABO]","ADS - ISA NOGUEIRA","[RMKT LARANJA MORO-REATIVAÇÃO BASE QUENTE]",prospecting,inactive,ad,1.21692978,26826,0.27931857,,753.88879553,316,266,2.38572404,,28.10291492,"Compras no site",188.47219888,27,0.01265823,4,0.98440248,"Valor de conversão da compra no site",742.13,2026-01-01,2026-05-25
"[C] [TONS] [PB DR]","AD - TOFU","[PUBLICO ENG.] [DR]",prospecting,inactive,ad,1.24541135,26734,0.19884791,,854.12359329,396,338,2.15687776,,31.94896362,"Compras no site",122.01765618,71,0.01767677,7,1.78098347,"Valor de conversão da compra no site",1521.18,2026-01-01,2026-05-25
"[C] [LM - RMKT] [ADV. ABO]","AD - NIVER 4","[RMKT LARANJA MORO-REATIVAÇÃO BASE QUENTE]",existing,not_delivering,ad,2.02235062,26602,0.23945568,,1467.55,567,434,2.5882716,,55.16690474,"Compras no site",73.3775,62,0.03527337,20,2.78547239,"Valor de conversão da compra no site",4087.82,2026-01-01,2026-05-25
"[C] [LM - TESTE] [ABO]","ADS 4 — Cópia","teste aquisição ate dia 15  - Lm",existing,not_delivering,ad,3.33056604,26478,0.13180754,,399.29547718,152,113,2.62694393,,15.08027333,"Compras no site",39.92954772,20,0.06578947,10,3.99889328,"Valor de conversão da compra no site",1596.74,2026-01-01,2026-05-25
"[C] [LM - PRINCIPAL][EX. BASE] [ADV. +] [CBO]","AD - BOFU 3","[EXCLUSÃO BASE] [ADV. +]",prospecting,inactive,ad,1.19608111,26309,0,,286.39267032,90,49,3.18214078,,10.88572999,,,2,0,,,,,2026-01-01,2026-05-25
"[C] [LM - PRINCIPAL][EX. BASE] [ADV. +] [CBO]","ADS - JESSICA 2","[AQUISIÇÃO]  [ADV. +]",engaged,inactive,ad,1.55495581,26215,0.36170132,,999.21471303,250,211,3.99685885,,38.11614393,"Compras no site",71.3724795,37,0.056,14,2.37610593,"Valor de conversão da compra no site",2374.24,2026-01-01,2026-05-25
"[C] [LM - TESTE] [ABO]",AD1,"Influ Vitoria - Lm",existing,not_delivering,ad,2.50579225,26173,0.14457647,,268.58,338,129,0.79461538,,10.26172009,"Compras no site",44.76333333,11,0.01775148,6,4.3240003,"Valor de conversão da compra no site",1161.34,2026-01-01,2026-05-25
"[C] [VARIOS PRODUTO] [ABO] [BID]","ADS 1 — Cópia","[VINAGRE] [RMKT]",existing,inactive,ad,2.08920564,26090,0.19896512,,1571.55272123,920,715,1.70820948,,60.2358268,"Compras no site",56.1268829,85,0.03043478,28,4.77167574,"Valor de conversão da compra no site",7498.94,2026-01-01,2026-05-25
"[C] [LM - TESTE] [ABO]","AD - MOFU ate 14-05 — Cópia","[TOFU] [TIK]",prospecting,active,ad,1.21532796,26070,0.24376678,,270.90721196,287,193,0.94392757,,10.39153095,"Compras no site",270.90721196,1,0.00348432,1,0.95198647,"Valor de conversão da compra no site",257.9,2026-01-01,2026-05-25
"[C] [TONS] [PB DR]",AD8,"[PUBLICO ABERTO]",engaged,inactive,ad,1.2243233,25963,0.34880407,,908.01810765,886,767,1.02485114,,34.97354341,"Compras no site",69.84754674,121,0.01467269,13,3.02148159,"Valor de conversão da compra no site",2743.56,2026-01-01,2026-05-25
"[C] [LM - TESTE] [ABO]","AD - JADE TOFU","[BM JADE]",existing,inactive,ad,2.3720377,25924,0.12683228,,271.7478422,178,113,1.52667327,,10.48248118,"Compras no site",45.29130703,15,0.03370787,6,4.66285211,"Valor de conversão da compra no site",1267.12,2026-01-01,2026-05-25
"[C] [VARIOS PRODUTO] [ABO] [BID]","AD11 - EVELYN","[VINAGRE] [RMKT]",existing,inactive,ad,1.73989797,25921,0.36318043,,1144.92,871,640,1.31448909,,44.16959222,"Compras no site",63.60666667,73,0.0206659,18,3.79156622,"Valor de conversão da compra no site",4341.04,2026-01-01,2026-05-25
"[C] [LM - PRINCIPAL][EX. BASE] [ADV. +] [CBO]","AD - LARI MOFU — Cópia","[AQUISIÇÃO]  [ADV. +]",prospecting,inactive,ad,1.17266057,25890,0.37334878,,533.88239647,420,388,1.27114856,,20.62118179,"Compras no site",76.26891378,28,0.01666667,7,2.30378452,"Valor de conversão da compra no site",1229.95,2026-01-01,2026-05-25
"[C] [LM - TESTE] [ABO]",AD2,"Arte - Organica Tons ###",prospecting,inactive,ad,1.86710963,25852,0,,513.67,177,121,2.9020904,,19.86964258,"Compras no site",102.734,18,0.02824859,5,2.04711196,"Valor de conversão da compra no site",1051.54,2026-01-01,2026-05-25
"[C] [TONS] [PB DR]","AD - DR URSINHO 18-05 — Cópia","LP NOVA",prospecting,not_delivering,ad,1.12813346,25832,0.25054196,,409.44,515,409,0.79502913,,15.85010839,"Compras no site",68.24,40,0.01165049,6,3.5371483,"Valor de conversão da compra no site",1448.25,2026-01-01,2026-05-25
"[C] [LM - PRINCIPAL][EX. BASE] [ADV. +] [CBO]","AD - ANA MOFU","[EXCLUSÃO BASE] [ADV. +]",prospecting,inactive,ad,1.33409079,25832,0.15016259,,647.3943438,350,239,1.84969813,,25.06171972,"Compras no site",107.8990573,25,0.01714286,6,1.83009013,"Valor de conversão da compra no site",1184.79,2026-01-01,2026-05-25
"[C] [JEJOOM] [CBO]","AD - RMKT PERFIL LARI + DENA",[RMK],engaged,active,ad,3.16973943,25789,0.00019388,,226.69818354,310,120,0.73128446,,8.79049919,"Compras no site",45.33963671,20,0.01612903,5,5.21684815,"Valor de conversão da compra no site",1182.65,2026-01-01,2026-05-25
"[C] [LM - TESTE] [ABO]","AD - NIVER — Cópia","Conj - Vm",existing,inactive,ad,2.55488409,25789,0,,893.70979364,287,226,3.11397141,,34.65468974,"Compras no site",42.55760922,59,0.07317073,21,5.33478545,"Valor de conversão da compra no site",4767.75,2026-01-01,2026-05-25
"[C] [LM - TESTE] [ABO]","AD - JESSICA","Arte Organica - Digestino",existing,not_delivering,ad,2.50427517,25774,0.18817413,,328.84694796,515,364,0.63853776,,12.7588635,"Compras no site",65.76938959,13,0.00970874,5,3.03879968,"Valor de conversão da compra no site",999.3,2026-01-01,2026-05-25
"[C] [JEJOOM] [CBO]","ADS - LARI 6","[CAMPANHA AQUISIÇÃO]",existing,inactive,ad,3.04695446,25762,0.11435448,,603.44002441,274,180,2.20233586,,23.42364818,"Compras no site",67.0488916,33,0.03284672,9,2.85776536,"Valor de conversão da compra no site",1724.49,2026-01-01,2026-05-25
"[C] [TONS] [PB DR]","AD - TOFU","[PUBLICO ENG.] [DR]",existing,inactive,ad,2.41128427,25685,0.20650185,,1493.22390964,376,294,3.97134019,,58.13602919,"Compras no site",53.32942534,106,0.07446809,28,4.50898888,"Valor de conversão da compra no site",6732.93,2026-01-01,2026-05-25
"[C] [LM - PRINCIPAL][EX. BASE] [ADV. +] [CBO]","ADS - ORGANICO LM 2","[AQUISIÇÃO]  [ADV. +]",existing,inactive,ad,1.55843919,25641,0,,750.17,172,116,4.36145349,,29.25665926,"Compras no site",57.70538462,39,0.0755814,13,3.54298359,"Valor de conversão da compra no site",2657.84,2026-01-01,2026-05-25
"[C] [LM - TESTE] [ABO]","AD - ANA MOFU","[BM] [ANA ELISA]",prospecting,inactive,ad,1.76013211,25580,0.10695856,,292.59313963,128,95,2.2858839,,11.43835573,"Compras no site",292.59313963,10,0.0078125,1,0.71269614,"Valor de conversão da compra no site",208.53,2026-01-01,2026-05-25
"[C] [LM - TESTE] [ABO]","ADS 1","Influ Raiza",prospecting,archived,ad,1.53166076,25519,0.16626827,,591.8765513,173,152,3.42125174,,23.19356367,"Compras no site",98.64609188,27,0.03468208,6,1.61609714,"Valor de conversão da compra no site",956.53,2026-01-01,2026-05-25
"[C] [TONS] [PB DR]",tons_dr-ursinho-melasma1-13-10-2025,"[PUBLICO ENG.] [DR]",existing,inactive,ad,1.54026602,25476,0.4015544,,887.20679821,548,363,1.61899051,,34.82520012,"Compras no site",55.45042489,64,0.02919708,16,4.46274759,"Valor de conversão da compra no site",3959.38,2026-01-01,2026-05-25
"[C] [LM - TESTE] [ABO]",AD1,"[TOFU] [TIK TOK] [EXCLUSAÕ BASE] [BID 60] - TESTE ATÉ 20-05",existing,inactive,ad,2.25028794,25399,0.09842907,,257.7441634,221,98,1.16626318,,10.14780753,"Compras no site",42.95736057,16,0.02714932,6,3.54048754,"Valor de conversão da compra no site",912.54,2026-01-01,2026-05-25
"[C] [LM - RMKT] [ADV. ABO]","AD - RMKT DANI — Cópia","[RMKT LARANJA MORO-REATIVAÇÃO BASE QUENTE]",prospecting,active,ad,1.60051889,25293,0.03079904,,872.75882302,257,209,3.39594873,,34.50594327,"Compras no site",87.2758823,28,0.03891051,10,2.50615627,"Valor de conversão da compra no site",2187.27,2026-01-01,2026-05-25
"[C] [JEJOOM] [CBO]","ADS - MORGANA 1 24-12 — Cópia","[CAMPANHA AQUISIÇÃO]",prospecting,inactive,ad,1.46290388,25219,0.35727031,,624.83491524,269,222,2.32280638,,24.77635573,"Compras no site",39.0521822,50,0.05947955,16,5.85903558,"Valor de conversão da compra no site",3660.93,2026-01-01,2026-05-25
"[C] [LM - TESTE] [ABO]","AD - JADE JEJOOM TOFU","[BM JADE]",prospecting,inactive,ad,1.59492386,25136,0.13212126,,215.32196454,208,187,1.03520175,,8.56627803,"Compras no site",215.32196454,25,0.00480769,1,0.69147614,"Valor de conversão da compra no site",148.89,2026-01-01,2026-05-25
"[C] [LM - PRINCIPAL][EX. BASE] [ADV. +] [CBO]","AD - TOFU","[MI RUBACK]",existing,inactive,ad,2.63461942,25129,0.13987823,,256.20609935,417,246,0.61440312,,10.1956345,"Compras no site",85.40203312,8,0.00719424,3,2.30810274,"Valor de conversão da compra no site",591.35,2026-01-01,2026-05-25
"[C] [TONS] [PB DR]","AD - TOFU","[PUBLICO ENG.] [DR]",existing,inactive,ad,1.64043916,25102,0.23595729,,2040.32448179,572,476,3.56700084,,81.28135136,"Compras no site",102.01622409,115,0.03496503,20,2.50961553,"Valor de conversão da compra no site",5120.43,2026-01-01,2026-05-25
"[C] [LM - PRINCIPAL][EX. BASE] [ADV. +] [CBO]","ADS - SABRINA TOPO","[AQUISIÇÃO]  [ADV. +]",prospecting,inactive,ad,1.45253825,25065,0.14641931,,545.34,173,82,3.15225434,,21.75703172,,,5,0,,,,,2026-01-01,2026-05-25
"[C] [TONS] [PB DR]","TESTE VIDEO COMENTARIO","[PUBLICO ENG.] [DR]",existing,inactive,ad,2.35338346,25040,0.14177316,,744.72114389,413,282,1.8031989,,29.74125974,"Compras no site",82.74679377,64,0.02179177,9,4.28015241,"Valor de conversão da compra no site",3187.52,2026-01-01,2026-05-25
"[C] [LM - TESTE] [ABO]","ADS 5","Influ Leka - LM TESTE TRAVA DE CPA",prospecting,archived,ad,1.48109231,24949,0.35271955,,341.24,142,92,2.40309859,,13.6775021,"Compras no site",85.31,21,0.02816901,4,2.87782792,"Valor de conversão da compra no site",982.03,2026-01-01,2026-05-25
"[C] [LM - TESTE] [ABO]","ADS 1","[BM] [ANA ELISA]",existing,inactive,ad,4.54922566,24675,0.22346505,,441.04015323,854,573,0.51644046,,17.87396771,"Compras no site",63.00573618,24,0.00819672,7,3.13195973,"Valor de conversão da compra no site",1381.32,2026-01-01,2026-05-25
"[C] [TONS] [PB DR]",tons3_rmkt_20-10-2025,rmkt_tons_estáticos_visitantes-engajado-compradores_max-conv_cpa35_02-09-2025_7,prospecting,not_delivering,ad,1.56253566,24649,0,,503.94028184,291,229,1.73175355,,20.44465422,"Compras no site",83.99004697,47,0.02061856,6,2.59889921,"Valor de conversão da compra no site",1309.69,2026-01-01,2026-05-25
"[C] [LM - PRINCIPAL][EX. BASE] [ADV. +] [CBO]",AD3,"TESTE RACHEL ATE 21-03",engaged,archived,ad,2.07721487,24642,0.14572681,,401.04,511,185,0.78481409,,16.27465303,"Compras no site",133.68,11,0.00587084,3,1.05251346,"Valor de conversão da compra no site",422.1,2026-01-01,2026-05-25
"[C] [LM - TESTE] [ABO]","AD - JADE TOFU 19-05 BM JADE + DENA","[BM JADE]",existing,inactive,ad,1.88371023,24573,0.15948399,,383.58639707,193,114,1.98749429,,15.61007598,"Compras no site",95.89659927,12,0.02072539,4,2.24614326,"Valor de conversão da compra no site",861.59,2026-01-01,2026-05-25
"[C] [LM - TESTE] [ABO]","AD - MOFU ate 14-05","[TOFU] [TIK TOK] [EXCLUSAÕ BASE] [BID 60] - TESTE ATÉ 20-05",prospecting,inactive,ad,1.20116331,24368,0.29624918,,309.59003847,177,123,1.74909626,,12.70477834,,,3,0,,,,,2026-01-01,2026-05-25
"[C] [LM - TESTE] [ABO]","ADS1 - 18-02 — Cópia","Carrossel - Lm",prospecting,inactive,ad,1.3339543,24346,0,,414.42,332,283,1.24825301,,17.02209809,"Compras no site",103.605,35,0.01204819,4,2.14695237,"Valor de conversão da compra no site",889.74,2026-01-01,2026-05-25
"[C] [LM - TESTE] [ABO]","AD - JADE TOFU","[BM JADE]",engaged,inactive,ad,2.07051009,24314,0.14053632,,303.95514159,241,192,1.26122465,,12.50123968,"Compras no site",43.42216308,25,0.02904564,7,3.67636485,"Valor de conversão da compra no site",1117.45,2026-01-01,2026-05-25
"[C] [LM - TESTE] [ABO]","AD - JADE TOFU","[BM JADE]",existing,inactive,ad,1.98729925,24253,0.25951429,,351.64,231,154,1.52225108,,14.49882489,"Compras no site",175.82,9,0.00865801,2,0.67074281,"Valor de conversão da compra no site",235.86,2026-01-01,2026-05-25
"[C] [LM - TESTE] [ABO]","AD - ANA MOFU","[BM] [ANA ELISA]",existing,inactive,ad,2.40931764,24151,0.10322554,,246.50718631,119,45,2.07148896,,10.20691426,"Compras no site",123.25359315,8,0.01680672,2,2.2664248,"Valor de conversão da compra no site",558.69,2026-01-01,2026-05-25
"[C] [LM - PRINCIPAL][EX. BASE] [ADV. +] [CBO]","ADS - RAIZA 3","LP - TOPO LM",prospecting,archived,ad,1.59682435,24136,0.12404707,,539.27062174,202,176,2.66965654,,22.34299891,"Compras no site",44.93921848,36,0.05940594,12,3.76953596,"Valor de conversão da compra no site",2032.8,2026-01-01,2026-05-25
"[C] [TONS] [PB DR]","AD - TOFU","[PUBLICO ENG.] [DR]",engaged,inactive,ad,1.35050562,24039,0.38046508,,668.827059,519,363,1.28868412,,27.82258243,"Compras no site",133.7654118,41,0.00963391,5,1.82896308,"Valor de conversão da compra no site",1223.26,2026-01-01,2026-05-25
"[C] [LM - TESTE] [ABO]","ADS. VIDEO INFLU — Cópia","teste aquisição ate dia 15  - Lm",engaged,inactive,ad,1.52218907,23976,0.36724224,,479.067994,473,317,1.01282874,,19.98114756,"Compras no site",59.88349925,22,0.01691332,8,2.82485997,"Valor de conversão da compra no site",1353.3,2026-01-01,2026-05-25
"[C] [LM - TESTE] [ABO]",ADS,"Conj. - Q10",prospecting,not_delivering,ad,1.79780929,23963,0.21524851,,229.59099911,121,47,1.89744627,,9.58106243,"Compras no site",229.59099911,2,0.00826446,1,0.7397067,"Valor de conversão da compra no site",169.83,2026-01-01,2026-05-25
"[C] [TONS] [PB DR]","tons_dr-ursinho_video-reels_18-08-2026 — Cópia","LP NOVA",prospecting,inactive,ad,1.04879758,23943,0.36549305,,808.96,837,779,0.9664994,,33.78691058,"Compras no site",50.56,57,0.01911589,16,4.19586877,"Valor de conversão da compra no site",3394.29,2026-01-01,2026-05-25
"[C] [LM - TESTE] [ABO]","AD - LIS TOFU","Conj - Vm",existing,inactive,ad,1.78649417,23889,0.2508686,,1264.61167243,360,282,3.5128102,,52.93698658,"Compras no site",54.98311619,71,0.06388889,23,3.92026272,"Valor de conversão da compra no site",4957.61,2026-01-01,2026-05-25
"[C] [LM - TESTE] [ABO]","ADS 1","Influ Raiza 2",prospecting,not_delivering,ad,1.34877415,23876,0.27927626,,601.87,137,124,4.39321168,,25.20815882,"Compras no site",100.31166667,34,0.04379562,6,1.26598767,"Valor de conversão da compra no site",761.96,2026-01-01,2026-05-25
"[C] [LM - PRINCIPAL][EX. BASE] [ADV. +] [CBO]","AD - MOFU teste ate 08-05 — Cópia — Cópia","[AQUISIÇÃO]  [ADV. +]",engaged,inactive,ad,1.38438735,23817,0.44380065,,605.92974894,370,258,1.63764797,,25.44106096,"Compras no site",75.74121862,27,0.02162162,8,2.35075106,"Valor de conversão da compra no site",1424.39,2026-01-01,2026-05-25
"[C] [LM - TESTE] [ABO]","AD - NIVER 2","[HIBRIDO] [ESTATICO ORG.] [BID 60]",existing,inactive,ad,1.95003277,23806,0.00075611,,241.56,187,122,1.29176471,,10.14702176,"Compras no site",80.52,8,0.01604278,3,2.17755423,"Valor de conversão da compra no site",526.01,2026-01-01,2026-05-25
"[C] [LM - TESTE] [ABO]","ADS 2 - NOVO VM","Evelyn Regly BM - LM",prospecting,not_delivering,ad,1.60758723,23773,0.18857527,,283.73334209,188,154,1.5092199,,11.93510882,"Compras no site",47.28889035,34,0.03191489,6,3.39593505,"Valor de conversão da compra no site",963.54,2026-01-01,2026-05-25
"[C] [LM - TESTE] [ABO]","Criativo 1 29/12","Influ Maritza 0",prospecting,archived,ad,1.53175325,23589,0.11869939,,295.64524166,137,81,2.15799446,,12.53318249,"Compras no site",98.54841389,9,0.02189781,3,1.57097066,"Valor de conversão da compra no site",464.45,2026-01-01,2026-05-25
"[C] [LM - TESTE] [ABO]","ADS 3","Conj - Vm",engaged,inactive,ad,1.78482163,23565,0.26008912,,808.51836982,734,531,1.10152366,,34.31013664,"Compras no site",269.50612327,31,0.00408719,3,0.9754262,"Valor de conversão da compra no site",788.65,2026-01-01,2026-05-25
"[C] [TONS] [PB DR]","AD - TOFU","[PUBLICO ENG.] [DR]",engaged,inactive,ad,2.29913776,23465,0.30253569,,1123.01843436,1606,1088,0.69926428,,47.85929829,"Compras no site",43.19301671,69,0.01618929,26,5.68824144,"Valor de conversão da compra no site",6388,2026-01-01,2026-05-25
"[C] [LM - TESTE] [ABO]","AD - MOFU ANA ELISA","[BM] [ANA ELISA]",engaged,not_delivering,ad,2.66091497,23440,0.13596416,,460.57181068,496,278,0.9285722,,19.64896803,"Compras no site",32.89798648,38,0.02822581,14,5.96295721,"Valor de conversão da compra no site",2746.37,2026-01-01,2026-05-25
"[C] [LM - TESTE] [ABO]","Video 3 Larissa Lemos - 29/12","Influ Larissa Lemos - Lm",engaged,archived,ad,2.97697201,23399,0.18364033,,571.62347257,202,159,2.82981917,,24.42939752,"Compras no site",51.96577023,43,0.05445545,11,5.27089972,"Valor de conversão da compra no site",3012.97,2026-01-01,2026-05-25
"[C] [TONS] [PB DR]","AD2 - VERAO",rmkt_tons_estáticos_visitantes-engajado-compradores_max-conv_cpa35_02-09-2025_7,engaged,inactive,ad,2.12403528,23118,0,,534.05393648,237,189,2.25339214,,23.10121708,"Compras no site",53.40539365,46,0.04219409,10,4.29846097,"Valor de conversão da compra no site",2295.61,2026-01-01,2026-05-25
"[C] [LM - TESTE] [ABO]",ADS,"Conj. - Q10",engaged,not_delivering,ad,2.61879392,23103,0,,393.81069464,202,126,1.94955789,,17.04586827,"Compras no site",32.81755789,29,0.05940594,12,6.87954907,"Valor de conversão da compra no site",2709.24,2026-01-01,2026-05-25
"[C] [TONS] [PB DR]","AD - SHOOTING TOFU","[PUBLICO ENG.] [DR]",prospecting,inactive,ad,1.41359009,23050,0.23466377,,942.91834809,322,262,2.92831785,,40.90752052,"Compras no site",157.15305801,34,0.01863354,6,1.39090516,"Valor de conversão da compra no site",1311.51,2026-01-01,2026-05-25
"[C] [LM - TESTE] [ABO]","AD - JADE TOFU 19-05 BM JADE + DENA — Cópia — Cópia","[BM JADE]",prospecting,inactive,ad,1.37475392,23045,0.1013235,,163.91939514,98,64,1.67264689,,7.11301346,,,5,0,,,,,2026-01-01,2026-05-25
"[C] [JEJOOM] [CBO]","ADS - LARISSA 07/01","[PUBLICO LARISSA]",engaged,archived,ad,2.13742229,23035,0.17308444,,625.85206918,401,332,1.56072835,,27.16961446,"Compras no site",78.23150865,99,0.01995012,8,2.62323971,"Valor de conversão da compra no site",1641.76,2026-01-01,2026-05-25
"[C] [LM - TESTE] [ABO]","AD 1 DAI","[DAI - DUDA - ANA]",prospecting,active,ad,1.22645956,22898,0.13018604,,171.38582945,85,48,2.01630388,,7.48475105,"Compras no site",171.38582945,1,0.01176471,1,1.10639252,"Valor de conversão da compra no site",189.62,2026-01-01,2026-05-25
"[C] [LM - TESTE] [ABO]","ADS 6 — Cópia","teste aquisição ate dia 15  - Lm",engaged,inactive,ad,1.64026142,22839,0.19725032,,412.33492927,223,180,1.84903556,,18.0539835,"Compras no site",41.23349293,23,0.04484305,10,3.67034149,"Valor de conversão da compra no site",1513.41,2026-01-01,2026-05-25
"[C] [LM - TESTE] [ABO]","ADS - LARISSA — Cópia","Influ Larissa L 3",prospecting,archived,ad,1.43015354,22728,0.33790919,,557.02319945,267,198,2.08622921,,24.50823651,"Compras no site",69.62789993,35,0.02996255,8,2.53488544,"Valor de conversão da compra no site",1411.99,2026-01-01,2026-05-25
"[C] [LM - TESTE] [ABO]","AD - JADE TOFU","[BM JADE]",engaged,inactive,ad,1.78822233,22714,0.26578322,,395.24,270,195,1.46385185,,17.40072202,"Compras no site",98.81,18,0.01481481,4,2.14274871,"Valor de conversão da compra no site",846.9,2026-01-01,2026-05-25
"[C] [LM - TESTE] [ABO]",AD2,"Influ Vitoria - Lm",prospecting,inactive,ad,1.55993951,22694,0.09350489,,199.79299523,70,40,2.85418565,,8.80378052,"Compras no site",99.89649761,8,0.02857143,2,2.62551747,"Valor de conversão da compra no site",524.56,2026-01-01,2026-05-25
"[C] [LM - TESTE] [ABO]","AD - RMK NIVER 2","[BM] [ANA ELISA]",engaged,inactive,ad,2.30348259,22687,0.15731476,,286.05008639,170,79,1.68264757,,12.60854615,"Compras no site",31.78334293,32,0.05294118,9,6.41999457,"Valor de conversão da compra no site",1836.44,2026-01-01,2026-05-25
"[C] [LM - TESTE] [ABO]","AD - BOFU 2 — Cópia","[HIBRIDO] [ESTATICO ORG.] [BID 60]",prospecting,inactive,ad,1.22219227,22668,4.412E-5,,129.58,60,32,2.15966667,,5.71642845,"Compras no site",129.58,5,0.01666667,1,0.526856,"Valor de conversão da compra no site",68.27,2026-01-01,2026-05-25
"[C] [LM - PRINCIPAL][EX. BASE] [ADV. +] [CBO]","AD - TOFU","[AQUISIÇÃO]  [ADV. +]",prospecting,inactive,ad,1.39582178,22650,0.20450331,,550.76,165,131,3.33793939,,24.31611479,"Compras no site",91.79333333,19,0.03636364,6,1.84303508,"Valor de conversão da compra no site",1015.07,2026-01-01,2026-05-25
"[C] [TONS] [PB DR]","ADS 3 - 18-02","[PUBLICO ENG.] [DR]",existing,archived,ad,2.70557283,22624,0,,649.02573762,200,144,3.24512869,,28.6874884,"Compras no site",72.11397085,33,0.045,9,2.88752802,"Valor de conversão da compra no site",1874.08,2026-01-01,2026-05-25
"[C] [TONS] [PB DR]",tons2_rmkt_20-10-2025-pagdenavita,rmkt_tons_estáticos_visitantes-engajado-compradores_max-conv_cpa35_02-09-2025_7,existing,not_delivering,ad,3.15870787,22490,0,,802.52949559,260,205,3.08665191,,35.68383707,"Compras no site",34.89258676,93,0.08846154,23,7.06555962,"Valor de conversão da compra no site",5670.32,2026-01-01,2026-05-25
"[C] [LM - RMKT] [ADV. ABO]","Rmkt Dani - 1","[RMKT LARANJA MORO-REATIVAÇÃO BASE QUENTE]",existing,not_delivering,ad,2.69151486,22458,0,,1168.59286664,184,143,6.35104819,,52.03459198,"Compras no site",77.90619111,59,0.08152174,15,2.28803382,"Valor de conversão da compra no site",2673.78,2026-01-01,2026-05-25
"[C] [LM - TESTE] [ABO]",ADS4,"Influ Sabrina - Vm [Teste até 13-03]",prospecting,archived,ad,1.42962488,22295,0.27965912,,916.0753044,352,299,2.60248666,,41.0888228,"Compras no site",83.27957313,44,0.03125,11,2.13416953,"Valor de conversão da compra no site",1955.06,2026-01-01,2026-05-25
"[C] [LM - RMKT] [ADV. ABO]","AD - ISA MOFU","[RMKT LARANJA MORO-REATIVAÇÃO BASE QUENTE]",existing,inactive,ad,1.28429561,22244,0.46385542,,910.93258996,355,311,2.5660073,,40.95183375,"Compras no site",56.93328687,34,0.04507042,16,3.82380655,"Valor de conversão da compra no site",3483.23,2026-01-01,2026-05-25
"[C] [LM - TESTE] [ABO]","AD - MOFU ANA ELISA REFAÇÃO 17-05","[BM] [ANA ELISA]",prospecting,inactive,ad,1.33425381,22226,0.08436066,,190.19138119,72,58,2.64154696,,8.55715744,"Compras no site",190.19138119,5,0.01388889,1,0.76175902,"Valor de conversão da compra no site",144.88,2026-01-01,2026-05-25
"[C] [LM - TESTE] [ABO]","AD - EVELYN TOFU","Evelyn Regly BM - LM",engaged,inactive,ad,1.25731127,22184,0.35886224,,567.97699136,392,323,1.4489209,,25.60300177,"Compras no site",51.63427194,40,0.02806122,11,4.65258283,"Valor de conversão da compra no site",2642.56,2026-01-01,2026-05-25
"[C] [TONS] [PB DR]","AD - TOFU","[PUBLICO ENG.] [DR]",existing,inactive,ad,1.9865942,21932,0.31976108,,992.79356025,549,376,1.80836714,,45.26689587,"Compras no site",58.39962119,56,0.03096539,17,3.453578,"Valor de conversão da compra no site",3428.69,2026-01-01,2026-05-25
"[C] [TONS] [PB DR]",tons2_rmkt_20-10-2025-pagdenavita,rmkt_tons_estáticos_visitantes-engajado-compradores_max-conv_cpa35_02-09-2025_7,engaged,not_delivering,ad,2.87832149,21881,0,,526.4162286,219,178,2.40372707,,24.05814307,"Compras no site",52.64162286,68,0.0456621,10,4.9660893,"Valor de conversão da compra no site",2614.23,2026-01-01,2026-05-25
"[C] [LM - TESTE] [ABO]","AD - BOFU — Cópia","[HIBRIDO] [ESTATICO ORG.] [BID 60]",engaged,inactive,ad,1.86918152,21604,0.08540085,,249.58615093,74,45,3.37278582,,11.55277499,"Compras no site",83.19538364,14,0.04054054,3,2.30637797,"Valor de conversão da compra no site",575.64,2026-01-01,2026-05-25
"[C] [LM - TESTE] [ABO]","AD - PROMO — Cópia","Conj - Vm",engaged,inactive,ad,2.30367051,21590,0.20231589,,675.51535987,511,370,1.32194787,,31.2883446,"Compras no site",51.96271999,53,0.02544031,13,4.49847654,"Valor de conversão da compra no site",3038.79,2026-01-01,2026-05-25
"[C] [TONS] [PB DR]","AD - TOFU","[PUBLICO ENG.] [DR]",existing,inactive,ad,1.3299505,21492,0.36501954,,656.06768743,500,396,1.31213537,,30.52613472,"Compras no site",65.60676874,41,0.02,10,2.80500021,"Valor de conversão da compra no site",1840.27,2026-01-01,2026-05-25
"[C] [LM - RMKT] [ADV. ABO]","AD - EVELYN NIVER — Cópia","[RMKT LARANJA MORO-REATIVAÇÃO BASE QUENTE]",prospecting,not_delivering,ad,1.16905241,21479,0.29014386,,562.92675067,172,148,3.27282995,,26.20823831,"Compras no site",62.54741674,37,0.05232558,9,2.53556968,"Valor de conversão da compra no site",1427.34,2026-01-01,2026-05-25
"[C] [LM - TESTE] [ABO]","AD - NURR 2","Conj - Vm",existing,inactive,ad,1.99072442,21462,0.32187121,,1438.92447271,420,327,3.42601065,,67.04521819,"Compras no site",89.93277954,44,0.03809524,16,3.11301259,"Valor de conversão da compra no site",4479.39,2026-01-01,2026-05-25
"[C] [LM - TESTE] [ABO]","AD - MOFU ANA ELISA","[BM] [ANA ELISA]",existing,not_delivering,ad,1.71902815,21438,0.15495848,,335.31620408,236,143,1.42083137,,15.64120739,"Compras no site",67.06324082,12,0.02118644,5,3.48775271,"Valor de conversão da compra no site",1169.5,2026-01-01,2026-05-25
"[C] [LM - TESTE] [ABO]","ADS 3","Influ Raiza 3 - LM TESTE TRAVA DE CPA",prospecting,archived,ad,1.87365568,21429,0.14807037,,475.0346567,123,91,3.86207038,,22.16784062,"Compras no site",118.75866418,31,0.03252033,4,1.15806287,"Valor de conversão da compra no site",550.12,2026-01-01,2026-05-25
"[C] [LM - PRINCIPAL][EX. BASE] [ADV. +] [CBO]","AD -TOFU PRI","[AQUISIÇÃO]  [ADV. +]",existing,inactive,ad,1.89124668,21390,0.1740533,,477.11655616,304,199,1.56946236,,22.30558935,"Compras no site",39.75971301,30,0.03947368,12,5.5368022,"Valor de conversão da compra no site",2641.7,2026-01-01,2026-05-25
"[C] [LM - TESTE] [ABO]","AD - MOFU ANA ELISA — Cópia","[TESTE PB FECHADO ANA ELISA]",prospecting,active,ad,1.47708578,21369,0.18737423,,476.9223382,189,141,2.52339861,,22.31842099,"Compras no site",119.23058455,23,0.02116402,4,1.67503163,"Valor de conversão da compra no site",798.86,2026-01-01,2026-05-25
"[C] [TONS] [PB DR]","AD2 - VERAO",rmkt_tons_estáticos_visitantes-engajado-compradores_max-conv_cpa35_02-09-2025_7,existing,inactive,ad,2.50645843,21345,0,,589.1164044,208,138,2.83229041,,27.59973785,"Compras no site",53.55603676,56,0.05288462,11,4.96076833,"Valor de conversão da compra no site",2922.47,2026-01-01,2026-05-25
"[C] [LM - PRINCIPAL][EX. BASE] [ADV. +] [CBO]","ADS - ISA 2","[AQUISIÇÃO]  [ADV. +]",existing,inactive,ad,1.47137629,21307,0.31581171,,816.89276933,283,229,2.88654689,,38.33917348,"Compras no site",68.07439744,25,0.04240283,12,2.96244512,"Valor de conversão da compra no site",2420,2026-01-01,2026-05-25
"[C] [LM - RMKT] [ADV. ABO]","AD - RMKT DANI — Cópia","[RMKT LARANJA MORO-REATIVAÇÃO BASE QUENTE]",existing,active,ad,1.90541387,21293,0.0201005,,954.19961764,311,252,3.06816597,,44.81283134,"Compras no site",53.01108987,51,0.05787781,18,5.04822043,"Valor de conversão da compra no site",4817.01,2026-01-01,2026-05-25
"[C] [TONS] [PB DR]",AD10,"[PUBLICO ENG.] [DR]",existing,inactive,ad,2.07027818,21210,0.28297973,,1011.62535362,792,597,1.27730474,,47.6956791,"Compras no site",36.12947692,87,0.03535354,28,6.19844093,"Valor de conversão da compra no site",6270.5,2026-01-01,2026-05-25
"[C] [LM - TESTE] [ABO]",AD3,"Influ Mi Ruback - Vm",existing,archived,ad,2.06721376,21160,0.28771267,,1192.46698414,502,377,2.37543224,,56.35477241,"Compras no site",56.7841421,85,0.04183267,21,3.80653725,"Valor de conversão da compra no site",4539.17,2026-01-01,2026-05-25
"[C] [LM - TESTE] [ABO]",AD3,"Influ Adeli - Lm",prospecting,not_delivering,ad,1.44150246,21069,0.10095401,,220.56,83,53,2.6573494,,10.46846077,"Compras no site",110.28,6,0.02409639,2,2.04533914,"Valor de conversão da compra no site",451.12,2026-01-01,2026-05-25
"[C] [LM - RMKT] [ADV. ABO]","AD - EVELYN NIVER 2 — Cópia","[RMKT LARANJA MORO-REATIVAÇÃO BASE QUENTE]",existing,not_delivering,ad,1.48483994,21058,0.26821161,,620.57754876,282,188,2.20062961,,29.46991874,"Compras no site",88.65393554,33,0.0248227,7,1.7287928,"Valor de conversão da compra no site",1072.85,2026-01-01,2026-05-25
"[C] [LM - TESTE] [ABO]","ADS 2","Evelyn Regly - LM",engaged,not_delivering,ad,2.32276943,21035,0.08390777,,348.81,224,124,1.5571875,,16.58236273,"Compras no site",87.2025,18,0.01785714,4,2.58590637,"Valor de conversão da compra no site",901.99,2026-01-01,2026-05-25
"[C] [TONS] [PB DR]",tons2_rmkt_01-09-2025,rmkt_tons_estáticos_visitantes-engajado-compradores_max-conv_cpa35_02-09-2025_7,existing,not_delivering,ad,2.31275448,21016,0,,803.32779553,312,230,2.57476858,,38.22458106,"Compras no site",47.25457621,74,0.05448718,17,4.86446507,"Valor de conversão da compra no site",3907.76,2026-01-01,2026-05-25
"[C] [LM - TESTE] [ABO]","ADS - TOFU — Cópia","teste aquisição ate dia 15  - Lm",prospecting,not_delivering,ad,1.28975634,21014,0.1355287,,246.25964969,107,91,2.30149205,,11.71883743,"Compras no site",41.04327495,17,0.05607477,6,4.47584491,"Valor de conversão da compra no site",1102.22,2026-01-01,2026-05-25
"[C] [LM - TESTE] [ABO]",AD3,"Arte - Organica Tons ###",engaged,inactive,ad,2.32767798,20991,4.764E-5,,406.74038598,191,137,2.12953082,,19.37689419,"Compras no site",67.79006433,35,0.03141361,6,4.33522232,"Valor de conversão da compra no site",1763.31,2026-01-01,2026-05-25
"[C] [LM - TESTE] [ABO]","AD - TOFU","[TOFU] [TIK + ORG ] [ABERTO]",prospecting,inactive,ad,1.32827866,20935,0.11258658,,276.9,119,96,2.32689076,,13.22665393,"Compras no site",138.45,13,0.01680672,2,1.21935717,"Valor de conversão da compra no site",337.64,2026-01-01,2026-05-25
"[C] [LM - TESTE] [ABO]","ADS 5","Evelyn Regly BM - LM",existing,not_delivering,ad,1.85330725,20846,0.1393073,,627.64248385,215,166,2.91926737,,30.10853324,"Compras no site",104.60708064,31,0.02790698,6,2.36214093,"Valor de conversão da compra no site",1482.58,2026-01-01,2026-05-25
"[C] [TONS] [PB DR]","AD - REFAÇAO","[PUBLICO ENG.] [DR]",existing,active,ad,1.58287991,20655,0.42154442,,1057.95100242,429,326,2.46608625,,51.2200921,"Compras no site",58.77505569,60,0.04195804,18,3.38523239,"Valor de conversão da compra no site",3581.41,2026-01-01,2026-05-25
"[C] [VARIOS PRODUTO] [ABO] [BID]","AD - ORG 2 TOFU/MOFU","[VINAGRE] [RMKT]",prospecting,inactive,ad,1.32837359,20623,0,,588.97505432,266,228,2.21419193,,28.55913564,"Compras no site",84.13929347,24,0.02631579,7,2.29831466,"Valor de conversão da compra no site",1353.65,2026-01-01,2026-05-25
"[C] [LM - TESTE] [ABO]",AD3,"Arte - Organica Tons ###",existing,inactive,ad,2.46956626,20611,4.852E-5,,499.97818214,187,125,2.67368012,,24.25783233,"Compras no site",41.66484851,30,0.06417112,12,5.83061442,"Valor de conversão da compra no site",2915.18,2026-01-01,2026-05-25
"[C] [LM - PRINCIPAL][EX. BASE] [ADV. +] [CBO]","AD - ISA MOFU — Cópia — Cópia","[EXCLUSÃO BASE] [ADV. +]",prospecting,inactive,ad,1.25795226,20604,0.28203262,,316.32453067,169,149,1.87174279,,15.35257866,"Compras no site",105.44151022,6,0.01775148,3,2.16717306,"Valor de conversão da compra no site",685.53,2026-01-01,2026-05-25
"[C] [TONS] [PB DR]","tons_dr-ursinho-bruna2-06-11-2025 — Cópia","[PUBLICO ENG.] [DR]",engaged,inactive,ad,1.19336311,20570,0.48157511,,803.94476619,490,375,1.6407036,,39.08336248,"Compras no site",160.78895324,47,0.01020408,5,0.91517481,"Valor de conversão da compra no site",735.75,2026-01-01,2026-05-25
"[C] [LM - TESTE] [ABO]","AD - MOFU ate 14-05","[TOFU] [TIK TOK] [EXCLUSAÕ BASE] [BID 60] - TESTE ATÉ 20-05",existing,not_delivering,ad,2.2660267,20537,0.21619516,,327.51181452,242,156,1.35335461,,15.94740296,"Compras no site",81.87795363,10,0.01652893,4,2.22242364,"Valor de conversão da compra no site",727.87,2026-01-01,2026-05-25
"[C] [LM - TESTE] [ABO]","AD - MOFU ANA ELISA — Cópia","[TESTE PB FECHADO ANA ELISA]",existing,active,ad,1.74579153,20534,0.18286744,,706.33144594,267,206,2.64543613,,34.39814191,"Compras no site",58.86095383,56,0.04494382,12,4.08175229,"Valor de conversão da compra no site",2883.07,2026-01-01,2026-05-25
"[C] [LM - RMKT] [ADV. ABO]","AD - JADE TOFU","[RMKT LARANJA MORO-REATIVAÇÃO BASE QUENTE]",existing,inactive,ad,1.34469647,20512,0.38011895,,796.74329772,354,270,2.25068728,,38.84278948,"Compras no site",88.52703308,33,0.02542373,9,2.07100581,"Valor de conversão da compra no site",1650.06,2026-01-01,2026-05-25
"[C] [VARIOS PRODUTO] [ABO] [BID]","ADS 1 — Cópia","[VINAGRE] [RMKT]",engaged,inactive,ad,2.11050407,20474,0.22887565,,1235.84291443,885,713,1.39643267,,60.36157636,"Compras no site",53.73230063,69,0.0259887,23,3.33853919,"Valor de conversão da compra no site",4125.91,2026-01-01,2026-05-25
"[C] [JEJOOM] [CBO]","AD1 - ORGANICO","[CAMPANHA AQUISIÇÃO]",prospecting,inactive,ad,1.3476915,20462,0,,324.29592941,146,113,2.221205,,15.84869169,"Compras no site",46.32798992,25,0.04794521,7,5.52634134,"Valor de conversão da compra no site",1792.17,2026-01-01,2026-05-25
"[C] [LM - TESTE] [ABO]","Teste - ADS 2","Evelyn Regly BM - LM",existing,not_delivering,ad,2.64922757,20407,0.07766943,,353.19554932,137,97,2.5780697,,17.30756845,"Compras no site",35.31955493,22,0.0729927,10,5.35915587,"Valor de conversão da compra no site",1892.83,2026-01-01,2026-05-25
"[C] [LM - TESTE] [ABO]","ADS 3 - NOVO VM — Cópia","Evelyn Regly BM - LM",existing,not_delivering,ad,1.72800543,20368,0.29310683,,509.69963667,213,148,2.39295604,,25.02453047,"Compras no site",56.63329296,31,0.04225352,9,3.74805054,"Valor de conversão da compra no site",1910.38,2026-01-01,2026-05-25
"[C] [LM - PRINCIPAL][EX. BASE] [ADV. +] [CBO]",AD1,"ESTUDOS CLINICOS",prospecting,archived,ad,1.44271129,20348,0.18738942,,492.28,178,150,2.76561798,,24.19304109,"Compras no site",82.04666667,31,0.03370787,6,2.32644024,"Valor de conversão da compra no site",1145.26,2026-01-01,2026-05-25
"[C] [LM - RMKT] [ADV. ABO]","ADSS - ORGANICO","[RMKT LARANJA MORO-REATIVAÇÃO BASE QUENTE]",prospecting,inactive,ad,1.48776736,20311,0,,494.07310381,131,102,3.77155041,,24.32539529,"Compras no site",82.3455173,20,0.04580153,6,1.6106321,"Valor de conversão da compra no site",795.77,2026-01-01,2026-05-25
"[C] [LM - TESTE] [ABO]","AD - ANA MOFU","[BM] [ANA ELISA]",engaged,inactive,ad,2.07041535,20288,0.12115536,,227.30967406,136,66,1.67139466,,11.20414403,"Compras no site",113.65483703,7,0.01470588,2,1.93036219,"Valor de conversão da compra no site",438.79,2026-01-01,2026-05-25
"[C] [LM - PRINCIPAL][EX. BASE] [ADV. +] [CBO]","ADS - ISA 2","[AQUISIÇÃO]  [ADV. +]",engaged,inactive,ad,1.40892297,20211,0.3291277,,717.23243147,344,282,2.084978,,35.48723128,"Compras no site",71.72324315,28,0.02906977,10,2.26183302,"Valor de conversão da compra no site",1622.26,2026-01-01,2026-05-25
"[C] [LM - TESTE] [ABO]",AD3,"[HIBRIDO] [ESTATICO ORG.] [BID 60]",engaged,inactive,ad,1.96706411,20127,0.0856064,,135.72394503,80,53,1.69654931,,6.74337681,"Compras no site",135.72394503,4,0.0125,1,1.12633036,"Valor de conversão da compra no site",152.87,2026-01-01,2026-05-25
"[C] [LM - PRINCIPAL][EX. BASE] [ADV. +] [CBO]","AD - DANI TOFU","[EXCLUSÃO BASE] [ADV. +]",prospecting,active,ad,1.17212255,20123,0.17636535,,169.96579358,113,69,1.50412207,,8.44634466,,,,0,,,,,2026-01-01,2026-05-25
"[C] [LM - TESTE] [ABO]","AD - MOFU ate 14-05 — Cópia","[TOFU] [TIK + ORG ] [ABERTO]",existing,inactive,ad,1.57819608,20122,0.40935295,,402.08496828,880,589,0.45691474,,19.98235604,"Compras no site",57.44070975,24,0.00795455,7,3.08618849,"Valor de conversão da compra no site",1240.91,2026-01-01,2026-05-25
"[C] [JEJOOM] [CBO]","ADS - LARI 6","[CAMPANHA AQUISIÇÃO]",engaged,inactive,ad,2.63996849,20106,0.13980901,,466.30229146,323,247,1.44366035,,23.19219593,"Compras no site",77.71704858,30,0.01857585,6,2.9169061,"Valor de conversão da compra no site",1360.16,2026-01-01,2026-05-25
"[C] [TONS] [PB DR]","tons_dr-ursinho-melasma1-13-10-2025 — Cópia","[PUBLICO ENG.] [DR]",prospecting,active,ad,1.20809283,20093,0.45926442,,684.72658705,383,332,1.78779788,,34.07786727,"Compras no site",342.36329352,41,0.00522193,2,0.7597485,"Valor de conversão da compra no site",520.22,2026-01-01,2026-05-25
"[C] [LM - TESTE] [ABO]","AD - NIVER","Conj. - Q10",engaged,not_delivering,ad,2.83692264,20023,0,,309.42794438,229,162,1.35121373,,15.45362555,"Compras no site",309.42794438,12,0.00436681,1,0.80965538,"Valor de conversão da compra no site",250.53,2026-01-01,2026-05-25
"[C] [VARIOS PRODUTO] [ABO] [BID]","AD - PROMO BOFU","[VINAGRE] [RMKT]",existing,inactive,ad,2.45314442,19738,0.20812646,,1142.64592761,828,642,1.38000716,,57.89066408,"Compras no site",45.7058371,92,0.03019324,25,6.24076963,"Valor de conversão da compra no site",7130.99,2026-01-01,2026-05-25
"[C] [LM - TESTE] [ABO]","AD - PRI TOFU","[BM] [MARCELA/PRI]",existing,not_delivering,ad,4.27534662,19735,0.11943248,,330.37494688,179,128,1.84567009,,16.74055976,"Compras no site",55.06249115,13,0.03351955,6,3.78978495,"Valor de conversão da compra no site",1252.05,2026-01-01,2026-05-25
"[C] [LM - TESTE] [ABO]","AD - MOFU ate 14-05 — Cópia","[TOFU] [TIK]",prospecting,active,ad,1.25615198,19704,0.3273447,,465.19680806,326,217,1.42698407,,23.60925741,"Compras no site",232.59840403,12,0.00613497,2,0.39940085,"Valor de conversão da compra no site",185.8,2026-01-01,2026-05-25
"[C] [LM - PRINCIPAL][EX. BASE] [ADV. +] [CBO]","ADS - ORGANICO LM 2","[AQUISIÇÃO]  [ADV. +]",engaged,inactive,ad,1.60165533,19545,0,,531.54,161,109,3.30149068,,27.19570223,"Compras no site",177.18,17,0.01863354,3,1.11504308,"Valor de conversão da compra no site",592.69,2026-01-01,2026-05-25
"[C] [VARIOS PRODUTO] [ABO] [BID]",AD6,"[VINAGRE] [RMKT]",existing,inactive,ad,2.64186616,19423,0,,688.70610905,207,152,3.32708265,,35.45827674,"Compras no site",62.60964628,39,0.0531401,11,3.23451465,"Valor de conversão da compra no site",2227.63,2026-01-01,2026-05-25
"[C] [LM - TESTE] [ABO]",AD6,"Arte - Organica Tons ###",engaged,inactive,ad,1.63831048,19355,0,,294.07890372,190,141,1.5477837,,15.19395008,"Compras no site",98.02630124,14,0.01578947,3,1.89245129,"Valor de conversão da compra no site",556.53,2026-01-01,2026-05-25
"[C] [LM - PRINCIPAL][EX. BASE] [ADV. +] [CBO]",AD2,"TESTE RACHEL ATE 21-03",existing,archived,ad,1.73680905,19355,0.12374064,,500.52044544,180,91,2.78066914,,25.86000751,"Compras no site",62.56505568,18,0.04444444,8,2.94079895,"Valor de conversão da compra no site",1471.93,2026-01-01,2026-05-25
"[C] [LM - TESTE] [ABO]","ADS 1","Evelyn Regly - LM",prospecting,not_delivering,ad,1.47681661,19206,0.16796834,,462.88,92,67,5.03130435,,24.10080183,"Compras no site",115.72,19,0.04347826,4,1.51374006,"Valor de conversão da compra no site",700.68,2026-01-01,2026-05-25
"[C] [JEJOOM] [CBO]","AD - MOFU PRI 17-05",[RMK],prospecting,inactive,ad,1.2747589,19166,0.28607952,,205.36,182,145,1.12835165,,10.71480747,,,19,0,,,,,2026-01-01,2026-05-25
"[C] [LM - PRINCIPAL][EX. BASE] [ADV. +] [CBO]","ADS. VIDEO INFLU — Cópia — Cópia","[AQUISIÇÃO]  [ADV. +]",existing,inactive,ad,1.3798713,19085,0.46271941,,985.8075949,629,491,1.56726168,,51.65352868,"Compras no site",65.72050633,55,0.02384738,15,3.1473383,"Valor de conversão da compra no site",3102.67,2026-01-01,2026-05-25
"[C] [TONS] [PB DR]","AD - TOFU","[PUBLICO ENG.] [DR]",existing,inactive,ad,2.64403006,19000,0.31857895,,891.33669433,1804,1263,0.49408908,,46.9124576,"Compras no site",74.27805786,65,0.00665188,12,3.12977129,"Valor de conversão da compra no site",2789.68,2026-01-01,2026-05-25
"[C] [LM - TESTE] [ABO]","ADS2- SABRINA","Conj. - Q10",existing,inactive,ad,2.78746514,18991,0.17123901,,353.07375643,314,140,1.12443871,,18.59163585,"Compras no site",58.84562607,20,0.01910828,6,3.73199643,"Valor de conversão da compra no site",1317.67,2026-01-01,2026-05-25
"[C] [LM - TESTE] [ABO]","AD - NURR 2","Conj - Vm",prospecting,inactive,ad,1.57783137,18975,0.32969697,,1262.54392445,310,269,4.07272234,,66.53722922,"Compras no site",105.2119937,43,0.03870968,12,2.0303056,"Valor de conversão da compra no site",2563.35,2026-01-01,2026-05-25
"[C] [LM - TESTE] [ABO]","AD - MOFU","teste aquisição ate dia 15  - Lm",existing,inactive,ad,2.14156695,18970,0.07522404,,237.6779102,150,104,1.5845194,,12.52914656,"Compras no site",47.53558204,14,0.03333333,5,3.99380826,"Valor de conversão da compra no site",949.24,2026-01-01,2026-05-25
"[C] [LM - PRINCIPAL][EX. BASE] [ADV. +] [CBO]","ADS - LARISSA — Cópia","[AQUISIÇÃO]  [ADV. +]",engaged,inactive,ad,1.75446387,18964,0.30278422,,470.08529927,427,299,1.10090234,,24.78829884,"Compras no site",94.01705985,26,0.0117096,5,1.95900617,"Valor de conversão da compra no site",920.9,2026-01-01,2026-05-25
"[C] [JEJOOM] [CBO]","AD - INGRID 1","[CAMPANHA AQUISIÇÃO]",engaged,inactive,ad,1.61007304,18957,0.38729757,,593.82998749,366,278,1.6224863,,31.32510352,"Compras no site",49.48583229,69,0.03278689,12,4.14233038,"Valor de conversão da compra no site",2459.84,2026-01-01,2026-05-25
"[C] [LM - TESTE] [ABO]","AD - RMK EVELYN",EVELIN,existing,active,ad,1.75812611,18877,0,,423.31403296,113,83,3.74614188,,22.42485739,"Compras no site",211.65701648,23,0.01769912,2,1.23345781,"Valor de conversão da compra no site",522.14,2026-01-01,2026-05-25
"[C] [TONS] [PB DR]","ADS 3 - 18-02","[PUBLICO ENG.] [DR]",engaged,archived,ad,2.10499719,18745,0,,564.42498972,242,192,2.33233467,,30.11069564,"Compras no site",47.03541581,32,0.04958678,12,4.92751039,"Valor de conversão da compra no site",2781.21,2026-01-01,2026-05-25
"[C] [TONS] [PB DR]","AD - SHOOTING TOFU 2","[PUBLICO ENG.] [DR]",existing,inactive,ad,1.73560768,18722,0.21354556,,922.19672525,336,257,2.74463311,,49.25738304,"Compras no site",70.93820963,44,0.03869048,13,2.85400059,"Valor de conversão da compra no site",2631.95,2026-01-01,2026-05-25
"[C] [LM - RMKT] [ADV. ABO]","AD - RMK NIVER — Cópia","[RMKT LARANJA MORO-REATIVAÇÃO BASE QUENTE]",prospecting,inactive,ad,1.43404484,18677,0.00048188,,357.94222714,139,98,2.57512394,,19.16486733,"Compras no site",51.13460388,18,0.05035971,7,2.65604315,"Valor de conversão da compra no site",950.71,2026-01-01,2026-05-25
"[C] [LM - TESTE] [ABO]","AD -1","[MOFU] [TIK TOK] - TESTE ATÉ 20-05",existing,not_delivering,ad,1.7978621,18669,0.20643848,,686.75573407,607,422,1.1313933,,36.78588752,"Compras no site",68.67557341,24,0.01647446,10,4.35920641,"Valor de conversão da compra no site",2993.71,2026-01-01,2026-05-25
"[C] [JEJOOM] [CBO]","AD - RMKT","[CAMPANHA AQUISIÇÃO]",engaged,inactive,ad,2.49051309,18639,0,,338.71206034,135,105,2.50897822,,18.17222278,"Compras no site",33.87120603,19,0.07407407,10,5.73755773,"Valor de conversão da compra no site",1943.38,2026-01-01,2026-05-25
"[C] [LM - TESTE] [ABO]","ADS 4","teste publico novo - bid",existing,not_delivering,ad,1.54089142,18634,0.18149619,,548.76256025,227,181,2.41745621,,29.44953098,"Compras no site",30.4868089,60,0.07929515,18,5.7126164,"Valor de conversão da compra no site",3134.87,2026-01-01,2026-05-25
"[C] [VARIOS PRODUTO] [ABO] [BID]","ADS1 - VM — Cópia","[VINAGRE] [RMKT]",engaged,inactive,ad,2.79364127,18628,0,,750.959016,241,174,3.11601251,,40.31345373,"Compras no site",57.76607815,34,0.05394191,13,4.53810385,"Valor de conversão da compra no site",3407.93,2026-01-01,2026-05-25
"[C] [LM - TESTE] [ABO]","AD - TOFU","Influ Sabrina - LM TESTE TRAVA DE CPA",prospecting,archived,ad,1.40037594,18625,0.09492617,,158.47,88,49,1.80079545,,8.50845638,"Compras no site",158.47,5,0.01136364,1,0.59260428,"Valor de conversão da compra no site",93.91,2026-01-01,2026-05-25
"[C] [LM - TESTE] [ABO]","AD - NIVER 4","[HIBRIDO] [ESTATICO ORG.] [BID 60]",prospecting,inactive,ad,1.2840102,18622,0.0018258,,114.24947349,61,40,1.87294219,,6.13518814,"Compras no site",57.12473675,3,0.03278689,2,2.85480528,"Valor de conversão da compra no site",326.16,2026-01-01,2026-05-25
"[C] [LM - RMKT] [ADV. ABO]","ADS - RMKT","[RMKT LARANJA MORO-REATIVAÇÃO BASE QUENTE]",existing,not_delivering,ad,2.07308636,18579,0,,833.62901735,248,186,3.36140733,,44.8694234,"Compras no site",83.36290174,47,0.04032258,10,2.17065381,"Valor de conversão da compra no site",1809.52,2026-01-01,2026-05-25
"[C] [LM - TESTE] [ABO]","CARROSSEL 1 - 18-02","Carrossel - Lm",prospecting,not_delivering,ad,1.59805441,18563,0.00490222,,449.9,242,161,1.85909091,,24.23638421,"Compras no site",112.475,21,0.01652893,4,2.27330518,"Valor de conversão da compra no site",1022.76,2026-01-01,2026-05-25
"[C] [LM - TESTE] [ABO]","ADS 1","Evelyn Regly BM - LM",prospecting,inactive,ad,1.2484677,18536,0.20020501,,200.92,120,99,1.67433333,,10.83944756,"Compras no site",200.92,14,0.00833333,1,0.49173801,"Valor de conversão da compra no site",98.8,2026-01-01,2026-05-25
"[C] [LM - PRINCIPAL][EX. BASE] [ADV. +] [CBO]",AD1,"ESTUDOS CLINICOS",existing,archived,ad,1.61950961,18362,0.20177541,,557.16,234,195,2.38102564,,30.34309988,"Compras no site",139.29,39,0.01709402,4,2.07642329,"Valor de conversão da compra no site",1156.9,2026-01-01,2026-05-25
"[C] [LM - TESTE] [ABO]","ADS 1 - Duda","Influ Duda - Lm",prospecting,archived,ad,2.17377904,18338,0.05425892,,193.54,59,38,3.28033898,,10.55404079,"Compras no site",64.51333333,9,0.05084746,3,1.86405911,"Valor de conversão da compra no site",360.77,2026-01-01,2026-05-25
"[C] [LM - RMKT] [ADV. ABO]","AD - JESSICA MOFU NIVER — Cópia","[RMKT LARANJA MORO-REATIVAÇÃO BASE QUENTE]",engaged,not_delivering,ad,1.68314917,18279,0.23923628,,877.48813613,275,225,3.19086595,,48.00525938,"Compras no site",51.61694918,50,0.06181818,17,3.91033207,"Valor de conversão da compra no site",3431.27,2026-01-01,2026-05-25
"[C] [LM - TESTE] [ABO]","ADS 1 - NOVO","Evelyn Regly BM - LM",engaged,not_delivering,ad,1.89864159,18170,0.17253715,,410.65636056,146,116,2.8127148,,22.60079034,"Compras no site",205.32818028,8,0.01369863,2,0.8674406,"Valor de conversão da compra no site",356.22,2026-01-01,2026-05-25
"[C] [TONS] [PB DR]","AD5 — Cópia","[PUBLICO ENG.] [DR]",prospecting,inactive,ad,1.38936561,18134,0,,235.32547091,168,140,1.40074685,,12.97703049,"Compras no site",235.32547091,19,0.00595238,1,1.48798172,"Valor de conversão da compra no site",350.16,2026-01-01,2026-05-25
"[C] [LM - TESTE] [ABO]",AD1,"Influ Dani - Vm",existing,not_delivering,ad,2.09716271,18109,0.12148655,,422.44794461,173,141,2.44189563,,23.32806586,"Compras no site",46.93866051,27,0.05202312,9,3.16938458,"Valor de conversão da compra no site",1338.9,2026-01-01,2026-05-25
"[C] [LM - TESTE] [ABO]","ADS 3","Influ Raiza 3 - LM TESTE TRAVA DE CPA",existing,archived,ad,3.47598843,18023,0.15191699,,306.93300882,391,140,0.78499491,,17.03007317,"Compras no site",76.73325221,19,0.01023018,4,5.82003222,"Valor de conversão da compra no site",1786.36,2026-01-01,2026-05-25
"[C] [TONS] [PB DR]",tons_sabrina_video-reels_23-09-2025,"[PUBLICO ENG.] [DR]",existing,archived,ad,1.7079344,18017,0.19048676,,761.57527373,306,204,2.48880808,,42.26981594,"Compras no site",50.77168492,51,0.04901961,15,3.59791093,"Valor de conversão da compra no site",2740.08,2026-01-01,2026-05-25
"[C] [LM - TESTE] [ABO]","AD - EVELYN TOFU","Evelyn Regly BM - LM",existing,inactive,ad,1.21264678,17969,0.37625911,,540.01960059,258,216,2.09309923,,30.0528466,"Compras no site",90.00326676,47,0.02325581,6,2.18740208,"Valor de conversão da compra no site",1181.24,2026-01-01,2026-05-25
"[C] [TONS] [PB DR]","AD - SHOOTING TOFU 2","[PUBLICO ENG.] [DR]",engaged,inactive,ad,1.70116466,17966,0.23717021,,628.95094644,394,280,1.5963222,,35.00784518,"Compras no site",157.23773661,36,0.01015228,4,1.30679508,"Valor de conversão da compra no site",821.91,2026-01-01,2026-05-25
"[C] [LM - TESTE] [ABO]","AD - RMK EVELYN LP LM1","[TESTE PB FECHADO]",prospecting,active,ad,1.41908385,17906,0,,310.54158537,125,110,2.48433268,,17.34287866,"Compras no site",310.54158537,18,0.008,1,0.89437297,"Valor de conversão da compra no site",277.74,2026-01-01,2026-05-25
"[C] [LM - PRINCIPAL][EX. BASE] [ADV. +] [CBO]","AD - TOFU LARISSA","[EXCLUSÃO BASE] [ADV. +]",prospecting,active,ad,1.23814134,17906,0.28912097,,164.71,98,46,1.68071429,,9.19859265,,,1,0,,,,,2026-01-01,2026-05-25
"[C] [LM - TESTE] [ABO]","AD -1","[MOFU] [TIK TOK] - TESTE ATÉ 20-05",prospecting,not_delivering,ad,1.45371503,17824,0.11624776,,403.04749638,151,110,2.66918872,,22.61262884,"Compras no site",201.52374819,5,0.01324503,2,0.66433858,"Valor de conversão da compra no site",267.76,2026-01-01,2026-05-25
"[C] [VARIOS PRODUTO] [ABO] [BID]","AD - MI RUBACK MOFU — Cópia","[VINAGRE] [RMKT]",existing,active,ad,1.573147,17786,0.30889464,,702.04293159,564,379,1.24475697,,39.47165926,"Compras no site",351.02146579,26,0.0035461,2,0.81613242,"Valor de conversão da compra no site",572.96,2026-01-01,2026-05-25
"[C] [LM - TESTE] [ABO]",AD3,"[TOFU] [TIK TOK] [EXCLUSAÕ BASE] [BID 60] - TESTE ATÉ 20-05",existing,inactive,ad,2.26712679,17738,0.07960311,,171.88,110,54,1.56254545,,9.68993122,"Compras no site",42.97,5,0.03636364,4,6.81393996,"Valor de conversão da compra no site",1171.18,2026-01-01,2026-05-25
"[C] [LM - PRINCIPAL][EX. BASE] [ADV. +] [CBO]","[ADS] - [TOPO 2] [27-02]","[AQUISIÇÃO]  [ADV. +]",existing,inactive,ad,1.65892857,17651,0.25624611,,566.32769415,191,147,2.96506646,,32.08473708,"Compras no site",70.79096177,27,0.04188482,8,2.51305033,"Valor de conversão da compra no site",1423.21,2026-01-01,2026-05-25
"[C] [TONS] [PB DR]","AD - REFAÇAO","[PUBLICO ENG.] [DR]",engaged,active,ad,1.4152556,17552,0.46365087,,751.80181024,405,309,1.85630077,,42.83282875,"Compras no site",107.40025861,55,0.01728395,7,1.77876667,"Valor de conversão da compra no site",1337.28,2026-01-01,2026-05-25
"[C] [LM - RMKT] [ADV. ABO]","ADS2- EVELYN","[RMKT LARANJA MORO-REATIVAÇÃO BASE QUENTE]",existing,inactive,ad,2.47964377,17541,0.1650419,,515.39893908,362,224,1.42375398,,29.38252888,"Compras no site",57.26654879,19,0.02486188,9,2.90889229,"Valor de conversão da compra no site",1499.24,2026-01-01,2026-05-25
"[C] [LM - TESTE] [ABO]",AD1,"Influ Raiza - Lm",prospecting,not_delivering,ad,1.83444956,17530,0.0768397,,294.38703797,88,63,3.34530725,,16.79332789,"Compras no site",98.12901266,14,0.03409091,3,1.61338625,"Valor de conversão da compra no site",474.96,2026-01-01,2026-05-25
"[C] [LM - PRINCIPAL][EX. BASE] [ADV. +] [CBO]","AD - TOFU/MOFU",[EVELIN],engaged,inactive,ad,1.80016473,17485,0.13543037,,187.51,191,120,0.98172775,,10.72404919,"Compras no site",187.51,3,0.0052356,1,1.05541038,"Valor de conversão da compra no site",197.9,2026-01-01,2026-05-25
"[C] [LM - TESTE] [ABO]","ADS 4","teste publico novo - bid",engaged,not_delivering,ad,1.51628636,17410,0.19649627,,451.84740629,289,233,1.56348583,,25.95332604,"Compras no site",37.65395052,46,0.04152249,12,4.51975594,"Valor de conversão da compra no site",2042.24,2026-01-01,2026-05-25
"[C] [LM - PRINCIPAL][EX. BASE] [ADV. +] [CBO]","ADS - ANA ELISA 2","LP - 1",prospecting,archived,ad,1.62535053,17388,0.09742351,,372.74,151,121,2.46847682,,21.43662296,"Compras no site",62.12333333,21,0.0397351,6,5.06591726,"Valor de conversão da compra no site",1888.27,2026-01-01,2026-05-25
"[C] [TONS] [PB DR]","tons3_rmkt_01-09-2025 — Cópia","LP NOVA",existing,inactive,ad,2.18977733,17308,0,,368.84902189,151,119,2.44270875,,21.31089796,"Compras no site",61.47483698,20,0.0397351,6,3.73036098,"Valor de conversão da compra no site",1375.94,2026-01-01,2026-05-25
"[C] [LM - TESTE] [ABO]","AD -  EVELYN",EVELIN,existing,active,ad,1.28915214,17303,0.20782523,,331.54627934,109,79,3.04170898,,19.16120207,"Compras no site",110.51542645,24,0.02752294,3,2.02686636,"Valor de conversão da compra no site",672,2026-01-01,2026-05-25
"[C] [LM - TESTE] [ABO]","AD - MOFU ANA ELISA REFAÇÃO 17-05","[BM] [ANA ELISA]",existing,inactive,ad,1.56601355,17104,0.11400842,,189.89139478,149,93,1.27443889,,11.10216293,"Compras no site",94.94569739,10,0.01342282,2,2.26571615,"Valor de conversão da compra no site",430.24,2026-01-01,2026-05-25
"[C] [LM - TESTE] [ABO]","AD - 5","[TOFU] [TIK TOK] [EXCLUSAÕ BASE] [BID 60] - TESTE ATÉ 20-05",engaged,not_delivering,ad,1.94893423,17098,0.276816,,214.56484364,820,555,0.26166444,,12.54911941,"Compras no site",53.64121091,11,0.00487805,4,4.67751372,"Valor de conversão da compra no site",1003.63,2026-01-01,2026-05-25
"[C] [TONS] [PB DR]","AD - TOFU 3","TONS TESTE",engaged,not_delivering,ad,1.46218704,16995,0.2719035,,877.29437933,452,322,1.94091677,,51.62073429,"Compras no site",219.32359483,39,0.00884956,4,0.88361446,"Valor de conversão da compra no site",775.19,2026-01-01,2026-05-25
"[C] [JEJOOM] [CBO]","AD - RMKT PERFIL DENA + JEJOOM",[RMK],existing,active,ad,1.80572706,16963,0,,210.92139391,266,110,0.79293757,,12.4342035,"Compras no site",70.3071313,12,0.0112782,3,8.67773518,"Valor de conversão da compra no site",1830.32,2026-01-01,2026-05-25
"[C] [TONS] [PB DR]","AD- NIVER","TONS TESTE",engaged,inactive,ad,2.06996942,16922,0.0022456,,561.28391788,578,423,0.97107944,,33.16888771,"Compras no site",93.54731965,36,0.01038062,6,2.43545193,"Valor de conversão da compra no site",1366.98,2026-01-01,2026-05-25
"[C] [LM - TESTE] [ABO]","AD - MOFU ate 14-05 — Cópia","[TOFU] [TIK]",existing,active,ad,1.50471866,16901,0.35554109,,506.83158218,394,246,1.28637457,,29.98826,"Compras no site",126.70789555,27,0.01015228,4,2.12985938,"Valor de conversão da compra no site",1079.48,2026-01-01,2026-05-25
"[C] [LM - PRINCIPAL][EX. BASE] [ADV. +] [CBO]",AD2,"TESTE RACHEL ATE 21-03",engaged,archived,ad,1.56160326,16870,0.1537048,,424.8539839,203,98,2.09287677,,25.1839943,"Compras no site",212.42699195,18,0.00985222,2,0.42339252,"Valor de conversão da compra no site",179.88,2026-01-01,2026-05-25
"[C] [LM - RMKT] [ADV. ABO]","AD - JESSICA MOFU NIVER — Cópia","[RMKT LARANJA MORO-REATIVAÇÃO BASE QUENTE]",prospecting,not_delivering,ad,1.41083843,16844,0.23064593,,793.92021835,158,137,5.02481151,,47.13371042,"Compras no site",72.1745653,29,0.06962025,11,2.67976549,"Valor de conversão da compra no site",2127.52,2026-01-01,2026-05-25
"[C] [LM - RMKT] [ADV. ABO]","AD - JADE TOFU","[RMKT LARANJA MORO-REATIVAÇÃO BASE QUENTE]",engaged,inactive,ad,1.43362908,16643,0.36297543,,626.33686998,324,276,1.93313849,,37.63365198,"Compras no site",104.38947833,26,0.01851852,6,1.63372148,"Valor de conversão da compra no site",1023.26,2026-01-01,2026-05-25
"[C] [LM - PRINCIPAL][EX. BASE] [ADV. +] [CBO]","AD2 — DANI","[AQUISIÇÃO]  [ADV. +]",prospecting,inactive,ad,1.24679223,16616,0,,254.62,59,46,4.31559322,,15.3237843,"Compras no site",254.62,4,0.01694915,1,0.699513,"Valor de conversão da compra no site",178.11,2026-01-01,2026-05-25
"[C] [LM - TESTE] [ABO]","AD - MOFU ate 14-05","[TOFU] [TIK TOK] [EXCLUSAÕ BASE] [BID 60] - TESTE ATÉ 20-05",engaged,not_delivering,ad,1.67576065,16523,0.3243963,,178.83162833,309,182,0.57874313,,10.82319363,"Compras no site",59.61054278,11,0.00970874,3,4.29554888,"Valor de conversão da compra no site",768.18,2026-01-01,2026-05-25
"[C] [LM - PRINCIPAL][EX. BASE] [ADV. +] [CBO]","ADS - EVELYN","[AQUISIÇÃO]  [ADV. +]",engaged,inactive,ad,2.36992806,16471,0,,268.86102735,107,94,2.51271988,,16.32329715,"Compras no site",44.81017122,21,0.05607477,6,4.29627161,"Valor de conversão da compra no site",1155.1,2026-01-01,2026-05-25
"[C] [LM - RMKT] [ADV. ABO]","ADS - ISA NOGUEIRA","[RMKT LARANJA MORO-REATIVAÇÃO BASE QUENTE]",existing,inactive,ad,1.72692953,16468,0.23075055,,576.46437209,293,169,1.96745519,,35.0051234,"Compras no site",57.64643721,25,0.03412969,10,3.26424336,"Valor de conversão da compra no site",1881.72,2026-01-01,2026-05-25
"[C] [LM - TESTE] [ABO]","AD - NIVER 1","[HIBRIDO] [ESTATICO ORG.] [BID 60]",engaged,inactive,ad,1.90814196,16452,6.078E-5,,174.37735712,145,107,1.20260246,,10.59915859,"Compras no site",58.12578571,10,0.02068966,3,4.02592407,"Valor de conversão da compra no site",702.03,2026-01-01,2026-05-25
"[C] [VARIOS PRODUTO] [ABO] [BID]","AD - BOFU","[COLAGENO] [RMKT]",existing,not_delivering,ad,1.95937873,16400,0,,342.4258314,465,362,0.73639964,,20.87962387,"Compras no site",68.48516628,27,0.01075269,5,3.32539165,"Valor de conversão da compra no site",1138.7,2026-01-01,2026-05-25
"[C] [LM - TESTE] [ABO]","ADS 3","Evelyn Regly BM - LM",prospecting,inactive,ad,1.44097897,16309,0.18928199,,183.78,153,132,1.20117647,,11.26862469,"Compras no site",61.26,19,0.01960784,3,2.85362934,"Valor de conversão da compra no site",524.44,2026-01-01,2026-05-25
"[C] [LM - TESTE] [ABO]","AD - EVELYN TOFU",EVELIN,engaged,inactive,ad,1.24380864,16172,0.37558744,,533.02629568,264,196,2.019039,,32.95982536,"Compras no site",88.83771595,23,0.02272727,6,1.48579912,"Valor de conversão da compra no site",791.97,2026-01-01,2026-05-25
"[C] [LM - PRINCIPAL][EX. BASE] [ADV. +] [CBO]","AD - MOFU teste ate 08-05","[AQUISIÇÃO]  [ADV. +]",engaged,inactive,ad,1.26465517,16137,0.36729256,,423.23215304,200,121,2.11616077,,26.22743713,"Compras no site",105.80803826,20,0.02,4,2.11172519,"Valor de conversão da compra no site",893.75,2026-01-01,2026-05-25
"[C] [LM - PRINCIPAL][EX. BASE] [ADV. +] [CBO]","Rmkt Dani 2 — Cópia","LP - ATUAL",engaged,archived,ad,1.71515216,16119,0,,428.4008888,201,161,2.13134771,,26.57738624,"Compras no site",61.20012697,48,0.03482587,7,2.90228156,"Valor de conversão da compra no site",1243.34,2026-01-01,2026-05-25
"[C] [LM - PRINCIPAL][EX. BASE] [ADV. +] [CBO]","AD - ISA MOFU","[EXCLUSÃO BASE] [ADV. +]",prospecting,inactive,ad,1.29096883,16110,0.15077592,,268.70935256,111,82,2.42080498,,16.67966186,"Compras no site",268.70935256,4,0.00900901,1,0.49380492,"Valor de conversão da compra no site",132.69,2026-01-01,2026-05-25
"[C] [TONS] [PB DR]",tons_sabrina_video-reels_23-09-2025,"[PUBLICO ENG.] [DR]",engaged,archived,ad,1.64684703,16009,0.2275595,,501.06373183,330,228,1.51837494,,31.29887762,"Compras no site",83.51062197,55,0.01818182,6,3.85176551,"Valor de conversão da compra no site",1929.98,2026-01-01,2026-05-25
"[C] [LM - TESTE] [ABO]",24-12,"Influ Maritza 1 - LM TESTE TRAVA DE CPA",engaged,archived,ad,1.58209546,15976,0.14621933,,275.59573496,145,119,1.90066024,,17.25060935,"Compras no site",55.11914699,32,0.03448276,5,2.65454035,"Valor de conversão da compra no site",731.58,2026-01-01,2026-05-25
"[C] [LM - TESTE] [ABO]",AD1,"Influ Vitoria - Lm",engaged,not_delivering,ad,2.25151558,15970,0.16624922,,169.28,227,63,0.74572687,,10.59987477,"Compras no site",42.32,11,0.01762115,4,4.60869565,"Valor de conversão da compra no site",780.16,2026-01-01,2026-05-25
"[C] [LM - TESTE] [ABO]","AD -  EVELYN",EVELIN,engaged,active,ad,1.3479327,15942,0.21590767,,316.38666962,145,105,2.18197703,,19.846109,"Compras no site",63.27733392,10,0.03448276,5,2.28302918,"Valor de conversão da compra no site",722.32,2026-01-01,2026-05-25
"[C] [LM - TESTE] [ABO]","AD - TOFU","[HIBRIDO] [ESTATICO ORG.] [BID 60]",existing,inactive,ad,1.76100211,15886,0.06647362,,159.16,56,38,2.84214286,,10.01888455,"Compras no site",159.16,6,0.01785714,1,0.96770545,"Valor de conversão da compra no site",154.02,2026-01-01,2026-05-25
"[C] [LM - PRINCIPAL][EX. BASE] [ADV. +] [CBO]","ADS - EVELYN","[AQUISIÇÃO]  [ADV. +]",existing,inactive,ad,2.53949688,15849,0,,242.32191303,70,61,3.46174161,,15.2894134,"Compras no site",60.58047826,13,0.05714286,4,1.95392977,"Valor de conversão da compra no site",473.48,2026-01-01,2026-05-25
"[C] [LM - TESTE] [ABO]",AD4,"Arte - Organica Lm",existing,not_delivering,ad,2.11518954,15847,0,,217.32,71,48,3.06084507,,13.71363665,"Compras no site",43.464,15,0.07042254,5,4.31847046,"Valor de conversão da compra no site",938.49,2026-01-01,2026-05-25
"[C] [LM - RMKT] [ADV. ABO]","AD - RMKT — Cópia","[RMKT LARANJA MORO-REATIVAÇÃO BASE QUENTE]",existing,inactive,ad,1.37231276,15831,0.0034742,,622.24,250,199,2.48896,,39.30516076,"Compras no site",69.13777778,24,0.036,9,2.75144639,"Valor de conversão da compra no site",1712.06,2026-01-01,2026-05-25
"[C] [LM - TESTE] [ABO]","ADS 1","[BM] [ANA ELISA]",engaged,inactive,ad,2.9941299,15812,0.22185682,,276.79382023,415,288,0.66697306,,17.50530105,"Compras no site",138.39691012,6,0.00481928,2,1.02921373,"Valor de conversão da compra no site",284.88,2026-01-01,2026-05-25
"[C] [LM - TESTE] [ABO]","AD - MI RUBACK MOFU","[BOFU] [ADV+ ABERTO] [ESTATICO]",existing,not_delivering,ad,1.99230963,15803,0.31683857,,196.69503834,336,198,0.5854019,,12.44668976,,,,0,,,,,2026-01-01,2026-05-25
"[C] [JEJOOM] [CBO]","AD1 - ORGANICO","[CAMPANHA AQUISIÇÃO]",existing,inactive,ad,1.65060115,15788,0,,350.81559653,109,84,3.21849171,,22.22039502,"Compras no site",175.40779827,19,0.01834862,2,2.09523182,"Valor de conversão da compra no site",735.04,2026-01-01,2026-05-25
"[C] [TONS] [PB DR]","tons3_rmkt_01-09-2025 — Cópia","LP NOVA",engaged,inactive,ad,1.93228656,15752,0,,364.88913975,165,139,2.21144933,,23.16462289,"Compras no site",60.81485663,21,0.03636364,6,3.0300984,"Valor de conversão da compra no site",1105.65,2026-01-01,2026-05-25
"[C] [LM - TESTE] [ABO]","AD - ANA MOFU","teste aquisição ate dia 15  - Lm",prospecting,inactive,ad,1.42477796,15721,0.12524649,,297.3,74,57,4.01756757,,18.91101075,"Compras no site",148.65,11,0.02702703,2,0.66848301,"Valor de conversão da compra no site",198.74,2026-01-01,2026-05-25
"[C] [LM - TESTE] [ABO]","ADS 4","Evelyn Regly BM - LM",engaged,inactive,ad,2.19938306,15686,0.185707,,196.92,186,165,1.05870968,,12.55386969,"Compras no site",49.23,22,0.02150538,4,5.84547024,"Valor de conversão da compra no site",1151.09,2026-01-01,2026-05-25
"[C] [LM - RMKT] [ADV. ABO]","AD - EVELYN","[RMKT LARANJA MORO-REATIVAÇÃO BASE QUENTE]",prospecting,active,ad,1.46362955,15614,0.15556552,,479.55794688,145,129,3.30729619,,30.71333079,"Compras no site",68.50827813,29,0.04827586,7,1.95465429,"Valor de conversão da compra no site",937.37,2026-01-01,2026-05-25
"[C] [LM - RMKT] [ADV. ABO]","ADS - JESSICA","[RMKT LARANJA MORO-REATIVAÇÃO BASE QUENTE]",prospecting,inactive,ad,1.32228455,15558,0.20491066,,806.53034586,260,235,3.10203979,,51.84023305,"Compras no site",80.65303459,45,0.03846154,10,2.12858699,"Valor de conversão da compra no site",1716.77,2026-01-01,2026-05-25
"[C] [LM - TESTE] [ABO]","AD - MOFU ANA ELISA","[BM] [ANA ELISA]",engaged,not_delivering,ad,1.87337192,15534,0.19447663,,315.88107684,200,136,1.57940538,,20.3348189,"Compras no site",105.29369228,21,0.015,3,1.60867503,"Valor de conversão da compra no site",508.15,2026-01-01,2026-05-25
"[C] [LM - PRINCIPAL][EX. BASE] [ADV. +] [CBO]","AD - MOFU teste ate 08-05","[AQUISIÇÃO]  [ADV. +]",existing,inactive,ad,1.24391221,15529,0.35340331,,457.7223285,144,103,3.17862728,,29.47532542,"Compras no site",91.5444657,14,0.03472222,5,2.466976,"Valor de conversão da compra no site",1129.19,2026-01-01,2026-05-25
"[C] [LM - RMKT] [ADV. ABO]","AD - JESSICA MOFU NIVER — Cópia","[RMKT LARANJA MORO-REATIVAÇÃO BASE QUENTE]",existing,not_delivering,ad,1.68352633,15411,0.22522873,,736.64164552,189,144,3.89757484,,47.79973042,"Compras no site",43.3318615,44,0.08994709,17,4.61279921,"Valor de conversão da compra no site",3397.98,2026-01-01,2026-05-25
"[C] [LM - TESTE] [ABO]","CARROSSEL 1 - 18-02","Carrossel - Lm",existing,not_delivering,ad,2.54587535,15400,0.05409091,,427.21,447,229,0.95572707,,27.74090909,"Compras no site",71.20166667,17,0.01342282,6,2.97958849,"Valor de conversão da compra no site",1272.91,2026-01-01,2026-05-25
"[C] [TONS] [PB DR]","TESTE CRIATIVOS COMENTARIOS","[PUBLICO ENG.] [DR]",existing,inactive,ad,1.40887334,15306,0.28942898,,582.52320537,380,294,1.5329558,,38.05848722,"Compras no site",83.21760077,70,0.01842105,7,2.71687031,"Valor de conversão da compra no site",1582.64,2026-01-01,2026-05-25
"[C] [LM - TESTE] [ABO]","AD - MOFU ate 14-05 — Cópia","[TOFU] [TIK + ORG ] [ABERTO]",prospecting,inactive,ad,1.19977977,15254,0.36711682,,268.64663813,233,148,1.15298986,,17.61155357,,,3,0,,,,,2026-01-01,2026-05-25
"[C] [LM - TESTE] [ABO]",AD4,"Arte - Organica Lm",engaged,not_delivering,ad,1.91662475,15241,0,,173.79,80,55,2.172375,,11.40279509,"Compras no site",43.4475,18,0.05,4,2.85649347,"Valor de conversão da compra no site",496.43,2026-01-01,2026-05-25
"[C] [LM - PRINCIPAL][EX. BASE] [ADV. +] [CBO]","AD - TOFU","[MI RUBACK]",engaged,inactive,ad,2.61596567,15238,0.1562541,,151.29769655,303,164,0.49933233,,9.92897339,"Compras no site",37.82442414,3,0.01320132,4,6.33215192,"Valor de conversão da compra no site",958.04,2026-01-01,2026-05-25
"[C] [JEJOOM] [CBO]","ADS - MORGANA","[CAMPANHA AQUISIÇÃO]",prospecting,inactive,ad,1.54629536,15214,0.27566715,,1082.8599214,320,273,3.38393725,,71.17522817,"Compras no site",180.47665357,51,0.01875,6,1.17383604,"Valor de conversão da compra no site",1271.1,2026-01-01,2026-05-25
"[C] [LM - TESTE] [ABO]","ADS 3","Influ Leka - LM TESTE TRAVA DE CPA",engaged,archived,ad,1.35363248,15204,0.25203894,,236.1,150,109,1.574,,15.52880821,"Compras no site",33.72857143,28,0.04666667,7,6.43358746,"Valor de conversão da compra no site",1518.97,2026-01-01,2026-05-25
"[C] [LM - PRINCIPAL][EX. BASE] [ADV. +] [CBO]","AD - LEVE 3 PAGUE 2 — Cópia","[EXCLUSÃO BASE] [ADV. +]",prospecting,inactive,ad,1.62084802,15176,0,,198.71431026,73,52,2.72211384,,13.0939846,"Compras no site",198.71431026,6,0.01369863,1,0.83698049,"Valor de conversão da compra no site",166.32,2026-01-01,2026-05-25
"[C] [LM - PRINCIPAL][EX. BASE] [ADV. +] [CBO]","AD - JADE TOFU — Cópia","[EXCLUSÃO BASE] [ADV. +]",prospecting,inactive,ad,1.35097567,15162,0.12478565,,221.84225627,91,84,2.43782699,,14.63146394,"Compras no site",73.94741876,8,0.03296703,3,2.49190578,"Valor de conversão da compra no site",552.81,2026-01-01,2026-05-25
"[C] [LM - TESTE] [ABO]","AD - MOFU teste ate 08-05","[TOFU] [TIK TOK] [EXCLUSAÕ BASE] [BID 60] - TESTE ATÉ 20-05",engaged,inactive,ad,1.42296471,15119,0.36464052,,172.87799877,113,68,1.52989379,,11.43448633,"Compras no site",57.62599959,9,0.02654867,3,3.18687169,"Valor de conversão da compra no site",550.94,2026-01-01,2026-05-25
"[C] [LM - TESTE] [ABO]","ADS 3","Influ Evelyn - Vm 2",engaged,not_delivering,ad,1.45790952,15050,0.32146179,,417.07,335,254,1.24498507,,27.71229236,"Compras no site",59.58142857,20,0.02089552,7,4.14117534,"Valor de conversão da compra no site",1727.16,2026-01-01,2026-05-25
"[C] [LM - PRINCIPAL][EX. BASE] [ADV. +] [CBO]","ADS - ART 2","[EXCLUSÃO BASE] [ADV. +]",prospecting,inactive,ad,1.57039141,14925,0,,136.2,71,37,1.91830986,,9.12562814,"Compras no site",136.2,8,0.01408451,1,1.45301028,"Valor de conversão da compra no site",197.9,2026-01-01,2026-05-25
"[C] [LM - TESTE] [ABO]",AD3,"Nutri - Tons [Teste até 13-03]",prospecting,not_delivering,ad,1.39178721,14913,0.31958694,,293.91,123,83,2.3895122,,19.70830819,"Compras no site",97.97,8,0.02439024,3,3.25511211,"Valor de conversão da compra no site",956.71,2026-01-01,2026-05-25
"[C] [LM - PRINCIPAL][EX. BASE] [ADV. +] [CBO]","[ADS] - [TOPO 2] [27-02]","[AQUISIÇÃO]  [ADV. +]",engaged,inactive,ad,1.6142099,14904,0.26583468,,401.59963874,150,133,2.67733092,,26.94576213,"Compras no site",133.86654625,21,0.02,3,1.21573815,"Valor de conversão da compra no site",488.24,2026-01-01,2026-05-25
"[C] [LM - TESTE] [ABO]",AD2,"Influ Vitoria - Lm",existing,inactive,ad,2.16690983,14852,0.11170213,,166.71084345,142,49,1.17402002,,11.22480767,"Compras no site",83.35542173,10,0.01408451,2,2.41711932,"Valor de conversão da compra no site",402.96,2026-01-01,2026-05-25
"[C] [LM - TESTE] [ABO]",AD1,"[TOFU] [TIK TOK] [EXCLUSAÕ BASE] [BID 60] - TESTE ATÉ 20-05",engaged,inactive,ad,2.06454775,14745,0.11081723,,143.14675845,130,53,1.10112891,,9.70815588,"Compras no site",71.57337923,12,0.01538462,2,2.7708626,"Valor de conversão da compra no site",396.64,2026-01-01,2026-05-25
"[C] [LM - PRINCIPAL][EX. BASE] [ADV. +] [CBO]","ADS - LARISSA — Cópia","[AQUISIÇÃO]  [ADV. +]",existing,inactive,ad,1.70381503,14738,0.31551092,,414.71467508,458,304,0.90549056,,28.13914202,"Compras no site",82.94293502,16,0.01091703,5,2.55356288,"Valor de conversão da compra no site",1059,2026-01-01,2026-05-25
"[C] [LM - TESTE] [ABO]","AD - JADE TOFU 19-05 BM JADE + DENA","[BM JADE]",engaged,inactive,ad,1.85669072,14666,0.17059866,,209.39803317,111,58,1.88646877,,14.27778762,"Compras no site",69.79934439,9,0.02702703,3,4.04970375,"Valor de conversão da compra no site",848,2026-01-01,2026-05-25
"[C] [LM - TESTE] [ABO]",ADS4,"Influ Sabrina - Vm [Teste até 13-03]",existing,archived,ad,1.94656895,14609,0.23423917,,582.07337041,238,182,2.44568643,,39.84347802,"Compras no site",64.67481893,22,0.03781513,9,3.39369588,"Valor de conversão da compra no site",1975.38,2026-01-01,2026-05-25
"[C] [LM - TESTE] [ABO]","ADS 3","Influ Evelyn BM -VM",engaged,inactive,ad,1.83063808,14603,0.26268575,,158.68744092,193,151,0.82221472,,10.86676991,"Compras no site",158.68744092,28,0.00518135,1,1.28447468,"Valor de conversão da compra no site",203.83,2026-01-01,2026-05-25
"[C] [JEJOOM] [CBO]","AD - RMKT PERFIL JEJOOM",[RMK],existing,inactive,ad,2.11291727,14558,0,,165.80953685,110,36,1.50735943,,11.38958214,"Compras no site",82.90476843,14,0.01818182,2,2.48266781,"Valor de conversão da compra no site",411.65,2026-01-01,2026-05-25
"[C] [LM - TESTE] [ABO]","ADS 1","Influ Evelyn BM -VM",prospecting,inactive,ad,1.46067416,14430,0.27234927,,193.48,167,134,1.15856287,,13.40817741,"Compras no site",193.48,18,0.00598802,1,1.89011784,"Valor de conversão da compra no site",365.7,2026-01-01,2026-05-25
"[C] [JEJOOM] [CBO]","AD - RMKT PERFIL MORG + DENA",[RMK],engaged,inactive,ad,2.7241966,14411,0.00013878,,123.73852697,104,47,1.18979353,,8.58639421,"Compras no site",61.86926349,7,0.01923077,2,7.66075064,"Valor de conversão da compra no site",947.93,2026-01-01,2026-05-25
"[C] [LM - TESTE] [ABO]","AD - 5","[TOFU] [TIK TOK] [EXCLUSAÕ BASE] [BID 60] - TESTE ATÉ 20-05",existing,not_delivering,ad,2.30967327,14350,0.25303136,,209.96452539,489,306,0.42937531,,14.63167424,,,9,0,,,,,2026-01-01,2026-05-25
"[C] [LM - RMKT] [ADV. ABO]","AD - BOFU 3","[RMKT LARANJA MORO-REATIVAÇÃO BASE QUENTE]",engaged,not_delivering,ad,1.569007,14347,0,,355.1959367,116,84,3.06203394,,24.75750587,"Compras no site",59.19932278,19,0.05172414,6,2.97210607,"Valor de conversão da compra no site",1055.68,2026-01-01,2026-05-25
"[C] [JEJOOM] [CBO]","AD - TOFU LARISSA",[RMK],existing,active,ad,1.93376501,14335,0.25580746,,490.01527875,301,196,1.62795774,,34.18313769,"Compras no site",122.50381969,30,0.01328904,4,2.1673814,"Valor de conversão da compra no site",1062.05,2026-01-01,2026-05-25
"[C] [LM - TESTE] [ABO]",ADS,"Conj. - Q10",engaged,not_delivering,ad,2.39727868,14271,0.25478243,,201.22211129,355,90,0.56682285,,14.10007086,,,5,0,,,,,2026-01-01,2026-05-25
"[C] [LM - RMKT] [ADV. ABO]","ADS - JESSICA","[RMKT LARANJA MORO-REATIVAÇÃO BASE QUENTE]",existing,inactive,ad,1.66639277,14196,0.21978022,,872.27200429,420,290,2.07683811,,61.44491436,"Compras no site",48.45955579,62,0.04285714,18,3.77351329,"Valor de conversão da compra no site",3291.53,2026-01-01,2026-05-25
"[C] [JEJOOM] [CBO]","ARTE 4 20-10-2025 DENAVITA","[CAMPANHA AQUISIÇÃO]",prospecting,inactive,ad,1.76226039,14158,0,,284.56879551,104,88,2.73623842,,20.09950526,"Compras no site",94.85626517,24,0.02884615,3,1.72007616,"Valor de conversão da compra no site",489.48,2026-01-01,2026-05-25
"[C] [TONS] [PB DR]","tons_dr-ursinho_video-reels_10-07-2025_esse-foi-produto-que-a-mamae — Cópia","[PUBLICO ABERTO]",existing,not_delivering,ad,1.77863076,14133,0.35356966,,480.54835591,295,206,1.62897748,,34.00186485,"Compras no site",53.39426177,33,0.03050847,9,5.04937738,"Valor de conversão da compra no site",2426.47,2026-01-01,2026-05-25
"[C] [LM - TESTE] [ABO]","laranja-moro_influ_marcia_video-stories_20-07-2025 — Cópia","Influ Marcia",prospecting,archived,ad,1.42981833,14088,0.12514196,,250.37209248,139,123,1.80123808,,17.77201111,"Compras no site",50.0744185,21,0.03597122,5,2.84548487,"Valor de conversão da compra no site",712.43,2026-01-01,2026-05-25
"[C] [LM - PRINCIPAL][EX. BASE] [ADV. +] [CBO]","ADS - AINA","[AQUISIÇÃO]  [ADV. +]",engaged,inactive,ad,1.46314471,14014,0.35871272,,275.0253653,322,197,0.85411604,,19.62504391,"Compras no site",137.51268265,12,0.00621118,2,1.55051153,"Valor de conversão da compra no site",426.43,2026-01-01,2026-05-25
"[C] [LM - TESTE] [ABO]","AD - JADE JEJOOM TOFU","[BM JADE]",existing,inactive,ad,2.29598031,13994,0.15370873,,154.66901184,111,74,1.39341452,,11.05252336,"Compras no site",77.33450592,17,0.01801802,2,4.09377413,"Valor de conversão da compra no site",633.18,2026-01-01,2026-05-25
"[C] [LM - PRINCIPAL][EX. BASE] [ADV. +] [CBO]","AD - EVELYN TOFU","[EXCLUSÃO BASE] [ADV. +]",existing,inactive,ad,1.20808448,13957,0.30027943,,359.35188913,151,105,2.37981384,,25.74707237,"Compras no site",119.78396304,19,0.01986755,3,1.36303722,"Valor de conversão da compra no site",489.81,2026-01-01,2026-05-25
"[C] [LM - RMKT] [ADV. ABO]","AD - RMK NIVER 3 — Cópia","[RMKT LARANJA MORO-REATIVAÇÃO BASE QUENTE]",existing,inactive,ad,1.65061099,13913,0.17365054,,491.08829873,119,92,4.12679243,,35.29708177,"Compras no site",32.73921992,31,0.12605042,15,6.01625005,"Valor de conversão da compra no site",2954.51,2026-01-01,2026-05-25
"[C] [LM - TESTE] [ABO]","ADS 1 - SABRINA","Influ Sabrina 2 - Lm",prospecting,archived,ad,1.49714409,13892,0.19558019,,325.2,134,103,2.42686567,,23.40915635,"Compras no site",108.4,13,0.02238806,3,1.52180197,"Valor de conversão da compra no site",494.89,2026-01-01,2026-05-25
"[C] [TONS] [PB DR]","ADS - DR 2","[PUBLICO ENG.] [DR]",existing,inactive,ad,1.79480857,13829,0.15944754,,490.20168623,235,166,2.08596462,,35.44737047,"Compras no site",49.02016862,58,0.04255319,10,5.93659729,"Valor de conversão da compra no site",2910.13,2026-01-01,2026-05-25
"[C] [LM - TESTE] [ABO]","AD - JESSICA","Arte Organica - Digestino",engaged,not_delivering,ad,2.19677368,13754,0.22647957,,171.63511664,481,326,0.35682976,,12.4789237,"Compras no site",42.90877916,8,0.00831601,4,3.91784626,"Valor de conversão da compra no site",672.44,2026-01-01,2026-05-25
"[C] [JEJOOM] [CBO]","ADS - LARI 1 24-12","[CAMPANHA AQUISIÇÃO]",engaged,inactive,ad,1.76228982,13730,0.17975237,,320.30439639,155,130,2.06647998,,23.32879799,"Compras no site",106.76813213,39,0.01935484,3,2.17112224,"Valor de conversão da compra no site",695.42,2026-01-01,2026-05-25
"[C] [LM - RMKT] [ADV. ABO]","AD - NIVER 4","[RMKT LARANJA MORO-REATIVAÇÃO BASE QUENTE]",prospecting,not_delivering,ad,1.5941238,13727,0.23923654,,650.93,197,166,3.3042132,,47.41968383,"Compras no site",59.17545455,30,0.05583756,11,4.05871599,"Valor de conversão da compra no site",2641.94,2026-01-01,2026-05-25
"[C] [LM - TESTE] [ABO]","ADS1 - 18-02 — Cópia","Carrossel - Lm",existing,inactive,ad,1.68316953,13701,0,,325.7,190,144,1.71421053,,23.77198745,"Compras no site",325.7,27,0.00526316,1,2.23426466,"Valor de conversão da compra no site",727.7,2026-01-01,2026-05-25
"[C] [LM - TESTE] [ABO]","AD -1 — Cópia","[TOFU] [TIK]",prospecting,active,ad,1.27777259,13676,0.13030126,,278.36805476,140,95,1.98834325,,20.35449362,"Compras no site",92.78935159,6,0.02142857,3,1.5315335,"Valor de conversão da compra no site",426.33,2026-01-01,2026-05-25
"[C] [LM - PRINCIPAL][EX. BASE] [ADV. +] [CBO]","ADS - SABRINA","[AQUISIÇÃO]  [ADV. +]",engaged,inactive,ad,1.38505223,13658,0.32332699,,578.11283276,287,168,2.01433043,,42.32778099,"Compras no site",115.62256655,25,0.0174216,5,1.36428385,"Valor de conversão da compra no site",788.71,2026-01-01,2026-05-25
"[C] [LM - TESTE] [ABO]",AD2,"[TOFU] [TIK TOK] [EXCLUSAÕ BASE] [BID 60] - TESTE ATÉ 20-05",existing,inactive,ad,2.02371776,13652,0.09214767,,186.29,62,37,3.00467742,,13.64561969,"Compras no site",93.145,10,0.03225806,2,2.55859144,"Valor de conversão da compra no site",476.64,2026-01-01,2026-05-25
"[C] [LM - TESTE] [ABO]","AD -1","[MOFU] [TIK TOK] - TESTE ATÉ 20-05",engaged,not_delivering,ad,1.81699172,13602,0.23695045,,519.6467721,513,358,1.01295667,,38.20370329,"Compras no site",103.92935442,17,0.00974659,5,2.17872998,"Valor de conversão da compra no site",1132.17,2026-01-01,2026-05-25
"[C] [TONS] [PB DR]",tons_dr-ursinho_video-reels_10-07-2025_nao-tem-clareador-oral-barra,"LP NOVA",engaged,inactive,ad,1.97956801,13564,0.12171926,,375.7007571,181,156,2.07569479,,27.6983749,"Compras no site",93.92518928,17,0.02209945,4,2.12701195,"Valor de conversão da compra no site",799.12,2026-01-01,2026-05-25
"[C] [LM - PRINCIPAL][EX. BASE] [ADV. +] [CBO]","ADS - JESSICA 2","[AQUISIÇÃO]  [ADV. +]",existing,inactive,ad,1.42299213,13554,0.36948502,,652.47389835,130,107,5.01902999,,48.1388445,"Compras no site",93.21055691,28,0.05384615,7,1.69931702,"Valor de conversão da compra no site",1108.76,2026-01-01,2026-05-25
"[C] [LM - TESTE] [ABO]",ADS78,"Influ Sabrina - Vm [Teste até 13-03]",prospecting,archived,ad,1.34399841,13526,0.41860121,,979.51236606,322,258,3.04196387,,72.41700178,"Compras no site",326.50412202,22,0.00931677,3,0.80842267,"Valor de conversão da compra no site",791.86,2026-01-01,2026-05-25
"[C] [LM - TESTE] [ABO]",AD6,"[BOFU] [ADV+ ABERTO] [ESTATICO]",existing,inactive,ad,1.95446636,13478,0.18763912,,156.55371794,467,214,0.3352328,,11.61550066,"Compras no site",52.18457265,12,0.00642398,3,5.51542315,"Valor de conversão da compra no site",863.46,2026-01-01,2026-05-25
"[C] [TONS] [PB DR]","tons1_rmkt_20-10-2025 — Cópia","LP NOVA",existing,inactive,ad,2.35854391,13347,0,,264.22458168,100,83,2.64224582,,19.79655216,"Compras no site",88.07486056,16,0.03,3,1.86443667,"Valor de conversão da compra no site",492.63,2026-01-01,2026-05-25
"[C] [LM - PRINCIPAL][EX. BASE] [ADV. +] [CBO]","AD - BOFU","[EXCLUSÃO BASE] [ADV. +]",engaged,inactive,ad,1.55864811,13328,0.09416267,,206.62143459,66,51,3.1306278,,15.50280872,"Compras no site",68.87381153,12,0.04545455,3,2.72662902,"Valor de conversão da compra no site",563.38,2026-01-01,2026-05-25
"[C] [LM - RMKT] [ADV. ABO]","AD - LUCIANA MOFU — Cópia","[RMKT LARANJA MORO-REATIVAÇÃO BASE QUENTE]",prospecting,inactive,ad,1.14520713,13297,0.2058359,,608.47,182,151,3.34324176,,45.75994585,"Compras no site",76.05875,29,0.04395604,8,2.06463753,"Valor de conversão da compra no site",1256.27,2026-01-01,2026-05-25
"[C] [LM - TESTE] [ABO]","ADS 1","Influ Leka - LM TESTE TRAVA DE CPA",prospecting,archived,ad,1.29074847,13296,0.36018351,,239.56216947,126,99,1.90128706,,18.01761202,"Compras no site",119.78108474,22,0.01587302,2,1.38865832,"Valor de conversão da compra no site",332.67,2026-01-01,2026-05-25
"[C] [LM - TESTE] [ABO]",AD3,"Influ Adeli - Lm",existing,not_delivering,ad,1.95651533,13273,0.14781888,,214.76,206,70,1.04252427,,16.18021548,"Compras no site",71.58666667,9,0.01456311,3,2.95623021,"Valor de conversão da compra no site",634.88,2026-01-01,2026-05-25
"[C] [LM - TESTE] [ABO]","ADS 1 - NOVO","Evelyn Regly BM - LM",existing,not_delivering,ad,1.96377134,13226,0.15333434,,325.65918363,112,79,2.90767128,,24.62265111,"Compras no site",65.13183673,15,0.04464286,5,2.71645955,"Valor de conversão da compra no site",884.64,2026-01-01,2026-05-25
"[C] [VARIOS PRODUTO] [ABO] [BID]","AD12 - PAULA","[VINAGRE] [RMKT]",existing,inactive,ad,1.63816851,13202,0.28768368,,583.22318761,277,216,2.10549887,,44.17688135,"Compras no site",53.02028978,41,0.03971119,11,3.37939239,"Valor de conversão da compra no site",1970.94,2026-01-01,2026-05-25
"[C] [LM - TESTE] [ABO]","AD - JADE TOFU — Cópia — Cópia","[TESTE PB FECHADO JADE]",existing,active,ad,1.36035479,13190,0.14488249,,368.92891113,125,83,2.95143129,,27.97034959,"Compras no site",122.97630371,15,0.024,3,1.88171753,"Valor de conversão da compra no site",694.22,2026-01-01,2026-05-25
"[C] [LM - TESTE] [ABO]",AD3,"[TOFU] [TIK TOK] [EXCLUSAÕ BASE] [BID 60] - TESTE ATÉ 20-05",engaged,inactive,ad,2.03145236,13176,0.09365513,,137.79,116,51,1.18784483,,10.45765027,"Compras no site",137.79,10,0.00862069,1,1.22084331,"Valor de conversão da compra no site",168.22,2026-01-01,2026-05-25
"[C] [LM - TESTE] [ABO]","ADS 3 - NOVO VM — Cópia","Evelyn Regly BM - LM",engaged,not_delivering,ad,1.62546308,13163,0.31580947,,313.04363513,196,138,1.5971614,,23.78208882,"Compras no site",62.60872703,11,0.0255102,5,4.59472686,"Valor de conversão da compra no site",1438.35,2026-01-01,2026-05-25
"[C] [JEJOOM] [CBO]","AD - TOFU LARISSA",[RMK],prospecting,active,ad,1.42507579,13162,0.18864914,,239.94299824,162,123,1.48112962,,18.22998011,"Compras no site",119.97149912,13,0.01234568,2,1.17511243,"Valor de conversão da compra no site",281.96,2026-01-01,2026-05-25
"[C] [TONS] [PB DR]","AD - TOFU","[PUBLICO ENG.] [DR]",prospecting,inactive,ad,1.74231992,13158,0.249734,,836.12,269,180,3.10825279,,63.54461164,"Compras no site",52.2575,45,0.05947955,16,4.51105105,"Valor de conversão da compra no site",3771.78,2026-01-01,2026-05-25
"[C] [LM - TESTE] [ABO]","AD - BOFU 3 — Cópia","[HIBRIDO] [ESTATICO ORG.] [BID 60]",existing,inactive,ad,1.53962308,13153,0,,162.74603126,75,46,2.16994708,,12.37330124,"Compras no site",162.74603126,14,0.01333333,1,1.83187263,"Valor de conversão da compra no site",298.13,2026-01-01,2026-05-25
"[C] [TONS] [PB DR]","ADS 3 - MES DO CLIENTE","[PUBLICO ENG.] [DR]",prospecting,archived,ad,1.71103305,13151,0,,393.18956401,121,112,3.24950053,,29.89807345,"Compras no site",49.1486955,22,0.0661157,8,3.56820254,"Valor de conversão da compra no site",1402.98,2026-01-01,2026-05-25
"[C] [LM - TESTE] [ABO]",AD1,"[HIBRIDO] [ESTATICO ORG.] [BID 60]",prospecting,inactive,ad,1.32633067,13132,0.13113006,,158.3160898,66,56,2.39872863,,12.05574854,"Compras no site",158.3160898,7,0.01515152,1,1.0000247,"Valor de conversão da compra no site",158.32,2026-01-01,2026-05-25
"[C] [LM - TESTE] [ABO]","AD -  EVELYN","[TESTE PB FECHADO]",existing,active,ad,1.1296376,13123,0.23043511,,327.9254757,98,68,3.34617832,,24.98860594,"Compras no site",54.65424595,14,0.06122449,6,3.78418297,"Valor de conversão da compra no site",1240.93,2026-01-01,2026-05-25
"[C] [LM - TESTE] [ABO]","AD - EVELYN TOFU",EVELIN,existing,active,ad,1.19230769,13051,0.39169412,,337.7936588,144,95,2.3457893,,25.88258822,"Compras no site",67.55873176,22,0.03472222,5,4.09602124,"Valor de conversão da compra no site",1383.61,2026-01-01,2026-05-25
"[C] [VARIOS PRODUTO] [ABO] [BID]","AD - BOFU 2","[COLAGENO] [RMKT]",prospecting,not_delivering,ad,1.21843482,13047,0,,154.40856092,39,28,3.95919387,,11.83479428,,,,0,,,,,2026-01-01,2026-05-25
"[C] [TONS] [PB DR]","ADS - MEIO 13-02-2026","LP NOVA",prospecting,not_delivering,ad,1.0589098,12996,0.38019391,,324.03,280,16,1.15725,,24.93305633,"Compras no site",54.005,22,0.02142857,6,3.54519643,"Valor de conversão da compra no site",1148.75,2026-01-01,2026-05-25
"[C] [LM - PRINCIPAL][EX. BASE] [ADV. +] [CBO]","ADS - ANA ELISA 2","LP - 2",prospecting,archived,ad,1.61203474,12993,0.09358886,,281.25334567,96,79,2.92972235,,21.64652857,"Compras no site",56.25066913,12,0.05208333,5,3.07416788,"Valor de conversão da compra no site",864.62,2026-01-01,2026-05-25
"[C] [TONS] [PB DR]","tons 3 - 25-11 — Cópia","[PUBLICO ENG.] [DR]",engaged,active,ad,1.27139772,12953,0.42623331,,601.44755669,391,328,1.53822905,,46.43307008,"Compras no site",75.18094459,39,0.02046036,8,2.38891984,"Valor de conversão da compra no site",1436.81,2026-01-01,2026-05-25
"[C] [LM - TESTE] [ABO]",AD5,"Arte - Organica Tons ###",engaged,inactive,ad,1.49094266,12922,0,,213.00148361,119,93,1.78992843,,16.4836313,"Compras no site",106.5007418,24,0.01680672,2,2.50575719,"Valor de conversão da compra no site",533.73,2026-01-01,2026-05-25
"[C] [VARIOS PRODUTO] [ABO] [BID]","AD11 - EVELYN","[VINAGRE] [RMKT]",engaged,inactive,ad,1.3550755,12922,0.40798638,,448.01,402,311,1.11445274,,34.67032967,"Compras no site",64.00142857,29,0.01741294,7,3.30874311,"Valor de conversão da compra no site",1482.35,2026-01-01,2026-05-25
"[C] [LM - RMKT] [ADV. ABO]","ADSS - ORGANICO 2","[RMKT LARANJA MORO-REATIVAÇÃO BASE QUENTE]",prospecting,inactive,ad,1.1339207,12870,0,,185.44948154,80,68,2.31811852,,14.40943913,"Compras no site",185.44948154,9,0.0125,1,0.98625242,"Valor de conversão da compra no site",182.9,2026-01-01,2026-05-25
"[C] [JEJOOM] [CBO]","AD - TOFU MARCELA 17-05",[RMK],engaged,active,ad,2.10406424,12839,0.20211855,,186.41559716,513,367,0.36338323,,14.51947949,"Compras no site",186.41559716,10,0.00194932,1,0.81152008,"Valor de conversão da compra no site",151.28,2026-01-01,2026-05-25
"[C] [LM - TESTE] [ABO]",AD6,"Arte - Organica Tons ###",existing,inactive,ad,1.53598371,12827,0,,214.94381683,89,66,2.41509907,,16.7571386,"Compras no site",71.64793894,16,0.03370787,3,3.76847314,"Valor de conversão da compra no site",810.01,2026-01-01,2026-05-25
"[C] [LM - TESTE] [ABO]","AD - NIVER","Conj. - Q10",engaged,not_delivering,ad,2.16849941,12818,0.00156031,,252.90746734,298,189,0.84868278,,19.73064966,"Compras no site",126.45373367,9,0.00671141,2,1.37038263,"Valor de conversão da compra no site",346.58,2026-01-01,2026-05-25
"[C] [LM - TESTE] [ABO]","AD - MOFU teste ate 08-05","[TOFU] [TIK TOK] [EXCLUSAÕ BASE] [BID 60] - TESTE ATÉ 20-05",prospecting,not_delivering,ad,1.27862786,12785,0.13351584,,156.73393398,70,52,2.2390562,,12.25920485,"Compras no site",52.24464466,17,0.04285714,3,4.97671423,"Valor de conversão da compra no site",780.02,2026-01-01,2026-05-25
"[C] [LM - TESTE] [ABO]","AD - RMK ANA ELISA NIVER 3 — Cópia","[TESTE PB FECHADO ANA ELISA]",prospecting,active,ad,1.30022435,12750,0.14360784,,232.56266476,65,40,3.57788715,,18.240209,"Compras no site",116.28133238,10,0.03076923,2,1.60911469,"Valor de conversão da compra no site",374.22,2026-01-01,2026-05-25
"[C] [LM - RMKT] [ADV. ABO]","AD - EVELYN NIVER — Cópia","[RMKT LARANJA MORO-REATIVAÇÃO BASE QUENTE]",engaged,not_delivering,ad,1.29538524,12744,0.2819366,,395.76365464,185,147,2.139263,,31.05490071,"Compras no site",43.9737394,28,0.04864865,9,3.3111934,"Valor de conversão da compra no site",1310.45,2026-01-01,2026-05-25
"[C] [LM - TESTE] [ABO]","AD - MOFU ate 14-05","[TOFU] [TIK TOK] [EXCLUSAÕ BASE] [BID 60] - TESTE ATÉ 20-05",prospecting,not_delivering,ad,1.16597663,12673,0.27467845,,159.87,79,58,2.02367089,,12.61500829,"Compras no site",53.29,8,0.03797468,3,3.38162257,"Valor de conversão da compra no site",540.62,2026-01-01,2026-05-25
"[C] [LM - RMKT] [ADV. ABO]","ADSS - ORGANICO 2","[RMKT LARANJA MORO-REATIVAÇÃO BASE QUENTE]",engaged,inactive,ad,1.26294017,12517,0,,262.43341753,100,88,2.62433418,,20.96615943,"Compras no site",52.48668351,8,0.05,5,3.28239448,"Valor de conversão da compra no site",861.41,2026-01-01,2026-05-25
"[C] [LM - RMKT] [ADV. ABO]","ADS - JESSICA","[RMKT LARANJA MORO-REATIVAÇÃO BASE QUENTE]",engaged,inactive,ad,1.76894796,12510,0.25795364,,698.90763093,583,394,1.1988124,,55.86791614,"Compras no site",49.92197364,57,0.02401372,14,3.08917789,"Valor de conversão da compra no site",2159.05,2026-01-01,2026-05-25
"[C] [LM - PRINCIPAL][EX. BASE] [ADV. +] [CBO]","ADS - ANA ELISA 2","LP - ATUAL",prospecting,archived,ad,1.43191734,12472,0.09846055,,265.59,103,83,2.57854369,,21.29490058,,,9,0,,,,,2026-01-01,2026-05-25
"[C] [LM - TESTE] [ABO]","AD - BOFU","Conj. - Tipo 2",engaged,not_delivering,ad,2.20028259,12458,0,,140.31,123,82,1.14073171,,11.26264248,"Compras no site",70.155,8,0.01626016,2,2.46561186,"Valor de conversão da compra no site",345.95,2026-01-01,2026-05-25
"[C] [TONS] [PB DR]","AD5 — Cópia","[PUBLICO ENG.] [DR]",existing,inactive,ad,1.36826446,12417,0,,213.37128403,121,95,1.76339904,,17.18380318,"Compras no site",71.12376134,16,0.02479339,3,3.62527696,"Valor de conversão da compra no site",773.53,2026-01-01,2026-05-25
"[C] [TONS] [PB DR]","tons_dr-ursinho-bruna2-06-11-2025 — Cópia","[PUBLICO ENG.] [DR]",existing,inactive,ad,1.26727922,12413,0.45259003,,592.76876773,243,195,2.43937764,,47.75386834,"Compras no site",148.19219193,32,0.01646091,4,1.65742538,"Valor de conversão da compra no site",982.47,2026-01-01,2026-05-25
"[C] [LM - TESTE] [ABO]","AD - LIS TOFU","Conj - Vm",engaged,inactive,ad,1.73089283,12388,0.27550856,,498.62883061,220,166,2.26649468,,40.25095501,"Compras no site",71.23269009,36,0.03181818,7,1.84608258,"Valor de conversão da compra no site",920.51,2026-01-01,2026-05-25
"[C] [LM - TESTE] [ABO]","AD - RMK EVELYN LP LM1","[TESTE PB FECHADO]",existing,active,ad,1.54170842,12309,0,,314.61068892,107,95,2.94028681,,25.55940279,"Compras no site",52.43511482,16,0.05607477,6,3.30513246,"Valor de conversão da compra no site",1039.83,2026-01-01,2026-05-25
"[C] [LM - PRINCIPAL][EX. BASE] [ADV. +] [CBO]","AD - ISA MOFU","[EXCLUSÃO BASE] [ADV. +]",prospecting,inactive,ad,1.40666284,12245,0.18864843,,180.17,63,39,2.85984127,,14.71376072,"Compras no site",60.05666667,5,0.04761905,3,3.56785258,"Valor de conversão da compra no site",642.82,2026-01-01,2026-05-25
"[C] [JEJOOM] [CBO]","ARTE 1 LARISSA — Cópia","[CAMPANHA AQUISIÇÃO]",existing,inactive,ad,2.24926199,12191,0,,267.89,109,78,2.45770642,,21.97440735,"Compras no site",44.64833333,18,0.05504587,6,6.27414237,"Valor de conversão da compra no site",1680.78,2026-01-01,2026-05-25
"[C] [LM - TESTE] [ABO]","AD - BOFU 2","Conj. - Tipo 2",engaged,not_delivering,ad,2.2313776,12132,0,,104.97769044,126,89,0.83315627,,8.65295833,"Compras no site",104.97769044,7,0.00793651,1,0.87894866,"Valor de conversão da compra no site",92.27,2026-01-01,2026-05-25
"[C] [LM - TESTE] [ABO]","AD - RMK  EVELYN 18-05 PERFIL DENA — Cópia","[BM JADE]",existing,inactive,ad,1.6008187,12123,0.00032995,,162.52319588,78,47,2.08363072,,13.40618625,"Compras no site",40.63079897,10,0.05128205,4,5.22946891,"Valor de conversão da compra no site",849.91,2026-01-01,2026-05-25
"[C] [LM - TESTE] [ABO]","AD - EVELYN TOFU","[TESTE PB FECHADO]",existing,active,ad,1.18131006,12047,0.33991865,,534.62096779,196,113,2.727658,,44.37793374,"Compras no site",133.65524195,28,0.02040816,4,1.2991073,"Valor de conversão da compra no site",694.53,2026-01-01,2026-05-25
"[C] [TONS] [PB DR]","ADS - DR 1","[PUBLICO ENG.] [DR]",prospecting,inactive,ad,1.8127634,12044,0.0267353,,202.25429141,144,102,1.40454369,,16.79295013,"Compras no site",40.45085828,14,0.03472222,5,3.51245946,"Valor de conversão da compra no site",710.41,2026-01-01,2026-05-25
"[C] [LM - TESTE] [ABO]","AD - TOFU","Influ Sabrina - LM TESTE TRAVA DE CPA",existing,archived,ad,2.08541234,12037,0.11755421,,127.06,90,33,1.41177778,,10.55578633,"Compras no site",63.53,5,0.02222222,2,4.88517236,"Valor de conversão da compra no site",620.71,2026-01-01,2026-05-25
"[C] [LM - TESTE] [ABO]","AD - MOFU ate 14-05 — Cópia","[TOFU] [TIK]",existing,active,ad,1.44660077,12001,0.32172319,,223.99991598,472,294,0.47457609,,18.66510424,"Compras no site",111.99995799,12,0.00423729,2,1.24991118,"Valor de conversão da compra no site",279.98,2026-01-01,2026-05-25
"[C] [JEJOOM] [CBO]","AD - RMKT PERFIL JEJOOM",[RMK],prospecting,inactive,ad,1.55802758,11975,0,,102.55352852,40,29,2.56383821,,8.56396898,,,4,0,,,,,2026-01-01,2026-05-25
"[C] [LM - PRINCIPAL][EX. BASE] [ADV. +] [CBO]","AD - ANA MOFU","[EXCLUSÃO BASE] [ADV. +]",existing,inactive,ad,1.482592,11966,0.11206752,,355.57140107,169,119,2.10397279,,29.71514299,"Compras no site",71.11428021,28,0.0295858,5,3.16681824,"Valor de conversão da compra no site",1126.03,2026-01-01,2026-05-25
"[C] [LM - TESTE] [ABO]","AD - MI RUBACK MOFU","[BOFU] [ADV+ ABERTO] [ESTATICO]",prospecting,not_delivering,ad,1.30148019,11958,0.26275297,,108.19727071,88,71,1.22951444,,9.0481076,,,4,0,,,,,2026-01-01,2026-05-25
"[C] [LM - RMKT] [ADV. ABO]",04-04,"[RMKT LARANJA MORO-REATIVAÇÃO BASE QUENTE]",engaged,not_delivering,ad,2.58127972,11941,0.00343355,,433.42439398,163,126,2.65904536,,36.29716054,"Compras no site",48.158266,44,0.05521472,9,3.7426366,"Valor de conversão da compra no site",1622.15,2026-01-01,2026-05-25
"[C] [LM - PRINCIPAL][EX. BASE] [ADV. +] [CBO]","Rmkt Dani 2 — Cópia","LP - 1",existing,archived,ad,1.77797646,11932,0,,396.61628806,120,103,3.30513573,,33.23971573,"Compras no site",39.66162881,50,0.08333333,10,4.88976388,"Valor de conversão da compra no site",1939.36,2026-01-01,2026-05-25
"[C] [LM - TESTE] [ABO]","AD - BOFU — Cópia — Cópia — Cópia","[BM JADE]",prospecting,inactive,ad,1.2181335,11917,0.05051607,,116.75,28,26,4.16964286,,9.79692876,"Compras no site",116.75,5,0.03571429,1,2.26980728,"Valor de conversão da compra no site",265,2026-01-01,2026-05-25
"[C] [TONS] [PB DR]","AD- NIVER 7","TONS TESTE",prospecting,inactive,ad,1.52508706,11824,0,,281.84,107,96,2.63401869,,23.83626522,"Compras no site",93.94666667,16,0.02803738,3,2.61417826,"Valor de conversão da compra no site",736.78,2026-01-01,2026-05-25
"[C] [LM - PRINCIPAL][EX. BASE] [ADV. +] [CBO]","ADS - EVELYN 2","[AQUISIÇÃO]  [ADV. +]",prospecting,inactive,ad,1.30532832,11808,0.14092141,,205.31,84,77,2.44416667,,17.3873645,"Compras no site",102.655,11,0.02380952,2,1.2751449,"Valor de conversão da compra no site",261.8,2026-01-01,2026-05-25
"[C] [LM - RMKT] [ADV. ABO]","AD - RMKT — Cópia","[RMKT LARANJA MORO-REATIVAÇÃO BASE QUENTE]",prospecting,inactive,ad,1.28621253,11801,0.00533853,,361.18,144,118,2.50819444,,30.60588086,"Compras no site",90.295,8,0.02777778,4,1.75264411,"Valor de conversão da compra no site",633.02,2026-01-01,2026-05-25
"[C] [LM - TESTE] [ABO]","ADS2 - 18-02 — Cópia","Carrossel - Lm",prospecting,inactive,ad,1.25351213,11778,0,,186.33834402,106,90,1.75790891,,15.82088165,"Compras no site",93.16917201,8,0.01886792,2,2.67234316,"Valor de conversão da compra no site",497.96,2026-01-01,2026-05-25
"[C] [LM - TESTE] [ABO]","ADS 3","Influ Raiza 3 - LM TESTE TRAVA DE CPA",engaged,archived,ad,2.44673325,11759,0.1626839,,238.14233448,148,86,1.60906983,,20.25192061,"Compras no site",47.6284669,18,0.03378378,5,5.38354511,"Valor de conversão da compra no site",1282.05,2026-01-01,2026-05-25
"[C] [LM - PRINCIPAL][EX. BASE] [ADV. +] [CBO]","AD3 - DANI","[AQUISIÇÃO]  [ADV. +]",prospecting,inactive,ad,1.42163543,11683,0,,133.27,56,48,2.37982143,,11.40717282,"Compras no site",44.42333333,16,0.05357143,3,4.42455166,"Valor de conversão da compra no site",589.66,2026-01-01,2026-05-25
"[C] [JEJOOM] [CBO]","ADS - MORGANA 1 24-12","[CAMPANHA AQUISIÇÃO]",existing,inactive,ad,2.14892047,11645,0.21820524,,325.31558049,149,108,2.18332604,,27.93607389,"Compras no site",65.0631161,18,0.03355705,5,3.00874,"Valor de conversão da compra no site",978.79,2026-01-01,2026-05-25
"[C] [TONS] [PB DR]","AD - SHOOTING TOFU","[PUBLICO ENG.] [DR]",existing,inactive,ad,1.60198456,11624,0.21911562,,620.93111163,168,104,3.69601852,,53.41802406,"Compras no site",88.70444452,43,0.04166667,7,2.72334558,"Valor de conversão da compra no site",1691.01,2026-01-01,2026-05-25
"[C] [TONS] [PB DR]",tons_dr-ursinho_video-reels_10-07-2025_esse-foi-produto-que-a-mamae,"[PUBLICO ENG.] [DR]",existing,inactive,ad,1.7971241,11498,0.25526178,,430.48384419,186,137,2.31442927,,37.43988904,"Compras no site",61.49769203,21,0.03763441,7,3.24741571,"Valor de conversão da compra no site",1397.96,2026-01-01,2026-05-25
"[C] [LM - TESTE] [ABO]","AD - MOFU ANA ELISA — Cópia","[BM] [ANA ELISA]",engaged,not_delivering,ad,1.9197995,11490,0.23498695,,166.80080438,295,206,0.56542646,,14.51704129,,,1,0,,,,,2026-01-01,2026-05-25
"[C] [LM - PRINCIPAL][EX. BASE] [ADV. +] [CBO]","AD - JESSICA TOFU — Cópia","[AQUISIÇÃO]  [ADV. +]",prospecting,inactive,ad,1.10443864,11421,0.42640749,,332.11940287,141,151,2.35545676,,29.07971306,"Compras no site",110.70646762,8,0.0212766,3,1.09156525,"Valor de conversão da compra no site",362.53,2026-01-01,2026-05-25
"[C] [LM - TESTE] [ABO]",AD3,"Nutri - Tons [Teste até 13-03]",existing,not_delivering,ad,1.74674828,11415,0.33981603,,268.97,244,156,1.10233607,,23.56285589,"Compras no site",134.485,15,0.00819672,2,1.99862438,"Valor de conversão da compra no site",537.57,2026-01-01,2026-05-25
"[C] [LM - PRINCIPAL][EX. BASE] [ADV. +] [CBO]","AD - LEMOS TOFU","[AQUISIÇÃO]  [ADV. +]",existing,inactive,ad,1.33110407,11345,0.34958131,,298.3042218,102,68,2.92455119,,26.2938935,"Compras no site",59.66084436,27,0.04901961,5,3.26428501,"Valor de conversão da compra no site",973.75,2026-01-01,2026-05-25
"[C] [LM - TESTE] [ABO]","AD - JADE TOFU 19-05 BM JADE + DENA — Cópia","[BM JADE]",prospecting,inactive,ad,1.2810768,11326,0.09959385,,125.48,45,25,2.78844444,,11.07893343,,,2,0,,,,,2026-01-01,2026-05-25
"[C] [LM - TESTE] [ABO]","AD3 — Cópia","[TOFU] [TIK + ORG ] [ABERTO]",existing,inactive,ad,1.35453774,11179,0,,326.93223269,73,38,4.47852374,,29.24521269,"Compras no site",163.46611634,7,0.02739726,2,1.81554445,"Valor de conversão da compra no site",593.56,2026-01-01,2026-05-25
"[C] [LM - RMKT] [ADV. ABO]","AD - RMK NIVER 3 — Cópia","[RMKT LARANJA MORO-REATIVAÇÃO BASE QUENTE]",engaged,inactive,ad,1.56044264,11140,0.17791741,,353.37597158,101,80,3.498772,,31.7213619,"Compras no site",35.33759716,20,0.0990099,10,3.81070052,"Valor de conversão da compra no site",1346.61,2026-01-01,2026-05-25
"[C] [LM - TESTE] [ABO]","ADS 2","Influ Raiza",prospecting,archived,ad,1.4036304,11135,0.17961383,,204.56,95,83,2.15326316,,18.37090256,"Compras no site",51.14,10,0.04210526,4,4.70888737,"Valor de conversão da compra no site",963.25,2026-01-01,2026-05-25
"[C] [VARIOS PRODUTO] [ABO] [BID]","AD - BOFU 2","[COLAGENO] [RMKT]",existing,not_delivering,ad,1.72643999,11120,0,,197.58536224,134,104,1.47451763,,17.76846783,"Compras no site",65.86178741,9,0.02238806,3,2.56091845,"Valor de conversão da compra no site",506,2026-01-01,2026-05-25
"[C] [JEJOOM] [CBO]","ADS - MORGANA 2 24-12 — Cópia","[CAMPANHA AQUISIÇÃO]",prospecting,inactive,ad,1.39916656,11080,0.23736462,,361.63702836,169,159,2.13986407,,32.63872097,"Compras no site",90.40925709,30,0.02366864,4,2.08435514,"Valor de conversão da compra no site",753.78,2026-01-01,2026-05-25
"[C] [LM - TESTE] [ABO]","AD -  EVELYN","[TESTE PB FECHADO]",engaged,active,ad,1.18780961,11030,0.21885766,,252.27422193,123,61,2.05100993,,22.87164297,"Compras no site",252.27422193,5,0.00813008,1,0.42640108,"Valor de conversão da compra no site",107.57,2026-01-01,2026-05-25
"[C] [TONS] [PB DR]","tons2_rmkt_20-10-2025-pagdenavita — Cópia","[PUBLICO ENG.] [DR]",prospecting,archived,ad,1.49762325,11027,0,,303.18,120,96,2.5265,,27.49433209,"Compras no site",151.59,15,0.01666667,2,1.59723597,"Valor de conversão da compra no site",484.25,2026-01-01,2026-05-25
"[C] [LM - TESTE] [ABO]",AD1,"[BOFU] [ADV+ ABERTO] [ESTATICO]",prospecting,inactive,ad,1.3658355,11010,0.06657584,,85.35529282,45,35,1.89678428,,7.75252433,"Compras no site",28.45176427,8,0.06666667,3,5.91902369,"Valor de conversão da compra no site",505.22,2026-01-01,2026-05-25
"[C] [LM - PRINCIPAL][EX. BASE] [ADV. +] [CBO]","Rmkt Dani 2 — Cópia","LP - 2",existing,archived,ad,1.85774911,10944,0,,375.51941415,115,95,3.26538621,,34.31281197,"Compras no site",41.72437935,44,0.07826087,9,5.94198307,"Valor de conversão da compra no site",2231.33,2026-01-01,2026-05-25
"[C] [TONS] [PB DR]",tons_dr-ursinho-melasma3-13-10-2025,"[PUBLICO ENG.] [DR]",engaged,inactive,ad,1.70142032,10901,0.16466379,,245.27233817,186,155,1.31866848,,22.49998515,"Compras no site",24.52723382,32,0.05376344,10,9.18126364,"Valor de conversão da compra no site",2251.91,2026-01-01,2026-05-25
"[C] [LM - TESTE] [ABO]",AD3,"Influ Adeli - Lm",engaged,not_delivering,ad,1.85458575,10879,0.15681588,,161.63,150,63,1.07753333,,14.85706407,"Compras no site",161.63,5,0.00666667,1,1.28540494,"Valor de conversão da compra no site",207.76,2026-01-01,2026-05-25
"[C] [VARIOS PRODUTO] [ABO] [BID]","AD - TOFU — Cópia","[VINAGRE] [RMKT]",prospecting,active,ad,1.45819892,10849,0.40575168,,395.83585186,209,159,1.89395144,,36.48592975,"Compras no site",197.91792593,22,0.00956938,2,1.89879213,"Valor de conversão da compra no site",751.61,2026-01-01,2026-05-25
"[C] [LM - TESTE] [ABO]","Criativo 1 29/12","Influ Maritza 0",existing,archived,ad,1.96305686,10840,0.18671587,,175.29310787,191,66,0.91776496,,16.17095091,"Compras no site",87.64655393,4,0.0104712,2,4.19679934,"Valor de conversão da compra no site",735.67,2026-01-01,2026-05-25
"[C] [LM - RMKT] [ADV. ABO]","Rmkt Dani - 1","[RMKT LARANJA MORO-REATIVAÇÃO BASE QUENTE]",prospecting,not_delivering,ad,1.40560166,10840,0,,457.54249757,81,73,5.64867281,,42.20871749,"Compras no site",76.25708293,27,0.07407407,6,2.15936226,"Valor de conversão da compra no site",988,2026-01-01,2026-05-25
"[C] [LM - RMKT] [ADV. ABO]","AD -  TOFU","[RMKT LARANJA MORO-REATIVAÇÃO BASE QUENTE]",prospecting,inactive,ad,1.49972276,10819,0.00055458,,170.55420387,88,75,1.93811595,,15.76432238,"Compras no site",85.27710193,4,0.02272727,2,2.14664893,"Valor de conversão da compra no site",366.12,2026-01-01,2026-05-25
"[C] [LM - TESTE] [ABO]",ad,suldes,prospecting,not_delivering,ad,1.18092429,10809,0,,118.95,42,29,2.83214286,,11.00471829,"Compras no site",118.95,2,0.02380952,1,0.93266078,"Valor de conversão da compra no site",110.94,2026-01-01,2026-05-25
"[C] [TONS] [PB DR]","AD6 — Cópia","[PUBLICO ENG.] [DR]",prospecting,inactive,ad,1.33613966,10792,0,,135.53502717,115,97,1.17856545,,12.5588424,"Compras no site",135.53502717,12,0.00869565,1,0.8861178,"Valor de conversão da compra no site",120.1,2026-01-01,2026-05-25
"[C] [LM - TESTE] [ABO]","ADS 2","teste publico novo - bid",prospecting,not_delivering,ad,1.27163405,10786,0.13369182,,219.04379411,81,68,2.70424437,,20.30815818,"Compras no site",43.80875882,13,0.0617284,5,3.63306344,"Valor de conversão da compra no site",795.8,2026-01-01,2026-05-25
"[C] [LM - TESTE] [ABO]","ADS 1","Influ Jessica - Lm",prospecting,not_delivering,ad,1.25040632,10771,0.22049949,,193.44822768,73,61,2.64997572,,17.96009913,"Compras no site",96.72411384,11,0.02739726,2,1.25434078,"Valor de conversão da compra no site",242.65,2026-01-01,2026-05-25
"[C] [VARIOS PRODUTO] [ABO] [BID]","AD - RMKT 3","[COENZIMA] [RMKT]",existing,inactive,ad,1.51205074,10728,0.00251678,,226.54390208,86,71,2.63423142,,21.11706768,"Compras no site",226.54390208,10,0.01162791,1,0.81758987,"Valor de conversão da compra no site",185.22,2026-01-01,2026-05-25
"[C] [LM - TESTE] [ABO]","AD - ISA MOFU","[BM JADE]",prospecting,not_delivering,ad,1.17972554,10660,0.38405253,,197.09204856,110,98,1.7917459,,18.48893514,"Compras no site",98.54602428,8,0.01818182,2,1.2242503,"Valor de conversão da compra no site",241.29,2026-01-01,2026-05-25
"[C] [LM - TESTE] [ABO]","ADS2- DANI","Conj. - Q10",existing,not_delivering,ad,1.89657632,10636,0,,240.86,66,50,3.64939394,,22.64573148,"Compras no site",120.43,8,0.03030303,2,1.12409699,"Valor de conversão da compra no site",270.75,2026-01-01,2026-05-25
"[C] [JEJOOM] [CBO]","AD3 - ORGANICO","[CAMPANHA AQUISIÇÃO]",engaged,inactive,ad,1.9850075,10592,0,,182.90939642,92,35,1.98814561,,17.26863637,"Compras no site",60.96979881,5,0.0326087,3,4.09503292,"Valor de conversão da compra no site",749.02,2026-01-01,2026-05-25
"[C] [JEJOOM] [CBO]","ADS - MORGANA 1 24-12 — Cópia","[CAMPANHA AQUISIÇÃO]",existing,inactive,ad,2.20856844,10568,0.36023846,,459.00361073,371,226,1.2372065,,43.43334697,"Compras no site",32.7859722,58,0.03773585,14,6.78441286,"Valor de conversão da compra no site",3114.07,2026-01-01,2026-05-25
"[C] [VARIOS PRODUTO] [ABO] [BID]","AD - RMKT 4","[COENZIMA] [RMKT]",existing,not_delivering,ad,1.65919495,10511,0.00076111,,219.89,152,116,1.44664474,,20.91998858,"Compras no site",109.945,11,0.01315789,2,2.1020965,"Valor de conversão da compra no site",462.23,2026-01-01,2026-05-25
"[C] [TONS] [PB DR]",tons4_rmkt_20-10-2025,rmkt_tons_estáticos_visitantes-engajado-compradores_max-conv_cpa35_02-09-2025_7,engaged,not_delivering,ad,1.55961252,10465,0,,418.60418966,240,204,1.74418412,,40.00040035,"Compras no site",29.90029926,67,0.05833333,14,7.7234774,"Valor de conversão da compra no site",3233.08,2026-01-01,2026-05-25
"[C] [LM - TESTE] [ABO]","AD - MOFU ate 14-05","[TOFU] [TIK TOK] [EXCLUSAÕ BASE] [BID 60] - TESTE ATÉ 20-05",existing,not_delivering,ad,1.74720134,10457,0.29224443,,146.37403765,204,150,0.71751979,,13.99770849,"Compras no site",36.59350941,16,0.01960784,4,7.92784034,"Valor de conversão da compra no site",1160.43,2026-01-01,2026-05-25
"[C] [TONS] [PB DR]",AD8,"[PUBLICO ABERTO]",existing,inactive,ad,1.30753819,10442,0.3204367,,481.20899714,261,227,1.84371263,,46.08398747,"Compras no site",60.15112464,47,0.03065134,8,4.86618084,"Valor de conversão da compra no site",2341.65,2026-01-01,2026-05-25
"[C] [LM - PRINCIPAL][EX. BASE] [ADV. +] [CBO]",AD1,"ESTUDOS CLINICOS",engaged,archived,ad,1.58673159,10428,0.2168201,,289.3,100,81,2.893,,27.74261603,"Compras no site",72.325,10,0.04,4,3.01859661,"Valor de conversão da compra no site",873.28,2026-01-01,2026-05-25
"[C] [LM - TESTE] [ABO]","CARROSSEL 1 - 18-02","Carrossel - Lm",engaged,not_delivering,ad,2.17424084,10382,0.04941244,,303.52,330,174,0.91975758,,29.23521479,"Compras no site",43.36,25,0.02121212,7,3.87387981,"Valor de conversão da compra no site",1175.8,2026-01-01,2026-05-25
"[C] [TONS] [PB DR]",tons3_rmkt_20-10-2025,rmkt_tons_estáticos_visitantes-engajado-compradores_max-conv_cpa35_02-09-2025_7,existing,not_delivering,ad,1.89367553,10330,0,,304.93832379,154,111,1.98011899,,29.51968284,"Compras no site",43.56261768,34,0.04545455,7,5.79235164,"Valor de conversão da compra no site",1766.31,2026-01-01,2026-05-25
"[C] [LM - RMKT] [ADV. ABO]","AD - BOFU 1 — Cópia — Cópia","[RMKT LARANJA MORO-REATIVAÇÃO BASE QUENTE]",existing,inactive,ad,1.69381054,10317,0.00164777,,346.67,63,45,5.50269841,,33.60182224,"Compras no site",69.334,13,0.07936508,5,2.11425852,"Valor de conversão da compra no site",732.95,2026-01-01,2026-05-25
"[C] [TONS] [PB DR]",tons4_rmkt_20-10-2025,rmkt_tons_estáticos_visitantes-engajado-compradores_max-conv_cpa35_02-09-2025_7,existing,not_delivering,ad,1.67893194,10312,0,,449.46597305,184,141,2.44274985,,43.5866925,"Compras no site",89.89319461,49,0.02717391,5,2.78403722,"Valor de conversão da compra no site",1251.33,2026-01-01,2026-05-25
"[C] [LM - TESTE] [ABO]","AD -  EVELYN","[TESTE PB FECHADO]",prospecting,active,ad,1.13612624,10224,0.22173318,,212.21,79,68,2.68620253,,20.75606416,"Compras no site",70.73666667,15,0.03797468,3,3.29631026,"Valor de conversão da compra no site",699.51,2026-01-01,2026-05-25
"[C] [LM - PRINCIPAL][EX. BASE] [ADV. +] [CBO]","ADS - SABRINA","[AQUISIÇÃO]  [ADV. +]",existing,inactive,ad,1.34017634,10184,0.30430086,,509.69013038,193,104,2.6408815,,50.04812749,"Compras no site",56.63223671,32,0.04663212,9,3.28142513,"Valor de conversão da compra no site",1672.51,2026-01-01,2026-05-25
"[C] [TONS] [PB DR]","ADS - 2025","[PUBLICO ENG.] [DR]",prospecting,archived,ad,1.14011882,10171,0.33330056,,342.61,180,152,1.90338889,,33.68498673,,,14,0,,,,,2026-01-01,2026-05-25
"[C] [LM - TESTE] [ABO]","AD - MOFU","teste aquisição ate dia 15  - Lm",engaged,inactive,ad,1.97322468,10170,0.09587021,,141.94472409,147,102,0.96561037,,13.95720001,"Compras no site",35.48618102,11,0.02721088,4,2.63229227,"Valor de conversão da compra no site",373.64,2026-01-01,2026-05-25
"[C] [VARIOS PRODUTO] [ABO] [BID]","AD - ORG 2 TOFU/MOFU","[VINAGRE] [RMKT]",existing,inactive,ad,1.54095615,10121,0,,431.09369945,203,158,2.12361428,,42.59398275,"Compras no site",86.21873989,22,0.02463054,5,3.02231279,"Valor de conversão da compra no site",1302.9,2026-01-01,2026-05-25
"[C] [LM - RMKT] [ADV. ABO]","AD - NIVER 4","[RMKT LARANJA MORO-REATIVAÇÃO BASE QUENTE]",engaged,not_delivering,ad,1.81124642,10114,0.2782282,,460.59,380,278,1.21207895,,45.53984576,"Compras no site",30.706,37,0.03947368,15,7.9288087,"Valor de conversão da compra no site",3651.93,2026-01-01,2026-05-25
"[C] [LM - TESTE] [ABO]","AD1 - 07/12","Influ Ana Elisa 2",prospecting,archived,ad,1.84716636,10104,0.20180127,,232.32544113,100,69,2.32325441,,22.99341262,"Compras no site",58.08136028,13,0.04,4,3.98557298,"Valor de conversão da compra no site",925.95,2026-01-01,2026-05-25
"[C] [LM - RMKT] [ADV. ABO]","AD - BOFU 1 — Cópia — Cópia","[RMKT LARANJA MORO-REATIVAÇÃO BASE QUENTE]",prospecting,inactive,ad,1.39003863,10075,0.00406948,,293.06,77,61,3.80597403,,29.08784119,"Compras no site",73.265,15,0.05194805,4,1.26318843,"Valor de conversão da compra no site",370.19,2026-01-01,2026-05-25
"[C] [LM - RMKT] [ADV. ABO]","AD - EVELYN TOFU — Cópia","[RMKT LARANJA MORO-REATIVAÇÃO BASE QUENTE]",prospecting,active,ad,1.13127544,10005,0.39650175,,220.70317659,67,49,3.29407726,,22.05928801,"Compras no site",220.70317659,6,0.01492537,1,0.45250821,"Valor de conversão da compra no site",99.87,2026-01-01,2026-05-25
"[C] [TONS] [PB DR]",AD10,"[PUBLICO ABERTO]",engaged,not_delivering,ad,1.657338,9949,0.22715851,,448.9187493,159,126,2.82338836,,45.12199712,"Compras no site",149.6395831,14,0.01886792,3,1.99871358,"Valor de conversão da compra no site",897.26,2026-01-01,2026-05-25
"[C] [LM - TESTE] [ABO]","AD - SUSANA","Conj. - Tipo 2",prospecting,not_delivering,ad,1.29342174,9949,0.08382752,,47.96,43,27,1.11534884,,4.82058498,,,1,0,,,,,2026-01-01,2026-05-25
"[C] [LM - TESTE] [ABO]","AD - tofu  teste ate 09-05 — Cópia","[TOFU] [TIK TOK] [EXCLUSAÕ BASE] [BID 60] - TESTE ATÉ 20-05",prospecting,inactive,ad,1.22797479,9938,0.29663916,,123.6,62,37,1.99354839,,12.43711008,"Compras no site",123.6,3,0.01612903,1,1.51383495,"Valor de conversão da compra no site",187.11,2026-01-01,2026-05-25
"[C] [LM - RMKT] [ADV. ABO]","AD - EVELYN","[RMKT LARANJA MORO-REATIVAÇÃO BASE QUENTE]",existing,active,ad,1.59150852,9896,0.22493937,,355.24181759,454,332,0.78247096,,35.89751592,"Compras no site",39.47131307,26,0.01982379,9,4.44643598,"Valor de conversão da compra no site",1579.56,2026-01-01,2026-05-25
"[C] [LM - PRINCIPAL][EX. BASE] [ADV. +] [CBO]","AD1 — Cópia","LP 2 - TONS",prospecting,archived,ad,1.31310583,9889,0,,204.05,91,72,2.24230769,,20.63403782,"Compras no site",204.05,7,0.01098901,1,1.05768194,"Valor de conversão da compra no site",215.82,2026-01-01,2026-05-25
"[C] [LM - TESTE] [ABO]","Video 3 Larissa Lemos - 29/12","Influ Larissa Lemos - Lm",existing,archived,ad,3.07027363,9874,0.17065019,,291.12667559,66,42,4.41101024,,29.48416808,"Compras no site",48.5211126,18,0.09090909,6,3.41061154,"Valor de conversão da compra no site",992.92,2026-01-01,2026-05-25
"[C] [LM - TESTE] [ABO]","AD - JADE TOFU — Cópia","Lm Perfil Novo",engaged,not_delivering,ad,3.28077179,9862,0.85581018,,132.43247514,5741,4838,0.02306784,,13.42856167,,,4,0,,,,,2026-01-01,2026-05-25
"[C] [JEJOOM] [CBO]","AD - MOFU PRI 17-05",[RMK],existing,inactive,ad,1.56018372,9851,0.33864582,,170.52,475,329,0.35898947,,17.30991777,"Compras no site",85.26,10,0.00421053,2,2.82928689,"Valor de conversão da compra no site",482.45,2026-01-01,2026-05-25
"[C] [LM - PRINCIPAL][EX. BASE] [ADV. +] [CBO]","AD -TOFU PRI","[AQUISIÇÃO]  [ADV. +]",engaged,inactive,ad,1.67182189,9837,0.15675511,,202.40853901,151,105,1.3404539,,20.57624672,"Compras no site",202.40853901,10,0.00662252,1,1.29302845,"Valor de conversão da compra no site",261.72,2026-01-01,2026-05-25
"[C] [TONS] [PB DR]","tons1_rmkt_20-10-2025 — Cópia","LP NOVA",engaged,inactive,ad,2.01049599,9769,0,,202.54584649,86,69,2.35518426,,20.73352917,"Compras no site",202.54584649,5,0.01162791,1,1.00634006,"Valor de conversão da compra no site",203.83,2026-01-01,2026-05-25
"[C] [LM - PRINCIPAL][EX. BASE] [ADV. +] [CBO]","ADS - AINA","[AQUISIÇÃO]  [ADV. +]",existing,inactive,ad,1.5285535,9743,0.32844093,,196.17382704,297,169,0.66051794,,20.1348483,"Compras no site",32.69563784,14,0.02020202,6,7.24138394,"Valor de conversão da compra no site",1420.57,2026-01-01,2026-05-25
"[C] [LM - RMKT] [ADV. ABO]","AD - RMKT DANI — Cópia","[RMKT LARANJA MORO-REATIVAÇÃO BASE QUENTE]",engaged,active,ad,1.98367347,9720,0.02777778,,371.10155934,228,174,1.62763842,,38.17917277,"Compras no site",37.11015593,29,0.04385965,10,5.3217238,"Valor de conversão da compra no site",1974.9,2026-01-01,2026-05-25
"[C] [JEJOOM] [CBO]","ADS - MORGANA 1 24-12","[CAMPANHA AQUISIÇÃO]",prospecting,inactive,ad,1.66932133,9642,0.25741547,,265.55088102,81,65,3.27840594,,27.54105798,,,9,0,,,,,2026-01-01,2026-05-25
"[C] [TONS] [PB DR]","AD2 — Cópia","[PUBLICO ENG.] [DR]",prospecting,inactive,ad,1.57086614,9576,0,,158.80766982,82,66,1.9366789,,16.58392542,"Compras no site",79.40383491,9,0.02439024,2,2.35272012,"Valor de conversão da compra no site",373.63,2026-01-01,2026-05-25
"[C] [LM - TESTE] [ABO]","ADS 3","Influ Leka - LM TESTE TRAVA DE CPA",existing,archived,ad,1.35228888,9512,0.25325904,,187.12,94,50,1.9906383,,19.67199327,"Compras no site",37.424,15,0.05319149,5,4.5214301,"Valor de conversão da compra no site",846.05,2026-01-01,2026-05-25
"[C] [LM - TESTE] [ABO]","AD - NIVER 2 — Cópia","Conj - Vm",prospecting,inactive,ad,1.24440079,9501,0.00210504,,64.51,27,14,2.38925926,,6.7898116,"Compras no site",64.51,2,0.03703704,1,5.83459929,"Valor de conversão da compra no site",376.39,2026-01-01,2026-05-25
"[C] [LM - TESTE] [ABO]",AD5,"Arte - Organica Tons ###",existing,inactive,ad,1.50786838,9486,0,,176.02122603,73,61,2.41124967,,18.55589564,"Compras no site",176.02122603,15,0.01369863,1,0.67531628,"Valor de conversão da compra no site",118.87,2026-01-01,2026-05-25
"[C] [LM - TESTE] [ABO]",AD2,"Influ Vitoria - Lm",engaged,inactive,ad,2.19443801,9469,0.12820784,,94.72616132,79,29,1.19906533,,10.00381892,"Compras no site",94.72616132,2,0.01265823,1,2.08917998,"Valor de conversão da compra no site",197.9,2026-01-01,2026-05-25
"[C] [LM - TESTE] [ABO]","AD - TOFU","[HIBRIDO] [ESTATICO ORG.] [BID 60]",engaged,inactive,ad,1.615861,9393,0.08218886,,93.47,42,25,2.22547619,,9.95102736,"Compras no site",93.47,2,0.02380952,1,2.29014657,"Valor de conversão da compra no site",214.06,2026-01-01,2026-05-25
"[C] [LM - TESTE] [ABO]","AD - ANA MOFU","teste aquisição ate dia 15  - Lm",existing,inactive,ad,1.6551846,9370,0.09605123,,169.59,43,27,3.94395349,,18.09925293,"Compras no site",84.795,10,0.04651163,2,4.45527449,"Valor de conversão da compra no site",755.57,2026-01-01,2026-05-25
"[C] [LM - TESTE] [ABO]","AD - JADE TOFU 19-05 BM JADE + DENA — Cópia — Cópia","[BM JADE]",existing,inactive,ad,1.56088622,9370,0.12678762,,104.06326756,146,98,0.71276211,,11.10600508,,,1,0,,,,,2026-01-01,2026-05-25
"[C] [VARIOS PRODUTO] [ABO] [BID]","ADS 3 - NOVO VM — Cópia","[VINAGRE] [RMKT]",prospecting,inactive,ad,1.46039913,9367,0.22824811,,108.42,62,47,1.74870968,,11.57467706,"Compras no site",108.42,4,0.01612903,1,0.98164545,"Valor de conversão da compra no site",106.43,2026-01-01,2026-05-25
"[C] [LM - TESTE] [ABO]",ADS78,"Influ Sabrina - Vm [Teste até 13-03]",existing,archived,ad,1.54870775,9348,0.34167736,,698.9845047,196,139,3.56624747,,74.77369541,"Compras no site",34.94922524,45,0.10204082,20,5.13733849,"Valor de conversão da compra no site",3590.92,2026-01-01,2026-05-25
"[C] [LM - TESTE] [ABO]","AD1 — Cópia","[TOFU] [TIK + ORG ] [ABERTO]",prospecting,inactive,ad,1.13568389,9341,0,,176.68,51,38,3.46431373,,18.91446312,,,1,0,,,,,2026-01-01,2026-05-25
"[C] [LM - PRINCIPAL][EX. BASE] [ADV. +] [CBO]","AD - LEMOS TOFU","[AQUISIÇÃO]  [ADV. +]",engaged,inactive,ad,1.33481121,9333,0.36344155,,207.1129312,105,63,1.97250411,,22.19146375,"Compras no site",69.03764373,11,0.02857143,3,1.91919451,"Valor de conversão da compra no site",397.49,2026-01-01,2026-05-25
"[C] [LM - TESTE] [ABO]","AD4 — Cópia","[TOFU] [TIK + ORG ] [ABERTO]",prospecting,inactive,ad,1.16537403,9316,0,,138.28,54,36,2.56074074,,14.84328038,,,4,0,,,,,2026-01-01,2026-05-25
"[C] [LM - TESTE] [ABO]",AD2,"[TOFU] [TIK TOK] [EXCLUSAÕ BASE] [BID 60] - TESTE ATÉ 20-05",engaged,inactive,ad,1.77669532,9301,0.11418127,,108.71,66,34,1.64712121,,11.68799054,"Compras no site",27.1775,8,0.06060606,4,7.75549627,"Valor de conversão da compra no site",843.1,2026-01-01,2026-05-25
"[C] [TONS] [PB DR]","tons 3 - 25-11 — Cópia","[PUBLICO ENG.] [DR]",existing,active,ad,1.25695292,9265,0.40561252,,562.39563917,238,204,2.36300689,,60.70109435,"Compras no site",43.26120301,42,0.05462185,13,4.52412825,"Valor de conversão da compra no site",2544.35,2026-01-01,2026-05-25
"[C] [LM - TESTE] [ABO]","AD - NURR 2","Conj - Vm",engaged,inactive,ad,1.85867368,9193,0.33612531,,514.71159991,243,184,2.11815473,,55.98951375,"Compras no site",42.89263333,35,0.04938272,12,5.01607114,"Valor de conversão da compra no site",2581.83,2026-01-01,2026-05-25
"[C] [LM - PRINCIPAL][EX. BASE] [ADV. +] [CBO]","AD - JADE TOFU 19-05 BM JADE + DENA","[EXCLUSÃO BASE] [ADV. +]",prospecting,active,ad,1.15367203,9174,0.12164814,,92.07384319,28,17,3.28835154,,10.03639015,,,1,0,,,,,2026-01-01,2026-05-25
"[C] [LM - TESTE] [ABO]","ADS2- SABRINA","Conj. - Q10",prospecting,inactive,ad,1.90406977,9170,0.13282443,,108.72807731,74,41,1.46929834,,11.85693319,,,1,0,,,,,2026-01-01,2026-05-25
"[C] [TONS] [PB DR]","AD - TOFU 3","TONS TESTE",existing,not_delivering,ad,1.47064485,9168,0.22829407,,583.50961032,193,127,3.02336586,,63.6463362,"Compras no site",48.62580086,18,0.06217617,12,4.44709042,"Valor de conversão da compra no site",2594.92,2026-01-01,2026-05-25
"[C] [LM - RMKT] [ADV. ABO]","AD - JESSICA TOFU","[RMKT LARANJA MORO-REATIVAÇÃO BASE QUENTE]",prospecting,inactive,ad,1.15249119,9160,0.43045852,,314.43,98,110,3.20846939,,34.32641921,"Compras no site",157.215,5,0.02040816,2,1.15710969,"Valor de conversão da compra no site",363.83,2026-01-01,2026-05-25
"[C] [LM - PRINCIPAL][EX. BASE] [ADV. +] [CBO]","AD - LUCIANA MOFU 2 — Cópia — Cópia","[EXCLUSÃO BASE] [ADV. +]",engaged,inactive,ad,1.32599884,9160,0.3378821,,242.34976261,243,174,0.99732413,,26.45739766,"Compras no site",80.7832542,12,0.01234568,3,2.0351165,"Valor de conversão da compra no site",493.21,2026-01-01,2026-05-25
"[C] [LM - TESTE] [ABO]","ADS - LARI 6","Influ Lari - Jejoom",prospecting,inactive,ad,1.56272524,9106,0.11750494,,182.79,70,66,2.61128571,,20.07357786,"Compras no site",45.6975,8,0.05714286,4,6.08031074,"Valor de conversão da compra no site",1111.42,2026-01-01,2026-05-25
"[C] [LM - TESTE] [ABO]","AD3 — Cópia","[TOFU] [TIK + ORG ] [ABERTO]",engaged,inactive,ad,1.36954882,9076,0,,239.84163793,72,33,3.33113386,,26.42591868,,,4,0,,,,,2026-01-01,2026-05-25
"[C] [TONS] [PB DR]","AD - SHOOTING TOFU","[PUBLICO ENG.] [DR]",engaged,inactive,ad,1.49128576,9070,0.24255788,,379.63062957,146,97,2.60020979,,41.85563722,"Compras no site",75.92612591,20,0.03424658,5,2.04930777,"Valor de conversão da compra no site",777.98,2026-01-01,2026-05-25
"[C] [JEJOOM] [CBO]","AD - SABRINA","[CAMPANHA AQUISIÇÃO]",prospecting,inactive,ad,1.44068066,9059,0.20278176,,123.6,130,80,0.95076923,,13.64389005,"Compras no site",123.6,7,0.00769231,1,3.96197411,"Valor de conversão da compra no site",489.7,2026-01-01,2026-05-25
"[C] [LM - TESTE] [ABO]","AD - JADE TOFU 19-05 BM JADE + DENA — Cópia","[BM JADE]",existing,inactive,ad,1.51976351,8997,0.18939647,,140.54,213,151,0.65981221,,15.62076248,,,,0,,,,,2026-01-01,2026-05-25
"[C] [LM - TESTE] [ABO]",AD1,"[HIBRIDO] [ESTATICO ORG.] [BID 60]",existing,inactive,ad,1.58932674,8994,0.17378252,,179.55556522,98,76,1.83219965,,19.96392764,"Compras no site",89.77778261,20,0.02040816,2,2.65455431,"Valor de conversão da compra no site",476.64,2026-01-01,2026-05-25
"[C] [JEJOOM] [CBO]","ADS - MORGANA","[CAMPANHA AQUISIÇÃO]",existing,inactive,ad,1.8969094,8961,0.23278652,,702.31346329,155,122,4.5310546,,78.37445188,"Compras no site",54.02411256,33,0.08387097,13,4.12690366,"Valor de conversão da compra no site",2898.38,2026-01-01,2026-05-25
"[C] [LM - PRINCIPAL][EX. BASE] [ADV. +] [CBO]","AD - EVELYN TOFU","[EXCLUSÃO BASE] [ADV. +]",engaged,inactive,ad,1.20008046,8949,0.32752263,,235.90124014,126,84,1.87223206,,26.36062578,,,8,0,,,,,2026-01-01,2026-05-25
"[C] [LM - TESTE] [ABO]",AD1,"Influ Adeli - Lm",existing,not_delivering,ad,1.70291373,8942,0.11541042,,112.32561245,100,32,1.12325612,,12.56157598,"Compras no site",56.16280623,1,0.02,2,7.93202886,"Valor de conversão da compra no site",890.97,2026-01-01,2026-05-25
"[C] [JEJOOM] [CBO]","AD - ORGANICO","[CAMPANHA AQUISIÇÃO]",existing,inactive,ad,1.51823318,8868,0,,309.26459565,93,67,3.32542576,,34.87422143,"Compras no site",51.54409928,12,0.06451613,6,3.31486376,"Valor de conversão da compra no site",1025.17,2026-01-01,2026-05-25
"[C] [VARIOS PRODUTO] [ABO] [BID]","AD - PROMO BOFU","[VINAGRE] [RMKT]",prospecting,inactive,ad,1.66735615,8867,0.18326379,,431.23336713,144,125,2.99467616,,48.63351383,"Compras no site",53.90417089,22,0.05555556,8,4.0781399,"Valor de conversão da compra no site",1758.63,2026-01-01,2026-05-25
"[C] [LM - TESTE] [ABO]","AD - RMK  EVELYN 18-05 PERFIL DENA — Cópia — Cópia","[TESTE PB FECHADO JADE]",prospecting,active,ad,1.26570531,8865,0.00146644,,111.31075059,43,30,2.58862211,,12.55620424,,,1,0,,,,,2026-01-01,2026-05-25
"[C] [LM - TESTE] [ABO]","EDITAR PARA CYBER","[BM] [ANA ELISA]",prospecting,inactive,ad,1.843737,8861,0.15404582,,246.2,76,65,3.23947368,,27.78467442,"Compras no site",82.06666667,16,0.03947368,3,1.46807474,"Valor de conversão da compra no site",361.44,2026-01-01,2026-05-25
"[C] [LM - TESTE] [ABO]","AD -  EVELYN",EVELIN,prospecting,active,ad,1.12228019,8820,0.17052154,,128.54512397,53,45,2.4253797,,14.57427709,"Compras no site",128.54512397,7,0.01886792,1,0.68232849,"Valor de conversão da compra no site",87.71,2026-01-01,2026-05-25
"[C] [LM - TESTE] [ABO]","AD - LUCIANA MOFU","teste aquisição ate dia 15  - Lm",existing,inactive,ad,1.92280702,8768,0.12192062,,117.44005918,133,80,0.88300796,,13.39416733,"Compras no site",58.72002959,7,0.01503759,2,4.54853313,"Valor de conversão da compra no site",534.18,2026-01-01,2026-05-25
"[C] [LM - TESTE] [ABO]","ADS 1 - MARITZA — Cópia","Influ Maritza 0",prospecting,archived,ad,1.26420869,8675,0.20991354,,67.28,37,19,1.81837838,,7.7556196,,,2,0,,,,,2026-01-01,2026-05-25
"[C] [TONS] [PB DR]",tons3_rmkt_20-10-2025,rmkt_tons_estáticos_visitantes-engajado-compradores_max-conv_cpa35_02-09-2025_7,engaged,not_delivering,ad,1.54602212,8667,0,,189.62139438,145,115,1.30773375,,21.87855018,"Compras no site",94.81069719,17,0.0137931,2,2.70897702,"Valor de conversão da compra no site",513.68,2026-01-01,2026-05-25
"[C] [TONS] [PB DR]","tons4_rmkt_20-10-2025 — Cópia","[PUBLICO ENG.] [DR]",prospecting,archived,ad,1.17507822,8638,0,,235.3,68,54,3.46029412,,27.24010188,"Compras no site",117.65,16,0.02941176,2,3.27509562,"Valor de conversão da compra no site",770.63,2026-01-01,2026-05-25
"[C] [LM - TESTE] [ABO]","ADS1 - 18-02 — Cópia","Carrossel - Lm",existing,inactive,ad,1.81468237,8627,0,,209.14037325,129,96,1.6212432,,24.24253776,"Compras no site",69.71345775,11,0.02325581,3,3.41091483,"Valor de conversão da compra no site",713.36,2026-01-01,2026-05-25
"[C] [LM - TESTE] [ABO]","ADS 3","Influ Evelyn BM -VM",existing,inactive,ad,1.93619411,8618,0.22696681,,96.17844898,80,54,1.20223061,,11.16018206,"Compras no site",48.08922449,9,0.025,2,3.61557089,"Valor de conversão da compra no site",347.74,2026-01-01,2026-05-25
"[C] [LM - TESTE] [ABO]","ADS - LARI 6","Influ Lari - Jejoom",existing,inactive,ad,1.68922896,8610,0.10894309,,172.01,61,43,2.81983607,,19.97793264,"Compras no site",172.01,5,0.01639344,1,0.9204116,"Valor de conversão da compra no site",158.32,2026-01-01,2026-05-25
"[C] [LM - PRINCIPAL][EX. BASE] [ADV. +] [CBO]","ADS - ANA ELISA","[AQUISIÇÃO]  [ADV. +]",engaged,inactive,ad,1.91129931,8576,0.16382929,,187.75,125,95,1.502,,21.89249067,"Compras no site",187.75,9,0.008,1,0.56671105,"Valor de conversão da compra no site",106.4,2026-01-01,2026-05-25
"[C] [TONS] [PB DR]","ADS - DR 1","[PUBLICO ENG.] [DR]",existing,inactive,ad,2.6203732,8566,0.02474901,,185.34226022,142,103,1.30522718,,21.6369671,"Compras no site",61.78075341,16,0.02112676,3,2.81970231,"Valor de conversão da compra no site",522.61,2026-01-01,2026-05-25
"[C] [VARIOS PRODUTO] [ABO] [BID]","AD - TOFU — Cópia","[VINAGRE] [RMKT]",engaged,active,ad,1.40281875,8560,0.44521028,,279.92192658,358,279,0.78190482,,32.70115965,"Compras no site",279.92192658,13,0.0027933,1,1.06326076,"Valor de conversão da compra no site",297.63,2026-01-01,2026-05-25
"[C] [LM - PRINCIPAL][EX. BASE] [ADV. +] [CBO]","AD - ANA MOFU","[EXCLUSÃO BASE] [ADV. +]",prospecting,inactive,ad,1.40203145,8558,0.12608086,,176.9457082,52,39,3.40280208,,20.67605845,"Compras no site",44.23642705,9,0.07692308,4,4.64012385,"Valor de conversão da compra no site",821.05,2026-01-01,2026-05-25
"[C] [LM - TESTE] [ABO]","AD - TOFU","[TOFU] [TIK + ORG ] [ABERTO]",existing,inactive,ad,1.38583956,8534,0.11776424,,122.62,41,29,2.99073171,,14.36840872,,,2,0,,,,,2026-01-01,2026-05-25
"[C] [LM - TESTE] [ABO]",AD6,"[BOFU] [ADV+ ABERTO] [ESTATICO]",engaged,inactive,ad,2.03192757,8528,0.20825516,,93.2581717,321,158,0.2905239,,10.9355267,"Compras no site",46.62908585,6,0.00623053,2,3.5014626,"Valor de conversão da compra no site",326.54,2026-01-01,2026-05-25
"[C] [LM - TESTE] [ABO]","AD - MOFU ate 14-05 — Cópia","[TOFU] [TIK]",engaged,active,ad,1.40494641,8521,0.37049642,,254.77159784,246,158,1.0356569,,29.8992604,"Compras no site",254.77159784,6,0.00406504,1,0.84091006,"Valor de conversão da compra no site",214.24,2026-01-01,2026-05-25
"[C] [TONS] [PB DR]","AD - TOFU","[PUBLICO ENG.] [DR]",engaged,inactive,ad,2.00164667,8509,0.25161594,,517.36,194,137,2.66680412,,60.80150429,"Compras no site",47.03272727,36,0.05670103,11,5.23523272,"Valor de conversão da compra no site",2708.5,2026-01-01,2026-05-25
"[C] [LM - TESTE] [ABO]","Teste - ADS 2","Evelyn Regly BM - LM",prospecting,inactive,ad,1.51555794,8475,0.13215339,,97.45,50,43,1.949,,11.49852507,"Compras no site",97.45,10,0.02,1,1.08004105,"Valor de conversão da compra no site",105.25,2026-01-01,2026-05-25
"[C] [LM - TESTE] [ABO]","ADS 2 - INGRID VM","Influ Ingrid - Lm",prospecting,inactive,ad,1.38357283,8473,0.1161336,,65.39696393,61,34,1.07208138,,7.71827734,"Compras no site",65.39696393,2,0.01639344,1,4.93952594,"Valor de conversão da compra no site",323.03,2026-01-01,2026-05-25
"[C] [LM - TESTE] [ABO]","ADS - MES CONSUMIDOR — Cópia","[BOFU] [ADV+ ABERTO] [ESTATICO]",engaged,inactive,ad,1.60124787,8469,0.00082654,,81.3692336,56,36,1.45302203,,9.60789156,"Compras no site",81.3692336,8,0.01785714,1,1.94569855,"Valor de conversão da compra no site",158.32,2026-01-01,2026-05-25
"[C] [LM - TESTE] [ABO]","AD - JADE MOFU 3 — Cópia","[TESTE PB FECHADO JADE]",prospecting,active,ad,1.24933491,8453,0.10647108,,130.92754165,49,29,2.67199065,,15.48888461,,,5,0,,,,,2026-01-01,2026-05-25
"[C] [TONS] [PB DR]",tons_dr-ursinho_video-reels_10-07-2025_nao-tem-clareador-oral-barra,"LP NOVA",existing,inactive,ad,2.15564703,8379,0.13128058,,250.83382905,138,86,1.81763644,,29.93601015,"Compras no site",50.16676581,12,0.03623188,5,4.98485394,"Valor de conversão da compra no site",1250.37,2026-01-01,2026-05-25
"[C] [TONS] [PB DR]","AD5 — Cópia","[PUBLICO ENG.] [DR]",engaged,inactive,ad,1.39595521,8352,0,,128.21324506,83,61,1.54473789,,15.35120271,"Compras no site",128.21324506,9,0.01204819,1,1.68469334,"Valor de conversão da compra no site",216,2026-01-01,2026-05-25
"[C] [VARIOS PRODUTO] [ABO] [BID]","AD - MOFU","[VINAGRE] [RMKT]",existing,active,ad,1.5731315,8314,0.18089969,,120.58638548,125,97,0.96469108,,14.50401557,"Compras no site",60.29319274,4,0.016,2,4.51858639,"Valor de conversão da compra no site",544.88,2026-01-01,2026-05-25
"[C] [LM - TESTE] [ABO]","Teste - Perfil novo","Evelyn Regly BM - LM",prospecting,not_delivering,ad,1.19959532,8300,0.09554217,,162.95,78,64,2.08910256,,19.63253012,"Compras no site",54.31666667,4,0.03846154,3,3.59607241,"Valor de conversão da compra no site",585.98,2026-01-01,2026-05-25
"[C] [JEJOOM] [CBO]","AD - ORGANICO","[CAMPANHA AQUISIÇÃO]",prospecting,inactive,ad,1.28757764,8292,0,,240.91357996,73,50,3.30018603,,29.05373613,"Compras no site",240.91357996,7,0.01369863,1,0.91700933,"Valor de conversão da compra no site",220.92,2026-01-01,2026-05-25
"[C] [LM - PRINCIPAL][EX. BASE] [ADV. +] [CBO]","AD - ALESSANDRA — Cópia","[AQUISIÇÃO]  [ADV. +]",prospecting,active,ad,1.33910091,8281,0.19985509,,172.71128531,56,14,3.08413009,,20.856332,,,3,0,,,,,2026-01-01,2026-05-25
"[C] [LM - TESTE] [ABO]","AD - MARCELA TOFU — Cópia","[BM] [MARCELA/PRI]",prospecting,inactive,ad,1.41264957,8264,0.19022265,,108.56256675,90,67,1.20625074,,13.13680624,"Compras no site",108.56256675,2,0.01111111,1,1.70970534,"Valor de conversão da compra no site",185.61,2026-01-01,2026-05-25
"[C] [TONS] [PB DR]","AD - TOFU","[PUBLICO ENG.] [DR]",engaged,inactive,ad,1.34687551,8255,0.19127801,,307.43769393,148,116,2.07728172,,37.24260375,"Compras no site",102.47923131,20,0.02027027,3,3.2440069,"Valor de conversão da compra no site",997.33,2026-01-01,2026-05-25
"[C] [LM - TESTE] [ABO]","AD - NIVER 2","[HIBRIDO] [ESTATICO ORG.] [BID 60]",engaged,inactive,ad,1.70539591,8249,0.00012123,,96.66,101,69,0.9570297,,11.71778397,"Compras no site",19.332,9,0.04950495,5,10.8517484,"Valor de conversão da compra no site",1048.93,2026-01-01,2026-05-25
"[C] [LM - RMKT] [ADV. ABO]","AD - EVELYN TOFU — Cópia","[RMKT LARANJA MORO-REATIVAÇÃO BASE QUENTE]",existing,active,ad,1.30694797,8239,0.42468746,,219.97329836,159,54,1.38347986,,26.69902881,"Compras no site",73.32443279,7,0.01886792,3,3.13560784,"Valor de conversão da compra no site",689.75,2026-01-01,2026-05-25
"[C] [LM - TESTE] [ABO]","ADS 2","Influ Evelyn - Vm",prospecting,not_delivering,ad,1.26048362,8236,0.19706168,,270.31,95,70,2.84536842,,32.82054395,"Compras no site",90.10333333,12,0.03157895,3,3.35855129,"Valor de conversão da compra no site",907.85,2026-01-01,2026-05-25
"[C] [LM - TESTE] [ABO]",AD2,"Arte - Organica Tons ###",existing,inactive,ad,2.14760534,8206,0,,198.96,81,56,2.4562963,,24.2456739,"Compras no site",66.32,14,0.03703704,3,3.54161641,"Valor de conversão da compra no site",704.64,2026-01-01,2026-05-25
"[C] [TONS] [PB DR]","AD- NIVER 4","TONS TESTE",prospecting,not_delivering,ad,1.26341011,8173,0,,113.33,55,40,2.06054545,,13.86638933,,,5,0,0,0.12997441,"Valor de conversão da compra no site",14.73,2026-01-01,2026-05-25
"[C] [LM - TESTE] [ABO]","AD - JADE JEJOOM TOFU","[BM JADE]",engaged,inactive,ad,2.04930818,8146,0.14731156,,86.52902362,79,63,1.0953041,,10.6222715,"Compras no site",28.84300787,9,0.03797468,3,7.91965483,"Valor de conversão da compra no site",685.28,2026-01-01,2026-05-25
"[C] [LM - PRINCIPAL][EX. BASE] [ADV. +] [CBO]","AD - ISA MOFU","[EXCLUSÃO BASE] [ADV. +]",existing,inactive,ad,1.58237697,8135,0.17258758,,143.74,84,58,1.71119048,,17.66933006,,,1,0,,,,,2026-01-01,2026-05-25
"[C] [LM - TESTE] [ABO]","AD - NIVER — Cópia","Conj - Vm",engaged,inactive,ad,2.02552553,8094,0,,229.33738092,96,67,2.38893105,,28.33424523,"Compras no site",38.22289682,14,0.0625,6,6.78829589,"Valor de conversão da compra no site",1556.81,2026-01-01,2026-05-25
"[C] [LM - TESTE] [ABO]","ADS 4 — Cópia","Influ Evelyn BM -VM",engaged,inactive,ad,1.43818214,8038,0.21883553,,89.62765806,116,86,0.77265222,,11.15049242,,,11,0,,,,,2026-01-01,2026-05-25
"[C] [LM - RMKT] [ADV. ABO]","AD - EVELYN","[RMKT LARANJA MORO-REATIVAÇÃO BASE QUENTE]",engaged,active,ad,1.62214589,8028,0.21076233,,243.18023553,358,264,0.6792744,,30.29150916,"Compras no site",34.74003365,12,0.01955307,7,5.9811193,"Valor de conversão da compra no site",1454.49,2026-01-01,2026-05-25
"[C] [LM - TESTE] [ABO]","AD - MI RUBACK MOFU","[BOFU] [ADV+ ABERTO] [ESTATICO]",engaged,not_delivering,ad,1.70131523,8020,0.31408978,,91.50769171,191,104,0.47909786,,11.40993662,,,1,0,,,,,2026-01-01,2026-05-25
"[C] [TONS] [PB DR]","ADS 3 - MES DO CLIENTE","[PUBLICO ENG.] [DR]",existing,archived,ad,2.11040843,8009,0,,317.83539702,48,35,6.62157077,,39.68477925,"Compras no site",317.83539702,16,0.02083333,1,0.83036692,"Valor de conversão da compra no site",263.92,2026-01-01,2026-05-25
"[C] [LM - TESTE] [ABO]","AD - EVELYN","Influ Evelyn BM -VM",engaged,not_delivering,ad,1.5145244,7977,0.19267895,,113.43,108,88,1.05027778,,14.21963144,"Compras no site",113.43,9,0.00925926,1,0.80111082,"Valor de conversão da compra no site",90.87,2026-01-01,2026-05-25
"[C] [LM - TESTE] [ABO]","AD - 5 — Cópia","[TOFU] [TIK]",prospecting,active,ad,1.15763475,7968,0.17545181,,88.9733947,50,35,1.77946789,,11.1663397,"Compras no site",88.9733947,2,0.02,1,1.21508233,"Valor de conversão da compra no site",108.11,2026-01-01,2026-05-25
"[C] [LM - PRINCIPAL][EX. BASE] [ADV. +] [CBO]","ADS - MES CONSUMIDOR 3","[AQUISIÇÃO]  [ADV. +]",prospecting,inactive,ad,1.38054785,7963,0.00339068,,294.4,45,39,6.54222222,,36.97099083,"Compras no site",294.4,6,0.02222222,1,0.53777174,"Valor de conversão da compra no site",158.32,2026-01-01,2026-05-25
"[C] [LM - PRINCIPAL][EX. BASE] [ADV. +] [CBO]","ADS - ANA ELISA","[AQUISIÇÃO]  [ADV. +]",existing,inactive,ad,2.05447973,7957,0.13912278,,166.08,146,119,1.13753425,,20.87218801,"Compras no site",55.36,5,0.02054795,3,3.44562861,"Valor de conversão da compra no site",572.25,2026-01-01,2026-05-25
"[C] [LM - TESTE] [ABO]","AD - RMK  EVELYN 18-05 PERFIL DENA — Cópia — Cópia","[TESTE PB FECHADO JADE]",prospecting,active,ad,1.20695943,7943,0.00025179,,106.77551412,40,20,2.66938785,,13.44271864,,,4,0,,,,,2026-01-01,2026-05-25
"[C] [LM - TESTE] [ABO]",AD3,"Influ Mi Ruback - Vm",engaged,archived,ad,1.51537279,7886,0.34669034,,327.4291719,206,157,1.589462,,41.52031092,"Compras no site",81.85729298,25,0.01941748,4,3.14477172,"Valor de conversão da compra no site",1029.69,2026-01-01,2026-05-25
"[C] [LM - TESTE] [ABO]","AD -  EVELYN","[TESTE PB FECHADO]",engaged,active,ad,1.30651849,7877,0.1044814,,199.0757529,96,68,2.07370576,,25.27304214,"Compras no site",49.76893822,10,0.04166667,4,3.1187123,"Valor de conversão da compra no site",620.86,2026-01-01,2026-05-25
"[C] [JEJOOM] [CBO]","AD - JADE TOFU","[CAMPANHA AQUISIÇÃO]",prospecting,inactive,ad,1.33627867,7864,0.20867243,,241.35669762,123,108,1.96224957,,30.69133998,"Compras no site",120.67834881,20,0.01626016,2,1.91720389,"Valor de conversão da compra no site",462.73,2026-01-01,2026-05-25
"[C] [LM - TESTE] [ABO]",AD2,"Arte - Organica Tons ###",engaged,inactive,ad,1.9233219,7851,0,,159.09,91,65,1.74824176,,20.26366068,"Compras no site",53.03,8,0.03296703,3,3.40530517,"Valor de conversão da compra no site",541.75,2026-01-01,2026-05-25
"[C] [LM - PRINCIPAL][EX. BASE] [ADV. +] [CBO]","AD1 — Cópia","LP 1 - TOPO TONS",prospecting,archived,ad,1.37011173,7848,0,,162.48,68,63,2.38941176,,20.70336391,"Compras no site",81.24,11,0.02941176,2,2.82237814,"Valor de conversão da compra no site",458.58,2026-01-01,2026-05-25
"[C] [VARIOS PRODUTO] [ABO] [BID]","AD - TOFU","[VINAGRE] [RMKT]",existing,active,ad,1.49808869,7838,0.21472314,,291.44109382,403,318,0.72317889,,37.18309439,"Compras no site",41.63444197,21,0.01736973,7,6.32398807,"Valor de conversão da compra no site",1843.07,2026-01-01,2026-05-25
"[C] [LM - PRINCIPAL][EX. BASE] [ADV. +] [CBO]","ADS - RAIZA 4","[AQUISIÇÃO]  [ADV. +]",prospecting,inactive,ad,1.12494564,7761,0.17575055,,157.91,46,40,3.43282609,,20.34660482,,,5,0,,,,,2026-01-01,2026-05-25
"[C] [LM - RMKT] [ADV. ABO]","AD - MOFU ANA ELISA — Cópia — Cópia","[RMKT LARANJA MORO-REATIVAÇÃO BASE QUENTE]",existing,inactive,ad,1.45969868,7751,0.29557476,,527.87,255,211,2.07007843,,68.10347052,"Compras no site",65.98375,39,0.03137255,8,3.14103851,"Valor de conversão da compra no site",1658.06,2026-01-01,2026-05-25
"[C] [LM - TESTE] [ABO]","AD - TOFU","Influ Sabrina - LM TESTE TRAVA DE CPA",engaged,archived,ad,2.01256216,7690,0.12925878,,60.15,52,13,1.15673077,,7.82184655,"Compras no site",15.0375,4,0.07692308,4,11.91022444,"Valor de conversão da compra no site",716.4,2026-01-01,2026-05-25
"[C] [LM - TESTE] [ABO]","ADS 2","teste publico novo - bid",engaged,not_delivering,ad,1.44367124,7676,0.15072955,,169.71095713,111,63,1.52892754,,22.10929613,"Compras no site",169.71095713,8,0.00900901,1,0.93288025,"Valor de conversão da compra no site",158.32,2026-01-01,2026-05-25
"[C] [VARIOS PRODUTO] [ABO] [BID]","AD - RMKT 3","[COENZIMA] [RMKT]",prospecting,inactive,ad,1.18948674,7671,0.00312867,,93.96747066,32,22,2.93648346,,12.24970286,,,,0,,,,,2026-01-01,2026-05-25
"[C] [LM - RMKT] [ADV. ABO]","AD - EVELYN NIVER — Cópia","[RMKT LARANJA MORO-REATIVAÇÃO BASE QUENTE]",existing,not_delivering,ad,1.2508984,7658,0.27121964,,251.93959469,97,65,2.59731541,,32.8988763,"Compras no site",50.38791894,15,0.05154639,5,4.18818646,"Valor de conversão da compra no site",1055.17,2026-01-01,2026-05-25
"[C] [LM - PRINCIPAL][EX. BASE] [ADV. +] [CBO]","AD - MOFU teste ate 08-05 — Cópia — Cópia — Cópia","[AQUISIÇÃO]  [ADV. +]",prospecting,inactive,ad,1.08047438,7653,0.41055795,,151.494371,45,32,3.36654158,,19.79542284,"Compras no site",50.49812367,6,0.06666667,3,2.75554793,"Valor de conversão da compra no site",417.45,2026-01-01,2026-05-25
"[C] [LM - PRINCIPAL][EX. BASE] [ADV. +] [CBO]","AD - EVELYN MOFU","[EXCLUSÃO BASE] [ADV. +]",existing,inactive,ad,1.45185185,7644,0.07653061,,147.59,45,29,3.27977778,,19.30795395,,,5,0,,,,,2026-01-01,2026-05-25
"[C] [LM - PRINCIPAL][EX. BASE] [ADV. +] [CBO]","AD - MOFU teste ate 08-05","[AQUISIÇÃO]  [ADV. +]",prospecting,inactive,ad,1.10787299,7641,0.42481351,,176.96823932,101,67,1.75216079,,23.16035065,"Compras no site",88.48411966,5,0.01980198,2,1.71753983,"Valor de conversão da compra no site",303.95,2026-01-01,2026-05-25
"[C] [TONS] [PB DR]","ADS - ORGANICO","[PUBLICO ABERTO]",prospecting,not_delivering,ad,1.46199502,7636,0.02331063,,166.33,52,35,3.19865385,,21.78234678,,,13,0,,,,,2026-01-01,2026-05-25
"[C] [LM - TESTE] [ABO]","AD -  EVELYN","[TESTE PB FECHADO]",existing,active,ad,1.27154091,7600,0.08710526,,185.40492694,81,61,2.28894972,,24.39538512,"Compras no site",37.08098539,17,0.0617284,5,4.79814649,"Valor de conversão da compra no site",889.6,2026-01-01,2026-05-25
"[C] [LM - TESTE] [ABO]","AD - NIVER 4","[HIBRIDO] [ESTATICO ORG.] [BID 60]",existing,inactive,ad,1.59463456,7549,0.00052987,,74.5831282,80,45,0.9322891,,9.87986862,"Compras no site",74.5831282,1,0.0125,1,2.73292372,"Valor de conversão da compra no site",203.83,2026-01-01,2026-05-25
"[C] [LM - RMKT] [ADV. ABO]","AD - MOFU ANA ELISA REFAÇÃO 17-05 — Cópia — Cópia","[RMKT LARANJA MORO-REATIVAÇÃO BASE QUENTE]",prospecting,inactive,ad,1.29054983,7511,0.19744375,,323.01,88,66,3.67056818,,43.00492611,"Compras no site",323.01,13,0.01136364,1,0.57926999,"Valor de conversão da compra no site",187.11,2026-01-01,2026-05-25
"[C] [LM - PRINCIPAL][EX. BASE] [ADV. +] [CBO]","AD - ANA MOFU","[EXCLUSÃO BASE] [ADV. +]",engaged,inactive,ad,1.37807565,7505,0.1332445,,237.55425513,118,96,2.01317165,,31.65279882,"Compras no site",118.77712756,21,0.01694915,2,1.26463742,"Valor de conversão da compra no site",300.42,2026-01-01,2026-05-25
"[C] [LM - TESTE] [ABO]","AD - ISA MOFU","[BM JADE]",existing,not_delivering,ad,1.29547026,7493,0.38596023,,152.15702171,71,61,2.14305664,,20.30655568,"Compras no site",152.15702171,5,0.01408451,1,1.30063008,"Valor de conversão da compra no site",197.9,2026-01-01,2026-05-25
"[C] [LM - PRINCIPAL][EX. BASE] [ADV. +] [CBO]","AD - TOFU","[AQUISIÇÃO]  [ADV. +]",existing,inactive,ad,1.4813418,7463,0.23850998,,254,102,76,2.49019608,,34.03457055,"Compras no site",50.8,18,0.04901961,5,4.41330709,"Valor de conversão da compra no site",1120.98,2026-01-01,2026-05-25
"[C] [LM - RMKT] [ADV. ABO]","AD - EVELYN","[RMKT LARANJA MORO-REATIVAÇÃO BASE QUENTE]",existing,not_delivering,ad,1.3859584,7462,0.17475208,,235.7159204,116,78,2.0320338,,31.58883951,"Compras no site",235.7159204,12,0.00862069,1,1.33083926,"Valor de conversão da compra no site",313.7,2026-01-01,2026-05-25
"[C] [VARIOS PRODUTO] [ABO] [BID]","AD - MOFU MARCELA 17-05","[VINAGRE] [RMKT]",existing,inactive,ad,1.36204059,7449,0.19237482,,143.97,111,90,1.29702703,,19.3274265,,,9,0,,,,,2026-01-01,2026-05-25
"[C] [LM - TESTE] [ABO]",ADS78,"Influ Sabrina - Vm [Teste até 13-03]",engaged,archived,ad,1.64661487,7418,0.36910218,,520.17311969,185,140,2.81174659,,70.12309513,"Compras no site",130.04327992,11,0.02162162,4,1.41650918,"Valor de conversão da compra no site",736.83,2026-01-01,2026-05-25
"[C] [TONS] [PB DR]","AD - TOFU","[PUBLICO ENG.] [DR]",existing,inactive,ad,2.23044525,7414,0.21729161,,353.1,169,104,2.08934911,,47.62611276,"Compras no site",39.23333333,16,0.05325444,9,6.59617672,"Valor de conversão da compra no site",2329.11,2026-01-01,2026-05-25
"[C] [TONS] [PB DR]","AD- NIVER 7","TONS TESTE",existing,inactive,ad,2.07219101,7377,0,,341.63,119,97,2.87084034,,46.31015318,"Compras no site",42.70375,35,0.06722689,8,5.78617217,"Valor de conversão da compra no site",1976.73,2026-01-01,2026-05-25
"[C] [JEJOOM] [CBO]","ADS - MORGANA 1 24-12","[CAMPANHA AQUISIÇÃO]",engaged,inactive,ad,1.93639483,7337,0.22093499,,172.17353849,103,69,1.67158775,,23.46647656,"Compras no site",28.69558975,15,0.05825243,6,7.39219285,"Valor de conversão da compra no site",1272.74,2026-01-01,2026-05-25
"[C] [JEJOOM] [CBO]","ARTE 1 LARISSA — Cópia","[CAMPANHA AQUISIÇÃO]",prospecting,inactive,ad,1.7626506,7315,0,,140.81,69,56,2.04072464,,19.24948735,"Compras no site",140.81,8,0.01449275,1,1.42404659,"Valor de conversão da compra no site",200.52,2026-01-01,2026-05-25
"[C] [TONS] [PB DR]","AD1 — Cópia — Cópia","LP NOVA",prospecting,inactive,ad,1.27199861,7300,0,,100.66,36,31,2.79611111,,13.7890411,"Compras no site",100.66,7,0.02777778,1,1.41357044,"Valor de conversão da compra no site",142.29,2026-01-01,2026-05-25
"[C] [LM - TESTE] [ABO]","AD - RMK EVELYN",EVELIN,engaged,active,ad,1.60803355,7286,0,,201.45764593,90,67,2.23841829,,27.64996513,"Compras no site",33.57627432,15,0.06666667,6,5.84907063,"Valor de conversão da compra no site",1178.34,2026-01-01,2026-05-25
"[C] [LM - PRINCIPAL][EX. BASE] [ADV. +] [CBO]","AD - LEVE 3 PAGUE 2 — Cópia","[EXCLUSÃO BASE] [ADV. +]",existing,inactive,ad,1.7890567,7226,0,,96.37724045,41,27,2.3506644,,13.33756441,"Compras no site",48.18862023,6,0.04878049,2,3.66725586,"Valor de conversão da compra no site",353.44,2026-01-01,2026-05-25
"[C] [LM - TESTE] [ABO]",AD3,"Nutri - Tons [Teste até 13-03]",engaged,not_delivering,ad,1.63276836,7225,0.37176471,,185.88,190,116,0.97831579,,25.72733564,"Compras no site",46.47,8,0.02105263,4,3.68124597,"Valor de conversão da compra no site",684.27,2026-01-01,2026-05-25
"[C] [LM - TESTE] [ABO]","ADS - LARISSA — Cópia","Influ Larissa L 3",engaged,archived,ad,1.40178571,7222,0.32774855,,190.70451901,112,88,1.70271892,,26.40605359,"Compras no site",95.35225951,14,0.01785714,2,1.34878817,"Valor de conversão da compra no site",257.22,2026-01-01,2026-05-25
"[C] [LM - TESTE] [ABO]","AD - RMK ANA ELISA NIVER 3 — Cópia","[TESTE PB FECHADO ANA ELISA]",existing,active,ad,1.46697826,7219,0.12439396,,181.36053463,66,33,2.74788689,,25.12266722,"Compras no site",36.27210693,9,0.07575758,5,5.46326135,"Valor de conversão da compra no site",990.82,2026-01-01,2026-05-25
"[C] [LM - RMKT] [ADV. ABO]","ADS 1","[RMKT LARANJA MORO-REATIVAÇÃO BASE QUENTE]",prospecting,not_delivering,ad,1.21515152,7218,0.39249099,,406.40531656,104,78,3.90774343,,56.3044218,"Compras no site",101.60132914,10,0.03846154,4,2.83650325,"Valor de conversão da compra no site",1152.77,2026-01-01,2026-05-25
"[C] [LM - TESTE] [ABO]",AD1,"Influ Adeli - Lm",engaged,not_delivering,ad,1.66666667,7165,0.12267969,,92.76637645,72,23,1.2884219,,12.94715652,,,3,0,,,,,2026-01-01,2026-05-25
"[C] [JEJOOM] [CBO]","ARTE 4 20-10-2025 DENAVITA","[CAMPANHA AQUISIÇÃO]",existing,inactive,ad,2.08693116,7154,0,,177.09792054,59,45,3.00165967,,24.75509093,"Compras no site",177.09792054,25,0.01694915,1,0.76325007,"Valor de conversão da compra no site",135.17,2026-01-01,2026-05-25
"[C] [LM - TESTE] [ABO]","AD - BOFU 2 — Cópia","[HIBRIDO] [ESTATICO ORG.] [BID 60]",existing,inactive,ad,1.27556512,7110,0,,77.54,27,18,2.87185185,,10.90576653,"Compras no site",19.385,7,0.14814815,4,11.43745164,"Valor de conversão da compra no site",886.86,2026-01-01,2026-05-25
"[C] [LM - TESTE] [ABO]","ADS2- DANI","Conj. - Q10",prospecting,not_delivering,ad,1.36857308,7107,0,,106.59,30,20,3.553,,14.9978894,,,2,0,,,,,2026-01-01,2026-05-25
"[C] [LM - TESTE] [ABO]","AD - DANI TOFU 2","[BOFU] [ADV+ ABERTO] [ESTATICO]",existing,not_delivering,ad,1.23111651,7090,0.22905501,,95.49372234,72,27,1.3263017,,13.46879017,"Compras no site",95.49372234,2,0.01388889,1,2.01898088,"Valor de conversão da compra no site",192.8,2026-01-01,2026-05-25
"[C] [LM - TESTE] [ABO]","AD - MOFU ate 14-05 — Cópia","[TOFU] [TIK + ORG ] [ABERTO]",engaged,inactive,ad,1.44673891,7076,0.41888072,,128.26839484,453,293,0.28315319,,18.1272463,"Compras no site",42.75613161,3,0.00662252,3,3.73599436,"Valor de conversão da compra no site",479.21,2026-01-01,2026-05-25
"[C] [VARIOS PRODUTO] [ABO] [BID]","ADS1 - 18-02","[DIGESTINO] [RMKT]",existing,not_delivering,ad,1.51815252,7067,0.18551012,,89.13783232,94,69,0.94827481,,12.61324923,"Compras no site",44.56891616,7,0.0212766,2,3.66174487,"Valor de conversão da compra no site",326.4,2026-01-01,2026-05-25
"[C] [JEJOOM] [CBO]","AD - NIVER","[CAMPANHA AQUISIÇÃO]",existing,inactive,ad,2.11061286,7060,0,,198.9,85,60,2.34,,28.17280453,"Compras no site",99.45,15,0.02352941,2,3.8321267,"Valor de conversão da compra no site",762.21,2026-01-01,2026-05-25
"[C] [TONS] [PB DR]","tons_dr-ursinho-melasma1-13-10-2025 — Cópia","[PUBLICO ENG.] [DR]",existing,active,ad,1.34758542,7060,0.41997167,,322.05720851,120,80,2.68381007,,45.61716834,"Compras no site",64.4114417,19,0.04166667,5,2.42838843,"Valor de conversão da compra no site",782.08,2026-01-01,2026-05-25
"[C] [LM - TESTE] [ABO]","AD - ANA MOFU","teste aquisição ate dia 15  - Lm",engaged,inactive,ad,1.57842918,7054,0.12333428,,139.72,43,31,3.24930233,,19.80720159,"Compras no site",34.93,8,0.09302326,4,4.31119382,"Valor de conversão da compra no site",602.36,2026-01-01,2026-05-25
"[C] [LM - TESTE] [ABO]","AD - SUSANA","Conj. - Tipo 2",existing,not_delivering,ad,1.73677706,7027,0.15966984,,90.7,101,60,0.8980198,,12.90735734,"Compras no site",30.23333333,6,0.02970297,3,9.66074972,"Valor de conversão da compra no site",876.23,2026-01-01,2026-05-25
"[C] [LM - TESTE] [ABO]","ADS 2 - Duda","Influ Duda - Lm",prospecting,archived,ad,1.86931062,7023,0.05553182,,90.94,18,11,5.05222222,,12.94888224,"Compras no site",90.94,3,0.05555556,1,1.84979107,"Valor de conversão da compra no site",168.22,2026-01-01,2026-05-25
"[C] [LM - TESTE] [ABO]","ADS 2 - INGRID VM","Influ Ingrid - Lm",existing,inactive,ad,1.94288883,7008,0.20348174,,101.41529177,219,142,0.46308352,,14.47136013,"Compras no site",101.41529177,4,0.00456621,1,4.73853589,"Valor de conversão da compra no site",480.56,2026-01-01,2026-05-25
"[C] [LM - TESTE] [ABO]","ADS2- Q10","Conj. - Q10",existing,not_delivering,ad,1.6438131,7001,0,,108.06,51,26,2.11882353,,15.43493787,"Compras no site",108.06,3,0.01960784,1,1.24301314,"Valor de conversão da compra no site",134.32,2026-01-01,2026-05-25
"[C] [LM - TESTE] [ABO]","AD - EVELYN TOFU","[TESTE PB FECHADO]",engaged,active,ad,1.15350297,6981,0.34422003,,258.94890474,118,81,2.19448224,,37.09338272,"Compras no site",36.99270068,12,0.05932203,7,4.41867094,"Valor de conversão da compra no site",1144.21,2026-01-01,2026-05-25
"[C] [TONS] [PB DR]","tons_dr-ursinho-melasma1-13-10-2025 — Cópia","[PUBLICO ENG.] [DR]",engaged,active,ad,1.24851859,6953,0.46627355,,303.26620445,153,122,1.98213206,,43.61659779,"Compras no site",101.08873482,19,0.01960784,3,2.14214439,"Valor de conversão da compra no site",649.64,2026-01-01,2026-05-25
"[C] [LM - RMKT] [ADV. ABO]","AD - RMK NIVER — Cópia","[RMKT LARANJA MORO-REATIVAÇÃO BASE QUENTE]",existing,inactive,ad,1.40436717,6946,0.00014397,,146.31864708,61,52,2.39866635,,21.06516658,"Compras no site",73.15932354,15,0.03278689,2,2.44131563,"Valor de conversão da compra no site",357.21,2026-01-01,2026-05-25
"[C] [LM - PRINCIPAL][EX. BASE] [ADV. +] [CBO]","ADS - RAIZA 3","LP - TOPO LM",engaged,archived,ad,2.03610214,6937,0.10696266,,155.81907406,76,63,2.05025097,,22.46202596,,,10,0,,,,,2026-01-01,2026-05-25
"[C] [LM - PRINCIPAL][EX. BASE] [ADV. +] [CBO]","ADS - ISA 3","[AQUISIÇÃO]  [ADV. +]",prospecting,inactive,ad,1.12512171,6933,0.27145536,,156.4283222,45,35,3.47618494,,22.56286199,"Compras no site",156.4283222,6,0.02222222,1,0.53909675,"Valor de conversão da compra no site",84.33,2026-01-01,2026-05-25
"[C] [LM - RMKT] [ADV. ABO]","AD - NIVER 2","[RMKT LARANJA MORO-REATIVAÇÃO BASE QUENTE]",prospecting,not_delivering,ad,1.4147541,6904,0,,226.24,68,56,3.32705882,,32.76940904,"Compras no site",56.56,11,0.05882353,4,3.28721711,"Valor de conversão da compra no site",743.7,2026-01-01,2026-05-25
"[C] [LM - TESTE] [ABO]","AD - EVELYN","Influ Evelyn BM -VM",existing,not_delivering,ad,1.71645507,6895,0.18752719,,102.5,142,107,0.72183099,,14.86584482,"Compras no site",34.16666667,7,0.02112676,3,5.99990244,"Valor de conversão da compra no site",614.99,2026-01-01,2026-05-25
"[C] [TONS] [PB DR]",tons_dr-ursinho-melasma3-13-10-2025,"[PUBLICO ENG.] [DR]",existing,inactive,ad,1.8034076,6880,0.16090116,,212.92334869,129,85,1.65056859,,30.94816115,"Compras no site",212.92334869,24,0.00775194,1,0.6022355,"Valor de conversão da compra no site",128.23,2026-01-01,2026-05-25
"[C] [LM - RMKT] [ADV. ABO]","AD - RMKT — Cópia","[RMKT LARANJA MORO-REATIVAÇÃO BASE QUENTE]",engaged,inactive,ad,1.31990021,6878,0.00276243,,220.32,127,95,1.73480315,,32.03256761,"Compras no site",220.32,6,0.00787402,1,0.49850218,"Valor de conversão da compra no site",109.83,2026-01-01,2026-05-25
"[C] [LM - TESTE] [ABO]","ADS2- SABRINA","Conj. - Q10",engaged,inactive,ad,2.13588308,6869,0.17338768,,103.67816661,142,46,0.73012793,,15.09363322,"Compras no site",25.91954165,2,0.02816901,4,6.03560056,"Valor de conversão da compra no site",625.76,2026-01-01,2026-05-25
"[C] [LM - TESTE] [ABO]","ADS 1","Influ Jessica - Lm",existing,not_delivering,ad,1.45545185,6861,0.20915318,,155.95500412,80,58,1.94943755,,22.73065211,"Compras no site",51.98500137,9,0.0375,3,3.73287156,"Valor de conversão da compra no site",582.16,2026-01-01,2026-05-25
"[C] [TONS] [PB DR]","ADS - MEIO 13-02-2026 — Cópia","[PUBLICO ENG.] [DR]",prospecting,archived,ad,1.49441891,6828,0.15026362,,236.31,65,47,3.63553846,,34.60896309,"Compras no site",78.77,6,0.04615385,3,3.25491939,"Valor de conversão da compra no site",769.17,2026-01-01,2026-05-25
"[C] [LM - TESTE] [ABO]","ADS 3 — Cópia","Influ Evelyn - Vm",existing,not_delivering,ad,1.22946686,6826,0.35115734,,206.28,71,44,2.90535211,,30.21974802,"Compras no site",206.28,8,0.01408451,1,0.73211169,"Valor de conversão da compra no site",151.02,2026-01-01,2026-05-25
"[C] [LM - RMKT] [ADV. ABO]","AD - ANA ELISA","[RMKT LARANJA MORO-REATIVAÇÃO BASE QUENTE]",prospecting,inactive,ad,1.43226756,6809,0.1763842,,285.35,107,85,2.66682243,,41.90776913,"Compras no site",71.3375,19,0.03738318,4,2.55002628,"Valor de conversão da compra no site",727.65,2026-01-01,2026-05-25
"[C] [VARIOS PRODUTO] [ABO] [BID]",AD6,"[VINAGRE] [RMKT]",engaged,inactive,ad,2.19167473,6792,0,,264.39850624,128,109,2.06561333,,38.92793084,"Compras no site",37.77121518,22,0.0546875,7,4.60316519,"Valor de conversão da compra no site",1217.07,2026-01-01,2026-05-25
"[C] [LM - TESTE] [ABO]","AD - RMK EVELYN LP LM1","[TESTE PB FECHADO]",engaged,active,ad,1.61986628,6784,0,,191.8877257,100,93,1.91887726,,28.28533693,"Compras no site",95.94386285,19,0.02,2,1.31160031,"Valor de conversão da compra no site",251.68,2026-01-01,2026-05-25
"[C] [LM - TESTE] [ABO]",AD3,"Influ Vitoria - Lm",prospecting,inactive,ad,1.2344035,6767,0.11881188,,79.18,32,16,2.474375,,11.70090143,"Compras no site",79.18,4,0.03125,1,1.91765597,"Valor de conversão da compra no site",151.84,2026-01-01,2026-05-25
"[C] [LM - TESTE] [ABO]","Criativo 2 - Edição Curta","Influ Isa Nogueira - LM TESTE TRAVA DE CPA",prospecting,archived,ad,1.26242991,6754,0.20151022,,171.41,75,58,2.28546667,,25.37903465,"Compras no site",85.705,6,0.02666667,2,2.42762966,"Valor de conversão da compra no site",416.12,2026-01-01,2026-05-25
"[C] [LM - PRINCIPAL][EX. BASE] [ADV. +] [CBO]","AD - LEMOS MOFU","[EXCLUSÃO BASE] [ADV. +]",prospecting,inactive,ad,1.19648874,6747,0.19653179,,92.68648444,32,19,2.89645264,,13.73743655,"Compras no site",92.68648444,6,0.03125,1,1.60217534,"Valor de conversão da compra no site",148.5,2026-01-01,2026-05-25
"[C] [LM - TESTE] [ABO]","AD - NIVER 5","[HIBRIDO] [ESTATICO ORG.] [BID 60]",prospecting,inactive,ad,1.39361923,6727,0.00104058,,42.07,30,21,1.40233333,,6.25390219,,,2,0,,,,,2026-01-01,2026-05-25
"[C] [VARIOS PRODUTO] [ABO] [BID]","AD - MI RUBACK MOFU — Cópia","[VINAGRE] [RMKT]",prospecting,active,ad,1.37420415,6691,0.29756389,,240.91443763,115,71,2.09490815,,36.00574468,"Compras no site",240.91443763,3,0.00869565,1,0.71660296,"Valor de conversão da compra no site",172.64,2026-01-01,2026-05-25
"[C] [JEJOOM] [CBO]","AD - LARISSA TOFU",[RMK],existing,inactive,ad,2.12149235,6653,0.12310236,,107.38140846,84,30,1.2783501,,16.14029888,"Compras no site",107.38140846,4,0.01190476,1,1.66751398,"Valor de conversão da compra no site",179.06,2026-01-01,2026-05-25
"[C] [LM - TESTE] [ABO]","AD - MOFU ANA ELISA — Cópia","[BM] [ANA ELISA]",existing,inactive,ad,1.28568665,6647,0.15585979,,131.35,62,44,2.11854839,,19.76079434,"Compras no site",131.35,7,0.01612903,1,2.24012181,"Valor de conversão da compra no site",294.24,2026-01-01,2026-05-25
"[C] [LM - PRINCIPAL][EX. BASE] [ADV. +] [CBO]","AD - EVELYN MOFU","[EXCLUSÃO BASE] [ADV. +]",engaged,inactive,ad,1.41801879,6642,0.1044866,,161.28,68,42,2.37176471,,24.28184282,"Compras no site",32.256,10,0.07352941,5,5.90190972,"Valor de conversão da compra no site",951.86,2026-01-01,2026-05-25
"[C] [LM - TESTE] [ABO]","ADS 1","Influ Mi Ruback - Lm",prospecting,archived,ad,1.30705394,6615,0.2675737,,204.64,63,55,3.24825397,,30.93575208,"Compras no site",68.21333333,9,0.04761905,3,2.24442924,"Valor de conversão da compra no site",459.3,2026-01-01,2026-05-25
"[C] [LM - TESTE] [ABO]","AD - TOFU","[TOFU] [TIK + ORG ] [ABERTO]",engaged,inactive,ad,1.43940715,6604,0.11826166,,94.58,44,32,2.14954545,,14.32162326,"Compras no site",47.29,5,0.04545455,2,2.48128568,"Valor de conversão da compra no site",234.68,2026-01-01,2026-05-25
"[C] [LM - TESTE] [ABO]","ADS 1","Evelyn Regly - LM",existing,not_delivering,ad,2.1022293,6601,0.18406302,,174.04,121,75,1.43834711,,26.36570217,"Compras no site",174.04,7,0.00826446,1,0.85618249,"Valor de conversão da compra no site",149.01,2026-01-01,2026-05-25
"[C] [LM - PRINCIPAL][EX. BASE] [ADV. +] [CBO]","tons_dr-ursinho_video-reels_10-07-2025_esse-foi-produto-que-a-mamae — Cópia","LP 1 - TOPO TONS",prospecting,archived,ad,1.08252666,6598,0.29190664,,170.38,70,60,2.434,,25.82297666,,,1,0,,,,,2026-01-01,2026-05-25
"[C] [LM - TESTE] [ABO]","AD - MOFU ANA ELISA","[BM] [ANA ELISA]",engaged,not_delivering,ad,1.80405036,6592,0.18416262,,109.87220285,79,54,1.39078738,,16.6675065,"Compras no site",54.93610143,5,0.02531646,2,2.88935683,"Valor de conversão da compra no site",317.46,2026-01-01,2026-05-25
"[C] [LM - PRINCIPAL][EX. BASE] [ADV. +] [CBO]","AD - MOFU ANA ELISA REFAÇÃO 17-05 — Cópia","[AQUISIÇÃO]  [ADV. +]",prospecting,inactive,ad,1.16475164,6589,0.1945667,,247.1747006,60,44,4.11957834,,37.51323427,"Compras no site",247.1747006,6,0.01666667,1,0.44883234,"Valor de conversão da compra no site",110.94,2026-01-01,2026-05-25
"[C] [TONS] [PB DR]","AD- NIVER 5","TONS TESTE",existing,not_delivering,ad,1.5451984,6581,0,,222.82,96,71,2.32104167,,33.85807628,"Compras no site",74.27333333,15,0.03125,3,3.24670137,"Valor de conversão da compra no site",723.43,2026-01-01,2026-05-25
"[C] [LM - TESTE] [ABO]","ADS 5","Influ Leka - LM TESTE TRAVA DE CPA",engaged,archived,ad,1.52421784,6577,0.35684963,,102.09,63,33,1.62047619,,15.52227459,,,9,0,,,,,2026-01-01,2026-05-25
"[C] [LM - RMKT] [ADV. ABO]","AD - RMK NIVER — Cópia","[RMKT LARANJA MORO-REATIVAÇÃO BASE QUENTE]",engaged,inactive,ad,1.56720686,6576,0,,140.14912578,60,40,2.33581876,,21.31221499,"Compras no site",23.35818763,11,0.1,6,7.20425471,"Valor de conversão da compra no site",1009.67,2026-01-01,2026-05-25
"[C] [LM - PRINCIPAL][EX. BASE] [ADV. +] [CBO]","ADS - ART 2","[EXCLUSÃO BASE] [ADV. +]",existing,inactive,ad,1.72856391,6572,0,,74.48,24,8,3.10333333,,11.33292757,"Compras no site",74.48,4,0.04166667,1,2.65708915,"Valor de conversão da compra no site",197.9,2026-01-01,2026-05-25
"[C] [LM - TESTE] [ABO]","AD - MOFU teste ate 08-05","[TOFU] [TIK TOK] [EXCLUSAÕ BASE] [BID 60] - TESTE ATÉ 20-05",existing,inactive,ad,1.51177285,6549,0.29332723,,96.81887923,77,47,1.25738804,,14.78376534,"Compras no site",96.81887923,4,0.01298701,1,1.93257763,"Valor de conversão da compra no site",187.11,2026-01-01,2026-05-25
"[C] [LM - TESTE] [ABO]","AD - BOFU — Cópia — Cópia — Cópia","Evelyn Regly BM - LM",existing,not_delivering,ad,1.33894823,6518,0.10831543,,203.32044479,38,30,5.35053802,,31.19368592,"Compras no site",101.6602224,8,0.05263158,2,1.86892174,"Valor de conversão da compra no site",379.99,2026-01-01,2026-05-25
"[C] [JEJOOM] [CBO]","AD - SABRINA","[CAMPANHA AQUISIÇÃO]",existing,inactive,ad,2.47468595,6501,0.21196739,,140.33,113,66,1.24185841,,21.58590986,"Compras no site",28.066,15,0.04424779,5,6.10282905,"Valor de conversão da compra no site",856.41,2026-01-01,2026-05-25
"[C] [LM - PRINCIPAL][EX. BASE] [ADV. +] [CBO]","Rmkt Dani 2 — Cópia","LP - 1",engaged,archived,ad,1.44550925,6486,0,,159.07444648,94,84,1.69228135,,24.5258166,"Compras no site",19.88430581,25,0.08510638,8,9.64718114,"Valor de conversão da compra no site",1534.62,2026-01-01,2026-05-25
"[C] [LM - TESTE] [ABO]","AD - NURR","Conj - Vm",prospecting,inactive,ad,1.1869107,6420,0.40856698,,420.85,105,72,4.00809524,,65.5529595,"Compras no site",105.2125,13,0.03809524,4,2.43174528,"Valor de conversão da compra no site",1023.4,2026-01-01,2026-05-25
"[C] [TONS] [PB DR]","ADS - DR 1","[PUBLICO ENG.] [DR]",engaged,inactive,ad,2.10869565,6402,0.03124024,,111.93344357,96,76,1.16597337,,17.48413677,"Compras no site",27.98336089,12,0.04166667,4,6.6494872,"Valor de conversão da compra no site",744.3,2026-01-01,2026-05-25
"[C] [LM - TESTE] [ABO]","ADS 4","Evelyn Regly BM - LM",existing,inactive,ad,2.08129285,6375,0.17788235,,86.76,38,26,2.28315789,,13.60941176,"Compras no site",86.76,2,0.02631579,1,3.75518672,"Valor de conversão da compra no site",325.8,2026-01-01,2026-05-25
"[C] [LM - TESTE] [ABO]",24-12,"Influ Maritza 1 - LM TESTE TRAVA DE CPA",existing,archived,ad,1.54349406,6370,0.133281,,164.68537822,57,47,2.88921716,,25.85327759,"Compras no site",82.34268911,12,0.03508772,2,1.5555115,"Valor de conversão da compra no site",256.17,2026-01-01,2026-05-25
"[C] [LM - TESTE] [ABO]","ADS 1 - MARITZA — Cópia","Influ Maritza 0",existing,archived,ad,1.65101194,6363,0.27738488,,94.49,169,117,0.55911243,,14.84991356,"Compras no site",94.49,4,0.00591716,1,1.67552122,"Valor de conversão da compra no site",158.32,2026-01-01,2026-05-25
"[C] [LM - RMKT] [ADV. ABO]","AD - RMKT — Cópia","[RMKT LARANJA MORO-REATIVAÇÃO BASE QUENTE]",existing,inactive,ad,1.46929316,6340,0.00236593,,209.45860641,51,41,4.1070315,,33.03763508,"Compras no site",209.45860641,6,0.01960784,1,0.84369892,"Valor de conversão da compra no site",176.72,2026-01-01,2026-05-25
"[C] [LM - RMKT] [ADV. ABO]","AD - NIVER 2","[RMKT LARANJA MORO-REATIVAÇÃO BASE QUENTE]",existing,not_delivering,ad,1.52793229,6318,0,,263.7,76,62,3.46973684,,41.73789174,"Compras no site",65.925,8,0.05263158,4,1.96139553,"Valor de conversão da compra no site",517.22,2026-01-01,2026-05-25
"[C] [LM - PRINCIPAL][EX. BASE] [ADV. +] [CBO]","AD - LARI MOFU — Cópia","[AQUISIÇÃO]  [ADV. +]",engaged,inactive,ad,1.21657033,6314,0.3582515,,181.33722767,115,98,1.57684546,,28.71986501,"Compras no site",60.44574256,10,0.02608696,3,4.74083569,"Valor de conversão da compra no site",859.69,2026-01-01,2026-05-25
"[C] [JEJOOM] [CBO]","AD - MORGANA TOFU",[RMK],existing,inactive,ad,1.54814085,6287,0.29012247,,108.89,226,173,0.48181416,,17.31986639,"Compras no site",108.89,7,0.00442478,1,3.30241528,"Valor de conversão da compra no site",359.6,2026-01-01,2026-05-25
"[C] [LM - RMKT] [ADV. ABO]","AD - MOFU LARISSA LEMOS  REFAÇÃO 17-05","[RMKT LARANJA MORO-REATIVAÇÃO BASE QUENTE]",prospecting,inactive,ad,1.19529457,6249,0.26836294,,251.78894705,62,49,4.06111205,,40.29267836,,,7,0,,,,,2026-01-01,2026-05-25
"[C] [LM - RMKT] [ADV. ABO]","AD -  TOFU","[RMKT LARANJA MORO-REATIVAÇÃO BASE QUENTE]",existing,inactive,ad,1.69071038,6188,0.00064641,,93.35714103,44,28,2.12175321,,15.08680366,"Compras no site",31.11904701,6,0.06818182,3,7.47066579,"Valor de conversão da compra no site",697.44,2026-01-01,2026-05-25
"[C] [LM - TESTE] [ABO]","AD - RMK  EVELYN 18-05 PERFIL DENA — Cópia — Cópia","[TESTE PB FECHADO JADE]",existing,active,ad,1.47387258,6177,0,,100.0558515,55,29,1.8191973,,16.1981304,"Compras no site",50.02792575,14,0.03636364,2,2.70209084,"Valor de conversão da compra no site",270.36,2026-01-01,2026-05-25
"[C] [LM - PRINCIPAL][EX. BASE] [ADV. +] [CBO]","ADS - DANI","[AQUISIÇÃO]  [ADV. +]",engaged,inactive,ad,1.50695631,6174,0.20537739,,237.57127581,83,57,2.86230453,,38.47931257,"Compras no site",79.19042527,10,0.03614458,3,4.25236593,"Valor de conversão da compra no site",1010.24,2026-01-01,2026-05-25
"[C] [LM - TESTE] [ABO]","AD - MARCELA TOFU","[BM] [MARCELA/PRI]",engaged,not_delivering,ad,1.76118119,6143,0.32329481,,119.35,113,84,1.05619469,,19.42861794,"Compras no site",59.675,6,0.01769912,2,3.28873062,"Valor de conversão da compra no site",392.51,2026-01-01,2026-05-25
"[C] [LM - PRINCIPAL][EX. BASE] [ADV. +] [CBO]","AD - ANA MOFU","[EXCLUSÃO BASE] [ADV. +]",existing,inactive,ad,1.62838196,6139,0.08160938,,83.07390041,46,20,1.80595436,,13.53215514,"Compras no site",41.5369502,2,0.04347826,2,3.65999428,"Valor de conversão da compra no site",304.05,2026-01-01,2026-05-25
"[C] [LM - PRINCIPAL][EX. BASE] [ADV. +] [CBO]","AD - ISA MOFU","[EXCLUSÃO BASE] [ADV. +]",existing,inactive,ad,1.38294993,6132,0.16193738,,150.69402885,53,34,2.84328356,,24.57502101,"Compras no site",75.34701442,6,0.03773585,2,3.63551233,"Valor de conversão da compra no site",547.85,2026-01-01,2026-05-25
"[C] [LM - TESTE] [ABO]",AD2,"Influ Adeli - Lm",prospecting,inactive,ad,1.26113861,6114,0.10762185,,87.34,23,15,3.7973913,,14.28524697,"Compras no site",87.34,3,0.04347826,1,3.48213877,"Valor de conversão da compra no site",304.13,2026-01-01,2026-05-25
"[C] [LM - TESTE] [ABO]","AD - NURR","Conj - Vm",existing,inactive,ad,1.33093054,6093,0.36500903,,460.58,116,88,3.97051724,,75.59166256,"Compras no site",153.52666667,17,0.02586207,3,1.22671414,"Valor de conversão da compra no site",565,2026-01-01,2026-05-25
"[C] [LM - TESTE] [ABO]",AD5,"[TOFU] [TIK TOK] [EXCLUSAÕ BASE] [BID 60] - TESTE ATÉ 20-05",prospecting,inactive,ad,1.15160681,6092,0.11982928,,77.05,15,8,5.13666667,,12.64773473,,,,0,,,,,2026-01-01,2026-05-25
"[C] [LM - TESTE] [ABO]","[ADS] - [LARISSA] [TOPO] [27-02] — Cópia","Influ Larissa Lemos - Lm",engaged,archived,ad,2.23832291,6086,0.3148209,,157.60300517,88,74,1.79094324,,25.89599165,"Compras no site",78.80150259,4,0.02272727,2,2.00909875,"Valor de conversão da compra no site",316.64,2026-01-01,2026-05-25
"[C] [LM - RMKT] [ADV. ABO]","AD - TAINA","[RMKT LARANJA MORO-REATIVAÇÃO BASE QUENTE]",prospecting,inactive,ad,1.22826526,6075,0.18600823,,174.65800598,44,36,3.96950014,,28.75028905,"Compras no site",87.32900299,6,0.04545455,2,2.28343383,"Valor de conversão da compra no site",398.82,2026-01-01,2026-05-25
"[C] [LM - TESTE] [ABO]","Criativo 1 29/12","Influ Maritza 0",engaged,archived,ad,1.79843797,5987,0.22365124,,93.09165047,151,45,0.616501,,15.5489645,"Compras no site",93.09165047,8,0.00662252,1,1.70068958,"Valor de conversão da compra no site",158.32,2026-01-01,2026-05-25
"[C] [LM - PRINCIPAL][EX. BASE] [ADV. +] [CBO]","AD2 — DANI","[AQUISIÇÃO]  [ADV. +]",existing,inactive,ad,1.80175811,5944,0,,149.62,42,25,3.56238095,,25.17160162,"Compras no site",74.81,6,0.04761905,2,3.87642026,"Valor de conversão da compra no site",579.99,2026-01-01,2026-05-25
"[C] [LM - TESTE] [ABO]",AD1,"Influ Dani - Vm",engaged,not_delivering,ad,1.71507246,5917,0.14213284,,126.27433117,86,65,1.46830618,,21.34093817,"Compras no site",63.13716559,5,0.02325581,2,1.71159093,"Valor de conversão da compra no site",216.13,2026-01-01,2026-05-25
"[C] [LM - RMKT] [ADV. ABO]","ADSS - ORGANICO 2","[RMKT LARANJA MORO-REATIVAÇÃO BASE QUENTE]",existing,inactive,ad,1.28562106,5910,0,,138.83709837,46,30,3.01819779,,23.49189482,"Compras no site",69.41854919,8,0.04347826,2,2.58742083,"Valor de conversão da compra no site",359.23,2026-01-01,2026-05-25
"[C] [LM - RMKT] [ADV. ABO]","ADS 1","[RMKT LARANJA MORO-REATIVAÇÃO BASE QUENTE]",existing,not_delivering,ad,1.30426099,5877,0.36259997,,313.19721679,115,84,2.72345406,,53.29202259,"Compras no site",52.19953613,18,0.05217391,6,3.74058241,"Valor de conversão da compra no site",1171.54,2026-01-01,2026-05-25
"[C] [TONS] [PB DR]",tons_dr-ursinho_video-reels_10-07-2025_esse-e-o-futuro-do-skin,"[PUBLICO ENG.] [DR]",engaged,inactive,ad,1.26869866,5869,0.23785994,,201.34641364,200,148,1.00673207,,34.30676668,"Compras no site",100.67320682,17,0.01,2,2.14376801,"Valor de conversão da compra no site",431.64,2026-01-01,2026-05-25
"[C] [LM - PRINCIPAL][EX. BASE] [ADV. +] [CBO]","ADS - MES CONSUMIDOR 3","[AQUISIÇÃO]  [ADV. +]",existing,inactive,ad,1.55039788,5845,0.00222412,,171.4,64,55,2.678125,,29.32420873,"Compras no site",34.28,21,0.078125,5,4.57952159,"Valor de conversão da compra no site",784.93,2026-01-01,2026-05-25
"[C] [LM - PRINCIPAL][EX. BASE] [ADV. +] [CBO]","AD - MOFU teste ate 08-05","[AQUISIÇÃO]  [ADV. +]",existing,inactive,ad,1.17548803,5841,0.43810991,,157.51733372,73,45,2.15777169,,26.96752846,"Compras no site",39.37933343,10,0.05479452,4,4.39938884,"Valor de conversão da compra no site",692.98,2026-01-01,2026-05-25
"[C] [LM - TESTE] [ABO]","AD - MOFU ate 14-05","[TOFU] [TIK TOK] [EXCLUSAÕ BASE] [BID 60] - TESTE ATÉ 20-05",engaged,inactive,ad,1.2226178,5838,0.33093525,,76.52506587,51,30,1.50049149,,13.10809624,"Compras no site",38.26253294,1,0.03921569,2,4.00051926,"Valor de conversão da compra no site",306.14,2026-01-01,2026-05-25
"[C] [TONS] [PB DR]","ADS - ORGANICO","[PUBLICO ABERTO]",existing,not_delivering,ad,1.80092593,5835,0.03033419,,171.8,102,69,1.68431373,,29.44301628,"Compras no site",85.9,11,0.01960784,2,3.2346915,"Valor de conversão da compra no site",555.72,2026-01-01,2026-05-25
"[C] [LM - PRINCIPAL][EX. BASE] [ADV. +] [CBO]","AD - BOFU 2","[EXCLUSÃO BASE] [ADV. +]",existing,inactive,ad,1.23135432,5828,0.00171585,,88.30878639,27,17,3.27069579,,15.15250281,,,5,0,,,,,2026-01-01,2026-05-25
"[C] [LM - TESTE] [ABO]","ADS 4","Varias Influs - VM",existing,not_delivering,ad,1.38065892,5825,0.34060086,,278.46,184,142,1.51336957,,47.80429185,"Compras no site",278.46,9,0.00543478,1,0.97008547,"Valor de conversão da compra no site",270.13,2026-01-01,2026-05-25
"[C] [LM - TESTE] [ABO]","AD - BOFU — Cópia — Cópia — Cópia","[BM JADE]",existing,inactive,ad,1.25134264,5825,0.08257511,,100.4,18,9,5.57777778,,17.2360515,,,4,0,,,,,2026-01-01,2026-05-25
"[C] [LM - TESTE] [ABO]",AD3,"[BOFU] [ADV+ ABERTO] [ESTATICO]",prospecting,inactive,ad,1.29076752,5802,0.07738711,,49.92417522,21,14,2.37734168,,8.6046493,"Compras no site",49.92417522,2,0.04761905,1,4.39105902,"Valor de conversão da compra no site",219.22,2026-01-01,2026-05-25
"[C] [LM - TESTE] [ABO]","AD - ANA PAULA","[DAI - DUDA - ANA]",prospecting,active,ad,1.09171375,5797,0.08918406,,40.42,14,9,2.88714286,,6.97257202,,,,0,,,,,2026-01-01,2026-05-25
"[C] [VARIOS PRODUTO] [ABO] [BID]",ADS,"[COENZIMA] [RMKT]",existing,inactive,ad,1.47542653,5794,0,,157.33788134,50,43,3.14675763,,27.15531262,"Compras no site",157.33788134,8,0.02,1,1.17721173,"Valor de conversão da compra no site",185.22,2026-01-01,2026-05-25
"[C] [TONS] [PB DR]","AD6 — Cópia","[PUBLICO ENG.] [DR]",existing,inactive,ad,1.29769959,5754,0,,109.3993148,53,43,2.06413802,,19.01274154,"Compras no site",109.3993148,1,0.01886792,1,3.01555819,"Valor de conversão da compra no site",329.9,2026-01-01,2026-05-25
"[C] [LM - TESTE] [ABO]","AD - DANI TOFU — Cópia","teste aquisição ate dia 15  - Lm",prospecting,inactive,ad,1.24864042,5740,0.08118467,,99.83,36,24,2.77305556,,17.39198606,"Compras no site",99.83,6,0.02777778,1,1.58068717,"Valor de conversão da compra no site",157.8,2026-01-01,2026-05-25
"[C] [LM - TESTE] [ABO]","AD 2 DUDA","[DAI - DUDA - ANA]",existing,active,ad,1.43958804,5731,0.10835805,,156.0044974,94,75,1.65962231,,27.22116514,"Compras no site",39.00112435,5,0.04255319,4,6.26757572,"Valor de conversão da compra no site",977.77,2026-01-01,2026-05-25
"[C] [LM - TESTE] [ABO]","ADS 3 — Cópia","Influ Evelyn - Vm",prospecting,not_delivering,ad,1.08956075,5730,0.33019197,,142.15,53,37,2.68207547,,24.80802792,"Compras no site",142.15,3,0.01886792,1,0.7546254,"Valor de conversão da compra no site",107.27,2026-01-01,2026-05-25
"[C] [VARIOS PRODUTO] [ABO] [BID]","AD1 - 07/01 — Cópia","[DIGESTINO] [RMKT]",existing,not_delivering,ad,1.42668329,5721,0,,102.96202479,38,30,2.70952697,,17.99720762,"Compras no site",25.7405062,11,0.10526316,4,10.85235068,"Valor de conversão da compra no site",1117.38,2026-01-01,2026-05-25
"[C] [LM - TESTE] [ABO]","ADS2- Q10","Conj. - Q10",prospecting,not_delivering,ad,1.31260041,5719,0,,58.54,39,25,1.50102564,,10.23605525,"Compras no site",58.54,4,0.02564103,1,1.47898873,"Valor de conversão da compra no site",86.58,2026-01-01,2026-05-25
"[C] [LM - RMKT] [ADV. ABO]","AD - BOFU 2","[RMKT LARANJA MORO-REATIVAÇÃO BASE QUENTE]",existing,inactive,ad,1.35343184,5679,0.00035217,,226.96489737,44,43,5.15829312,,39.9656449,"Compras no site",56.74122434,8,0.09090909,4,4.48474637,"Valor de conversão da compra no site",1017.88,2026-01-01,2026-05-25
"[C] [LM - TESTE] [ABO]","Teste - Perfil novo","Evelyn Regly BM - LM",existing,not_delivering,ad,1.26498774,5676,0.15045807,,143.99,103,63,1.39796117,,25.36821705,"Compras no site",47.99666667,7,0.02912621,3,4.03993333,"Valor de conversão da compra no site",581.71,2026-01-01,2026-05-25
"[C] [LM - TESTE] [ABO]","AD - EVELYN TOFU",EVELIN,engaged,active,ad,1.26431914,5673,0.42816852,,145.54311965,66,38,2.20519878,,25.65540625,"Compras no site",145.54311965,10,0.01515152,1,0.74459033,"Valor de conversão da compra no site",108.37,2026-01-01,2026-05-25
"[C] [LM - RMKT] [ADV. ABO]","AD - LUCIANA MOFU — Cópia","[RMKT PB FECHADO]",prospecting,inactive,ad,1.24867608,5659,0.1608058,,179.85,80,7,2.248125,,31.78123343,"Compras no site",179.85,1,0.0125,1,0.92477064,"Valor de conversão da compra no site",166.32,2026-01-01,2026-05-25
"[C] [LM - TESTE] [ABO]",AD1,"[BOFU] [ADV+ ABERTO] [ESTATICO]",existing,inactive,ad,1.79491256,5645,0.0979628,,64.76642826,68,38,0.95244747,,11.47323796,,,2,0,,,,,2026-01-01,2026-05-25
"[C] [VARIOS PRODUTO] [ABO] [BID]","AD - MI RUBACK MOFU — Cópia","[VINAGRE] [RMKT]",engaged,active,ad,1.45597728,5639,0.3326831,,142.60262673,264,191,0.54016146,,25.28863748,,,1,0,,,,,2026-01-01,2026-05-25
"[C] [LM - TESTE] [ABO]","AD - RMK  EVELYN 18-05 PERFIL DENA — Cópia","[BM JADE]",engaged,inactive,ad,1.58370787,5638,0,,76.19680998,38,28,2.00517921,,13.5148652,"Compras no site",76.19680998,1,0.02631579,1,2.18276854,"Valor de conversão da compra no site",166.32,2026-01-01,2026-05-25
"[C] [LM - RMKT] [ADV. ABO]","AD - JESSICA TOFU","[RMKT LARANJA MORO-REATIVAÇÃO BASE QUENTE]",engaged,inactive,ad,1.19558761,5636,0.42264017,,194.5,61,43,3.18852459,,34.51029099,"Compras no site",194.5,2,0.01639344,1,1.37686375,"Valor de conversão da compra no site",267.8,2026-01-01,2026-05-25
"[C] [JEJOOM] [CBO]","AD1 - ORGANICO","[CAMPANHA AQUISIÇÃO]",engaged,inactive,ad,1.49071618,5620,0,,120.57848649,47,33,2.56549971,,21.45524671,"Compras no site",120.57848649,9,0.0212766,1,0.96932714,"Valor de conversão da compra no site",116.88,2026-01-01,2026-05-25
"[C] [LM - TESTE] [ABO]","ADS 2 - NOVO VM","Evelyn Regly BM - LM",engaged,not_delivering,ad,2.00392857,5611,0.17929068,,79.99812281,63,48,1.26981147,,14.25737352,"Compras no site",26.66604094,16,0.04761905,3,8.80608163,"Valor de conversão da compra no site",704.47,2026-01-01,2026-05-25
"[C] [LM - TESTE] [ABO]","ADS 2","teste publico novo - bid",existing,not_delivering,ad,1.45827918,5610,0.14937611,,157.37524876,83,53,1.89608733,,28.05262901,"Compras no site",157.37524876,13,0.01204819,1,1.81604161,"Valor de conversão da compra no site",285.8,2026-01-01,2026-05-25
"[C] [LM - RMKT] [ADV. ABO]","AD -  TOFU","[RMKT LARANJA MORO-REATIVAÇÃO BASE QUENTE]",engaged,inactive,ad,1.64403292,5593,0.00035759,,87.1386551,51,40,1.70860108,,15.57994906,,,4,0,,,,,2026-01-01,2026-05-25
"[C] [LM - TESTE] [ABO]","ADS1 - 18-02 — Cópia","Carrossel - Lm",engaged,inactive,ad,1.56288429,5592,0,,91.24,85,65,1.07341176,,16.31616595,"Compras no site",91.24,11,0.01176471,1,1.73520386,"Valor de conversão da compra no site",158.32,2026-01-01,2026-05-25
"[C] [VARIOS PRODUTO] [ABO] [BID]","ADS 3 - NOVO VM — Cópia","[VINAGRE] [RMKT]",existing,inactive,ad,1.67305389,5588,0.24946314,,97.82,70,45,1.39742857,,17.50536865,"Compras no site",97.82,3,0.01428571,1,1.65855653,"Valor de conversão da compra no site",162.24,2026-01-01,2026-05-25
"[C] [LM - TESTE] [ABO]","AD - MOFU ANA ELISA REFAÇÃO 17-05","[BM] [ANA ELISA]",engaged,inactive,ad,1.52042484,5583,0.11839513,,61.24722449,37,25,1.65533039,,10.97030709,"Compras no site",61.24722449,3,0.02702703,1,3.39443953,"Valor de conversão da compra no site",207.9,2026-01-01,2026-05-25
"[C] [LM - TESTE] [ABO]","AD - JADE TOFU — Cópia — Cópia","[TESTE PB FECHADO JADE]",engaged,active,ad,1.3306317,5582,0.18380509,,153.40239791,105,86,1.46097522,,27.48161912,,,6,0,,,,,2026-01-01,2026-05-25
"[C] [LM - TESTE] [ABO]","ADS 3","Influ Ingrid - Lm",prospecting,not_delivering,ad,1.31051517,5571,0.10267456,,51.35,24,22,2.13958333,,9.2173757,"Compras no site",51.35,2,0.04166667,1,5.04303797,"Valor de conversão da compra no site",258.96,2026-01-01,2026-05-25
"[C] [LM - TESTE] [ABO]","AD - RMK  EVELYN 18-05 PERFIL DENA — Cópia — Cópia","[TESTE PB FECHADO ANA ELISA]",prospecting,active,ad,1.16933109,5559,0.00089944,,82.91999223,24,14,3.45499968,,14.91635046,"Compras no site",82.91999223,2,0.04166667,1,1.18427411,"Valor de conversão da compra no site",98.2,2026-01-01,2026-05-25
"[C] [LM - TESTE] [ABO]","ADS 5","Influ Leka - LM TESTE TRAVA DE CPA",existing,archived,ad,1.6457346,5556,0.36915047,,102.62,75,34,1.36826667,,18.47012239,"Compras no site",34.20666667,8,0.04,3,7.75267979,"Valor de conversão da compra no site",795.58,2026-01-01,2026-05-25
"[C] [LM - RMKT] [ADV. ABO]","AD - BOFU 1 — Cópia — Cópia","[RMKT LARANJA MORO-REATIVAÇÃO BASE QUENTE]",engaged,inactive,ad,1.63319551,5530,0.00216998,,174.2,62,44,2.80967742,,31.50090416,"Compras no site",174.2,10,0.01612903,1,0.95476464,"Valor de conversão da compra no site",166.32,2026-01-01,2026-05-25
"[C] [LM - TESTE] [ABO]","ADS 4","Varias Influs - VM",prospecting,not_delivering,ad,1.14211402,5489,0.31025688,,241.35,63,51,3.83095238,,43.9697577,"Compras no site",120.675,7,0.03174603,2,2.48539466,"Valor de conversão da compra no site",599.85,2026-01-01,2026-05-25
"[C] [LM - TESTE] [ABO]",ad,suldes,existing,not_delivering,ad,1.5508762,5487,0,,161.08,42,31,3.8352381,,29.3566612,,,6,0,,,,,2026-01-01,2026-05-25
"[C] [TONS] [PB DR]","AD - TOFU DRIELLY 17-05","[PUBLICO ENG.] [DR]",prospecting,active,ad,1.42567568,5486,0.34305505,,159.43984819,74,52,2.15459254,,29.06304196,"Compras no site",159.43984819,9,0.01351351,1,0.61985759,"Valor de conversão da compra no site",98.83,2026-01-01,2026-05-25
"[C] [LM - TESTE] [ABO]","AD - MOFU ANA ELISA — Cópia","[BM] [ANA ELISA]",prospecting,inactive,ad,1.26743917,5469,0.13896508,,78.59,29,18,2.71,,14.37008594,"Compras no site",78.59,2,0.03448276,1,4.15116427,"Valor de conversão da compra no site",326.24,2026-01-01,2026-05-25
"[C] [LM - PRINCIPAL][EX. BASE] [ADV. +] [CBO]","AD - BOFU 3","[EXCLUSÃO BASE] [ADV. +]",existing,inactive,ad,1.17238422,5468,0,,83.75785638,22,14,3.80717529,,15.31782304,"Compras no site",41.87892819,6,0.09090909,2,6.45623018,"Valor de conversão da compra no site",540.76,2026-01-01,2026-05-25
"[C] [LM - TESTE] [ABO]","[ADS] - [LARISSA] [TOPO] [27-02] — Cópia","Influ Larissa Lemos - Lm",existing,archived,ad,2.11666667,5461,0.28987365,,157.47303568,88,81,1.78946631,,28.83593402,"Compras no site",52.49101189,11,0.03409091,3,3.49316947,"Valor de conversão da compra no site",550.08,2026-01-01,2026-05-25
"[C] [JEJOOM] [CBO]","ADS - MORGANA","[CAMPANHA AQUISIÇÃO]",engaged,inactive,ad,1.75830913,5449,0.25087172,,363.60661577,126,88,2.88576679,,66.7290541,"Compras no site",181.80330789,24,0.01587302,2,1.2248402,"Valor de conversão da compra no site",445.36,2026-01-01,2026-05-25
"[C] [VARIOS PRODUTO] [ABO] [BID]","AD - MOFU MARCELA 17-05","[VINAGRE] [RMKT]",prospecting,inactive,ad,1.32224939,5408,0.18713018,,85.74,36,31,2.38166667,,15.85428994,"Compras no site",85.74,2,0.02777778,1,1.08105902,"Valor de conversão da compra no site",92.69,2026-01-01,2026-05-25
"[C] [LM - TESTE] [ABO]","AD -1 — Cópia","[TOFU] [TIK]",existing,active,ad,1.42929159,5387,0.24856135,,197.56283899,220,144,0.8980129,,36.67400018,"Compras no site",49.39070975,16,0.01818182,4,5.36006673,"Valor de conversão da compra no site",1058.95,2026-01-01,2026-05-25
"[C] [LM - RMKT] [ADV. ABO]","AD - BOFU 2","[RMKT LARANJA MORO-REATIVAÇÃO BASE QUENTE]",prospecting,inactive,ad,1.23433555,5378,0.00037189,,150.91660709,35,36,4.31190306,,28.06184587,"Compras no site",50.3055357,5,0.08571429,3,4.86394449,"Valor de conversão da compra no site",734.05,2026-01-01,2026-05-25
"[C] [LM - TESTE] [ABO]",ADS4,"Influ Sabrina - Vm [Teste até 13-03]",engaged,archived,ad,1.55997659,5332,0.29276069,,228.58132357,138,107,1.6563864,,42.8697156,"Compras no site",57.14533089,17,0.02898551,4,3.25809646,"Valor de conversão da compra no site",744.74,2026-01-01,2026-05-25
"[C] [LM - TESTE] [ABO]","ADS 4","Influ Leka - LM TESTE TRAVA DE CPA",engaged,archived,ad,1.18930409,5315,0.40112888,,84.01,56,46,1.50017857,,15.80620884,,,5,0,,,,,2026-01-01,2026-05-25
"[C] [LM - TESTE] [ABO]","AD - MOFU ANA ELISA — Cópia","[TESTE PB FECHADO ANA ELISA]",engaged,active,ad,1.58060678,5314,0.23071133,,154.36621586,91,73,1.69633204,,29.04896798,,,8,0,,,,,2026-01-01,2026-05-25
"[C] [LM - PRINCIPAL][EX. BASE] [ADV. +] [CBO]","Rmkt Dani 2 — Cópia","LP - 2",engaged,archived,ad,1.42688172,5308,0,,151.23170953,102,88,1.48266382,,28.49127911,"Compras no site",21.60452993,39,0.06862745,7,9.19264885,"Valor de conversão da compra no site",1390.22,2026-01-01,2026-05-25
"[C] [LM - TESTE] [ABO]","AD - ISA MOFU","[BM JADE]",engaged,not_delivering,ad,1.28118956,5299,0.40120778,,97.70092974,57,51,1.7140514,,18.43761648,"Compras no site",97.70092974,6,0.01754386,1,2.02556926,"Valor de conversão da compra no site",197.9,2026-01-01,2026-05-25
"[C] [LM - TESTE] [ABO]","ADS 1 - SABRINA","Influ Sabrina 2 - Lm",existing,archived,ad,1.71474878,5290,0.17826087,,127.83,65,44,1.96661538,,24.16446125,,,3,0,,,,,2026-01-01,2026-05-25
"[C] [JEJOOM] [CBO]","ARTE 1 LARISSA — Cópia","[CAMPANHA AQUISIÇÃO]",engaged,inactive,ad,2.12244079,5287,0,,103.5,81,46,1.27777778,,19.57631927,"Compras no site",51.75,8,0.02469136,2,3.4115942,"Valor de conversão da compra no site",353.1,2026-01-01,2026-05-25
"[C] [LM - TESTE] [ABO]","ad - 2","Conj - Melato",existing,not_delivering,ad,1.54879483,5269,0.24103245,,131.66,23,21,5.72434783,,24.98766369,"Compras no site",131.66,3,0.04347826,1,2.32264925,"Valor de conversão da compra no site",305.8,2026-01-01,2026-05-25
"[C] [LM - RMKT] [ADV. ABO]","ADS - LARISSA","[RMKT LARANJA MORO-REATIVAÇÃO BASE QUENTE]",prospecting,not_delivering,ad,1.13683528,5259,0.22095455,,187.32,53,42,3.53433962,,35.61893896,"Compras no site",187.32,13,0.01886792,1,0.86557762,"Valor de conversão da compra no site",162.14,2026-01-01,2026-05-25
"[C] [LM - TESTE] [ABO]","AD - RMK  EVELYN 18-05 PERFIL DENA — Cópia — Cópia","[TESTE PB FECHADO JADE]",existing,active,ad,1.45911248,5228,0.00019128,,86.11738465,34,23,2.53286425,,16.4723383,"Compras no site",21.52934616,9,0.11764706,4,8.63356456,"Valor de conversão da compra no site",743.5,2026-01-01,2026-05-25
"[C] [TONS] [PB DR]",tons_dr-ursinho_video-reels_10-07-2025_esse-foi-produto-que-a-mamae,"LP NOVA",prospecting,inactive,ad,1.10627917,5215,0.21438159,,159.14,87,79,1.8291954,,30.51581975,"Compras no site",159.14,8,0.01149425,1,1.50684932,"Valor de conversão da compra no site",239.8,2026-01-01,2026-05-25
"[C] [LM - PRINCIPAL][EX. BASE] [ADV. +] [CBO]","Video-Rmkt-DaniWinits — Cópia","LP - 1",prospecting,archived,ad,1.12228202,5213,0.10608095,,89.89,46,37,1.95413043,,17.24342989,"Compras no site",44.945,9,0.04347826,2,3.02124819,"Valor de conversão da compra no site",271.58,2026-01-01,2026-05-25
"[C] [LM - RMKT] [ADV. ABO]","AD - MOFU ANA ELISA REFAÇÃO 17-05 — Cópia — Cópia","[RMKT LARANJA MORO-REATIVAÇÃO BASE QUENTE]",existing,inactive,ad,1.45269327,5205,0.27934678,,220.98,354,266,0.62423729,,42.45533141,"Compras no site",55.245,5,0.01129944,4,3.44207621,"Valor de conversão da compra no site",760.63,2026-01-01,2026-05-25
"[C] [LM - RMKT] [ADV. ABO]","AD - MOFU ANA ELISA REFAÇÃO 17-05 — Cópia — Cópia","[RMKT LARANJA MORO-REATIVAÇÃO BASE QUENTE]",engaged,inactive,ad,1.44344905,5156,0.23778123,,166.68,234,161,0.71230769,,32.32738557,,,7,0,,,,,2026-01-01,2026-05-25
"[C] [LM - RMKT] [ADV. ABO]","ADS - MES CONSUMIDOR — Cópia","[RMKT LARANJA MORO-REATIVAÇÃO BASE QUENTE]",existing,not_delivering,ad,1.53532042,5151,0,,208.13,58,48,3.58844828,,40.40574646,"Compras no site",104.065,17,0.03448276,2,2.36169702,"Valor de conversão da compra no site",491.54,2026-01-01,2026-05-25
"[C] [TONS] [PB DR]","ADS 3 - MES DO CLIENTE","[PUBLICO ENG.] [DR]",engaged,archived,ad,1.75485851,5147,0,,193.25504053,58,44,3.33198346,,37.5471227,"Compras no site",96.62752026,10,0.03448276,2,1.98535572,"Valor de conversão da compra no site",383.68,2026-01-01,2026-05-25
"[C] [LM - TESTE] [ABO]","AD - ORG","Conj - Vm",prospecting,inactive,ad,1.53095238,5144,0,,119.56,25,14,4.7824,,23.24261275,,,4,0,,,,,2026-01-01,2026-05-25
"[C] [VARIOS PRODUTO] [ABO] [BID]","ADS1 - 18-02","[DIGESTINO] [RMKT]",prospecting,not_delivering,ad,1.37700965,5139,0.15061296,,41.55831388,56,46,0.74211275,,8.08684839,,,4,0,,,,,2026-01-01,2026-05-25
"[C] [LM - RMKT] [ADV. ABO]","AD - MOFU LARISSA LEMOS  REFAÇÃO 17-05","[RMKT LARANJA MORO-REATIVAÇÃO BASE QUENTE]",existing,inactive,ad,1.28779508,5128,0.28549142,,218.69302875,78,48,2.80375678,,42.64684648,"Compras no site",109.34651437,3,0.02564103,2,1.26757584,"Valor de conversão da compra no site",277.21,2026-01-01,2026-05-25
"[C] [TONS] [PB DR]","ADS - 2025","[PUBLICO ENG.] [DR]",engaged,archived,ad,1.24482339,5110,0.34872798,,185.5,100,77,1.855,,36.30136986,"Compras no site",185.5,8,0.01,1,1.31881402,"Valor de conversão da compra no site",244.64,2026-01-01,2026-05-25
"[C] [LM - RMKT] [ADV. ABO]","AD - JESSICA TOFU","[RMKT LARANJA MORO-REATIVAÇÃO BASE QUENTE]",existing,inactive,ad,1.19948247,5099,0.41772897,,191.86,65,50,2.95169231,,37.62698568,"Compras no site",191.86,5,0.01538462,1,1.08360263,"Valor de conversão da compra no site",207.9,2026-01-01,2026-05-25
"[C] [TONS] [PB DR]","ADS - ORGANICO","[PUBLICO ABERTO]",engaged,not_delivering,ad,1.77286957,5097,0.03943496,,118.33,69,46,1.71492754,,23.21561703,,,4,0,,,,,2026-01-01,2026-05-25
"[C] [LM - PRINCIPAL][EX. BASE] [ADV. +] [CBO]","AD - ANA MOFU","[EXCLUSÃO BASE] [ADV. +]",engaged,inactive,ad,1.48211689,5097,0.12968413,,101.1803914,32,22,3.16188723,,19.85096947,"Compras no site",101.1803914,6,0.03125,1,0.74579668,"Valor de conversão da compra no site",75.46,2026-01-01,2026-05-25
"[C] [LM - TESTE] [ABO]","AD1 - 07/12","Influ Ana Elisa 2",prospecting,archived,ad,1.68499503,5087,0.22586986,,156.95,47,35,3.3393617,,30.8531551,"Compras no site",52.31666667,10,0.06382979,3,3.48085378,"Valor de conversão da compra no site",546.32,2026-01-01,2026-05-25
"[C] [TONS] [PB DR]","tons2_rmkt_01-09-2025 — Cópia","[PUBLICO ENG.] [DR]",prospecting,archived,ad,1.14911884,5086,0,,135.59,54,48,2.51092593,,26.65945733,"Compras no site",67.795,5,0.03703704,2,1.90677779,"Valor de conversão da compra no site",258.54,2026-01-01,2026-05-25
"[C] [LM - TESTE] [ABO]","AD - JADE TOFU 19-05 BM JADE + DENA — Cópia","[BM JADE]",engaged,inactive,ad,1.44814815,5083,0.18670077,,62.71,119,90,0.52697479,,12.33720244,"Compras no site",62.71,2,0.00840336,1,2.65220858,"Valor de conversão da compra no site",166.32,2026-01-01,2026-05-25
"[C] [JEJOOM] [CBO]","ADS - MORGANA 1 24-12 — Cópia","[CAMPANHA AQUISIÇÃO]",engaged,inactive,ad,1.69028609,5081,0.36429837,,187.38147403,144,86,1.30126024,,36.87885732,"Compras no site",46.84536851,17,0.02777778,4,3.87194094,"Valor de conversão da compra no site",725.53,2026-01-01,2026-05-25
"[C] [LM - PRINCIPAL][EX. BASE] [ADV. +] [CBO]","AD - TOFU","[AQUISIÇÃO]  [ADV. +]",engaged,inactive,ad,1.37669377,5080,0.2773622,,175.73,75,49,2.34306667,,34.59251969,"Compras no site",43.9325,9,0.05333333,4,4.33312468,"Valor de conversão da compra no site",761.46,2026-01-01,2026-05-25
"[C] [TONS] [PB DR]",tons_dr-ursinho_video-reels_10-07-2025_esse-e-o-futuro-do-skin,"[PUBLICO ENG.] [DR]",existing,inactive,ad,1.39576458,5075,0.27211823,,216.50861317,233,154,0.92922152,,42.6617957,"Compras no site",72.16953772,10,0.01287554,3,4.37599219,"Valor de conversão da compra no site",947.44,2026-01-01,2026-05-25
"[C] [LM - TESTE] [ABO]",AD1,"Influ Ingrid - Vm",prospecting,archived,ad,1.23151751,5064,0.32582938,,180.98,106,79,1.70735849,,35.7385466,"Compras no site",180.98,14,0.00943396,1,1.82185877,"Valor de conversão da compra no site",329.72,2026-01-01,2026-05-25
"[C] [JEJOOM] [CBO]","AD - RMKT PERFIL DENA + JEJOOM",[RMK],engaged,active,ad,1.65373232,5029,0,,55.12866027,101,32,0.54582832,,10.96215158,"Compras no site",55.12866027,5,0.00990099,1,3.26345678,"Valor de conversão da compra no site",179.91,2026-01-01,2026-05-25
"[C] [LM - PRINCIPAL][EX. BASE] [ADV. +] [CBO]","AD - ALESSANDRA — Cópia","[AQUISIÇÃO]  [ADV. +]",existing,active,ad,1.45702671,5018,0.25388601,,133.79226275,48,13,2.78733881,,26.66246767,"Compras no site",33.44806569,6,0.08333333,4,3.63787853,"Valor de conversão da compra no site",486.72,2026-01-01,2026-05-25
"[C] [JEJOOM] [CBO]","AD - RMKT PERFIL JEJOOM",[RMK],engaged,inactive,ad,1.98496835,5018,0,,48.55693589,29,6,1.6743771,,9.67655159,,,2,0,,,,,2026-01-01,2026-05-25
"[C] [LM - TESTE] [ABO]","AD - 1 — Cópia","Influ Sabrina - LM TESTE TRAVA DE CPA",existing,archived,ad,1.4739476,5007,0.29718394,,45.57485149,77,35,0.59188119,,9.10222718,,,,0,,,,,2026-01-01,2026-05-25
"[C] [LM - TESTE] [ABO]",AD1,"Influ Paula Bigode - Vm",prospecting,archived,ad,1.23329193,4964,0.26913779,,284.16,103,82,2.75883495,,57.24415794,"Compras no site",94.72,16,0.02912621,3,2.03107404,"Valor de conversão da compra no site",577.15,2026-01-01,2026-05-25
"[C] [TONS] [PB DR]","ADS - MEIO 13-02-2026 — Cópia","[PUBLICO ENG.] [DR]",engaged,archived,ad,1.64864865,4941,0.18761384,,154.3,117,94,1.31880342,,31.22849626,,,8,0,,,,,2026-01-01,2026-05-25
"[C] [LM - RMKT] [ADV. ABO]","AD - EVELYN","[RMKT LARANJA MORO-REATIVAÇÃO BASE QUENTE]",prospecting,not_delivering,ad,1.25075988,4938,0.15188335,,147.63118181,50,36,2.95262364,,29.89695865,"Compras no site",73.81559091,4,0.04,2,2.46445226,"Valor de conversão da compra no site",363.83,2026-01-01,2026-05-25
"[C] [LM - RMKT] [ADV. ABO]","AD - LEVE 3 PAGUE 2 — Cópia","[RMKT PB FECHADO]",prospecting,active,ad,1.24495459,4935,0,,64.12275934,40,28,1.60306898,,12.99346694,,,,0,,,,,2026-01-01,2026-05-25
"[C] [VARIOS PRODUTO] [ABO] [BID]","AD - BOFU","[COLAGENO] [RMKT]",engaged,not_delivering,ad,1.7866715,4933,0,,79.15903634,190,143,0.41662651,,16.04683485,,,5,0,,,,,2026-01-01,2026-05-25
"[C] [LM - RMKT] [ADV. ABO]","AD - EVELYN TOFU — Cópia","[RMKT LARANJA MORO-REATIVAÇÃO BASE QUENTE]",engaged,active,ad,1.27030523,4911,0.42211362,,98.6635384,98,39,1.0067708,,20.09031529,,,5,0,,,,,2026-01-01,2026-05-25
"[C] [VARIOS PRODUTO] [ABO] [BID]","AD - NIVER 2",--,existing,archived,ad,2.35302594,4899,0.00081649,,347.55,143,115,2.43041958,,70.9430496,"Compras no site",38.61666667,16,0.06293706,9,6.80848799,"Valor de conversão da compra no site",2366.29,2026-01-01,2026-05-25
"[C] [LM - TESTE] [ABO]","ADS2 - 18-02 — Cópia","Carrossel - Lm",existing,inactive,ad,1.4329322,4882,0,,106.8633154,75,59,1.42484421,,21.88924937,"Compras no site",106.8633154,2,0.01333333,1,1.27985922,"Valor de conversão da compra no site",136.77,2026-01-01,2026-05-25
"[C] [LM - TESTE] [ABO]","AD - JADE MOFU 3 — Cópia","[TESTE PB FECHADO JADE]",existing,active,ad,1.40998839,4856,0.11079077,,89.60740065,61,42,1.46897378,,18.45292435,"Compras no site",44.80370033,9,0.03278689,2,3.8458877,"Valor de conversão da compra no site",344.62,2026-01-01,2026-05-25
"[C] [VARIOS PRODUTO] [ABO] [BID]","AD12 - PAULA","[VINAGRE] [RMKT]",engaged,inactive,ad,1.33196046,4851,0.32385075,,147.80320508,89,71,1.66071017,,30.46860546,"Compras no site",29.56064102,8,0.05617978,5,7.25180485,"Valor de conversão da compra no site",1071.84,2026-01-01,2026-05-25
"[C] [VARIOS PRODUTO] [ABO] [BID]","AD1 - 07/01 — Cópia","[DIGESTINO] [RMKT]",prospecting,not_delivering,ad,1.34381085,4831,0,,48.44154303,25,20,1.93766172,,10.02722894,,,,0,,,,,2026-01-01,2026-05-25
"[C] [TONS] [PB DR]","AD- NIVER 6","TONS TESTE",prospecting,not_delivering,ad,1.57325049,4811,0,,103.7674832,37,23,2.80452657,,21.56879717,"Compras no site",103.7674832,4,0.02702703,1,3.4473227,"Valor de conversão da compra no site",357.72,2026-01-01,2026-05-25
"[C] [LM - RMKT] [ADV. ABO]","AD - MOFU LARISSA LEMOS  REFAÇÃO 17-05","[RMKT LARANJA MORO-REATIVAÇÃO BASE QUENTE]",engaged,inactive,ad,1.36296507,4799,0.27380704,,178.16802667,55,32,3.23941867,,37.12607349,"Compras no site",89.08401333,4,0.03636364,2,2.09959108,"Valor de conversão da compra no site",374.08,2026-01-01,2026-05-25
"[C] [LM - RMKT] [ADV. ABO]","AD - ANA ELISA","[RMKT LARANJA MORO-REATIVAÇÃO BASE QUENTE]",engaged,inactive,ad,1.57278689,4797,0.13508443,,168.28,65,53,2.58892308,,35.08025849,"Compras no site",168.28,10,0.01538462,1,1.23544093,"Valor de conversão da compra no site",207.9,2026-01-01,2026-05-25
"[C] [LM - RMKT] [ADV. ABO]","ADS - RAIZA VM","[RMKT LARANJA MORO-REATIVAÇÃO BASE QUENTE]",prospecting,inactive,ad,1.17393435,4792,0.17988314,,251.43,65,52,3.86815385,,52.46869783,,,4,0,,,,,2026-01-01,2026-05-25
"[C] [LM - TESTE] [ABO]","AD - BOFU — Cópia — Cópia — Cópia","Evelyn Regly BM - LM",prospecting,not_delivering,ad,1.37535899,4789,0.08999791,,127.06402853,22,17,5.77563766,,26.5324762,,,6,0,,,,,2026-01-01,2026-05-25
"[C] [LM - PRINCIPAL][EX. BASE] [ADV. +] [CBO]","ADS. VIDEO INFLU — Cópia — Cópia","[AQUISIÇÃO]  [ADV. +]",engaged,inactive,ad,1.16851715,4736,0.48057432,,216.164822,135,104,1.6012209,,45.64291005,,,6,0,,,,,2026-01-01,2026-05-25
"[C] [JEJOOM] [CBO]","AD - TOFU LARISSA",[RMK],engaged,active,ad,1.74888889,4722,0.26853028,,116.53174285,126,76,0.9248551,,24.67847159,,,11,0,,,,,2026-01-01,2026-05-25
"[C] [TONS] [PB DR]","tons2_rmkt_20-10-2025-pagdenavita — Cópia","[PUBLICO ENG.] [DR]",existing,archived,ad,1.89133921,4717,0,,177.92,39,32,4.56205128,,37.71888912,"Compras no site",44.48,12,0.1025641,4,4.81727743,"Valor de conversão da compra no site",857.09,2026-01-01,2026-05-25
"[C] [TONS] [PB DR]","AD - TOFU DRIELLY 17-05","[PUBLICO ENG.] [DR]",existing,active,ad,1.59369705,4703,0.38294706,,194.0284928,132,97,1.46991282,,41.25632422,"Compras no site",64.67616427,16,0.02272727,3,5.47687602,"Valor de conversão da compra no site",1062.67,2026-01-01,2026-05-25
"[C] [JEJOOM] [CBO]","AD - JADE TOFU","[CAMPANHA AQUISIÇÃO]",existing,inactive,ad,1.45429104,4677,0.22920676,,155.5949777,51,42,3.05088192,,33.26811582,,,5,0,,,,,2026-01-01,2026-05-25
"[C] [LM - TESTE] [ABO]","ADS 4 — Cópia","Influ Evelyn BM -VM",existing,inactive,ad,1.6066989,4653,0.17042768,,53.1886102,57,36,0.93313351,,11.43103593,"Compras no site",53.1886102,8,0.01754386,1,7.26734537,"Valor de conversão da compra no site",386.54,2026-01-01,2026-05-25
"[C] [TONS] [PB DR]","tons2_rmkt_20-10-2025-pagdenavita — Cópia","[PUBLICO ENG.] [DR]",engaged,archived,ad,1.78239139,4636,0,,149.83,74,57,2.02472973,,32.31880932,"Compras no site",49.94333333,15,0.04054054,3,3.24360942,"Valor de conversão da compra no site",485.99,2026-01-01,2026-05-25
"[C] [LM - RMKT] [ADV. ABO]","AD - EVELYN","[RMKT LARANJA MORO-REATIVAÇÃO BASE QUENTE]",engaged,not_delivering,ad,1.34347826,4635,0.16936354,,118.81290316,57,36,2.0844369,,25.63385181,,,3,0,,,,,2026-01-01,2026-05-25
"[C] [LM - TESTE] [ABO]","AD - LUCIANA MOFU","teste aquisição ate dia 15  - Lm",engaged,inactive,ad,1.83260611,4620,0.1491342,,75.54717241,134,95,0.56378487,,16.35220182,"Compras no site",75.54717241,4,0.00746269,1,1.06913333,"Valor de conversão da compra no site",80.77,2026-01-01,2026-05-25
"[C] [LM - TESTE] [ABO]","AD - MOFU ate 14-05 — Cópia","[TOFU] [TIK]",engaged,active,ad,1.46202532,4620,0.33852814,,75.2927389,210,117,0.35853685,,16.29712963,"Compras no site",75.2927389,4,0.0047619,1,2.65497049,"Valor de conversão da compra no site",199.9,2026-01-01,2026-05-25
"[C] [LM - RMKT] [ADV. ABO]","ADS 1","[RMKT LARANJA MORO-REATIVAÇÃO BASE QUENTE]",engaged,not_delivering,ad,1.29691011,4617,0.3697206,,199.65735019,42,31,4.75374643,,43.24395716,"Compras no site",199.65735019,3,0.02380952,1,0.55099399,"Valor de conversão da compra no site",110.01,2026-01-01,2026-05-25
"[C] [LM - PRINCIPAL][EX. BASE] [ADV. +] [CBO]","ADS - MES CONSUMIDOR 2","[AQUISIÇÃO]  [ADV. +]",prospecting,inactive,ad,1.19309629,4597,0.00217533,,110.2188465,24,21,4.59245194,,23.97625549,"Compras no site",110.2188465,5,0.04166667,1,1.43641496,"Valor de conversão da compra no site",158.32,2026-01-01,2026-05-25
"[C] [JEJOOM] [CBO]","AD - LARISSA TOFU",[RMK],prospecting,inactive,ad,1.70516153,4592,0.14002613,,78.15374695,56,42,1.39560262,,17.0195442,"Compras no site",78.15374695,6,0.01785714,1,2.32784744,"Valor de conversão da compra no site",181.93,2026-01-01,2026-05-25
"[C] [LM - RMKT] [ADV. ABO]","AD - MOFU ANA ELISA — Cópia — Cópia","[RMKT LARANJA MORO-REATIVAÇÃO BASE QUENTE]",prospecting,inactive,ad,1.4019548,4590,0.29084967,,269.55,78,65,3.45576923,,58.7254902,"Compras no site",89.85,9,0.03846154,3,1.70046374,"Valor de conversão da compra no site",458.36,2026-01-01,2026-05-25
"[C] [LM - TESTE] [ABO]","AD - MOFU ANA ELISA — Cópia","[TESTE PB FECHADO ANA ELISA]",prospecting,active,ad,1.14848257,4579,0.13474558,,99.00332859,43,30,2.30240299,,21.62116807,"Compras no site",49.5016643,4,0.04651163,2,3.45352025,"Valor de conversão da compra no site",341.91,2026-01-01,2026-05-25
"[C] [LM - TESTE] [ABO]","AD - MOFU teste ate 08-05","[TOFU] [TIK TOK] [EXCLUSAÕ BASE] [BID 60] - TESTE ATÉ 20-05",engaged,not_delivering,ad,1.28999435,4564,0.15753725,,66.35743179,61,42,1.08782675,,14.53931459,,,4,0,,,,,2026-01-01,2026-05-25
"[C] [LM - PRINCIPAL][EX. BASE] [ADV. +] [CBO]","ADS - KAMILI","[AQUISIÇÃO]  [ADV. +]",prospecting,inactive,ad,1.13118012,4553,0.09005052,,67.22,19,12,3.53789474,,14.76389194,,,6,0,,,,,2026-01-01,2026-05-25
"[C] [JEJOOM] [CBO]","AD - ORGANICO","[CAMPANHA AQUISIÇÃO]",engaged,inactive,ad,1.30008574,4549,0,,121.9518122,44,32,2.7716321,,26.80848806,"Compras no site",121.9518122,5,0.02272727,1,2.29943282,"Valor de conversão da compra no site",280.42,2026-01-01,2026-05-25
"[C] [LM - RMKT] [ADV. ABO]","AD - RMKT — Cópia","[RMKT LARANJA MORO-REATIVAÇÃO BASE QUENTE]",prospecting,inactive,ad,1.22007515,4546,0.00241971,,125.92707798,40,33,3.14817695,,27.70063308,"Compras no site",41.97569266,5,0.075,3,4.29248426,"Valor de conversão da compra no site",540.54,2026-01-01,2026-05-25
"[C] [LM - PRINCIPAL][EX. BASE] [ADV. +] [CBO]","AD - JESSICA TOFU — Cópia","[AQUISIÇÃO]  [ADV. +]",existing,inactive,ad,1.13067332,4534,0.43383326,,144.19539907,57,60,2.52974384,,31.80313169,,,10,0,,,,,2026-01-01,2026-05-25
"[C] [LM - RMKT] [ADV. ABO]","ADS - MES CONSUMIDOR — Cópia","[RMKT LARANJA MORO-REATIVAÇÃO BASE QUENTE]",prospecting,not_delivering,ad,1.31533101,4530,0,,174.26,39,30,4.46820513,,38.46799117,"Compras no site",174.26,4,0.02564103,1,0.48393206,"Valor de conversão da compra no site",84.33,2026-01-01,2026-05-25
"[C] [VARIOS PRODUTO] [ABO] [BID]","AD - PROMO BOFU","[VINAGRE] [RMKT]",engaged,inactive,ad,1.8477551,4527,0.31256903,,239.90074692,431,338,0.55661426,,52.99331719,"Compras no site",59.97518673,23,0.00928074,4,3.68035536,"Valor de conversão da compra no site",882.92,2026-01-01,2026-05-25
"[C] [LM - TESTE] [ABO]","AD - 1 — Cópia","Influ Sabrina - LM TESTE TRAVA DE CPA",prospecting,archived,ad,1.25041459,4524,0.27564103,,22.97244544,38,29,0.60453804,,5.07790571,,,1,0,,,,,2026-01-01,2026-05-25
"[C] [LM - TESTE] [ABO]","AD - LUCIANA MOFU 2","[BM JADE]",existing,inactive,ad,1.54707292,4519,0.18012835,,73.11,34,23,2.15029412,,16.17835804,,,3,0,,,,,2026-01-01,2026-05-25
"[C] [LM - PRINCIPAL][EX. BASE] [ADV. +] [CBO]","AD - MOFU teste ate 08-05 — Cópia — Cópia — Cópia","[AQUISIÇÃO]  [ADV. +]",existing,inactive,ad,1.16761658,4507,0.36875971,,116.00334699,59,36,1.96615842,,25.73848391,"Compras no site",116.00334699,6,0.01694915,1,1.52340432,"Valor de conversão da compra no site",176.72,2026-01-01,2026-05-25
"[C] [LM - TESTE] [ABO]",AD1,"Influ Raiza - Lm",existing,not_delivering,ad,2.08909513,4502,0.06885829,,100.07559362,17,13,5.88679962,,22.22914119,,,1,0,,,,,2026-01-01,2026-05-25
"[C] [LM - PRINCIPAL][EX. BASE] [ADV. +] [CBO]","AD - LARI MOFU — Cópia","[AQUISIÇÃO]  [ADV. +]",existing,inactive,ad,1.22394981,4487,0.3414308,,136.05041741,82,70,1.65915143,,30.32102015,"Compras no site",68.02520871,10,0.02439024,2,2.95647752,"Valor de conversão da compra no site",402.23,2026-01-01,2026-05-25
"[C] [LM - PRINCIPAL][EX. BASE] [ADV. +] [CBO]","AD - JESSICA TOFU — Cópia","[AQUISIÇÃO]  [ADV. +]",engaged,inactive,ad,1.13879004,4480,0.41674107,,150.48519838,44,43,3.42011814,,33.59044607,"Compras no site",150.48519838,2,0.02272727,1,1.2433781,"Valor de conversão da compra no site",187.11,2026-01-01,2026-05-25
"[C] [LM - PRINCIPAL][EX. BASE] [ADV. +] [CBO]","AD - MOFU ISA NOGUEIRA  REFAÇÃO 17-05 — Cópia","[EXCLUSÃO BASE] [ADV. +]",prospecting,inactive,ad,1.19296833,4445,0.1295838,,53.56,27,22,1.9837037,,12.04949381,,,1,0,,,,,2026-01-01,2026-05-25
"[C] [LM - TESTE] [ABO]","AD - MOFU ate 14-05 — Cópia","[TOFU] [TIK + ORG ] [ABERTO]",prospecting,active,ad,1.09499136,4438,0.25101397,,53.93547478,36,21,1.49820763,,12.15310383,,,6,0,,,,,2026-01-01,2026-05-25
"[C] [TONS] [PB DR]","AD2 — Cópia","[PUBLICO ENG.] [DR]",existing,inactive,ad,1.5696068,4431,0,,102.89467661,26,22,3.95748756,,23.22154742,"Compras no site",51.4473383,4,0.07692308,2,3.21153641,"Valor de conversão da compra no site",330.45,2026-01-01,2026-05-25
"[C] [LM - PRINCIPAL][EX. BASE] [ADV. +] [CBO]","AD - BOFU 1","[EXCLUSÃO BASE] [ADV. +]",existing,inactive,ad,1.28712871,4420,0.00022624,,58.00865627,19,14,3.05308717,,13.12413038,"Compras no site",58.00865627,1,0.05263158,1,4.08697624,"Valor de conversão da compra no site",237.08,2026-01-01,2026-05-25
"[C] [LM - PRINCIPAL][EX. BASE] [ADV. +] [CBO]","AD - EVELYN",[EVELIN],existing,inactive,ad,1.20805921,4407,0.14295439,,72.11,46,36,1.5676087,,16.36260495,"Compras no site",36.055,11,0.04347826,2,4.16322285,"Valor de conversão da compra no site",300.21,2026-01-01,2026-05-25
"[C] [TONS] [PB DR]","AD4 — Cópia","[PUBLICO ENG.] [DR]",prospecting,inactive,ad,1.3819729,4385,0,,84.52713545,37,30,2.28451717,,19.2764277,"Compras no site",84.52713545,6,0.02702703,1,1.98587115,"Valor de conversão da compra no site",167.86,2026-01-01,2026-05-25
"[C] [LM - TESTE] [ABO]","ADS 3 - Duda","Influ Duda - Lm",prospecting,archived,ad,1.26462073,4368,0.1043956,,45.54,7,5,6.50571429,,10.42582418,,,,0,,,,,2026-01-01,2026-05-25
"[C] [LM - TESTE] [ABO]","ADS 1 - Duda","Influ Duda - Lm",existing,archived,ad,3.14616498,4348,0.07014719,,51.89,21,10,2.47095238,,11.93422263,,,2,0,,,,,2026-01-01,2026-05-25
"[C] [LM - TESTE] [ABO]","ADS 1","teste publico novo - bid",prospecting,not_delivering,ad,1.25876168,4310,0.10533643,,82.77290499,29,22,2.8542381,,19.20485035,"Compras no site",82.77290499,6,0.03448276,1,1.98446581,"Valor de conversão da compra no site",164.26,2026-01-01,2026-05-25
"[C] [LM - TESTE] [ABO]","AD - EVELYN TOFU",EVELIN,prospecting,active,ad,1.17156063,4309,0.16964493,,44.63,27,14,1.65296296,,10.35739151,"Compras no site",44.63,,0.03703704,1,6.15930988,"Valor de conversão da compra no site",274.89,2026-01-01,2026-05-25
"[C] [LM - PRINCIPAL][EX. BASE] [ADV. +] [CBO]","AD - ISA MOFU","[EXCLUSÃO BASE] [ADV. +]",engaged,inactive,ad,1.43701971,4301,0.23459661,,73.33,52,34,1.41019231,,17.04952337,"Compras no site",36.665,2,0.03846154,2,4.78180826,"Valor de conversão da compra no site",350.65,2026-01-01,2026-05-25
"[C] [LM - TESTE] [ABO]","ADS 2","Influ Raiza - VM",prospecting,not_delivering,ad,1.21394026,4267,0.12983361,,68.05,30,26,2.26833333,,15.94797281,,,5,0,,,,,2026-01-01,2026-05-25
"[C] [TONS] [PB DR]","AD- NIVER 4","TONS TESTE",existing,not_delivering,ad,1.66862285,4265,0,,165.12,71,51,2.3256338,,38.71512309,"Compras no site",82.56,12,0.02816901,2,3.07982074,"Valor de conversão da compra no site",508.54,2026-01-01,2026-05-25
"[C] [VARIOS PRODUTO] [ABO] [BID]","AD10 - INGRID","[VINAGRE] [RMKT]",prospecting,inactive,ad,1.24495171,4254,0.26234133,,143.98177741,60,44,2.39969629,,33.84621002,"Compras no site",71.9908887,8,0.03333333,2,2.25049312,"Valor de conversão da compra no site",324.03,2026-01-01,2026-05-25
"[C] [JEJOOM] [CBO]","AD - NIVER","[CAMPANHA AQUISIÇÃO]",prospecting,inactive,ad,1.59017623,4241,0,,92.78,39,26,2.37897436,,21.87691582,"Compras no site",92.78,4,0.02564103,1,2.48900625,"Valor de conversão da compra no site",230.93,2026-01-01,2026-05-25
"[C] [LM - TESTE] [ABO]","Criativo Versão 2 - Sabrina 29/12 — Cópia","teste aquisição ate dia 15  - Lm",prospecting,inactive,ad,1.16254125,4227,0.18216229,,66.18,36,23,1.83833333,,15.65649397,"Compras no site",66.18,1,0.02777778,1,1.61937141,"Valor de conversão da compra no site",107.17,2026-01-01,2026-05-25
"[C] [LM - TESTE] [ABO]","ADS 2","Influ Raiza 2",prospecting,not_delivering,ad,1.38507266,4194,0.18955651,,125.31,22,17,5.69590909,,29.87839771,,,1,0,,,,,2026-01-01,2026-05-25
"[C] [LM - PRINCIPAL][EX. BASE] [ADV. +] [CBO]","ADS - ANA ELISA 2","LP - 1",engaged,archived,ad,1.54710682,4171,0.11532007,,92.16,48,41,1.92,,22.09542076,,,9,0,,,,,2026-01-01,2026-05-25
"[C] [LM - TESTE] [ABO]","ADS - LARI 6","Influ Lari - Jejoom",engaged,inactive,ad,1.68502024,4162,0.12301778,,62.45,34,32,1.83676471,,15.00480538,,,2,0,,,,,2026-01-01,2026-05-25
"[C] [LM - TESTE] [ABO]","Teste - Perfil novo","Evelyn Regly BM - LM",engaged,not_delivering,ad,1.21199767,4162,0.13983662,,93.18,79,55,1.17949367,,22.38827487,,,8,0,,,,,2026-01-01,2026-05-25
"[C] [LM - PRINCIPAL][EX. BASE] [ADV. +] [CBO]","ADS - ART 2","[EXCLUSÃO BASE] [ADV. +]",engaged,inactive,ad,1.57896735,4159,0,,71.53,31,19,2.30741935,,17.19884588,,,3,0,,,,,2026-01-01,2026-05-25
"[C] [TONS] [PB DR]","AD- NIVER 6","TONS TESTE",existing,not_delivering,ad,1.89010989,4128,0,,204.05505081,77,64,2.65006559,,49.4319406,"Compras no site",102.02752541,12,0.02597403,2,3.38315566,"Valor de conversão da compra no site",690.35,2026-01-01,2026-05-25
"[C] [LM - TESTE] [ABO]","AD -  EVELYN","[TESTE PB FECHADO]",existing,active,ad,1.15975162,4109,0.23071307,,145.74,39,29,3.73692308,,35.46848382,"Compras no site",72.87,2,0.05128205,2,3.22787155,"Valor de conversão da compra no site",470.43,2026-01-01,2026-05-25
"[C] [LM - TESTE] [ABO]","ADS 1","Influ Jessica - Lm",engaged,not_delivering,ad,1.43212908,4083,0.20009797,,75.8267435,52,33,1.45820661,,18.57133076,"Compras no site",75.8267435,2,0.01923077,1,3.29197838,"Valor de conversão da compra no site",249.62,2026-01-01,2026-05-25
"[C] [LM - TESTE] [ABO]","AD2 — Cópia","[TOFU] [TIK + ORG ] [ABERTO]",prospecting,inactive,ad,1.10186436,4078,0,,73.96457897,27,19,2.73942885,,18.13746419,"Compras no site",73.96457897,3,0.03703704,1,1.45028879,"Valor de conversão da compra no site",107.27,2026-01-01,2026-05-25
"[C] [LM - TESTE] [ABO]",AD1,"[HIBRIDO] [ESTATICO ORG.] [BID 60]",engaged,inactive,ad,1.59032384,4076,0.16952895,,67.00834498,39,30,1.71816269,,16.43973135,"Compras no site",67.00834498,2,0.02564103,1,5.7891297,"Valor de conversão da compra no site",387.92,2026-01-01,2026-05-25
"[C] [VARIOS PRODUTO] [ABO] [BID]","AD - MOFU","[VINAGRE] [RMKT]",prospecting,active,ad,1.51667291,4048,0.16625494,,39.88269593,29,16,1.37526538,,9.85244465,"Compras no site",39.88269593,1,0.03448276,1,6.39174444,"Valor de conversão da compra no site",254.92,2026-01-01,2026-05-25
"[C] [LM - TESTE] [ABO]","AD1 - 07/12","Influ Ana Elisa 2",engaged,archived,ad,1.84153005,4044,0.20029674,,103.68242827,47,33,2.20600911,,25.63858266,"Compras no site",103.68242827,5,0.0212766,1,1.53304666,"Valor de conversão da compra no site",158.95,2026-01-01,2026-05-25
"[C] [LM - RMKT] [ADV. ABO]","AD - MOFU ANA ELISA — Cópia — Cópia","[RMKT PB FECHADO]",prospecting,active,ad,1.15881677,4035,0.19479554,,78.12144833,48,35,1.62753017,,19.36095374,"Compras no site",78.12144833,1,0.02083333,1,4.11090689,"Valor de conversão da compra no site",321.15,2026-01-01,2026-05-25
"[C] [VARIOS PRODUTO] [ABO] [BID]","AD - ORG 2 TOFU/MOFU","[VINAGRE] [RMKT]",engaged,inactive,ad,1.53269962,4031,0,,145.22124622,102,83,1.42373771,,36.02610921,"Compras no site",36.30531156,5,0.03921569,4,7.19212944,"Valor de conversão da compra no site",1044.45,2026-01-01,2026-05-25
"[C] [LM - TESTE] [ABO]","AD2 - LARI","Influ Lari - Jejoom",prospecting,not_delivering,ad,1.20306398,4005,0.18327091,,77.07,27,24,2.85444444,,19.24344569,"Compras no site",77.07,3,0.03703704,1,1.42480862,"Valor de conversão da compra no site",109.81,2026-01-01,2026-05-25
"[C] [JEJOOM] [CBO]","AD - LARISSA TOFU",[RMK],engaged,inactive,ad,1.90805145,4005,0.13857678,,64.42484539,58,34,1.1107732,,16.08610372,"Compras no site",32.2124227,7,0.03448276,2,3.5087395,"Valor de conversão da compra no site",226.05,2026-01-01,2026-05-25
"[C] [VARIOS PRODUTO] [ABO] [BID]","AD10 - INGRID","[VINAGRE] [RMKT]",existing,inactive,ad,1.62667751,4000,0.29225,,171.70863964,57,41,3.01243227,,42.92715991,"Compras no site",85.85431982,11,0.03508772,2,2.01300296,"Valor de conversão da compra no site",345.65,2026-01-01,2026-05-25
"[C] [TONS] [PB DR]",tons_dr-ursinho_video-reels_10-07-2025_mais-qual-usar,"LP NOVA",prospecting,inactive,ad,1.31297209,3998,0.17033517,,185.52,64,51,2.89875,,46.4032016,"Compras no site",61.84,15,0.046875,3,3.48997413,"Valor de conversão da compra no site",647.46,2026-01-01,2026-05-25
"[C] [LM - TESTE] [ABO]","AD - MOFU ate 14-05 — Cópia","[TOFU] [TIK + ORG ] [ABERTO]",existing,inactive,ad,1.21748401,3997,0.44558419,,186.07646356,122,80,1.52521691,,46.55403141,"Compras no site",62.02548785,9,0.02459016,3,2.07506093,"Valor de conversão da compra no site",386.12,2026-01-01,2026-05-25
"[C] [LM - PRINCIPAL][EX. BASE] [ADV. +] [CBO]","AD - MOFU teste ate 08-05","[AQUISIÇÃO]  [ADV. +]",engaged,inactive,ad,1.14531878,3988,0.42126379,,95.05442556,62,34,1.5331359,,23.83511173,"Compras no site",95.05442556,6,0.01612903,1,3.23919689,"Valor de conversão da compra no site",307.9,2026-01-01,2026-05-25
"[C] [LM - TESTE] [ABO]","ADS 1","Influ Raiza",engaged,archived,ad,1.76382132,3988,0.13941825,,94.52743462,40,27,2.36318587,,23.70296756,"Compras no site",94.52743462,9,0.025,1,1.09111181,"Valor de conversão da compra no site",103.14,2026-01-01,2026-05-25
"[C] [LM - TESTE] [ABO]","ADS 2 - SABRINA","Influ Sabrina 2 - Lm",prospecting,archived,ad,1.16573282,3953,0.16493802,,95.2,24,19,3.96666667,,24.08297496,,,,0,,,,,2026-01-01,2026-05-25
"[C] [LM - TESTE] [ABO]","ADS 1","Evelyn Regly - LM",engaged,not_delivering,ad,1.74446413,3939,0.18659558,,79.07,70,43,1.12957143,,20.07362275,"Compras no site",79.07,1,0.01428571,1,2.50284558,"Valor de conversão da compra no site",197.9,2026-01-01,2026-05-25
"[C] [TONS] [PB DR]","AD1 — Cópia — Cópia","LP NOVA",existing,inactive,ad,1.42375951,3931,0,,98.24,40,29,2.456,,24.99109641,,,7,0,,,,,2026-01-01,2026-05-25
"[C] [LM - PRINCIPAL][EX. BASE] [ADV. +] [CBO]","tons_dr-ursinho_video-reels_10-07-2025_esse-foi-produto-que-a-mamae — Cópia","LP 2 - TONS",prospecting,archived,ad,1.07092199,3926,0.29877738,,129.66,44,41,2.94681818,,33.02598064,"Compras no site",129.66,2,0.02272727,1,1.84945241,"Valor de conversão da compra no site",239.8,2026-01-01,2026-05-25
"[C] [VARIOS PRODUTO] [ABO] [BID]","AD - IA",Nac,existing,not_delivering,ad,1.36041667,3918,0.23991833,,111.9,59,39,1.89661017,,28.56049005,,,2,0,0,0.0080429,"Valor de conversão da compra no site",0.9,2026-01-01,2026-05-25
"[C] [LM - TESTE] [ABO]","AD - JADE TOFU 19-05 BM JADE + DENA — Cópia — Cópia","[BM JADE]",engaged,inactive,ad,1.49484536,3915,0.16270754,,41.14733795,97,70,0.42419936,,10.51017572,,,,0,,,,,2026-01-01,2026-05-25
"[C] [LM - TESTE] [ABO]","AD - RAIZA MOFU — Cópia","Conj - Vm",prospecting,inactive,ad,1.34827586,3910,0.22685422,,225.87004012,114,98,1.98131614,,57.76727369,"Compras no site",225.87004012,15,0.00877193,1,0.92323001,"Valor de conversão da compra no site",208.53,2026-01-01,2026-05-25
"[C] [LM - TESTE] [ABO]","AD - MOFU ate 14-05","[TOFU] [TIK TOK] [EXCLUSAÕ BASE] [BID 60] - TESTE ATÉ 20-05",engaged,not_delivering,ad,1.19669118,3906,0.34869432,,64.98,56,44,1.16035714,,16.6359447,"Compras no site",32.49,2,0.03571429,2,4.11034164,"Valor de conversão da compra no site",267.09,2026-01-01,2026-05-25
"[C] [TONS] [PB DR]","AD2 — Cópia","[PUBLICO ENG.] [DR]",engaged,inactive,ad,1.54798885,3887,0,,82.09819653,41,28,2.00239504,,21.1212237,"Compras no site",41.04909827,3,0.04878049,2,5.62570214,"Valor de conversão da compra no site",461.86,2026-01-01,2026-05-25
"[C] [LM - TESTE] [ABO]","laranja-moro_influ_marcia_video-stories_20-07-2025 — Cópia","Influ Marcia",engaged,archived,ad,1.54375497,3881,0.12548312,,69.32488137,34,23,2.0389671,,17.86263369,"Compras no site",69.32488137,5,0.02941176,1,1.9671148,"Valor de conversão da compra no site",136.37,2026-01-01,2026-05-25
"[C] [JEJOOM] [CBO]","ADS - MORGANA 2 24-12 — Cópia","[CAMPANHA AQUISIÇÃO]",existing,inactive,ad,1.47528517,3880,0.25335052,,205.7196867,63,55,3.26539185,,53.02053781,"Compras no site",205.7196867,16,0.01587302,1,0.99081426,"Valor de conversão da compra no site",203.83,2026-01-01,2026-05-25
"[C] [TONS] [PB DR]","AD - TOFU","[PUBLICO ENG.] [DR]",existing,inactive,ad,1.33218707,3874,0.18146618,,168.42873663,88,66,1.91396292,,43.47670021,"Compras no site",84.21436831,11,0.02272727,2,2.91393268,"Valor de conversão da compra no site",490.79,2026-01-01,2026-05-25
"[C] [LM - RMKT] [ADV. ABO]","AD - MOFU ANA ELISA — Cópia — Cópia","[RMKT PB FECHADO]",existing,active,ad,1.24509489,3871,0.18858176,,111.86437547,51,40,2.19341913,,28.89805618,,,7,0,,,,,2026-01-01,2026-05-25
"[C] [LM - TESTE] [ABO]","AD - MOFU ate 14-05","[TOFU] [TIK TOK] [EXCLUSAÕ BASE] [BID 60] - TESTE ATÉ 20-05",existing,inactive,ad,1.30644068,3854,0.33160353,,79.10489953,46,25,1.71967173,,20.52540206,,,3,0,,,,,2026-01-01,2026-05-25
"[C] [LM - PRINCIPAL][EX. BASE] [ADV. +] [CBO]","ADS - ISA 3","[AQUISIÇÃO]  [ADV. +]",engaged,inactive,ad,1.32918396,3844,0.31997919,,110.46587694,95,54,1.1627987,,28.73722085,"Compras no site",55.23293847,5,0.02105263,2,1.6274709,"Valor de conversão da compra no site",179.78,2026-01-01,2026-05-25
"[C] [LM - TESTE] [ABO]","AD - RMK  EVELYN 18-05 PERFIL DENA — Cópia — Cópia","[TESTE PB FECHADO ANA ELISA]",existing,active,ad,1.21518987,3840,0.00182292,,88.70044838,24,17,3.69585202,,23.0990751,"Compras no site",22.17511209,4,0.16666667,4,13.4092896,"Valor de conversão da compra no site",1189.41,2026-01-01,2026-05-25
"[C] [VARIOS PRODUTO] [ABO] [BID]","AD - MI RUBACK MOFU","[VINAGRE] [RMKT]",existing,inactive,ad,1.82579724,3836,0.38816475,,198.95,565,436,0.35212389,,51.86392075,"Compras no site",99.475,5,0.00353982,2,3.53078663,"Valor de conversão da compra no site",702.45,2026-01-01,2026-05-25
"[C] [LM - TESTE] [ABO]","EDITAR PARA CYBER","[BM] [ANA ELISA]",engaged,inactive,ad,1.87782139,3827,0.16122289,,134.35,67,63,2.00522388,,35.10582702,"Compras no site",67.175,16,0.02985075,2,1.38704875,"Valor de conversão da compra no site",186.35,2026-01-01,2026-05-25
"[C] [LM - TESTE] [ABO]","ADS 1 - SABRINA","Influ Sabrina 2 - Lm",engaged,archived,ad,1.47274836,3810,0.22598425,,80.11,53,37,1.51150943,,21.02624672,,,8,0,,,,,2026-01-01,2026-05-25
"[C] [LM - TESTE] [ABO]","ADS 1 - Duda","Influ Duda - Lm",engaged,archived,ad,2.58763587,3809,0.06747178,,45.84,62,33,0.73935484,,12.03465477,"Compras no site",45.84,5,0.01612903,1,3.66972077,"Valor de conversão da compra no site",168.22,2026-01-01,2026-05-25
"[C] [LM - TESTE] [ABO]","EDITAR PARA CYBER","[BM] [ANA ELISA]",existing,inactive,ad,2.04457573,3807,0.14841082,,118.8,68,50,1.74705882,,31.20567376,"Compras no site",29.7,10,0.05882353,4,4.93518519,"Valor de conversão da compra no site",586.3,2026-01-01,2026-05-25
"[C] [LM - TESTE] [ABO]",AD2,"Influ Vitoria - Vm",prospecting,not_delivering,ad,1.14958954,3781,0.12166094,,85.06356362,17,12,5.00373904,,22.4976365,,,,0,,,,,2026-01-01,2026-05-25
"[C] [VARIOS PRODUTO] [ABO] [BID]","AD - TOFU — Cópia — Cópia","[VINAGRE] [RMKT]",existing,active,ad,1.48817967,3777,0.2266349,,53.74629864,107,77,0.50230186,,14.22989109,,,2,0,,,,,2026-01-01,2026-05-25
"[C] [LM - TESTE] [ABO]","AD - RAIZA MOFU — Cópia","Conj - Vm",existing,inactive,ad,1.63068921,3762,0.1605529,,233.50936504,90,77,2.5945485,,62.07053829,"Compras no site",77.83645501,18,0.03333333,3,2.40461448,"Valor de conversão da compra no site",561.5,2026-01-01,2026-05-25
"[C] [JEJOOM] [CBO]","AD - MORGANA TOFU","[CAMPANHA AQUISIÇÃO]",prospecting,inactive,ad,1.22690173,3758,0.16125599,,71.67302588,43,36,1.66681456,,19.07211971,"Compras no site",71.67302588,3,0.02325581,1,3.56898564,"Valor de conversão da compra no site",255.8,2026-01-01,2026-05-25
"[C] [LM - TESTE] [ABO]","AD - DANI TOFU 2","[BOFU] [ADV+ ABERTO] [ESTATICO]",engaged,not_delivering,ad,1.23878628,3756,0.27635783,,41.1672937,37,19,1.11262956,,10.96040833,,,3,0,,,,,2026-01-01,2026-05-25
"[C] [LM - TESTE] [ABO]","AD - NIVER 5","[HIBRIDO] [ESTATICO ORG.] [BID 60]",existing,inactive,ad,1.35158501,3752,0.00053305,,32.8,17,11,1.92941176,,8.74200426,,,,0,,,,,2026-01-01,2026-05-25
"[C] [LM - TESTE] [ABO]","ADS 3","Influ Ingrid - Lm",existing,not_delivering,ad,1.67637831,3740,0.14839572,,44.26,51,35,0.86784314,,11.8342246,,,3,0,,,,,2026-01-01,2026-05-25
"[C] [LM - TESTE] [ABO]","ADS - TOFU — Cópia","teste aquisição ate dia 15  - Lm",engaged,not_delivering,ad,1.3271824,3740,0.15695187,,59.08592261,18,11,3.28255126,,15.79837503,"Compras no site",29.5429613,3,0.11111111,2,5.01608483,"Valor de conversão da compra no site",296.38,2026-01-01,2026-05-25
"[C] [LM - TESTE] [ABO]","AD - BOFU — Cópia — Cópia — Cópia","Evelyn Regly BM - LM",engaged,not_delivering,ad,1.38676088,3729,0.10887637,,95.18552668,33,22,2.8844099,,25.52575132,"Compras no site",95.18552668,7,0.03030303,1,2.18415559,"Valor de conversão da compra no site",207.9,2026-01-01,2026-05-25
"[C] [LM - TESTE] [ABO]","AD - MOFU teste ate 08-05","[TOFU] [TIK TOK] [EXCLUSAÕ BASE] [BID 60] - TESTE ATÉ 20-05",existing,inactive,ad,1.32525828,3720,0.33306452,,59.72838599,87,68,0.68653317,,16.05601774,"Compras no site",29.86419299,10,0.02298851,2,8.94281657,"Valor de conversão da compra no site",534.14,2026-01-01,2026-05-25
"[C] [TONS] [PB DR]","AD6 — Cópia","[PUBLICO ENG.] [DR]",engaged,inactive,ad,1.34163059,3719,0,,65.18565804,52,45,1.25357035,,17.52773811,,,3,0,,,,,2026-01-01,2026-05-25
"[C] [LM - RMKT] [ADV. ABO]","AD - MOFU ANA ELISA — Cópia — Cópia","[RMKT LARANJA MORO-REATIVAÇÃO BASE QUENTE]",engaged,inactive,ad,1.4983871,3716,0.29547901,,191.36,109,89,1.75559633,,51.49623251,"Compras no site",63.78666667,10,0.02752294,3,2.34970736,"Valor de conversão da compra no site",449.64,2026-01-01,2026-05-25
"[C] [LM - RMKT] [ADV. ABO]","ADS 1 — Cópia","[RMKT LARANJA MORO-REATIVAÇÃO BASE QUENTE]",prospecting,not_delivering,ad,1.11197605,3714,0.28756058,,143.11941451,38,22,3.76630038,,38.5351143,"Compras no site",143.11941451,4,0.02631579,1,2.08077989,"Valor de conversão da compra no site",297.8,2026-01-01,2026-05-25
"[C] [LM - TESTE] [ABO]","ADS 2","Influ Evelyn - Vm",existing,not_delivering,ad,1.33381295,3708,0.20954693,,157.52,67,52,2.35104478,,42.4811219,"Compras no site",52.50666667,10,0.04477612,3,4.42686643,"Valor de conversão da compra no site",697.32,2026-01-01,2026-05-25
"[C] [LM - TESTE] [ABO]",AD7,"Arte - Organica Tons ###",prospecting,inactive,ad,1.26632479,3704,0,,60.11,35,26,1.71742857,,16.22840173,,,3,0,,,,,2026-01-01,2026-05-25
"[C] [LM - PRINCIPAL][EX. BASE] [ADV. +] [CBO]","AD - ISA MOFU — Cópia — Cópia","[EXCLUSÃO BASE] [ADV. +]",engaged,inactive,ad,1.21866755,3695,0.39458728,,92.63546982,55,43,1.68428127,,25.07049251,,,3,0,,,,,2026-01-01,2026-05-25
"[C] [TONS] [PB DR]","AD- NIVER 7","TONS TESTE",engaged,inactive,ad,1.80744733,3689,0,,164.07,60,40,2.7345,,44.47546761,,,8,0,,,,,2026-01-01,2026-05-25
"[C] [JEJOOM] [CBO]","AD - JADE TOFU","[CAMPANHA AQUISIÇÃO]",engaged,inactive,ad,1.60356832,3685,0.21709634,,120.67834881,56,50,2.15497051,,32.74853428,"Compras no site",120.67834881,12,0.01785714,1,3.4856294,"Valor de conversão da compra no site",420.64,2026-01-01,2026-05-25
"[C] [LM - TESTE] [ABO]","ADS 2 - NOVO VM","Evelyn Regly BM - LM",existing,not_delivering,ad,1.90777202,3682,0.18984248,,62.25853908,33,21,1.8866224,,16.90889166,"Compras no site",20.75284636,6,0.09090909,3,15.69230526,"Valor de conversão da compra no site",976.98,2026-01-01,2026-05-25
"[C] [LM - TESTE] [ABO]","ADS 1","Influ Leka - LM TESTE TRAVA DE CPA",engaged,archived,ad,1.27213001,3679,0.39385703,,76.66389443,41,36,1.86985108,,20.83824258,"Compras no site",19.16597361,9,0.09756098,4,4.91678648,"Valor de conversão da compra no site",376.94,2026-01-01,2026-05-25
"[C] [JEJOOM] [CBO]","AD - MORGANA TOFU","[CAMPANHA AQUISIÇÃO]",existing,inactive,ad,1.37229276,3675,0.14095238,,96.43061685,35,24,2.75516048,,26.23962363,,,8,0,,,,,2026-01-01,2026-05-25
"[C] [LM - PRINCIPAL][EX. BASE] [ADV. +] [CBO]","ADS - EVELYN 2","[AQUISIÇÃO]  [ADV. +]",engaged,inactive,ad,1.67216117,3652,0.14649507,,79,60,37,1.31666667,,21.63198248,"Compras no site",79,4,0.01666667,1,2.50506329,"Valor de conversão da compra no site",197.9,2026-01-01,2026-05-25
"[C] [TONS] [PB DR]","AD4 — Cópia","[PUBLICO ENG.] [DR]",existing,inactive,ad,1.42958023,3644,0,,90.12976993,28,17,3.21892035,,24.73374586,"Compras no site",90.12976993,6,0.03571429,1,1.36447702,"Valor de conversão da compra no site",122.98,2026-01-01,2026-05-25
"[C] [TONS] [PB DR]",AD10,"[PUBLICO ABERTO]",existing,not_delivering,ad,1.58838935,3639,0.20994779,,181.64544764,28,20,6.48733742,,49.91630878,"Compras no site",181.64544764,7,0.03571429,1,1.09570596,"Valor de conversão da compra no site",199.03,2026-01-01,2026-05-25
"[C] [LM - TESTE] [ABO]","AD1 - 07/12","Influ Ana Elisa 2",existing,archived,ad,2.11655012,3632,0.19520925,,90.97213059,37,23,2.45870623,,25.04739278,"Compras no site",90.97213059,4,0.02702703,1,1.85001713,"Valor de conversão da compra no site",168.3,2026-01-01,2026-05-25
"[C] [LM - PRINCIPAL][EX. BASE] [ADV. +] [CBO]","Video-Rmkt-DaniWinits — Cópia","LP - ATUAL",prospecting,archived,ad,1.1192604,3632,0.09113436,,36.58,15,11,2.43866667,,10.0715859,,,,0,,,,,2026-01-01,2026-05-25
"[C] [LM - PRINCIPAL][EX. BASE] [ADV. +] [CBO]","ADS - SABRINA TOPO","[AQUISIÇÃO]  [ADV. +]",engaged,inactive,ad,1.43234714,3631,0.18700083,,105.5,46,17,2.29347826,,29.05535665,"Compras no site",105.5,6,0.02173913,1,2.25895735,"Valor de conversão da compra no site",238.32,2026-01-01,2026-05-25
"[C] [LM - PRINCIPAL][EX. BASE] [ADV. +] [CBO]","AD2 — DANI","[AQUISIÇÃO]  [ADV. +]",engaged,inactive,ad,1.45007987,3631,0,,100.28,38,27,2.63894737,,27.61773616,"Compras no site",100.28,6,0.02631579,1,1.77612684,"Valor de conversão da compra no site",178.11,2026-01-01,2026-05-25
"[C] [LM - TESTE] [ABO]","ADS2- DANI","Conj. - Q10",engaged,not_delivering,ad,1.66358595,3600,0,,71.06,22,13,3.23,,19.73888889,,,1,0,,,,,2026-01-01,2026-05-25
"[C] [LM - TESTE] [ABO]",AD1,"Influ Ingrid - Vm",existing,archived,ad,1.48574969,3597,0.28607173,,148.02,73,54,2.02767123,,41.15095913,"Compras no site",37.005,11,0.05479452,4,5.86272125,"Valor de conversão da compra no site",867.8,2026-01-01,2026-05-25
"[C] [TONS] [PB DR]","AD - DR URSINHO 18-05 — Cópia","LP NOVA",engaged,not_delivering,ad,1.11159196,3596,0.28587319,,81.54,76,49,1.07289474,,22.67519466,"Compras no site",81.54,6,0.01315789,1,2.94088791,"Valor de conversão da compra no site",239.8,2026-01-01,2026-05-25
"[C] [VARIOS PRODUTO] [ABO] [BID]",ADS,"[COENZIMA] [RMKT]",prospecting,inactive,ad,1.20180723,3591,0,,75.3185599,24,19,3.13827333,,20.97425784,,,,0,,,,,2026-01-01,2026-05-25
"[C] [LM - TESTE] [ABO]","ADS 3- SABRINA","Influ Sabrina - Tons",prospecting,not_delivering,ad,1.32381306,3569,0.17904175,,117.23,33,22,3.55242424,,32.84673578,"Compras no site",58.615,5,0.06060606,2,4.70579203,"Valor de conversão da compra no site",551.66,2026-01-01,2026-05-25
"[C] [JEJOOM] [CBO]","AD5 - ORGANICO","[CAMPANHA AQUISIÇÃO]",prospecting,inactive,ad,1.22658402,3562,0,,73.38,33,24,2.22363636,,20.60078608,,,8,0,,,,,2026-01-01,2026-05-25
"[C] [LM - TESTE] [ABO]","ADS 1","Influ Luciana",prospecting,not_delivering,ad,1.24352694,3554,0.17023073,,70.56,11,8,6.41454545,,19.85368599,,,2,0,,,,,2026-01-01,2026-05-25
"[C] [VARIOS PRODUTO] [ABO] [BID]","AD - BOFU RMKT4 17-05","[TRIO MAG] [RMKT]",existing,not_delivering,ad,1.4785506,3550,0.00084507,,97.3,58,48,1.67758621,,27.4084507,,,4,0,,,,,2026-01-01,2026-05-25
"[C] [LM - TESTE] [ABO]","AD - RMK  EVELYN 18-05 PERFIL DENA — Cópia — Cópia","[BM JADE]",existing,inactive,ad,1.2312783,3535,0.0019802,,46.93,16,11,2.933125,,13.2758133,"Compras no site",46.93,2,0.0625,1,7.40890688,"Valor de conversão da compra no site",347.7,2026-01-01,2026-05-25
"[C] [LM - RMKT] [ADV. ABO]","AD - ANA ELISA","[RMKT LARANJA MORO-REATIVAÇÃO BASE QUENTE]",existing,inactive,ad,1.47258267,3518,0.13274588,,139.46,48,36,2.90541667,,39.64184196,"Compras no site",46.48666667,8,0.0625,3,5.46414743,"Valor de conversão da compra no site",762.03,2026-01-01,2026-05-25
"[C] [LM - TESTE] [ABO]","ADS 1","Influ Raiza 2",engaged,not_delivering,ad,1.34211531,3515,0.2628734,,83.53,33,29,2.53121212,,23.76386913,"Compras no site",41.765,9,0.06060606,2,5.57895367,"Valor de conversão da compra no site",466.01,2026-01-01,2026-05-25
"[C] [LM - PRINCIPAL][EX. BASE] [ADV. +] [CBO]","ADS - ANA ELISA 2","LP - 1",existing,archived,ad,1.71303075,3510,0.08888889,,67.88,27,18,2.51407407,,19.33903134,,,13,0,,,,,2026-01-01,2026-05-25
"[C] [LM - PRINCIPAL][EX. BASE] [ADV. +] [CBO]","Video-Rmkt-DaniWinits — Cópia","LP - 2",prospecting,archived,ad,1.13268608,3500,0.11028571,,66.29,46,32,1.44108696,,18.94,,,6,0,,,,,2026-01-01,2026-05-25
"[C] [LM - TESTE] [ABO]",AD3,"Influ Rachel - Kit",prospecting,not_delivering,ad,1.1678345,3500,0.31171429,,117.11,45,28,2.60244444,,33.46,,,3,0,,,,,2026-01-01,2026-05-25
"[C] [JEJOOM] [CBO]","AD - MOFU PRI 17-05",[RMK],engaged,inactive,ad,1.5349758,3489,0.42992261,,66.29,279,212,0.23759857,,18.99971338,,,6,0,,,,,2026-01-01,2026-05-25
"[C] [TONS] [PB DR]","ADS - MEIO 13-02-2026 — Cópia","[PUBLICO ENG.] [DR]",existing,archived,ad,1.7889861,3476,0.22727273,,112.37,115,78,0.97713043,,32.3273878,"Compras no site",112.37,5,0.00869565,1,2.49550592,"Valor de conversão da compra no site",280.42,2026-01-01,2026-05-25
"[C] [LM - TESTE] [ABO]","ADS 4","Evelyn Regly - LM",prospecting,not_delivering,ad,1.35058366,3471,0.22731201,,116.42,26,24,4.47769231,,33.54076635,"Compras no site",116.42,7,0.03846154,1,0.85260265,"Valor de conversão da compra no site",99.26,2026-01-01,2026-05-25
"[C] [JEJOOM] [CBO]","AD - SABRINA","[CAMPANHA AQUISIÇÃO]",engaged,inactive,ad,1.88931507,3448,0.27900232,,50.84,54,37,0.94148148,,14.74477958,"Compras no site",50.84,4,0.01851852,1,3.31038552,"Valor de conversão da compra no site",168.3,2026-01-01,2026-05-25
"[C] [LM - PRINCIPAL][EX. BASE] [ADV. +] [CBO]","ADS - ISA 3","[AQUISIÇÃO]  [ADV. +]",existing,inactive,ad,1.2640884,3432,0.31789044,,108.925795,89,54,1.22388534,,31.73828526,"Compras no site",54.4628975,6,0.02247191,2,3.27029975,"Valor de conversão da compra no site",356.22,2026-01-01,2026-05-25
"[C] [LM - TESTE] [ABO]",AD3,"Influ Dani - Vm",prospecting,not_delivering,ad,1.2267525,3430,0.09329446,,44.28,16,12,2.7675,,12.90962099,"Compras no site",44.28,4,0.0625,1,7.88414634,"Valor de conversão da compra no site",349.11,2026-01-01,2026-05-25
"[C] [VARIOS PRODUTO] [ABO] [BID]","AD - RMKT 3","[COENZIMA] [RMKT]",engaged,inactive,ad,1.39139261,3427,0.0002918,,50.94862861,30,16,1.69828762,,14.86683064,"Compras no site",50.94862861,2,0.03333333,1,1.90996309,"Valor de conversão da compra no site",97.31,2026-01-01,2026-05-25
"[C] [TONS] [PB DR]","AD - DR URSINHO 18-05","[PUBLICO ENG.] [DR]",prospecting,inactive,ad,1.07450487,3418,0.38238736,,123.42311028,53,38,2.32873793,,36.10974555,"Compras no site",123.42311028,4,0.01886792,1,2.13833535,"Valor de conversão da compra no site",263.92,2026-01-01,2026-05-25
"[C] [LM - TESTE] [ABO]","AD - 4 — Cópia","[TOFU] [TIK]",prospecting,active,ad,1.15371622,3415,0.10863836,,34.75186851,18,10,1.93065936,,10.17624261,,,,0,,,,,2026-01-01,2026-05-25
"[C] [LM - TESTE] [ABO]","AD - 1 — Cópia","Influ Sabrina - LM TESTE TRAVA DE CPA",engaged,archived,ad,1.35808912,3383,0.30150754,,25.38270201,51,22,0.49770004,,7.50301567,,,2,0,,,,,2026-01-01,2026-05-25
"[C] [LM - TESTE] [ABO]","AD - ORG","Conj - Vm",existing,inactive,ad,1.83669026,3374,0,,111.37,30,23,3.71233333,,33.00829876,"Compras no site",111.37,,0.03333333,1,1.55014815,"Valor de conversão da compra no site",172.64,2026-01-01,2026-05-25
"[C] [LM - PRINCIPAL][EX. BASE] [ADV. +] [CBO]","AD - LEVE 3 PAGUE 2 — Cópia","[EXCLUSÃO BASE] [ADV. +]",engaged,inactive,ad,1.66617211,3369,0,,54.15844929,49,34,1.10527448,,16.07552665,,,3,0,,,,,2026-01-01,2026-05-25
"[C] [LM - TESTE] [ABO]","AD2 - LARI","Influ Lari - Jejoom",existing,not_delivering,ad,1.42223161,3365,0.18781575,,80.93,31,27,2.61064516,,24.05052006,,,1,0,,,,,2026-01-01,2026-05-25
"[C] [VARIOS PRODUTO] [ABO] [BID]","AD - BOFU 2","[COLAGENO] [RMKT]",engaged,not_delivering,ad,1.63209393,3336,0,,52.83608573,40,26,1.32090214,,15.8381552,"Compras no site",52.83608573,5,0.025,1,3.1838089,"Valor de conversão da compra no site",168.22,2026-01-01,2026-05-25
"[C] [LM - TESTE] [ABO]","AD - LUCIANA MOFU 2","[BM JADE]",engaged,inactive,ad,1.41499787,3321,0.22222222,,52.51,32,22,1.6409375,,15.81150256,,,4,0,,,,,2026-01-01,2026-05-25
"[C] [TONS] [PB DR]","AD- NIVER 5","TONS TESTE",engaged,not_delivering,ad,1.55269321,3315,0,,110.67,94,70,1.17734043,,33.38461538,,,2,0,,,,,2026-01-01,2026-05-25
"[C] [LM - TESTE] [ABO]","AD - MOFU ate 14-05 — Cópia","[TOFU] [TIK + ORG ] [ABERTO]",prospecting,inactive,ad,1.14825078,3315,0.40542986,,137.41000388,65,50,2.11400006,,41.45098156,"Compras no site",68.70500194,7,0.03076923,2,2.23484456,"Valor de conversão da compra no site",307.09,2026-01-01,2026-05-25
"[C] [LM - PRINCIPAL][EX. BASE] [ADV. +] [CBO]","ADS - SABRINA TOPO","[AQUISIÇÃO]  [ADV. +]",existing,inactive,ad,1.56501182,3310,0.1694864,,118.56,45,24,2.63466667,,35.81873112,,,5,0,,,,,2026-01-01,2026-05-25
"[C] [LM - TESTE] [ABO]","ADS 3 — Cópia","teste aquisição ate dia 15  - Lm",prospecting,inactive,ad,1.42193548,3306,0.37295826,,22.26,39,30,0.57076923,,6.73321234,,,3,0,,,,,2026-01-01,2026-05-25
"[C] [LM - TESTE] [ABO]","AD - 6","[TOFU] [TIK TOK] [EXCLUSAÕ BASE] [BID 60] - TESTE ATÉ 20-05",prospecting,not_delivering,ad,1.11576105,3306,0.27344223,,51.72,21,19,2.46285714,,15.64428312,,,5,0,,,,,2026-01-01,2026-05-25
"[C] [LM - RMKT] [ADV. ABO]","ADS - LARISSA","[RMKT LARANJA MORO-REATIVAÇÃO BASE QUENTE]",engaged,not_delivering,ad,1.2978389,3303,0.24159855,,130.78,64,45,2.0434375,,39.5943082,"Compras no site",65.39,12,0.03125,2,1.86672274,"Valor de conversão da compra no site",244.13,2026-01-01,2026-05-25
"[C] [LM - PRINCIPAL][EX. BASE] [ADV. +] [CBO]","AD - ALESSANDRA — Cópia","[AQUISIÇÃO]  [ADV. +]",engaged,active,ad,1.35250616,3292,0.2381531,,83.41647167,37,9,2.25449923,,25.33914692,"Compras no site",41.70823584,2,0.05405405,2,5.07142045,"Valor de conversão da compra no site",423.04,2026-01-01,2026-05-25
"[C] [LM - PRINCIPAL][EX. BASE] [ADV. +] [CBO]","ADS - EVELYN 2","[AQUISIÇÃO]  [ADV. +]",existing,inactive,ad,1.63858425,3287,0.15302708,,70.45,31,19,2.27258065,,21.43291755,,,3,0,,,,,2026-01-01,2026-05-25
"[C] [LM - PRINCIPAL][EX. BASE] [ADV. +] [CBO]","AD - ISA MOFU","[EXCLUSÃO BASE] [ADV. +]",engaged,inactive,ad,1.3573201,3282,0.19744059,,84.77664078,51,39,1.66228707,,25.83078634,"Compras no site",42.38832039,4,0.03921569,2,2.91790283,"Valor de conversão da compra no site",247.37,2026-01-01,2026-05-25
"[C] [LM - TESTE] [ABO]","AD - MOFU ate 14-05 — Cópia","[TOFU] [TIK + ORG ] [ABERTO]",existing,active,ad,1.26399074,3275,0.30748092,,64.29990329,62,38,1.03709521,,19.63355826,"Compras no site",32.14995165,8,0.03225806,2,6.9155625,"Valor de conversão da compra no site",444.67,2026-01-01,2026-05-25
"[C] [LM - TESTE] [ABO]","AD -  EVELYN","[TESTE PB FECHADO]",engaged,active,ad,1.1648784,3257,0.24808106,,105.67,39,18,2.70948718,,32.44396684,,,,0,,,,,2026-01-01,2026-05-25
"[C] [JEJOOM] [CBO]","AD - MORGANA TOFU",[RMK],prospecting,inactive,ad,1.27815093,3235,0.2488408,,42.16,37,27,1.13945946,,13.0324575,"Compras no site",42.16,1,0.02702703,1,3.59606262,"Valor de conversão da compra no site",151.61,2026-01-01,2026-05-25
"[C] [TONS] [PB DR]","tons_dr-ursinho_video-reels_18-08-2026 — Cópia","LP NOVA",engaged,inactive,ad,1.06065574,3235,0.37310665,,161.98,144,129,1.12486111,,50.07109737,"Compras no site",40.495,11,0.02777778,4,7.01531053,"Valor de conversão da compra no site",1136.34,2026-01-01,2026-05-25
"[C] [LM - TESTE] [ABO]","ADS - DANI — Cópia","teste aquisição ate dia 15  - Lm",prospecting,not_delivering,ad,1.21941088,3229,0.11303809,,45.37,24,14,1.89041667,,14.05078972,"Compras no site",22.685,5,0.08333333,2,8.58805378,"Valor de conversão da compra no site",389.64,2026-01-01,2026-05-25
"[C] [TONS] [PB DR]","tons2_rmkt_20-10-2025-pagdenavita — Cópia","LP NOVA",prospecting,inactive,ad,1.42812915,3229,0,,84.16,29,22,2.90206897,,26.06379684,,,1,0,,,,,2026-01-01,2026-05-25
"[C] [LM - RMKT] [ADV. ABO]","ADS 1 — Cópia","[RMKT LARANJA MORO-REATIVAÇÃO BASE QUENTE]",engaged,not_delivering,ad,1.20997375,3227,0.329718,,148.90898629,62,41,2.40175784,,46.14471221,"Compras no site",148.90898629,1,0.01612903,1,0.63844367,"Valor de conversão da compra no site",95.07,2026-01-01,2026-05-25
"[C] [LM - TESTE] [ABO]","AD - SUSANA","Conj. - Tipo 2",engaged,not_delivering,ad,1.72522764,3221,0.17913691,,31.84,56,31,0.56857143,,9.88512884,,,,0,,,,,2026-01-01,2026-05-25
"[C] [LM - TESTE] [ABO]","AD 2 DUDA","[DAI - DUDA - ANA]",engaged,active,ad,1.43559928,3210,0.13489097,,88.44673674,68,55,1.30068731,,27.55350054,,,1,0,,,,,2026-01-01,2026-05-25
"[C] [LM - TESTE] [ABO]","ADS 2 - INGRID VM","Influ Ingrid - Lm",engaged,inactive,ad,1.72180451,3206,0.24984404,,48.5877443,162,98,0.29992435,,15.15525399,,,2,0,,,,,2026-01-01,2026-05-25
"[C] [LM - TESTE] [ABO]","AD - LUCIANA MOFU 2","[BM JADE]",prospecting,inactive,ad,1.26074951,3196,0.2252816,,57.71,24,19,2.40458333,,18.05694618,,,1,0,,,,,2026-01-01,2026-05-25
"[C] [LM - TESTE] [ABO]","ADS. VIDEO INFLU — Cópia","teste aquisição ate dia 15  - Lm",existing,inactive,ad,1.34740397,3192,0.3320802,,85.52964186,55,39,1.5550844,,26.79500058,"Compras no site",85.52964186,2,0.01818182,1,3.05999177,"Valor de conversão da compra no site",261.72,2026-01-01,2026-05-25
"[C] [LM - RMKT] [ADV. ABO]","AD - BOFU 1 — Cópia — Cópia — Cópia","[RMKT PB FECHADO]",prospecting,active,ad,1.17298491,3187,0.00188265,,35.53811146,10,7,3.55381115,,11.15096061,,,,0,,,,,2026-01-01,2026-05-25
"[C] [LM - TESTE] [ABO]","AD - tofu  teste ate 09-05 — Cópia","[TOFU] [TIK TOK] [EXCLUSAÕ BASE] [BID 60] - TESTE ATÉ 20-05",engaged,inactive,ad,1.22732536,3180,0.30125786,,39.02,21,12,1.85809524,,12.27044025,,,,0,,,,,2026-01-01,2026-05-25
"[C] [LM - RMKT] [ADV. ABO]","AD - TAINA","[RMKT LARANJA MORO-REATIVAÇÃO BASE QUENTE]",engaged,inactive,ad,1.30696333,3172,0.20428752,,108.48118363,33,21,3.28730859,,34.19961653,"Compras no site",108.48118363,4,0.03030303,1,3.06891932,"Valor de conversão da compra no site",332.92,2026-01-01,2026-05-25
"[C] [LM - TESTE] [ABO]","Criativo Versão 2 - Sabrina 29/12 — Cópia","teste aquisição ate dia 15  - Lm",engaged,inactive,ad,1.17481481,3172,0.20870113,,55.31,35,12,1.58028571,,17.4369483,,,1,0,,,,,2026-01-01,2026-05-25
"[C] [LM - TESTE] [ABO]","ADS - LARISSA — Cópia","Influ Larissa L 3",existing,archived,ad,1.36739974,3171,0.31567329,,96.28228154,53,30,1.81664682,,30.36338112,"Compras no site",96.28228154,3,0.01886792,1,1.94220574,"Valor de conversão da compra no site",187,2026-01-01,2026-05-25
"[C] [VARIOS PRODUTO] [ABO] [BID]","AD - MOFU MARCELA 17-05","[VINAGRE] [RMKT]",engaged,inactive,ad,1.39015817,3164,0.21997472,,50.13,63,50,0.79571429,,15.84386852,,,,0,,,,,2026-01-01,2026-05-25
"[C] [LM - TESTE] [ABO]","AD - BOFU 3 — Cópia","[HIBRIDO] [ESTATICO ORG.] [BID 60]",engaged,inactive,ad,1.28430971,3135,0,,43.66893509,30,19,1.45563117,,13.92948488,,,3,0,,,,,2026-01-01,2026-05-25
"[C] [LM - TESTE] [ABO]","AD - 8","[TOFU] [TIK TOK] [EXCLUSAÕ BASE] [BID 60] - TESTE ATÉ 20-05",prospecting,not_delivering,ad,1.22352481,3131,0.159374,,33.39,26,20,1.28423077,,10.6643245,,,5,0,,,,,2026-01-01,2026-05-25
"[C] [LM - TESTE] [ABO]",ADS7,"Influ Morgana - Jejoom",existing,inactive,ad,1.33404528,3123,0.19276337,,123.9,48,46,2.58125,,39.67339097,,,7,0,,,,,2026-01-01,2026-05-25
"[C] [TONS] [PB DR]",tons_dr-ursinho-melasma2-13-10-2025,"LP NOVA",prospecting,inactive,ad,1.2928749,3121,0.2973406,,193.78,49,45,3.95469388,,62.08907401,"Compras no site",193.78,5,0.02040816,1,1.23748581,"Valor de conversão da compra no site",239.8,2026-01-01,2026-05-25
"[C] [LM - PRINCIPAL][EX. BASE] [ADV. +] [CBO]","AD - JADE TOFU — Cópia — Cópia","[AQUISIÇÃO]  [ADV. +]",engaged,inactive,ad,1.16374487,3120,0.31570513,,88.92122784,26,25,3.42004722,,28.50039354,"Compras no site",88.92122784,2,0.03846154,1,1.23345125,"Valor de conversão da compra no site",109.68,2026-01-01,2026-05-25
"[C] [LM - PRINCIPAL][EX. BASE] [ADV. +] [CBO]","ADS - ANA ELISA 2","LP - 2",engaged,archived,ad,1.55034895,3110,0.10385852,,60.5078116,29,17,2.08647626,,19.45588797,"Compras no site",15.1269529,5,0.13793103,4,10.26925257,"Valor de conversão da compra no site",621.37,2026-01-01,2026-05-25
"[C] [LM - TESTE] [ABO]","ADS 3 — Cópia","teste aquisição ate dia 15  - Lm",engaged,inactive,ad,1.38606742,3084,0.36089494,,25.49,37,24,0.68891892,,8.26523995,"Compras no site",25.49,3,0.02702703,1,7.3405257,"Valor de conversão da compra no site",187.11,2026-01-01,2026-05-25
"[C] [LM - TESTE] [ABO]","AD - 5 — Cópia","[TOFU] [TIK]",existing,active,ad,1.40063665,3080,0.39902597,,85.75495209,219,124,0.39157512,,27.84251691,"Compras no site",85.75495209,1,0.00456621,1,4.7554105,"Valor de conversão da compra no site",407.8,2026-01-01,2026-05-25
"[C] [LM - TESTE] [ABO]","ADS 3 - SABRINA","Influ Sabrina 2 - Lm",prospecting,archived,ad,1.20567376,3060,0.20424837,,64.36,19,14,3.38736842,,21.03267974,,,2,0,,,,,2026-01-01,2026-05-25
"[C] [LM - TESTE] [ABO]","AD1 - Flexivel","Influ Lari - Jejoom",prospecting,not_delivering,ad,1.26155116,3058,0.23446697,,75.04,47,44,1.59659574,,24.53891432,"Compras no site",75.04,6,0.0212766,1,2.39632196,"Valor de conversão da compra no site",179.82,2026-01-01,2026-05-25
"[C] [LM - RMKT] [ADV. ABO]","ADS - LARISSA","[RMKT LARANJA MORO-REATIVAÇÃO BASE QUENTE]",existing,not_delivering,ad,1.18199457,3046,0.24294156,,140.67,36,18,3.9075,,46.18187787,"Compras no site",70.335,7,0.05555556,2,2.13819578,"Valor de conversão da compra no site",300.78,2026-01-01,2026-05-25
"[C] [VARIOS PRODUTO] [ABO] [BID]","ADS 3 - NOVO VM — Cópia","[VINAGRE] [RMKT]",engaged,inactive,ad,1.56811146,3039,0.24251398,,45.19,33,20,1.36939394,,14.87002303,"Compras no site",45.19,2,0.03030303,1,8.06904182,"Valor de conversão da compra no site",364.64,2026-01-01,2026-05-25
"[C] [LM - PRINCIPAL][EX. BASE] [ADV. +] [CBO]","ADS - ANA ELISA 2","LP - ATUAL",engaged,archived,ad,1.44768275,3030,0.10660066,,60.08,33,22,1.82060606,,19.82838284,"Compras no site",60.08,6,0.03030303,1,4.21471372,"Valor de conversão da compra no site",253.22,2026-01-01,2026-05-25
"[C] [JEJOOM] [CBO]","AD1 - LARI","[CAMPANHA AQUISIÇÃO]",prospecting,inactive,ad,1.32164768,3016,0.19728117,,66.22,31,30,2.13612903,,21.95623342,,,4,0,,,,,2026-01-01,2026-05-25
"[C] [LM - TESTE] [ABO]",AD3,"Adeli - Lm e Vm",prospecting,not_delivering,ad,1.20594139,3004,0.19241012,,110.86,33,23,3.35939394,,36.90412783,,,5,0,,,,,2026-01-01,2026-05-25
"[C] [LM - PRINCIPAL][EX. BASE] [ADV. +] [CBO]","AD - MOFU ANA ELISA REFAÇÃO 17-05 — Cópia","[AQUISIÇÃO]  [ADV. +]",engaged,inactive,ad,1.28357571,3001,0.18393869,,105.23774371,38,31,2.76941431,,35.06755872,"Compras no site",105.23774371,11,0.02631579,1,2.48694043,"Valor de conversão da compra no site",261.72,2026-01-01,2026-05-25
"[C] [LM - PRINCIPAL][EX. BASE] [ADV. +] [CBO]","ADS - RAIZA 5","[AQUISIÇÃO]  [ADV. +]",prospecting,inactive,ad,1.22081114,2980,0.23959732,,76.19,6,6,12.69833333,,25.56711409,"Compras no site",76.19,,0.16666667,1,3.04528153,"Valor de conversão da compra no site",232.02,2026-01-01,2026-05-25
"[C] [LM - RMKT] [ADV. ABO]","ADS - MES CONSUMIDOR — Cópia","[RMKT LARANJA MORO-REATIVAÇÃO BASE QUENTE]",engaged,not_delivering,ad,1.4808553,2978,0,,117.05,41,35,2.85487805,,39.30490262,,,10,0,,,,,2026-01-01,2026-05-25
"[C] [VARIOS PRODUTO] [ABO] [BID]","AD - RMKT 4","[COENZIMA] [RMKT]",engaged,not_delivering,ad,1.6819209,2977,0.00067182,,48.27,60,42,0.8045,,16.21430971,"Compras no site",48.27,3,0.01666667,1,7.04205511,"Valor de conversão da compra no site",339.92,2026-01-01,2026-05-25
"[C] [VARIOS PRODUTO] [ABO] [BID]","AD - BOFU RMKT1 17-05","[TRIO MAG] [RMKT]",existing,not_delivering,ad,1.50278199,2971,0.00100976,,92.83,43,33,2.15883721,,31.24537193,,,7,0,,,,,2026-01-01,2026-05-25
"[C] [LM - RMKT] [ADV. ABO]","AD - LEVE 3 PAGUE 2 — Cópia","[RMKT PB FECHADO]",existing,active,ad,1.24464061,2961,0,,49.10191669,23,11,2.13486594,,16.58288304,,,3,0,,,,,2026-01-01,2026-05-25
"[C] [LM - TESTE] [ABO]",AD1,"Influ Lari - Jejoom",prospecting,not_delivering,ad,1.2548853,2954,0.28368314,,94.37,51,34,1.85039216,,31.9465132,,,8,0,,,,,2026-01-01,2026-05-25
"[C] [LM - TESTE] [ABO]",AD1,"[BOFU] [ADV+ ABERTO] [ESTATICO]",engaged,inactive,ad,1.68282944,2950,0.09932203,,31.20827892,38,19,0.8212705,,10.5790776,,,7,0,,,,,2026-01-01,2026-05-25
"[C] [VARIOS PRODUTO] [ABO] [BID]","AD - MOFU","[VINAGRE] [RMKT]",engaged,active,ad,1.53485952,2950,0.20949153,,38.55091858,60,44,0.64251531,,13.06810799,"Compras no site",19.27545929,5,0.03333333,2,15.4323171,"Valor de conversão da compra no site",594.93,2026-01-01,2026-05-25
"[C] [TONS] [PB DR]","AD1 - VERAO — Cópia","LP NOVA",prospecting,inactive,ad,1.42850218,2947,0,,63.65285099,22,20,2.89331141,,21.59920291,,,5,0,,,,,2026-01-01,2026-05-25
"[C] [TONS] [PB DR]","tons_dr-ursinho-melasma1-13-10-2025 — Cópia — Cópia","LP NOVA",prospecting,not_delivering,ad,1.15559921,2941,0.33628018,,44.38,23,17,1.92956522,,15.09010541,,,2,0,,,,,2026-01-01,2026-05-25
"[C] [LM - TESTE] [ABO]","ADS - LARI 3","Influ Lari - Jejoom",existing,not_delivering,ad,1.32537179,2941,0.19245155,,114.57881782,25,21,4.58315271,,38.95913561,,,2,0,,,,,2026-01-01,2026-05-25
"[C] [LM - TESTE] [ABO]","ADS 1","Evelyn Regly BM - LM",engaged,inactive,ad,1.54507116,2931,0.16103719,,47.3,15,10,3.15333333,,16.13783692,"Compras no site",47.3,2,0.06666667,1,3.5564482,"Valor de conversão da compra no site",168.22,2026-01-01,2026-05-25
"[C] [LM - TESTE] [ABO]","AD - DANI TOFU 3","[BOFU] [ADV+ ABERTO] [ESTATICO]",existing,not_delivering,ad,1.17914654,2929,0.19836122,,46.93908051,20,6,2.34695403,,16.0256335,,,1,0,,,,,2026-01-01,2026-05-25
"[C] [LM - RMKT] [ADV. ABO]","AD - LUCIANA TOFU — Cópia","[RMKT PB FECHADO]",prospecting,inactive,ad,1.09336333,2916,0.28772291,,84.99,33,30,2.57545455,,29.14609053,,,1,0,,,,,2026-01-01,2026-05-25
"[C] [LM - PRINCIPAL][EX. BASE] [ADV. +] [CBO]","AD - MOFU teste ate 08-05 — Cópia — Cópia — Cópia","[AQUISIÇÃO]  [ADV. +]",engaged,inactive,ad,1.16259511,2903,0.36548398,,79.09228201,30,17,2.6364094,,27.24501619,"Compras no site",79.09228201,4,0.03333333,1,1.26156431,"Valor de conversão da compra no site",99.78,2026-01-01,2026-05-25
"[C] [LM - RMKT] [ADV. ABO]","AD - NIVER 6","[RMKT LARANJA MORO-REATIVAÇÃO BASE QUENTE]",existing,not_delivering,ad,1.33548983,2890,0.1799308,,163.17,45,31,3.626,,56.46020761,"Compras no site",163.17,7,0.02222222,1,1.27799228,"Valor de conversão da compra no site",208.53,2026-01-01,2026-05-25
"[C] [JEJOOM] [CBO]","AD - NIVER","[CAMPANHA AQUISIÇÃO]",engaged,inactive,ad,1.78823529,2888,0,,58.82,28,22,2.10071429,,20.36703601,,,4,0,,,,,2026-01-01,2026-05-25
"[C] [LM - TESTE] [ABO]","AD - RMK  EVELYN 18-05 PERFIL DENA","[TESTE PB FECHADO]",prospecting,active,ad,1.2234088,2864,0.00069832,,53.85,29,26,1.85689655,,18.8023743,"Compras no site",26.925,3,0.06896552,2,8.36750232,"Valor de conversão da compra no site",450.59,2026-01-01,2026-05-25
"[C] [LM - TESTE] [ABO]","ADS - SABRINA — Cópia","Conj - Vm",existing,inactive,ad,1.38834951,2860,0.30104895,,188.69,61,46,3.09327869,,65.97552448,"Compras no site",26.95571429,7,0.1147541,7,7.48985108,"Valor de conversão da compra no site",1413.26,2026-01-01,2026-05-25
"[C] [LM - TESTE] [ABO]",AD1,"Influ Lari - Jejoom",existing,not_delivering,ad,1.46283957,2854,0.22740014,,91.49,44,27,2.07931818,,32.05676244,"Compras no site",45.745,15,0.04545455,2,4.05552519,"Valor de conversão da compra no site",371.04,2026-01-01,2026-05-25
"[C] [LM - TESTE] [ABO]","AD -1 — Cópia","[TOFU] [TIK]",engaged,active,ad,1.45677749,2848,0.30442416,,108.67910625,174,100,0.62459256,,38.15979854,"Compras no site",54.33955312,3,0.01149425,2,1.8880354,"Valor de conversão da compra no site",205.19,2026-01-01,2026-05-25
"[C] [LM - PRINCIPAL][EX. BASE] [ADV. +] [CBO]","AD - MOFU ANA ELISA REFAÇÃO 17-05 — Cópia","[AQUISIÇÃO]  [ADV. +]",existing,inactive,ad,1.20076078,2841,0.19253784,,114.00755569,33,21,3.45477441,,40.12937546,,,7,0,,,,,2026-01-01,2026-05-25
"[C] [LM - TESTE] [ABO]","ADS 2","Influ Nutri- Lm",prospecting,not_delivering,ad,1.19035639,2839,0.23987319,,26.29,16,11,1.643125,,9.26030292,"Compras no site",26.29,1,0.0625,1,6.02206162,"Valor de conversão da compra no site",158.32,2026-01-01,2026-05-25
"[C] [LM - PRINCIPAL][EX. BASE] [ADV. +] [CBO]","AD - JADE TOFU — Cópia","[AQUISIÇÃO]  [ADV. +]",prospecting,inactive,ad,1.15181115,2830,0.18268551,,68.26,30,29,2.27533333,,24.12014134,"Compras no site",68.26,3,0.03333333,1,3.11910343,"Valor de conversão da compra no site",212.91,2026-01-01,2026-05-25
"[C] [VARIOS PRODUTO] [ABO] [BID]","AD - MOFU MARCELA 17-05","[VINAGRE] [RMKT]",existing,inactive,ad,1.30321379,2798,0.23338099,,69.73,127,99,0.54905512,,24.92137241,"Compras no site",69.73,1,0.00787402,1,3.87078732,"Valor de conversão da compra no site",269.91,2026-01-01,2026-05-25
"[C] [LM - RMKT] [ADV. ABO]","AD - LUCIANA MOFU — Cópia","[RMKT LARANJA MORO-REATIVAÇÃO BASE QUENTE]",engaged,inactive,ad,1.21671018,2796,0.18276109,,143.25,67,48,2.1380597,,51.23390558,"Compras no site",143.25,10,0.01492537,1,1.4513089,"Valor de conversão da compra no site",207.9,2026-01-01,2026-05-25
"[C] [LM - PRINCIPAL][EX. BASE] [ADV. +] [CBO]","ADS - DANI","[AQUISIÇÃO]  [ADV. +]",existing,inactive,ad,1.45848564,2793,0.18259936,,156.61084103,38,27,4.12133792,,56.07262479,"Compras no site",156.61084103,3,0.02631579,1,1.48150663,"Valor de conversão da compra no site",232.02,2026-01-01,2026-05-25
"[C] [LM - PRINCIPAL][EX. BASE] [ADV. +] [CBO]","ADS - ANA ELISA 2","LP - 2",existing,archived,ad,1.74358974,2788,0.07352941,,55.35884878,19,16,2.91362362,,19.85611506,"Compras no site",55.35884878,5,0.05263158,1,2.71392927,"Valor de conversão da compra no site",150.24,2026-01-01,2026-05-25
"[C] [LM - TESTE] [ABO]","laranja-moro_influ_marcia_video-stories_20-07-2025 — Cópia","Influ Marcia",existing,archived,ad,1.82651715,2769,0.09100758,,51.01302616,19,13,2.68489611,,18.4229058,,,1,0,,,,,2026-01-01,2026-05-25
"[C] [LM - PRINCIPAL][EX. BASE] [ADV. +] [CBO]","ADS - DUDA","[AQUISIÇÃO]  [ADV. +]",prospecting,inactive,ad,1.24684116,2763,0.11292074,,51.83,19,14,2.72789474,,18.75859573,,,1,0,,,,,2026-01-01,2026-05-25
"[C] [LM - TESTE] [ABO]","AD - NURR","Conj - Vm",engaged,inactive,ad,1.30663507,2757,0.36452666,,166.19,55,38,3.02163636,,60.27928908,"Compras no site",55.39666667,11,0.05454545,3,5.2917143,"Valor de conversão da compra no site",879.43,2026-01-01,2026-05-25
"[C] [JEJOOM] [CBO]","AD - MORGANA","[CAMPANHA AQUISIÇÃO]",existing,inactive,ad,1.29149036,2747,0.22570076,,57.83545257,36,20,1.60654035,,21.05404171,,,2,0,,,,,2026-01-01,2026-05-25
"[C] [LM - PRINCIPAL][EX. BASE] [ADV. +] [CBO]","AD3 - DANI","[AQUISIÇÃO]  [ADV. +]",existing,inactive,ad,1.47567568,2730,0,,45.06,25,17,1.8024,,16.50549451,,,1,0,,,,,2026-01-01,2026-05-25
"[C] [LM - TESTE] [ABO]","AD - ANA MOFU — Cópia","teste aquisição ate dia 15  - Lm",prospecting,inactive,ad,1.28001876,2729,0.14254306,,38.43,15,11,2.562,,14.08208135,,,,0,,,,,2026-01-01,2026-05-25
"[C] [JEJOOM] [CBO]","AD2- LARI 13-02-2025","[CAMPANHA AQUISIÇÃO]",prospecting,inactive,ad,1.4690027,2725,0.23816514,,58.67,15,3,3.91133333,,21.53027523,"Compras no site",58.67,5,0.06666667,1,2.88085904,"Valor de conversão da compra no site",169.02,2026-01-01,2026-05-25
"[C] [LM - TESTE] [ABO]","ADS 2- SABRINA","Influ Sabrina - Tons",prospecting,inactive,ad,1.23894209,2717,0.23003312,,88.75,30,21,2.95833333,,32.66470372,,,,0,,,,,2026-01-01,2026-05-25
"[C] [LM - TESTE] [ABO]","ADS 1","Influ Sabrina - Vm [Teste até 13-03]",prospecting,archived,ad,1.1096563,2712,0.23783186,,91.02,30,26,3.034,,33.5619469,"Compras no site",91.02,4,0.03333333,1,2.96780927,"Valor de conversão da compra no site",270.13,2026-01-01,2026-05-25
"[C] [LM - TESTE] [ABO]",AD1,"Influ Paula Bigode - Vm",existing,archived,ad,1.31650485,2712,0.26438053,,141.78,68,62,2.085,,52.27876106,"Compras no site",35.445,12,0.05882353,4,4.96064325,"Valor de conversão da compra no site",703.32,2026-01-01,2026-05-25
"[C] [LM - PRINCIPAL][EX. BASE] [ADV. +] [CBO]","AD - EVELYN","[AQUISIÇÃO]  [ADV. +]",prospecting,inactive,ad,1.20703473,2711,0.16931022,,68.84378847,27,19,2.54976994,,25.39424141,,,1,0,,,,,2026-01-01,2026-05-25
"[C] [TONS] [PB DR]","ADS - ORGANICO","[PUBLICO ENG.] [DR]",prospecting,archived,ad,1.3454455,2703,0,,66.73,17,9,3.92529412,,24.68738439,"Compras no site",66.73,6,0.05882353,1,4.6731605,"Valor de conversão da compra no site",311.84,2026-01-01,2026-05-25
"[C] [LM - TESTE] [ABO]","ADS 1","Influ Raiza",existing,archived,ad,1.95513748,2702,0.14359734,,76.46601408,29,17,2.63675911,,28.29978315,"Compras no site",76.46601408,1,0.03448276,1,1.38322889,"Valor de conversão da compra no site",105.77,2026-01-01,2026-05-25
"[C] [LM - RMKT] [ADV. ABO]","AD - MOFU ANA ELISA — Cópia","[RMKT LARANJA MORO-REATIVAÇÃO BASE QUENTE]",prospecting,inactive,ad,1.24491682,2694,0.28990349,,177.36,47,37,3.77361702,,65.83518931,"Compras no site",88.68,3,0.04255319,2,2.11524583,"Valor de conversão da compra no site",375.16,2026-01-01,2026-05-25
"[C] [LM - TESTE] [ABO]","ADS 2","Influ Nutri- Lm",existing,not_delivering,ad,1.36460446,2691,0.28056485,,39.59,76,41,0.52092105,,14.71200297,"Compras no site",39.59,,0.01315789,1,6.01970194,"Valor de conversão da compra no site",238.32,2026-01-01,2026-05-25
"[C] [LM - TESTE] [ABO]",AD2,"Nutri - Tons [Teste até 13-03]",prospecting,inactive,ad,1.27156398,2683,0.32053671,,103.15,51,41,2.02254902,,38.44576966,"Compras no site",103.15,4,0.01960784,1,1.21396025,"Valor de conversão da compra no site",125.22,2026-01-01,2026-05-25
"[C] [TONS] [PB DR]","AD - TOFU DRIELLY 17-05","[PUBLICO ENG.] [DR]",engaged,active,ad,1.48415787,2670,0.39363296,,86.66165902,58,46,1.49416653,,32.45755019,"Compras no site",28.88721967,3,0.05172414,3,5.95465176,"Valor de conversão da compra no site",516.04,2026-01-01,2026-05-25
"[C] [LM - TESTE] [ABO]",ADS7,"Influ Morgana - Jejoom",prospecting,inactive,ad,1.25887364,2660,0.23345865,,103.57,35,34,2.95914286,,38.93609023,"Compras no site",103.57,3,0.02857143,1,1.52862798,"Valor de conversão da compra no site",158.32,2026-01-01,2026-05-25
"[C] [LM - TESTE] [ABO]",AD3,"Influ Rachel - Kit",existing,not_delivering,ad,1.30811078,2645,0.30850662,,117.77,37,28,3.18297297,,44.52551985,"Compras no site",117.77,5,0.02702703,1,1.86142481,"Valor de conversão da compra no site",219.22,2026-01-01,2026-05-25
"[C] [LM - TESTE] [ABO]","AD - RMK  EVELYN 18-05 PERFIL DENA",EVELIN,prospecting,active,ad,1.15935031,2641,0,,42.50442131,21,12,2.02402006,,16.09406335,"Compras no site",42.50442131,2,0.04761905,1,3.88171383,"Valor de conversão da compra no site",164.99,2026-01-01,2026-05-25
"[C] [JEJOOM] [CBO]","AD - NIVER","[CAMPANHA AQUISIÇÃO]",existing,inactive,ad,1.73031496,2637,0,,66.85547103,40,36,1.67138678,,25.35285212,"Compras no site",33.42773551,8,0.05,2,3.93281202,"Valor de conversão da compra no site",262.93,2026-01-01,2026-05-25
"[C] [LM - TESTE] [ABO]","AD -  EVELYN",EVELIN,existing,active,ad,1.11626917,2621,0.17703167,,69.97278921,28,21,2.49902819,,26.69698176,,,2,0,,,,,2026-01-01,2026-05-25
"[C] [LM - TESTE] [ABO]","AD1 - 07/12 — Cópia","Influ Larissa Lemos - Lm",existing,archived,ad,1.41743368,2618,0.18067227,,62.24,29,21,2.1462069,,23.77387319,"Compras no site",20.74666667,6,0.10344828,3,9.64893959,"Valor de conversão da compra no site",600.55,2026-01-01,2026-05-25
"[C] [LM - TESTE] [ABO]",AD1,"Influ Vitoria - Vm",prospecting,not_delivering,ad,1.14423077,2618,0.13177998,,47.42,20,13,2.371,,18.11306341,,,1,0,,,,,2026-01-01,2026-05-25
"[C] [LM - RMKT] [ADV. ABO]","AD - RMKT — Cópia","[RMKT LARANJA MORO-REATIVAÇÃO BASE QUENTE]",engaged,inactive,ad,1.48465909,2613,0.00267891,,75.35431562,26,22,2.89824291,,28.83823789,"Compras no site",75.35431562,3,0.03846154,1,2.34518751,"Valor de conversão da compra no site",176.72,2026-01-01,2026-05-25
"[C] [LM - TESTE] [ABO]","ad - 2","Conj - Melato",prospecting,not_delivering,ad,1.35688312,2612,0.26071975,,42.26,15,9,2.81733333,,16.17917305,"Compras no site",42.26,1,0.06666667,1,2.51467108,"Valor de conversão da compra no site",106.27,2026-01-01,2026-05-25
"[C] [LM - TESTE] [ABO]","AD - MOFU ANA ELISA — Cópia — Cópia","[TESTE PB FECHADO ANA ELISA]",prospecting,active,ad,1.10419314,2607,0.20444956,,39.35831814,22,13,1.78901446,,15.09716845,,,,0,,,,,2026-01-01,2026-05-25
"[C] [LM - TESTE] [ABO]",AD3,"Influ Dani Arte - Lm",prospecting,not_delivering,ad,1.38725228,2590,0,,44.72,15,13,2.98133333,,17.26640927,,,,0,,,,,2026-01-01,2026-05-25
"[C] [LM - PRINCIPAL][EX. BASE] [ADV. +] [CBO]","AD - BOFU 2","[EXCLUSÃO BASE] [ADV. +]",engaged,inactive,ad,1.20644559,2583,0.00116144,,36.64534671,12,11,3.05377889,,14.1871261,"Compras no site",36.64534671,2,0.08333333,1,16.80431638,"Valor de conversão da compra no site",615.8,2026-01-01,2026-05-25
"[C] [LM - TESTE] [ABO]","AD4 — Cópia","[TOFU] [TIK + ORG ] [ABERTO]",existing,inactive,ad,1.26148583,2581,0,,56.3,8,5,7.0375,,21.81325068,,,2,0,,,,,2026-01-01,2026-05-25
"[C] [LM - RMKT] [ADV. ABO]","AD - TAINA","[RMKT LARANJA MORO-REATIVAÇÃO BASE QUENTE]",existing,inactive,ad,1.22243346,2572,0.18584759,,104.86081039,47,29,2.23108107,,40.77014401,"Compras no site",104.86081039,4,0.0212766,1,2.80066499,"Valor de conversão da compra no site",293.68,2026-01-01,2026-05-25
"[C] [LM - TESTE] [ABO]","ADS 1 - MARITZA — Cópia","Influ Maritza 0",engaged,archived,ad,1.49795202,2560,0.28984375,,34.29,67,51,0.51179104,,13.39453125,"Compras no site",34.29,3,0.01492537,1,8.06765821,"Valor de conversão da compra no site",276.64,2026-01-01,2026-05-25
"[C] [LM - RMKT] [ADV. ABO]","ADS - DUDA","[RMKT LARANJA MORO-REATIVAÇÃO BASE QUENTE]",existing,inactive,ad,2.1558551,2559,0.4650254,,69.57,458,238,0.15189956,,27.18640094,"Compras no site",34.785,4,0.00436681,2,5.61204542,"Valor de conversão da compra no site",390.43,2026-01-01,2026-05-25
"[C] [LM - TESTE] [ABO]","AD1 — Cópia","[TOFU] [TIK + ORG ] [ABERTO]",existing,inactive,ad,1.2291767,2553,0,,74.65,14,7,5.33214286,,29.24010967,"Compras no site",74.65,2,0.07142857,1,4.12458138,"Valor de conversão da compra no site",307.9,2026-01-01,2026-05-25
"[C] [LM - TESTE] [ABO]","ADS 1","Influ Leka - LM TESTE TRAVA DE CPA",existing,archived,ad,1.24535679,2548,0.37087912,,77.48393609,38,30,2.03905095,,30.40970804,"Compras no site",77.48393609,4,0.02631579,1,1.1983129,"Valor de conversão da compra no site",92.85,2026-01-01,2026-05-25
"[C] [LM - TESTE] [ABO]",ADS3,"Influ Sabrina - Vm [Teste até 13-03]",prospecting,archived,ad,1.08939264,2547,0.23792697,,102.94,57,52,1.80596491,,40.41617589,,,6,0,,,,,2026-01-01,2026-05-25
"[C] [LM - TESTE] [ABO]","ADS - LARI 3","Influ Lari - Jejoom",prospecting,not_delivering,ad,1.16965517,2544,0.19811321,,84.80652659,12,9,7.06721055,,33.33589882,"Compras no site",84.80652659,2,0.08333333,1,2.82761256,"Valor de conversão da compra no site",239.8,2026-01-01,2026-05-25
"[C] [LM - TESTE] [ABO]","AD - MOFU","[TOFU] [TIK TOK] [EXCLUSAÕ BASE] [BID 60] - TESTE ATÉ 20-05",engaged,inactive,ad,1.22822384,2524,0.38470681,,26.13041203,18,8,1.45168956,,10.35277814,,,1,0,,,,,2026-01-01,2026-05-25
"[C] [LM - TESTE] [ABO]","ADS 4","Influ Leka - LM TESTE TRAVA DE CPA",existing,archived,ad,1.1889313,2492,0.38362761,,53.79,22,7,2.445,,21.58507223,,,6,0,,,,,2026-01-01,2026-05-25
"[C] [JEJOOM] [CBO]","AD2- LARI 13-02-2025","[CAMPANHA AQUISIÇÃO]",existing,inactive,ad,1.71715076,2483,0.22956101,,54.61,36,1,1.51694444,,21.99355618,,,1,0,,,,,2026-01-01,2026-05-25
"[C] [LM - TESTE] [ABO]",AD1,"Influ Ingrid - Vm",engaged,archived,ad,1.33477089,2476,0.31946688,,62.26,53,48,1.17471698,,25.1453958,,,7,0,,,,,2026-01-01,2026-05-25
"[C] [LM - TESTE] [ABO]","AD - MOFU — Cópia","Lm Perfil Novo",prospecting,not_delivering,ad,1.94649882,2474,0.77485853,,25.72,861,349,0.02987224,,10.39611964,,,,0,,,,,2026-01-01,2026-05-25
"[C] [LM - TESTE] [ABO]","AD - MOFU ate 14-05 — Cópia","[TOFU] [TIK + ORG ] [ABERTO]",engaged,inactive,ad,1.17080153,2454,0.400978,,88.89353329,68,42,1.30725784,,36.2239337,"Compras no site",88.89353329,5,0.01470588,1,1.01177214,"Valor de conversão da compra no site",89.94,2026-01-01,2026-05-25
"[C] [LM - PRINCIPAL][EX. BASE] [ADV. +] [CBO]","AD - JADE TOFU — Cópia","[EXCLUSÃO BASE] [ADV. +]",engaged,inactive,ad,1.44007051,2451,0.16891065,,64.63774373,40,33,1.61594359,,26.37198846,,,5,0,,,,,2026-01-01,2026-05-25
"[C] [LM - PRINCIPAL][EX. BASE] [ADV. +] [CBO]","ADS - MES CONSUMIDOR 3","[AQUISIÇÃO]  [ADV. +]",engaged,inactive,ad,1.4213581,2449,0.00285831,,67.99,22,20,3.09045455,,27.76235198,"Compras no site",33.995,5,0.09090909,2,2.52419473,"Valor de conversão da compra no site",171.62,2026-01-01,2026-05-25
"[C] [LM - TESTE] [ABO]","ADS 4","Varias Influs - VM",engaged,not_delivering,ad,1.35535813,2441,0.40188447,,111.15,125,80,0.8892,,45.53461696,,,2,0,,,,,2026-01-01,2026-05-25
"[C] [TONS] [PB DR]",tons_dr-ursinho_video-reels_10-07-2025_mais-qual-usar,"LP NOVA",existing,inactive,ad,1.3779661,2439,0.28659287,,88.18,179,96,0.4926257,,36.15416154,"Compras no site",29.39333333,10,0.01675978,3,8.18371513,"Valor de conversão da compra no site",721.64,2026-01-01,2026-05-25
"[C] [LM - RMKT] [ADV. ABO]","AD - MOFU ISA NOGUEIRA  REFAÇÃO 17-05","[RMKT LARANJA MORO-REATIVAÇÃO BASE QUENTE]",existing,inactive,ad,1.17316017,2439,0.26937269,,99.78,67,43,1.48925373,,40.9102091,"Compras no site",99.78,1,0.01492537,1,1.66686711,"Valor de conversão da compra no site",166.32,2026-01-01,2026-05-25
"[C] [LM - RMKT] [ADV. ABO]","laranja-moro_mi-ruback_02-07-2025_junto-com-cafe — Cópia — Cópia","[RMKT LARANJA MORO-REATIVAÇÃO BASE QUENTE]",existing,inactive,ad,1.3540856,2436,0.23522167,,83.36,88,63,0.94727273,,34.22003284,"Compras no site",83.36,1,0.01136364,1,2.15714971,"Valor de conversão da compra no site",179.82,2026-01-01,2026-05-25
"[C] [LM - PRINCIPAL][EX. BASE] [ADV. +] [CBO]","V - LUCIANA MOFU LP OLD","[EXCLUSÃO BASE] [ADV. +]",engaged,active,ad,1.19694732,2431,0.2336487,,73.28339924,56,48,1.30863213,,30.14537196,"Compras no site",10.46905703,5,0.125,7,16.65998047,"Valor de conversão da compra no site",1220.9,2026-01-01,2026-05-25
"[C] [LM - PRINCIPAL][EX. BASE] [ADV. +] [CBO]","AD - JADE TOFU 19-05 BM JADE + DENA","[EXCLUSÃO BASE] [ADV. +]",existing,active,ad,1.40416908,2425,0.15381443,,30.46767125,54,40,0.56421613,,12.56398815,,,1,0,,,,,2026-01-01,2026-05-25
"[C] [LM - PRINCIPAL][EX. BASE] [ADV. +] [CBO]","AD1 — Cópia","LP 2 - TONS",engaged,archived,ad,1.21321321,2424,0,,53.37,20,17,2.6685,,22.01732673,,,2,0,,,,,2026-01-01,2026-05-25
"[C] [LM - TESTE] [ABO]",AD1,"Influ Raiza - Lm",engaged,not_delivering,ad,1.86511628,2406,0.08561929,,59.76736841,25,15,2.39069474,,24.84096775,"Compras no site",59.76736841,3,0.04,1,1.73137956,"Valor de conversão da compra no site",103.48,2026-01-01,2026-05-25
"[C] [LM - TESTE] [ABO]","ADS 3 — Cópia","Influ Evelyn - Vm",engaged,not_delivering,ad,1.11554524,2404,0.36772047,,52.73,41,29,1.28609756,,21.93427621,,,2,0,,,,,2026-01-01,2026-05-25
"[C] [VARIOS PRODUTO] [ABO] [BID]","AD - TOFU","[VINAGRE] [RMKT]",prospecting,active,ad,1.29880694,2395,0.14906054,,72.8402569,31,21,2.34968571,,30.41346843,"Compras no site",72.8402569,3,0.03225806,1,1.49052193,"Valor de conversão da compra no site",108.57,2026-01-01,2026-05-25
"[C] [JEJOOM] [CBO]","AD - MORGANA TOFU",[RMK],existing,inactive,ad,1.51680406,2392,0.23871237,,60.36139967,70,45,0.86230571,,25.23469886,"Compras no site",15.09034992,9,0.05714286,4,23.16149075,"Valor de conversão da compra no site",1398.06,2026-01-01,2026-05-25
"[C] [LM - TESTE] [ABO]","AD - RMK ANA ELISA NIVER 3 — Cópia","[TESTE PB FECHADO ANA ELISA]",engaged,active,ad,1.48662103,2389,0.15236501,,52.44680061,20,18,2.62234003,,21.95345358,"Compras no site",26.22340031,4,0.1,2,4.87903927,"Valor de conversão da compra no site",255.89,2026-01-01,2026-05-25
"[C] [LM - PRINCIPAL][EX. BASE] [ADV. +] [CBO]","AD - LEMOS MOFU","[EXCLUSÃO BASE] [ADV. +]",existing,inactive,ad,1.25914149,2376,0.23316498,,53.84957723,15,8,3.58997182,,22.66396348,,,2,0,,,,,2026-01-01,2026-05-25
"[C] [LM - TESTE] [ABO]","AD - BOFU — Cópia — Cópia — Cópia","[BM JADE]",engaged,inactive,ad,1.19848485,2373,0.08849558,,36.21,11,7,3.29181818,,15.25916561,,,2,0,,,,,2026-01-01,2026-05-25
"[C] [JEJOOM] [CBO]","AD - TACI 2",[RMK],prospecting,active,ad,1.04517272,2360,0.12118644,,26.71,5,2,5.342,,11.31779661,,,,0,,,,,2026-01-01,2026-05-25
"[C] [LM - TESTE] [ABO]","ADS1 - 18-02 — Cópia","Carrossel - Lm",engaged,inactive,ad,1.47069825,2359,0,,42.08208725,37,22,1.13735371,,17.83895178,,,,0,,,,,2026-01-01,2026-05-25
"[C] [LM - TESTE] [ABO]",AD2,"Influ Adeli - Lm",existing,inactive,ad,1.40716418,2357,0.10818838,,41.76,15,1,2.784,,17.71743742,,,1,0,,,,,2026-01-01,2026-05-25
"[C] [LM - TESTE] [ABO]","AD - MOFU","[TOFU] [TIK TOK] [EXCLUSAÕ BASE] [BID 60] - TESTE ATÉ 20-05",existing,inactive,ad,1.28822882,2342,0.38172502,,32.05823695,9,5,3.56202633,,13.68840177,,,1,0,,,,,2026-01-01,2026-05-25
"[C] [LM - TESTE] [ABO]","ADS3- 18-02","Arte Org - Digestino",prospecting,not_delivering,ad,1.16525635,2341,0,,47.24,27,23,1.74962963,,20.17941051,,,4,0,,,,,2026-01-01,2026-05-25
"[C] [JEJOOM] [CBO]","AD - RMKT",[RMK],prospecting,inactive,ad,1.22041885,2331,0,,24.34,13,9,1.87230769,,10.44187044,,,,0,,,,,2026-01-01,2026-05-25
"[C] [LM - RMKT] [ADV. ABO]","AD - BOFU 2","[RMKT LARANJA MORO-REATIVAÇÃO BASE QUENTE]",engaged,inactive,ad,1.26467391,2327,0.00042974,,66.30850925,21,14,3.15754806,,28.49527686,"Compras no site",33.15425463,6,0.0952381,2,7.06953007,"Valor de conversão da compra no site",468.77,2026-01-01,2026-05-25
"[C] [JEJOOM] [CBO]","AD - RMKT",[RMK],existing,inactive,ad,1.66618911,2326,0,,32.14,19,5,1.69157895,,13.81771281,,,1,0,,,,,2026-01-01,2026-05-25
"[C] [LM - TESTE] [ABO]","AD1 - 07/12 — Cópia","Influ Larissa Lemos - Lm",engaged,archived,ad,1.49421594,2325,0.23741935,,49.64,42,34,1.18190476,,21.35053763,,,9,0,,,,,2026-01-01,2026-05-25
"[C] [TONS] [PB DR]","AD1 - VERAO — Cópia","LP NOVA",existing,inactive,ad,1.68432511,2321,0,,60.41372365,13,8,4.64720951,,26.02917865,,,1,0,,,,,2026-01-01,2026-05-25
"[C] [LM - TESTE] [ABO]","AD - MOFU ANA ELISA — Cópia","[TESTE PB FECHADO ANA ELISA]",existing,active,ad,1.38682635,2316,0.1619171,,90.78494445,72,40,1.26090201,,39.1990261,"Compras no site",90.78494445,4,0.01388889,1,2.35986265,"Valor de conversão da compra no site",214.24,2026-01-01,2026-05-25
"[C] [LM - PRINCIPAL][EX. BASE] [ADV. +] [CBO]","AD3 - DANI","[AQUISIÇÃO]  [ADV. +]",engaged,inactive,ad,1.44014963,2310,0,,31.43,20,18,1.5715,,13.60606061,,,,0,,,,,2026-01-01,2026-05-25
"[C] [LM - PRINCIPAL][EX. BASE] [ADV. +] [CBO]","ADS - ANA ELISA 2","LP - ATUAL",existing,archived,ad,1.50032489,2309,0.08142053,,49.13,12,7,4.09416667,,21.27760935,,,3,0,,,,,2026-01-01,2026-05-25
"[C] [LM - TESTE] [ABO]","AD - NIVER 4","[HIBRIDO] [ESTATICO ORG.] [BID 60]",engaged,inactive,ad,1.46912794,2308,0.00043328,,28.17740384,24,15,1.17405849,,12.20858052,,,,0,,,,,2026-01-01,2026-05-25
"[C] [LM - TESTE] [ABO]","AD - MOFU ate 14-05","[TOFU] [TIK TOK] [EXCLUSAÕ BASE] [BID 60] - TESTE ATÉ 20-05",existing,not_delivering,ad,1.30965909,2305,0.33058568,,51.75,27,16,1.91666667,,22.45119306,"Compras no site",51.75,2,0.03703704,1,2.07285024,"Valor de conversão da compra no site",107.27,2026-01-01,2026-05-25
"[C] [LM - TESTE] [ABO]",ad,suldes,engaged,not_delivering,ad,1.53841015,2303,0,,61.97,39,23,1.58897436,,26.90838037,,,,0,,,,,2026-01-01,2026-05-25
"[C] [LM - TESTE] [ABO]","ADS 3","Evelyn Regly - LM",prospecting,not_delivering,ad,1.29909707,2302,0.2141616,,61.58574601,17,15,3.62269094,,26.7531477,,,7,0,,,,,2026-01-01,2026-05-25
"[C] [LM - TESTE] [ABO]",AD2,"Influ Dani - Vm",prospecting,not_delivering,ad,1.24809989,2299,0.08655937,,19.37,12,8,1.61416667,,8.42540235,,,,0,,,,,2026-01-01,2026-05-25
"[C] [LM - TESTE] [ABO]","ADS 1","Influ Raiza 2",existing,not_delivering,ad,1.43644333,2294,0.26416739,,59.88,29,18,2.06482759,,26.10287707,"Compras no site",59.88,2,0.03448276,1,1.56830327,"Valor de conversão da compra no site",93.91,2026-01-01,2026-05-25
"[C] [LM - RMKT] [ADV. ABO]","AD - LUCIANA MOFU — Cópia","[RMKT PB FECHADO]",engaged,inactive,ad,1.26228603,2286,0.17410324,,82.67,38,3,2.17552632,,36.16360455,,,1,0,,,,,2026-01-01,2026-05-25
"[C] [VARIOS PRODUTO] [ABO] [BID]","AD - TOFU","[VINAGRE] [RMKT]",engaged,active,ad,1.42446941,2282,0.30762489,,58.80864929,216,181,0.27226227,,25.77066139,"Compras no site",29.40432464,7,0.00925926,2,5.01082755,"Valor de conversão da compra no site",294.68,2026-01-01,2026-05-25
"[C] [LM - PRINCIPAL][EX. BASE] [ADV. +] [CBO]","ADS - MES CONSUMIDOR 2","[AQUISIÇÃO]  [ADV. +]",existing,inactive,ad,1.19035134,2270,0.00220264,,64.39348376,10,8,6.43934838,,28.36717346,,,4,0,,,,,2026-01-01,2026-05-25
"[C] [LM - TESTE] [ABO]",AD2,"Influ Vitoria - Vm",existing,not_delivering,ad,1.33018311,2252,0.21136767,,105.75443043,39,24,2.71165206,,46.96022666,"Compras no site",52.87721522,4,0.05128205,2,3.1553288,"Valor de conversão da compra no site",333.69,2026-01-01,2026-05-25
"[C] [TONS] [PB DR]","ADS - MEIO 13-02-2026","LP NOVA",engaged,not_delivering,ad,1.05735778,2249,0.33259226,,77.64,48,6,1.6175,,34.52200978,,,2,0,,,,,2026-01-01,2026-05-25
"[C] [LM - TESTE] [ABO]","ADS2- Q10","Conj. - Q10",engaged,not_delivering,ad,1.53065395,2247,0,,29.72,24,16,1.23833333,,13.22652425,"Compras no site",29.72,4,0.04166667,1,5.1090175,"Valor de conversão da compra no site",151.84,2026-01-01,2026-05-25
"[C] [TONS] [PB DR]",tons_dr-ursinho_video-reels_10-07-2025_mais-qual-usar,"LP NOVA",engaged,inactive,ad,1.48639681,2240,0.25223214,,102.24,122,77,0.83803279,,45.64285714,"Compras no site",102.24,9,0.00819672,1,1.78794992,"Valor de conversão da compra no site",182.8,2026-01-01,2026-05-25
"[C] [LM - TESTE] [ABO]",AD3,"Influ Vitoria - Lm",existing,inactive,ad,1.55138889,2234,0.21217547,,38.23,46,22,0.83108696,,17.11280215,,,2,0,,,,,2026-01-01,2026-05-25
"[C] [LM - TESTE] [ABO]","AD - MOFU ANA ELISA — Cópia","[TESTE PB FECHADO ANA ELISA]",prospecting,active,ad,1.1143001,2213,0.16538635,,50.31120479,18,13,2.79506693,,22.73438987,,,1,0,,,,,2026-01-01,2026-05-25
"[C] [LM - PRINCIPAL][EX. BASE] [ADV. +] [CBO]","AD - TOFU","[AQUISIÇÃO]  [ADV. +]",prospecting,inactive,ad,1.13326499,2211,0.1727725,,39.46,21,11,1.87904762,,17.847128,,,2,0,,,,,2026-01-01,2026-05-25
"[C] [LM - TESTE] [ABO]",AD2,"Influ Marcela Jacaré - Vm",prospecting,archived,ad,1.13807316,2209,0.23449525,,97.13,32,20,3.0353125,,43.97012223,"Compras no site",97.13,2,0.03125,1,1.77473489,"Valor de conversão da compra no site",172.38,2026-01-01,2026-05-25
"[C] [LM - TESTE] [ABO]","ad - 1","Conj - Melato",existing,not_delivering,ad,1.44429882,2204,0.24364791,,49.14,5,4,9.828,,22.29582577,,,1,0,,,,,2026-01-01,2026-05-25
"[C] [LM - PRINCIPAL][EX. BASE] [ADV. +] [CBO]","AD - JADE TOFU — Cópia — Cópia","[AQUISIÇÃO]  [ADV. +]",existing,inactive,ad,1.14882507,2200,0.30318182,,61.25084576,15,13,4.08338972,,27.84129353,"Compras no site",61.25084576,1,0.06666667,1,8.31759943,"Valor de conversão da compra no site",509.46,2026-01-01,2026-05-25
"[C] [VARIOS PRODUTO] [ABO] [BID]","AD - RMKT","[COENZIMA] [RMKT]",existing,inactive,ad,1.2374789,2199,0,,56.93,17,11,3.34882353,,25.88904047,,,1,0,,,,,2026-01-01,2026-05-25
"[C] [LM - TESTE] [ABO]",AD3,"[BOFU] [ADV+ ABERTO] [ESTATICO]",existing,inactive,ad,1.51386963,2183,0.09482364,,25.42703336,27,11,0.94174198,,11.64774776,,,,0,,,,,2026-01-01,2026-05-25
"[C] [LM - TESTE] [ABO]","AD - DANI TOFU — Cópia","teste aquisição ate dia 15  - Lm",engaged,inactive,ad,1.26318841,2179,0.08398348,,43.9,22,19,1.99545455,,20.14685636,"Compras no site",43.9,2,0.04545455,1,3.78861048,"Valor de conversão da compra no site",166.32,2026-01-01,2026-05-25
"[C] [LM - RMKT] [ADV. ABO]","ADS 1 — Cópia","[RMKT LARANJA MORO-REATIVAÇÃO BASE QUENTE]",existing,not_delivering,ad,1.17589577,2166,0.31394275,,113.03163988,66,40,1.7126006,,52.18450595,"Compras no site",113.03163988,3,0.01515152,1,3.21635606,"Valor de conversão da compra no site",363.55,2026-01-01,2026-05-25
"[C] [LM - TESTE] [ABO]","AD - RAIZA MOFU — Cópia","Conj - Vm",engaged,inactive,ad,1.54279601,2163,0.18908923,,106.43059485,48,40,2.21730406,,49.20508315,"Compras no site",106.43059485,7,0.02083333,1,1.86581688,"Valor de conversão da compra no site",198.58,2026-01-01,2026-05-25
"[C] [LM - TESTE] [ABO]","AD - ORG","Conj - Vm",engaged,inactive,ad,1.79882649,2146,0,,56.18,23,17,2.4426087,,26.17893756,,,2,0,,,,,2026-01-01,2026-05-25
"[C] [LM - RMKT] [ADV. ABO]","ADS - DUDA","[RMKT LARANJA MORO-REATIVAÇÃO BASE QUENTE]",engaged,inactive,ad,1.65559846,2144,0.36427239,,60.41,205,114,0.29468293,,28.17630597,"Compras no site",60.41,5,0.00487805,1,2.78629366,"Valor de conversão da compra no site",168.32,2026-01-01,2026-05-25
"[C] [LM - PRINCIPAL][EX. BASE] [ADV. +] [CBO]","V - EVELYN TOFU LP OLD","[EXCLUSÃO BASE] [ADV. +]",existing,active,ad,1.10880829,2140,0.26588785,,38.88158123,39,1,0.99696362,,18.16896319,"Compras no site",19.44079061,4,0.05128205,2,7.85744793,"Valor de conversão da compra no site",305.51,2026-01-01,2026-05-25
"[C] [LM - RMKT] [ADV. ABO]","AD - NIVER 2","[RMKT LARANJA MORO-REATIVAÇÃO BASE QUENTE]",engaged,not_delivering,ad,1.4180602,2120,0,,62.4,21,14,2.97142857,,29.43396226,"Compras no site",62.4,5,0.04761905,1,1.43461538,"Valor de conversão da compra no site",89.52,2026-01-01,2026-05-25
"[C] [TONS] [PB DR]","ADS - 2025","[PUBLICO ENG.] [DR]",existing,archived,ad,1.18004459,2117,0.35569202,,85.46,31,23,2.75677419,,40.36844591,"Compras no site",28.48666667,6,0.09677419,3,11.47168266,"Valor de conversão da compra no site",980.37,2026-01-01,2026-05-25
"[C] [LM - TESTE] [ABO]","ADS 4 - SABRINA","Influ Sabrina 2 - Lm",prospecting,archived,ad,1.21387615,2117,0.16343883,,48.73,19,14,2.56473684,,23.0184223,,,,0,,,,,2026-01-01,2026-05-25
"[C] [LM - TESTE] [ABO]","ADS 3","Evelyn Regly BM - LM",engaged,inactive,ad,1.78565401,2116,0.13327032,,27.51,18,15,1.52833333,,13.00094518,,,3,0,,,,,2026-01-01,2026-05-25
"[C] [LM - PRINCIPAL][EX. BASE] [ADV. +] [CBO]","AD - EVELYN",[EVELIN],engaged,inactive,ad,1.17420436,2103,0.15929624,,36.61,12,12,3.05083333,,17.4084641,,,,0,,,,,2026-01-01,2026-05-25
"[C] [LM - RMKT] [ADV. ABO]","AD - LUCIANA MOFU — Cópia","[RMKT LARANJA MORO-REATIVAÇÃO BASE QUENTE]",existing,inactive,ad,1.16057586,2096,0.1846374,,144.5,49,34,2.94897959,,68.94083969,,,8,0,,,,,2026-01-01,2026-05-25
"[C] [LM - TESTE] [ABO]","AD - MARCELA TOFU — Cópia","[BM] [MARCELA/PRI]",engaged,inactive,ad,1.43169399,2096,0.19704198,,37.48743325,19,17,1.9730228,,17.88522579,,,0,0,,,,,2026-01-01,2026-05-25
"[C] [LM - TESTE] [ABO]","AD - EVELYN","Influ Evelyn BM -VM",engaged,not_delivering,ad,1.52777778,2090,0.18133971,,35.49263108,49,43,0.72433941,,16.98212013,,,3,0,,,,,2026-01-01,2026-05-25
"[C] [JEJOOM] [CBO]","ADS - MORGANA 2 24-12 — Cópia","[CAMPANHA AQUISIÇÃO]",engaged,inactive,ad,1.36393659,2065,0.24503632,,69.65327976,39,32,1.78598153,,33.73040182,,,8,0,,,,,2026-01-01,2026-05-25
"[C] [LM - TESTE] [ABO]",AD3,"Adeli - Lm e Vm",existing,not_delivering,ad,1.36327609,2064,0.2005814,,92.96,15,14,6.19733333,,45.03875969,"Compras no site",46.48,4,0.13333333,2,6.85950947,"Valor de conversão da compra no site",637.66,2026-01-01,2026-05-25
"[C] [JEJOOM] [CBO]","AD - MORGANA","[CAMPANHA AQUISIÇÃO]",prospecting,inactive,ad,1.22274882,2064,0.22189922,,29.38277013,12,9,2.44856418,,14.23583824,"Compras no site",29.38277013,1,0.08333333,1,11.93965029,"Valor de conversão da compra no site",350.82,2026-01-01,2026-05-25
"[C] [LM - RMKT] [ADV. ABO]","AD - JADE TOFU 19-05 BM JADE + DENA — Cópia — Cópia — Cópia","[RMKT LARANJA MORO-REATIVAÇÃO BASE QUENTE]",prospecting,inactive,ad,1.12052117,2064,0.12790698,,61.04,10,8,6.104,,29.57364341,,,,0,,,,,2026-01-01,2026-05-25
"[C] [JEJOOM] [CBO]","AD1 - LARI","[CAMPANHA AQUISIÇÃO]",existing,inactive,ad,1.47916667,2059,0.14618747,,42.68,20,19,2.134,,20.72850898,"Compras no site",21.34,14,0.1,2,18.28350515,"Valor de conversão da compra no site",780.34,2026-01-01,2026-05-25
"[C] [LM - TESTE] [ABO]",AD5,"[TOFU] [TIK TOK] [EXCLUSAÕ BASE] [BID 60] - TESTE ATÉ 20-05",existing,inactive,ad,1.58823529,2052,0.11647173,,22.74,25,9,0.9096,,11.08187135,,,1,0,,,,,2026-01-01,2026-05-25
"[C] [LM - TESTE] [ABO]","AD - RMK  EVELYN 18-05 PERFIL DENA","[TESTE PB FECHADO]",existing,active,ad,1.19136523,2042,0.00097943,,48.29,16,10,3.018125,,23.64838394,,,1,0,,,,,2026-01-01,2026-05-25
"[C] [LM - TESTE] [ABO]","ADS 1","Influ Mi Ruback - Lm",engaged,archived,ad,1.28025078,2042,0.31243879,,59.16,19,15,3.11368421,,28.97159647,,,2,0,,,,,2026-01-01,2026-05-25
"[C] [LM - RMKT] [ADV. ABO]","ADS - RAIZA VM","[RMKT LARANJA MORO-REATIVAÇÃO BASE QUENTE]",existing,inactive,ad,1.22905365,2039,0.16380579,,152.22,34,26,4.47705882,,74.65424228,"Compras no site",152.22,4,0.02941176,1,2.35343582,"Valor de conversão da compra no site",358.24,2026-01-01,2026-05-25
"[C] [LM - TESTE] [ABO]","AD - EVELYN","Influ Evelyn BM -VM",existing,not_delivering,ad,1.60094266,2038,0.218842,,38.4228483,46,40,0.83527931,,18.8532131,,,3,0,,,,,2026-01-01,2026-05-25
"[C] [LM - TESTE] [ABO]","AD1 - Flexivel","Influ Lari - Jejoom",existing,not_delivering,ad,1.34432718,2038,0.21442591,,50.28,21,18,2.39428571,,24.67124632,"Compras no site",50.28,3,0.04761905,1,3.81543357,"Valor de conversão da compra no site",191.84,2026-01-01,2026-05-25
"[C] [LM - RMKT] [ADV. ABO]","AD - LUCIANA MOFU — Cópia","[RMKT PB FECHADO]",existing,inactive,ad,1.22114804,2021,0.18258288,,87.59,52,1,1.68442308,,43.33993073,"Compras no site",87.59,3,0.01923077,1,2.13620276,"Valor de conversão da compra no site",187.11,2026-01-01,2026-05-25
"[C] [LM - TESTE] [ABO]","Criativo Versão 2 - Jade","Influ Jade",prospecting,archived,ad,1.05706806,2019,0.21842496,,59.14,25,18,2.3656,,29.29172858,"Compras no site",59.14,2,0.04,1,1.7805208,"Valor de conversão da compra no site",105.3,2026-01-01,2026-05-25
"[C] [LM - TESTE] [ABO]","Criativo 2 - Edição Curta","Influ Isa Nogueira - LM TESTE TRAVA DE CPA",engaged,archived,ad,1.32414698,2018,0.17542121,,41.3,31,24,1.33225806,,20.46580773,,,4,0,,,,,2026-01-01,2026-05-25
"[C] [LM - TESTE] [ABO]","ADS 3","Influ Ingrid - Lm",engaged,not_delivering,ad,1.57332293,2017,0.14080317,,20.84,25,17,0.8336,,10.3321765,"Compras no site",20.84,2,0.04,1,3.60604607,"Valor de conversão da compra no site",75.15,2026-01-01,2026-05-25
"[C] [LM - RMKT] [ADV. ABO]","AD - BOFU 1 — Cópia — Cópia — Cópia","[RMKT PB FECHADO]",existing,active,ad,1.26157697,2016,0,,35.8506452,9,9,3.98340502,,17.78305814,,,2,0,,,,,2026-01-01,2026-05-25
"[C] [LM - RMKT] [ADV. ABO]","AD - MOFU ISA NOGUEIRA  REFAÇÃO 17-05","[RMKT LARANJA MORO-REATIVAÇÃO BASE QUENTE]",engaged,inactive,ad,1.20443645,2009,0.2543554,,66.95,40,28,1.67375,,33.32503733,"Compras no site",66.95,2,0.025,1,3.30186706,"Valor de conversão da compra no site",221.06,2026-01-01,2026-05-25
"[C] [LM - TESTE] [ABO]","AD1 - 07/12","Influ Ana Elisa 2",engaged,archived,ad,1.64019851,1983,0.20726172,,61.89,23,19,2.69086957,,31.21028744,"Compras no site",61.89,3,0.04347826,1,1.41977702,"Valor de conversão da compra no site",87.87,2026-01-01,2026-05-25
"[C] [LM - TESTE] [ABO]","ADS2 - 18-02 — Cópia","Carrossel - Lm",engaged,inactive,ad,1.25874126,1980,0,,26.52834058,29,21,0.91477036,,13.39815181,,,,0,,,,,2026-01-01,2026-05-25
"[C] [LM - PRINCIPAL][EX. BASE] [ADV. +] [CBO]","Rmkt Dani 2 — Cópia","LP - TOPO LM",prospecting,archived,ad,1.25,1975,0,,38.91,17,18,2.28882353,,19.70126582,"Compras no site",38.91,5,0.05882353,1,4.57748651,"Valor de conversão da compra no site",178.11,2026-01-01,2026-05-25
"[C] [JEJOOM] [CBO]","AD - NIVER","[CAMPANHA AQUISIÇÃO]",prospecting,inactive,ad,1.45743893,1969,0,,38.89900162,9,6,4.32211129,,19.75571438,,,4,0,,,,,2026-01-01,2026-05-25
"[C] [VARIOS PRODUTO] [ABO] [BID]","ADS2- SABRINA","[COENZIMA] [RMKT]",existing,inactive,ad,1.40844063,1969,0.29101067,,149.18,35,17,4.26228571,,75.76434738,"Compras no site",149.18,2,0.02857143,1,2.17234214,"Valor de conversão da compra no site",324.07,2026-01-01,2026-05-25
"[C] [TONS] [PB DR]","AD- NIVER 6","TONS TESTE",engaged,not_delivering,ad,1.86363636,1968,0,,104.47746598,46,38,2.27124926,,53.08814328,,,5,0,,,,,2026-01-01,2026-05-25
"[C] [LM - TESTE] [ABO]","Criativo 2 - Edição Curta","Influ Isa Nogueira - LM TESTE TRAVA DE CPA",existing,archived,ad,1.30805057,1966,0.19532045,,53.12,34,20,1.56235294,,27.01932859,"Compras no site",53.12,3,0.02941176,1,4.12688253,"Valor de conversão da compra no site",219.22,2026-01-01,2026-05-25
"[C] [LM - TESTE] [ABO]","ADS 1","Influ Evelyn BM -VM",engaged,inactive,ad,1.66100255,1955,0.3140665,,33.71,31,20,1.08741935,,17.24296675,,,,0,,,,,2026-01-01,2026-05-25
"[C] [LM - RMKT] [ADV. ABO]","AD - MOFU EVELYN  REFAÇÃO 17-05","[RMKT LARANJA MORO-REATIVAÇÃO BASE QUENTE]",existing,active,ad,1.40909091,1953,0.515617,,73.69,211,153,0.34924171,,37.73169483,"Compras no site",24.56333333,4,0.01421801,3,9.01180622,"Valor de conversão da compra no site",664.08,2026-01-01,2026-05-25
"[C] [LM - TESTE] [ABO]","ADS 3- SABRINA","Influ Sabrina - Tons",engaged,not_delivering,ad,1.39885222,1950,0.2025641,,77.05,22,19,3.50227273,,39.51282051,"Compras no site",77.05,2,0.04545455,1,3.11226476,"Valor de conversão da compra no site",239.8,2026-01-01,2026-05-25
"[C] [LM - TESTE] [ABO]",ADS0,"Influ Mi Ruback - Lm",prospecting,archived,ad,1.45692884,1945,0.17120823,,33.42,10,7,3.342,,17.18251928,,,,0,,,,,2026-01-01,2026-05-25
"[C] [TONS] [PB DR]","AD - DR URSINHO 18-05","[PUBLICO ENG.] [DR]",existing,inactive,ad,1.09779536,1942,0.34037075,,94.71401717,29,18,3.26600059,,48.77137856,,,,0,,,,,2026-01-01,2026-05-25
"[C] [TONS] [PB DR]","tons2_rmkt_20-10-2025-pagdenavita — Cópia","LP NOVA",existing,inactive,ad,1.87221684,1934,0,,58.47,15,9,3.898,,30.23267839,,,2,0,,,,,2026-01-01,2026-05-25
"[C] [LM - TESTE] [ABO]",AD2,"Influ Dani Arte - Lm",prospecting,not_delivering,ad,1.51213782,1931,0,,63.28,24,15,2.63666667,,32.77058519,,,4,0,,,,,2026-01-01,2026-05-25
"[C] [LM - TESTE] [ABO]","ADS - INFLU ANA ELISA","teste aquisição ate dia 15  - Lm",prospecting,inactive,ad,1.25524934,1913,0.16989022,,46.05,8,6,5.75625,,24.072138,"Compras no site",46.05,3,0.125,1,6.46905537,"Valor de conversão da compra no site",297.9,2026-01-01,2026-05-25
"[C] [LM - TESTE] [ABO]","ADS 2 - SABRINA","Influ Sabrina 2 - Lm",existing,archived,ad,1.27145709,1911,0.18001047,,52.47,28,11,1.87392857,,27.45682889,,,1,0,,,,,2026-01-01,2026-05-25
"[C] [LM - TESTE] [ABO]","AD - 6","[TOFU] [TIK TOK] [EXCLUSAÕ BASE] [BID 60] - TESTE ATÉ 20-05",engaged,not_delivering,ad,1.15636364,1908,0.25995807,,27.52,5,3,5.504,,14.42348008,,,,0,,,,,2026-01-01,2026-05-25
"[C] [LM - TESTE] [ABO]",AD3,"Influ Marcela Jacaré - Vm",prospecting,archived,ad,1.21210191,1903,0.1434577,,48.04670575,12,10,4.00389215,,25.2478748,,,,0,,,,,2026-01-01,2026-05-25
"[C] [LM - TESTE] [ABO]","AD -  EVELYN",EVELIN,engaged,active,ad,1.10110401,1895,0.21002639,,52.35208682,19,14,2.75537299,,27.62643104,"Compras no site",52.35208682,3,0.05263158,1,5.0265427,"Valor de conversão da compra no site",263.15,2026-01-01,2026-05-25
"[C] [JEJOOM] [CBO]","AD - MORGANA TOFU",[RMK],engaged,inactive,ad,1.48703849,1893,0.29635499,,25.2,73,52,0.34520548,,13.31220285,,,1,0,,,,,2026-01-01,2026-05-25
"[C] [LM - RMKT] [ADV. ABO]","AD - MOFU ISA NOGUEIRA  REFAÇÃO 17-05","[RMKT LARANJA MORO-REATIVAÇÃO BASE QUENTE]",prospecting,inactive,ad,1.17863835,1887,0.24960254,,75.7,28,23,2.70357143,,40.11658718,"Compras no site",75.7,2,0.03571429,1,2.83011889,"Valor de conversão da compra no site",214.24,2026-01-01,2026-05-25
"[C] [TONS] [PB DR]","AD - TOFU 2","TONS TESTE",engaged,not_delivering,ad,1.29861111,1870,0.21550802,,98.50286958,28,21,3.51795963,,52.67533133,"Compras no site",98.50286958,4,0.03571429,1,3.43045844,"Valor de conversão da compra no site",337.91,2026-01-01,2026-05-25
"[C] [LM - TESTE] [ABO]","AD - MOFU ate 14-05 — Cópia","[TOFU] [TIK + ORG ] [ABERTO]",engaged,active,ad,1.28551724,1864,0.31330472,,37.55462193,41,24,0.91596639,,20.14732936,"Compras no site",37.55462193,3,0.02439024,1,4.43167822,"Valor de conversão da compra no site",166.43,2026-01-01,2026-05-25
"[C] [LM - PRINCIPAL][EX. BASE] [ADV. +] [CBO]","AD - BOFU 3","[EXCLUSÃO BASE] [ADV. +]",engaged,inactive,ad,1.20517799,1862,0,,20.57947331,7,7,2.93992476,,11.05234871,,,1,0,,,,,2026-01-01,2026-05-25
"[C] [LM - PRINCIPAL][EX. BASE] [ADV. +] [CBO]","tons_dr-ursinho-melasma2-13-10-2025 — Cópia","LP 1 - TOPO TONS",prospecting,archived,ad,1.16970459,1861,0.29070392,,93.18,17,14,5.48117647,,50.06985492,,,2,0,,,,,2026-01-01,2026-05-25
"[C] [LM - TESTE] [ABO]","ADS - TOFU — Cópia","teste aquisição ate dia 15  - Lm",existing,not_delivering,ad,1.53042763,1861,0.14669533,,36.92495316,16,9,2.30780957,,19.8414579,"Compras no site",18.46247658,3,0.125,2,7.42397692,"Valor de conversão da compra no site",274.13,2026-01-01,2026-05-25
"[C] [JEJOOM] [CBO]","AD - MORGANA TOFU",[RMK],prospecting,inactive,ad,1.32904149,1858,0.23412271,,46.64335423,24,23,1.94347309,,25.10406578,"Compras no site",46.64335423,4,0.04166667,1,3.29971981,"Valor de conversão da compra no site",153.91,2026-01-01,2026-05-25
"[C] [LM - TESTE] [ABO]",AD1,"Influ Mi Ruback - Lm",prospecting,not_delivering,ad,1.11619506,1854,0.24865156,,101.71,16,13,6.356875,,54.85976268,,,1,0,,,,,2026-01-01,2026-05-25
"[C] [VARIOS PRODUTO] [ABO] [BID]","AD - SUSANA","[COLAGENO] [RMKT]",existing,inactive,ad,1.6781505,1851,0.38843868,,40.15,211,140,0.19028436,,21.69097785,,,3,0,,,,,2026-01-01,2026-05-25
"[C] [TONS] [PB DR]","AD - TOFU 2","TONS TESTE",prospecting,not_delivering,ad,1.14003701,1848,0.27922078,,88.23673938,46,35,1.91818999,,47.74715334,"Compras no site",88.23673938,4,0.02173913,1,2.59619748,"Valor de conversão da compra no site",229.08,2026-01-01,2026-05-25
"[C] [LM - TESTE] [ABO]","ADS 2 - Duda","Influ Duda - Lm",existing,archived,ad,2.37935484,1844,0.06182213,,24.36,9,6,2.70666667,,13.21041215,"Compras no site",24.36,1,0.11111111,1,7.31157635,"Valor de conversão da compra no site",178.11,2026-01-01,2026-05-25
"[C] [LM - TESTE] [ABO]","AD - MOFU ANA ELISA — Cópia","[BM] [ANA ELISA]",engaged,inactive,ad,1.35003685,1832,0.18176856,,30.71,22,18,1.39590909,,16.76310044,,,2,0,,,,,2026-01-01,2026-05-25
"[C] [TONS] [PB DR]","tons4_rmkt_20-10-2025 — Cópia","[PUBLICO ENG.] [DR]",engaged,archived,ad,1.2173913,1820,0,,72.61,22,17,3.30045455,,39.8956044,"Compras no site",72.61,7,0.04545455,1,2.5864206,"Valor de conversão da compra no site",187.8,2026-01-01,2026-05-25
"[C] [LM - PRINCIPAL][EX. BASE] [ADV. +] [CBO]","ADS — Cópia — Cópia",[EVELIN],prospecting,inactive,ad,1.10725168,1817,0.07429829,,12.31,5,,2.462,,6.77490369,,,,0,,,,,2026-01-01,2026-05-25
"[C] [LM - TESTE] [ABO]","ADS 2","Influ Mi Ruback - Lm",prospecting,archived,ad,1.28288543,1814,0.14718853,,39.94,11,9,3.63090909,,22.01764057,,,,0,,,,,2026-01-01,2026-05-25
"[C] [VARIOS PRODUTO] [ABO] [BID]",AD5,"[VINAGRE] [RMKT]",prospecting,inactive,ad,1.18717277,1814,0,,31.95628631,14,12,2.28259188,,17.61647536,,,2,0,,,,,2026-01-01,2026-05-25
"[C] [LM - TESTE] [ABO]","AD - MARCELA TOFU","[BM] [MARCELA/PRI]",existing,not_delivering,ad,1.58947368,1812,0.30905077,,34.54,28,11,1.23357143,,19.06181015,,,,0,,,,,2026-01-01,2026-05-25
"[C] [LM - TESTE] [ABO]","AD - RMK  EVELYN 18-05 PERFIL DENA — Cópia — Cópia","[TESTE PB FECHADO JADE]",engaged,active,ad,1.45112179,1811,0,,24.55339791,20,11,1.2276699,,13.55792264,"Compras no site",24.55339791,2,0.05,1,3.5461487,"Valor de conversão da compra no site",87.07,2026-01-01,2026-05-25
"[C] [LM - TESTE] [ABO]",AD3,"Influ Rachel - Kit",engaged,not_delivering,ad,1.26396648,1810,0.33701657,,70.74,42,32,1.68428571,,39.08287293,"Compras no site",70.74,3,0.02380952,1,3.36895674,"Valor de conversão da compra no site",238.32,2026-01-01,2026-05-25
"[C] [VARIOS PRODUTO] [ABO] [BID]","AD - RMKT","[COENZIMA] [RMKT]",existing,inactive,ad,1.39398612,1808,0.00221239,,59.83,17,15,3.51941176,,33.09181416,,,1,0,,,,,2026-01-01,2026-05-25
"[C] [VARIOS PRODUTO] [ABO] [BID]","AD - BOFU RMKT4 17-05","[INOSITOL] [RMKT]",existing,not_delivering,ad,1.25766017,1806,0.00110742,,50.42,28,20,1.80071429,,27.91805094,,,1,0,,,,,2026-01-01,2026-05-25
"[C] [LM - TESTE] [ABO]","ADS - SABRINA — Cópia","Conj - Vm",prospecting,inactive,ad,1.31625183,1798,0.36373749,,117.8,42,39,2.8047619,,65.51724138,"Compras no site",117.8,2,0.02380952,1,2.1893039,"Valor de conversão da compra no site",257.9,2026-01-01,2026-05-25
"[C] [LM - TESTE] [ABO]","ADS - ART 3","Evelyn Regly BM - LM",prospecting,inactive,ad,1.5385274,1797,0,,25.82,2,2,12.91,,14.36839176,,,,0,,,,,2026-01-01,2026-05-25
"[C] [LM - TESTE] [ABO]","AD - JADE MOFU 3 — Cópia","[TESTE PB FECHADO JADE]",engaged,active,ad,1.4846981,1795,0.14651811,,34.7350577,24,19,1.44729407,,19.35100707,,,1,0,,,,,2026-01-01,2026-05-25
"[C] [JEJOOM] [CBO]","ARTE 1 20-10-2025 DENAVITA","[CAMPANHA AQUISIÇÃO]",prospecting,inactive,ad,1.35498489,1794,0,,52.7,28,21,1.88214286,,29.37569677,,,3,0,,,,,2026-01-01,2026-05-25
"[C] [LM - TESTE] [ABO]","AD2 — Cópia","[TOFU] [TIK + ORG ] [ABERTO]",existing,inactive,ad,1.15379624,1778,0,,38.7871572,7,5,5.54102246,,21.81504904,,,,0,,,,,2026-01-01,2026-05-25
"[C] [LM - RMKT] [ADV. ABO]","AD - PAM MOFU","[RMKT LARANJA MORO-REATIVAÇÃO BASE QUENTE]",existing,not_delivering,ad,1.18436874,1773,0.16976875,,87.89,14,11,6.27785714,,49.571348,,,,0,,,,,2026-01-01,2026-05-25
"[C] [LM - PRINCIPAL][EX. BASE] [ADV. +] [CBO]","ADS - RAIZA 4","[AQUISIÇÃO]  [ADV. +]",existing,inactive,ad,1.34218513,1769,0.21254946,,53.31,29,19,1.83827586,,30.13566987,"Compras no site",53.31,6,0.03448276,1,3.3410242,"Valor de conversão da compra no site",178.11,2026-01-01,2026-05-25
"[C] [LM - TESTE] [ABO]",AD2,"Influ Adeli - Lm",engaged,inactive,ad,1.36976744,1767,0.14770798,,33.22,11,6,3.02,,18.80022637,,,,0,,,,,2026-01-01,2026-05-25
"[C] [LM - TESTE] [ABO]","AD1 - 07/12","Influ Ana Elisa 2",existing,archived,ad,1.84045881,1765,0.22209632,,49.66,14,12,3.54714286,,28.13597734,"Compras no site",49.66,2,0.07142857,1,3.2007652,"Valor de conversão da compra no site",158.95,2026-01-01,2026-05-25
"[C] [LM - TESTE] [ABO]","ADS 4 - SABRINA","Influ Sabrina 2 - Lm",existing,archived,ad,1.41545894,1758,0.17064846,,34.42,16,9,2.15125,,19.57906712,,,3,0,,,,,2026-01-01,2026-05-25
"[C] [LM - TESTE] [ABO]","AD - MOFU teste ate 08-05","[TOFU] [TIK TOK] [EXCLUSAÕ BASE] [BID 60] - TESTE ATÉ 20-05",existing,not_delivering,ad,1.35257891,1757,0.18782015,,35.26863501,36,21,0.97968431,,20.07321287,"Compras no site",11.75621167,5,0.08333333,3,18.48356195,"Valor de conversão da compra no site",651.89,2026-01-01,2026-05-25
"[C] [VARIOS PRODUTO] [ABO] [BID]","ADS1 - 18-02","[DIGESTINO] [RMKT]",engaged,not_delivering,ad,1.33180778,1746,0.1792669,,19.2638538,38,28,0.50694352,,11.03313505,,,2,0,,,,,2026-01-01,2026-05-25
"[C] [LM - TESTE] [ABO]","AD - NIVER 2 — Cópia","Conj - Vm",existing,inactive,ad,1.45812395,1741,0.00631821,,53.25,19,18,2.80263158,,30.58587019,,,11,0,,,,,2026-01-01,2026-05-25
"[C] [JEJOOM] [CBO]","AD - MORGANA TOFU","[CAMPANHA AQUISIÇÃO]",engaged,inactive,ad,1.34627329,1734,0.15282584,,37.43635727,17,17,2.20213866,,21.58959473,,,3,0,,,,,2026-01-01,2026-05-25
"[C] [LM - TESTE] [ABO]",AD2,"Nutri - Tons [Teste até 13-03]",existing,inactive,ad,1.3531715,1728,0.31712963,,86.7,35,26,2.47714286,,50.17361111,"Compras no site",86.7,5,0.02857143,1,1.33206459,"Valor de conversão da compra no site",115.49,2026-01-01,2026-05-25
"[C] [LM - TESTE] [ABO]","AD2 - LARI","Influ Lari - Jejoom",engaged,not_delivering,ad,1.3161934,1715,0.19300292,,33.47,20,17,1.6735,,19.51603499,"Compras no site",33.47,1,0.05,1,4.04093218,"Valor de conversão da compra no site",135.25,2026-01-01,2026-05-25
"[C] [LM - TESTE] [ABO]","AD - BOFU 2 — Cópia","[HIBRIDO] [ESTATICO ORG.] [BID 60]",engaged,inactive,ad,1.2026648,1715,0,,18.94,12,11,1.57833333,,11.04373178,,,6,0,,,,,2026-01-01,2026-05-25
"[C] [JEJOOM] [CBO]","AD - LARISSA TOFU",[RMK],prospecting,inactive,ad,1.09691913,1709,0.27501463,,80.65,31,27,2.6016129,,47.19133996,,,2,0,,,,,2026-01-01,2026-05-25
"[C] [LM - RMKT] [ADV. ABO]","AD - PAM MOFU 2","[RMKT LARANJA MORO-REATIVAÇÃO BASE QUENTE]",existing,not_delivering,ad,1.12286465,1709,0.19777648,,70.5,20,19,3.525,,41.25219427,"Compras no site",70.5,2,0.05,1,3.03631206,"Valor de conversão da compra no site",214.06,2026-01-01,2026-05-25
"[C] [LM - TESTE] [ABO]","ADS 2","Influ Raiza 2",existing,not_delivering,ad,1.73401015,1708,0.15749415,,40.31,9,5,4.47888889,,23.60070258,,,1,0,,,,,2026-01-01,2026-05-25
"[C] [LM - TESTE] [ABO]","ADS 1","Evelyn Regly BM - LM",existing,inactive,ad,1.54909091,1704,0.17957746,,23.04,10,6,2.304,,13.52112676,"Compras no site",23.04,,0.1,1,3.81597222,"Valor de conversão da compra no site",87.92,2026-01-01,2026-05-25
"[C] [LM - TESTE] [ABO]","AD - 5","[MOFU] [TIK TOK] - TESTE ATÉ 20-05",existing,not_delivering,ad,1.32323232,1703,0.32061069,,46.52661265,62,42,0.75042924,,27.32038324,"Compras no site",23.26330633,2,0.03225806,2,6.37226703,"Valor de conversão da compra no site",296.48,2026-01-01,2026-05-25
"[C] [LM - TESTE] [ABO]","AD4 — Cópia","[TOFU] [TIK + ORG ] [ABERTO]",engaged,inactive,ad,1.31351351,1701,0,,30.15,10,4,3.015,,17.72486772,"Compras no site",30.15,1,0.1,1,3.83814262,"Valor de conversão da compra no site",115.72,2026-01-01,2026-05-25
"[C] [LM - RMKT] [ADV. ABO]","AD - BOFU — Cópia","[RMKT PB FECHADO]",prospecting,active,ad,1.14632502,1700,0.06941176,,29.28,12,10,2.44,,17.22352941,"Compras no site",29.28,7,0.08333333,1,11.00546448,"Valor de conversão da compra no site",322.24,2026-01-01,2026-05-25
"[C] [TONS] [PB DR]","AD- NIVER 4","TONS TESTE",engaged,not_delivering,ad,1.53429603,1700,0,,62.06,40,29,1.5515,,36.50588235,"Compras no site",31.03,5,0.05,2,5.35030616,"Valor de conversão da compra no site",332.04,2026-01-01,2026-05-25
"[C] [LM - TESTE] [ABO]","Teste - ADS 2","Evelyn Regly BM - LM",engaged,inactive,ad,1.96060255,1692,0.12352246,,24.24,13,12,1.86461538,,14.32624113,,,4,0,,,,,2026-01-01,2026-05-25
"[C] [VARIOS PRODUTO] [ABO] [BID]",AD3,"[VINAGRE] [RMKT]",prospecting,inactive,ad,1.22456395,1685,0,,28.89,19,18,1.52052632,,17.14540059,,,1,0,,,,,2026-01-01,2026-05-25
"[C] [VARIOS PRODUTO] [ABO] [BID]",AD5,"[VINAGRE] [RMKT]",existing,inactive,ad,1.34347478,1678,0,,43.025,16,12,2.6890625,,25.64064362,"Compras no site",43.025,6,0.0625,1,5.53910517,"Valor de conversão da compra no site",238.32,2026-01-01,2026-05-25
"[C] [TONS] [PB DR]",tons_dr-ursinho-melasma2-13-10-2025,"LP NOVA",engaged,inactive,ad,1.43138937,1669,0.35050929,,98.25,93,58,1.05645161,,58.86758538,"Compras no site",98.25,3,0.01075269,1,2.44071247,"Valor de conversão da compra no site",239.8,2026-01-01,2026-05-25
"[C] [LM - TESTE] [ABO]","AD - LIS — Cópia","Conj - Vm",existing,inactive,ad,1.31200632,1661,0.25165563,,89.43,20,12,4.4715,,53.8410596,,,2,0,,,,,2026-01-01,2026-05-25
"[C] [LM - TESTE] [ABO]","AD - DANI TOFU 3","[BOFU] [ADV+ ABERTO] [ESTATICO]",engaged,not_delivering,ad,1.20305677,1653,0.22444041,,18.57963604,15,5,1.2386424,,11.23994921,,,1,0,,,,,2026-01-01,2026-05-25
"[C] [LM - PRINCIPAL][EX. BASE] [ADV. +] [CBO]","ADS - RAIZA 5","[AQUISIÇÃO]  [ADV. +]",engaged,inactive,ad,1.38442211,1653,0.28372656,,46.3,27,19,1.71481481,,28.00967937,,,2,0,,,,,2026-01-01,2026-05-25
"[C] [LM - TESTE] [ABO]","ADS 3","Evelyn Regly BM - LM",existing,inactive,ad,1.69659443,1644,0.15632603,,20.32,11,6,1.84727273,,12.36009732,"Compras no site",20.32,1,0.09090909,1,13.19438976,"Valor de conversão da compra no site",268.11,2026-01-01,2026-05-25
"[C] [LM - TESTE] [ABO]","AD - 7","[TOFU] [TIK TOK] [EXCLUSAÕ BASE] [BID 60] - TESTE ATÉ 20-05",prospecting,not_delivering,ad,1.14008322,1644,0.08454988,,12.92,4,4,3.23,,7.85888078,,,,0,,,,,2026-01-01,2026-05-25
"[C] [LM - TESTE] [ABO]",AD5,"[TOFU] [TIK TOK] [EXCLUSAÕ BASE] [BID 60] - TESTE ATÉ 20-05",engaged,inactive,ad,1.58800774,1642,0.07795371,,13.4,7,3,1.91428571,,8.16077954,,,1,0,,,,,2026-01-01,2026-05-25
"[C] [LM - TESTE] [ABO]","ADS 2","Influ Raiza",engaged,archived,ad,1.58510638,1639,0.15009152,,35.2,7,6,5.02857143,,21.47651007,,,2,0,,,,,2026-01-01,2026-05-25
"[C] [VARIOS PRODUTO] [ABO] [BID]","ADS 2 - MOFU","[VINAGRE] [RMKT]",existing,inactive,ad,1.26291442,1638,0.497558,,130.96,75,55,1.74613333,,79.95115995,"Compras no site",43.65333333,5,0.04,3,4.48724801,"Valor de conversão da compra no site",587.65,2026-01-01,2026-05-25
"[C] [TONS] [PB DR]","AD4 — Cópia","[PUBLICO ENG.] [DR]",engaged,inactive,ad,1.37405223,1631,0,,40.31309462,19,14,2.12174182,,24.71679621,,,3,0,,,,,2026-01-01,2026-05-25
"[C] [LM - TESTE] [ABO]","ADS3- 18-02","Arte Org - Digestino",existing,not_delivering,ad,1.22172285,1631,0,,52.07,21,15,2.47952381,,31.92519926,,,,0,,,,,2026-01-01,2026-05-25
"[C] [LM - TESTE] [ABO]","ADS - LARI 3","Influ Lari - Jejoom",engaged,not_delivering,ad,1.25212028,1624,0.23091133,,60.49465558,20,15,3.02473278,,37.25040368,,,,0,,,,,2026-01-01,2026-05-25
"[C] [LM - TESTE] [ABO]","ADS - INFLU ANA ELISA","teste aquisição ate dia 15  - Lm",existing,inactive,ad,1.49676824,1621,0.13448489,,26.42,20,15,1.321,,16.29858112,,,1,0,,,,,2026-01-01,2026-05-25
"[C] [LM - TESTE] [ABO]",AD3,"Influ Vitoria - Lm",engaged,inactive,ad,1.44039146,1619,0.20815318,,29.37,40,9,0.73425,,18.14082767,"Compras no site",29.37,2,0.025,1,5.39053456,"Valor de conversão da compra no site",158.32,2026-01-01,2026-05-25
"[C] [LM - TESTE] [ABO]","ADS 1","teste publico novo - bid",existing,not_delivering,ad,1.39066551,1609,0.11187073,,34.27948585,12,8,2.85662382,,21.30483894,,,2,0,,,,,2026-01-01,2026-05-25
"[C] [LM - RMKT] [ADV. ABO]","AD - PAM MOFU","[RMKT LARANJA MORO-REATIVAÇÃO BASE QUENTE]",prospecting,not_delivering,ad,1.14366999,1608,0.164801,,68.75,7,6,9.82142857,,42.75497512,"Compras no site",68.75,2,0.14285714,1,3.03316364,"Valor de conversão da compra no site",208.53,2026-01-01,2026-05-25
"[C] [LM - TESTE] [ABO]","ADS 1","Influ Sabrina - Vm [Teste até 13-03]",existing,archived,ad,1.14878398,1606,0.20859278,,64.29,21,15,3.06142857,,40.03113325,"Compras no site",64.29,5,0.04761905,1,3.40986156,"Valor de conversão da compra no site",219.22,2026-01-01,2026-05-25
"[C] [LM - PRINCIPAL][EX. BASE] [ADV. +] [CBO]","ADS - RAIZA 5","[AQUISIÇÃO]  [ADV. +]",existing,inactive,ad,1.4084507,1600,0.294375,,27.95,28,18,0.99821429,,17.46875,,,2,0,,,,,2026-01-01,2026-05-25
"[C] [LM - TESTE] [ABO]","AD1 — Cópia","[TOFU] [TIK + ORG ] [ABERTO]",engaged,inactive,ad,1.25059102,1587,0,,37.7,14,9,2.69285714,,23.75551355,,,,0,,,,,2026-01-01,2026-05-25
"[C] [LM - TESTE] [ABO]","ADS 1","Influ Mi Ruback - Lm",existing,archived,ad,1.34638298,1582,0.31226296,,60.29,52,37,1.15942308,,38.10998736,,,1,0,,,,,2026-01-01,2026-05-25
"[C] [VARIOS PRODUTO] [ABO] [BID]","AD - RMKT","[COENZIMA] [RMKT]",prospecting,inactive,ad,1.12606838,1581,0,,29.14,6,4,4.85666667,,18.43137255,,,,0,,,,,2026-01-01,2026-05-25
"[C] [JEJOOM] [CBO]","AD - MORGANA TOFU",[RMK],engaged,inactive,ad,1.43169399,1572,0.28244275,,33.3652461,51,37,0.65422051,,21.22471126,,,1,0,,,,,2026-01-01,2026-05-25
"[C] [LM - TESTE] [ABO]","AD 1 DAI","[DAI - DUDA - ANA]",existing,active,ad,1.26693548,1571,0.31572247,,47.91044771,34,29,1.40913082,,30.49678403,"Compras no site",23.95522386,2,0.05882353,2,5.66473521,"Valor de conversão da compra no site",271.4,2026-01-01,2026-05-25
"[C] [TONS] [PB DR]","tons2_rmkt_20-10-2025-pagdenavita — Cópia","LP NOVA",engaged,inactive,ad,1.6252588,1570,0,,40.26,17,12,2.36823529,,25.6433121,"Compras no site",40.26,3,0.05882353,1,6.96522603,"Valor de conversão da compra no site",280.42,2026-01-01,2026-05-25
"[C] [LM - TESTE] [ABO]","ADS 3- SABRINA","Influ Sabrina - Tons",existing,not_delivering,ad,1.36672474,1569,0.17463352,,60.1,16,12,3.75625,,38.30465264,"Compras no site",60.1,3,0.0625,1,6.19517471,"Valor de conversão da compra no site",372.33,2026-01-01,2026-05-25
"[C] [LM - TESTE] [ABO]","Criativo 1 - Edição Completa","Influ Isa Nogueira - LM TESTE TRAVA DE CPA",prospecting,archived,ad,1.08068966,1567,0.25207403,,37.52,26,16,1.44307692,,23.94384174,,,,0,,,,,2026-01-01,2026-05-25
"[C] [VARIOS PRODUTO] [ABO] [BID]","AD - MOFU MARCELA 17-05","[VINAGRE] [RMKT]",prospecting,inactive,ad,1.23417722,1560,0.17820513,,36.93,21,20,1.75857143,,23.67307692,,,,0,,,,,2026-01-01,2026-05-25
"[C] [TONS] [PB DR]","tons 3 - 25-11 — Cópia — Cópia","LP NOVA",prospecting,not_delivering,ad,1.07310345,1556,0.36375321,,36.29,27,22,1.34407407,,23.32262211,,,4,0,,,,,2026-01-01,2026-05-25
"[C] [VARIOS PRODUTO] [ABO] [BID]","AD - MI RUBACK MOFU","[VINAGRE] [RMKT]",prospecting,inactive,ad,1.45343368,1545,0.17993528,,118.2,31,25,3.81290323,,76.50485437,"Compras no site",118.2,2,0.03225806,1,0.6858714,"Valor de conversão da compra no site",81.07,2026-01-01,2026-05-25
"[C] [LM - PRINCIPAL][EX. BASE] [ADV. +] [CBO]","AD1 — Cópia","LP 1 - TOPO TONS",engaged,archived,ad,1.30841121,1540,0,,35.39,19,16,1.86263158,,22.98051948,"Compras no site",35.39,2,0.05263158,1,5.75953659,"Valor de conversão da compra no site",203.83,2026-01-01,2026-05-25
"[C] [JEJOOM] [CBO]","AD5 - ORGANICO","[CAMPANHA AQUISIÇÃO]",existing,inactive,ad,1.22452229,1538,0,,43.62,11,10,3.96545455,,28.36150845,"Compras no site",43.62,4,0.09090909,1,2.4786795,"Valor de conversão da compra no site",108.12,2026-01-01,2026-05-25
"[C] [LM - PRINCIPAL][EX. BASE] [ADV. +] [CBO]","AD - JADE TOFU 19-05 BM JADE + DENA","[EXCLUSÃO BASE] [ADV. +]",engaged,active,ad,1.36565836,1535,0.17589577,,23.03848556,32,25,0.71995267,,15.00878538,,,5,0,,,,,2026-01-01,2026-05-25
"[C] [TONS] [PB DR]","tons4_rmkt_20-10-2025 — Cópia","[PUBLICO ENG.] [DR]",existing,archived,ad,1.21360759,1534,0,,62.82,15,13,4.188,,40.9517601,"Compras no site",62.82,6,0.06666667,1,1.97421203,"Valor de conversão da compra no site",124.02,2026-01-01,2026-05-25
"[C] [LM - TESTE] [ABO]","ADS 3","Influ Raiza 2",prospecting,not_delivering,ad,1.25862069,1533,0.16699282,,38.24,10,6,3.824,,24.94455316,"Compras no site",38.24,1,0.1,1,6.52981172,"Valor de conversão da compra no site",249.7,2026-01-01,2026-05-25
"[C] [LM - TESTE] [ABO]","ADS 1","Influ Evelyn BM -VM",existing,inactive,ad,1.62354189,1531,0.28804703,,26.27,11,6,2.38818182,,17.15871979,,,1,0,,,,,2026-01-01,2026-05-25
"[C] [LM - TESTE] [ABO]",AD1,"Influ Vitoria - Vm",existing,not_delivering,ad,1.28080469,1528,0.21400524,,54.36,22,13,2.47090909,,35.57591623,,,1,0,,,,,2026-01-01,2026-05-25
"[C] [VARIOS PRODUTO] [ABO] [BID]",ADS,"[COENZIMA] [RMKT]",engaged,inactive,ad,1.38349955,1526,0,,31.31355876,22,15,1.42334358,,20.5200254,,,1,0,,,,,2026-01-01,2026-05-25
"[C] [LM - TESTE] [ABO]","ADS 2- SABRINA","Influ Sabrina - Tons",engaged,inactive,ad,1.40627886,1523,0.2232436,,51.34,19,18,2.70210526,,33.70978332,,,1,0,,,,,2026-01-01,2026-05-25
"[C] [VARIOS PRODUTO] [ABO] [BID]","AD - NIVER 2",--,engaged,archived,ad,2.03066667,1523,0,,79.44,43,36,1.84744186,,52.16021011,"Compras no site",39.72,2,0.04651163,2,8.71890735,"Valor de conversão da compra no site",692.63,2026-01-01,2026-05-25
"[C] [LM - TESTE] [ABO]","ADS 2","Influ Nutri- Lm",engaged,not_delivering,ad,1.34902309,1519,0.28900592,,17.76,57,30,0.31157895,,11.69190257,,,2,0,,,,,2026-01-01,2026-05-25
"[C] [VARIOS PRODUTO] [ABO] [BID]",AD3,"[VINAGRE] [RMKT]",existing,inactive,ad,1.37909091,1517,0,,32.88,24,20,1.37,,21.67435728,,,3,0,,,,,2026-01-01,2026-05-25
"[C] [LM - TESTE] [ABO]","AD - ANA MOFU — Cópia","teste aquisição ate dia 15  - Lm",engaged,inactive,ad,1.42897998,1499,0.11207472,,16.38,16,12,1.02375,,10.92728486,,,2,0,,,,,2026-01-01,2026-05-25
"[C] [JEJOOM] [CBO]","ARTE 4 20-10-2025 DENAVITA","[CAMPANHA AQUISIÇÃO]",engaged,inactive,ad,1.50705645,1495,0,,32.45328395,8,5,4.05666049,,21.70788224,"Compras no site",32.45328395,4,0.125,1,5.18345078,"Valor de conversão da compra no site",168.22,2026-01-01,2026-05-25
"[C] [LM - RMKT] [ADV. ABO]","AD - PAM MOFU 2","[RMKT LARANJA MORO-REATIVAÇÃO BASE QUENTE]",prospecting,not_delivering,ad,1.09801032,1490,0.18724832,,58.35,7,7,8.33571429,,39.16107383,,,2,0,,,,,2026-01-01,2026-05-25
"[C] [TONS] [PB DR]",tons_dr-ursinho_video-reels_10-07-2025_esse-foi-produto-que-a-mamae,"LP NOVA",engaged,inactive,ad,1.16523101,1488,0.23454301,,53.66,31,23,1.73096774,,36.06182796,,,1,0,,,,,2026-01-01,2026-05-25
"[C] [LM - RMKT] [ADV. ABO]","ADS - RAIZA VM","[RMKT LARANJA MORO-REATIVAÇÃO BASE QUENTE]",engaged,inactive,ad,1.24978974,1486,0.18304172,,97.32,29,24,3.35586207,,65.49125168,,,5,0,,,,,2026-01-01,2026-05-25
"[C] [LM - PRINCIPAL][EX. BASE] [ADV. +] [CBO]","ADS - RAIZA 4","[AQUISIÇÃO]  [ADV. +]",engaged,inactive,ad,1.42637151,1482,0.24561404,,49.7,38,24,1.30789474,,33.53576248,"Compras no site",24.85,5,0.05263158,2,8.67867203,"Valor de conversão da compra no site",431.33,2026-01-01,2026-05-25
"[C] [LM - RMKT] [ADV. ABO]","AD - MOFU ANA ELISA — Cópia","[RMKT LARANJA MORO-REATIVAÇÃO BASE QUENTE]",engaged,inactive,ad,1.26176219,1475,0.28271186,,68.35,20,14,3.4175,,46.33898305,"Compras no site",34.175,3,0.1,2,5.01887345,"Valor de conversão da compra no site",343.04,2026-01-01,2026-05-25
"[C] [LM - TESTE] [ABO]",AD3,"Influ Lari - Jejoom",existing,not_delivering,ad,1.39224953,1473,0.15071283,,36.56,14,5,2.61142857,,24.82009504,"Compras no site",36.56,3,0.07142857,1,5.41301969,"Valor de conversão da compra no site",197.9,2026-01-01,2026-05-25
"[C] [LM - RMKT] [ADV. ABO]","AD - JADE TOFU 19-05 BM JADE + DENA — Cópia — Cópia — Cópia","[RMKT LARANJA MORO-REATIVAÇÃO BASE QUENTE]",existing,inactive,ad,1.13143736,1472,0.13111413,,34.21,14,4,2.44357143,,23.24048913,,,3,0,,,,,2026-01-01,2026-05-25
"[C] [TONS] [PB DR]","AD1 — Cópia — Cópia","LP NOVA",engaged,inactive,ad,1.37969925,1468,0,,38.97,14,9,2.78357143,,26.54632153,,,1,0,,,,,2026-01-01,2026-05-25
"[C] [LM - PRINCIPAL][EX. BASE] [ADV. +] [CBO]","V - LUCIANA MOFU LP OLD","[EXCLUSÃO BASE] [ADV. +]",existing,active,ad,1.13534416,1468,0.20299728,,37.40683952,31,15,1.20667224,,25.48149831,"Compras no site",37.40683952,4,0.03225806,1,5.00202643,"Valor de conversão da compra no site",187.11,2026-01-01,2026-05-25
"[C] [LM - TESTE] [ABO]","ADS - INFLU ANA ELISA","[BM] [ANA ELISA]",prospecting,inactive,ad,1.41505792,1466,0.18690314,,40.89536071,6,4,6.81589345,,27.89588043,,,,0,,,,,2026-01-01,2026-05-25
"[C] [LM - TESTE] [ABO]","ADS 3 - SABRINA","Influ Sabrina 2 - Lm",existing,archived,ad,1.41216216,1463,0.19548872,,35.6,28,16,1.27142857,,24.33356118,"Compras no site",35.6,1,0.03571429,1,4.84213483,"Valor de conversão da compra no site",172.38,2026-01-01,2026-05-25
"[C] [TONS] [PB DR]","ADS - ORGANICO","[PUBLICO ENG.] [DR]",existing,archived,ad,1.51659751,1462,0,,45.74,18,14,2.54111111,,31.28590971,,,2,0,,,,,2026-01-01,2026-05-25
"[C] [LM - TESTE] [ABO]",AD7,"Arte - Organica Tons ###",engaged,inactive,ad,1.31441441,1459,0,,25.67,13,10,1.97461538,,17.59424263,"Compras no site",12.835,3,0.15384615,2,12.18231399,"Valor de conversão da compra no site",312.72,2026-01-01,2026-05-25
"[C] [LM - PRINCIPAL][EX. BASE] [ADV. +] [CBO]","AD - BOFU 1","[EXCLUSÃO BASE] [ADV. +]",engaged,inactive,ad,1.19410319,1458,0,,14.88965509,11,10,1.35360501,,10.21238347,"Compras no site",7.44482755,2,0.18181818,2,18.58202882,"Valor de conversão da compra no site",276.68,2026-01-01,2026-05-25
"[C] [LM - TESTE] [ABO]","ADS 2- SABRINA","Influ Sabrina - Tons",existing,inactive,ad,1.33547794,1453,0.20302822,,59.13,23,17,2.57086957,,40.69511356,"Compras no site",59.13,2,0.04347826,1,4.74243193,"Valor de conversão da compra no site",280.42,2026-01-01,2026-05-25
"[C] [LM - TESTE] [ABO]",AD3,"Influ Lari - Jejoom",prospecting,not_delivering,ad,1.17952884,1452,0.19214876,,33.07,14,5,2.36214286,,22.77548209,,,2,0,,,,,2026-01-01,2026-05-25
"[C] [LM - TESTE] [ABO]","ADS 1","teste publico novo - bid",engaged,not_delivering,ad,1.36475024,1448,0.11049724,,27.49760916,12,13,2.29146743,,18.99006158,"Compras no site",13.74880458,4,0.16666667,2,13.61281986,"Valor de conversão da compra no site",374.32,2026-01-01,2026-05-25
"[C] [LM - TESTE] [ABO]",AD2,"Nutri - Tons [Teste até 13-03]",engaged,inactive,ad,1.36380773,1447,0.34416033,,58.53,28,24,2.09035714,,40.44920525,,,2,0,,,,,2026-01-01,2026-05-25
"[C] [LM - PRINCIPAL][EX. BASE] [ADV. +] [CBO]","tons_dr-ursinho-melasma2-13-10-2025 — Cópia","LP 2 - TONS",prospecting,archived,ad,1.1704918,1428,0.2710084,,78.46,12,9,6.53833333,,54.94397759,"Compras no site",78.46,2,0.08333333,1,4.3295947,"Valor de conversão da compra no site",339.7,2026-01-01,2026-05-25
"[C] [LM - TESTE] [ABO]","AD - RMK  EVELYN 18-05 PERFIL DENA — Cópia — Cópia","[TESTE PB FECHADO ANA ELISA]",engaged,active,ad,1.23846823,1423,0,,21.86955939,10,6,2.18695594,,15.36862922,,,1,0,,,,,2026-01-01,2026-05-25
"[C] [TONS] [PB DR]","ADS - ORGANICO","[PUBLICO ENG.] [DR]",engaged,archived,ad,1.4514811,1421,0,,36.32,10,7,3.632,,25.55946517,,,,0,,,,,2026-01-01,2026-05-25
"[C] [LM - TESTE] [ABO]",AD2,"Influ Marcela Jacaré - Vm",existing,archived,ad,1.22358079,1401,0.19842969,,54.35,18,14,3.01944444,,38.79371877,,,1,0,,,,,2026-01-01,2026-05-25
"[C] [LM - TESTE] [ABO]","AD - 5 — Cópia","[TOFU] [TIK]",engaged,active,ad,1.3983984,1397,0.45096636,,38.7516532,129,86,0.30040041,,27.73919342,,,,0,,,,,2026-01-01,2026-05-25
"[C] [LM - RMKT] [ADV. ABO]","laranja-moro_mi-ruback_02-07-2025_junto-com-cafe — Cópia — Cópia","[RMKT LARANJA MORO-REATIVAÇÃO BASE QUENTE]",prospecting,inactive,ad,1.1453202,1395,0.11469534,,39.45,9,4,4.38333333,,28.27956989,,,1,0,,,,,2026-01-01,2026-05-25
"[C] [JEJOOM] [CBO]","AD - LARISSA TOFU",[RMK],existing,inactive,ad,1.24082363,1386,0.17388167,,62.62,22,18,2.84636364,,45.18037518,,,2,0,,,,,2026-01-01,2026-05-25
"[C] [LM - TESTE] [ABO]",ADS3,"Influ Sabrina - Vm [Teste até 13-03]",existing,archived,ad,1.14725458,1379,0.2066715,,55.77,27,23,2.06555556,,40.44234953,,,8,0,,,,,2026-01-01,2026-05-25
"[C] [VARIOS PRODUTO] [ABO] [BID]","AD - TOFU — Cópia — Cópia","[VINAGRE] [RMKT]",engaged,active,ad,1.46276596,1375,0.26545455,,19.50228551,68,52,0.28679832,,14.18348037,,,,0,,,,,2026-01-01,2026-05-25
"[C] [JEJOOM] [CBO]","AD2- LARI 13-02-2025","[CAMPANHA AQUISIÇÃO]",engaged,inactive,ad,1.50989011,1374,0.25473071,,25.08,18,,1.39333333,,18.25327511,,,1,0,,,,,2026-01-01,2026-05-25
"[C] [LM - PRINCIPAL][EX. BASE] [ADV. +] [CBO]","AD - TOFU","[AQUISIÇÃO]  [ADV. +]",existing,inactive,ad,1.37688442,1370,0.40145985,,45.99,132,88,0.34840909,,33.56934307,"Compras no site",22.995,4,0.01515152,2,14.44509676,"Valor de conversão da compra no site",664.33,2026-01-01,2026-05-25
"[C] [LM - TESTE] [ABO]","ADS 2","Influ Evelyn - Vm",engaged,not_delivering,ad,1.25229358,1365,0.21245421,,47.79,19,14,2.51526316,,35.01098901,"Compras no site",47.79,3,0.05263158,1,5.39652647,"Valor de conversão da compra no site",257.9,2026-01-01,2026-05-25
"[C] [LM - TESTE] [ABO]",AD1,"Influ Dani Arte - Lm",prospecting,not_delivering,ad,1.28449905,1359,0,,23.38,5,5,4.676,,17.20382634,,,,0,,,,,2026-01-01,2026-05-25
"[C] [LM - TESTE] [ABO]","ADS2- 18-02","Arte Org - Digestino",prospecting,not_delivering,ad,1.12282158,1353,0,,27.05,12,9,2.25416667,,19.99260902,,,,0,,,,,2026-01-01,2026-05-25
"[C] [LM - TESTE] [ABO]","AD - RMK  EVELYN 18-05 PERFIL DENA — Cópia — Cópia","[TESTE PB FECHADO JADE]",engaged,active,ad,1.42010582,1342,0,,20.41710122,8,2,2.55213765,,15.21393534,,,1,0,,,,,2026-01-01,2026-05-25
"[C] [LM - TESTE] [ABO]","ADS 4","Evelyn Regly - LM",existing,not_delivering,ad,1.49443207,1342,0.24292101,,40.61,18,7,2.25611111,,30.26080477,"Compras no site",40.61,4,0.05555556,1,2.31248461,"Valor de conversão da compra no site",93.91,2026-01-01,2026-05-25
"[C] [LM - RMKT] [ADV. ABO]","laranja-moro_mi-ruback_02-07-2025_junto-com-cafe — Cópia — Cópia","[RMKT LARANJA MORO-REATIVAÇÃO BASE QUENTE]",engaged,inactive,ad,1.36113937,1338,0.20478326,,41.45,59,41,0.70254237,,30.97907324,"Compras no site",41.45,3,0.01694915,1,2.70711701,"Valor de conversão da compra no site",112.21,2026-01-01,2026-05-25
"[C] [LM - TESTE] [ABO]","AD - EVELYN",EVELIN,prospecting,active,ad,1.1285956,1334,0.07046477,,18.54159602,5,6,3.7083192,,13.89924739,"Compras no site",18.54159602,2,0.2,1,11.96660739,"Valor de conversão da compra no site",221.88,2026-01-01,2026-05-25
"[C] [LM - TESTE] [ABO]","AD - JADE TOFU — Cópia","Lm Perfil Novo",existing,not_delivering,ad,1.37590862,1325,0.17132075,,20.3588432,45,34,0.45241874,,15.36516468,,,,0,,,,,2026-01-01,2026-05-25
"[C] [VARIOS PRODUTO] [ABO] [BID]","AD1 - 07/01 — Cópia","[DIGESTINO] [RMKT]",engaged,not_delivering,ad,1.41239316,1322,0,,20.43643219,6,3,3.40607203,,15.45872329,,,1,0,,,,,2026-01-01,2026-05-25
"[C] [LM - RMKT] [ADV. ABO]","AD - MOFU ANA ELISA — Cópia","[RMKT LARANJA MORO-REATIVAÇÃO BASE QUENTE]",existing,inactive,ad,1.24316682,1319,0.25701289,,78.36,30,23,2.612,,59.40864291,"Compras no site",39.18,2,0.06666667,2,4.67228178,"Valor de conversão da compra no site",366.12,2026-01-01,2026-05-25
"[C] [LM - TESTE] [ABO]","AD - NIVER 3","[HIBRIDO] [ESTATICO ORG.] [BID 60]",prospecting,inactive,ad,1.21013825,1313,0.00152323,,6.74,8,7,0.8425,,5.13328256,,,,0,,,,,2026-01-01,2026-05-25
"[C] [VARIOS PRODUTO] [ABO] [BID]","AD - MI RUBACK MOFU","[VINAGRE] [RMKT]",engaged,inactive,ad,1.76702997,1297,0.52043177,,64.67,296,215,0.21847973,,49.8612182,"Compras no site",21.55666667,3,0.01013514,3,12.80516468,"Valor de conversão da compra no site",828.11,2026-01-01,2026-05-25
"[C] [LM - TESTE] [ABO]",ADS7,"Influ Morgana - Jejoom",engaged,inactive,ad,1.27613412,1294,0.22411128,,36.84,20,17,1.842,,28.4698609,,,,0,,,,,2026-01-01,2026-05-25
"[C] [VARIOS PRODUTO] [ABO] [BID]","AD - NIVER 2",--,prospecting,archived,ad,1.60025063,1277,0.00156617,,73.14,12,9,6.095,,57.27486296,,,,0,,,,,2026-01-01,2026-05-25
"[C] [LM - TESTE] [ABO]","AD - FERNANDA","Influ turbo - Vm teste ate 16-04",prospecting,not_delivering,ad,1.11904762,1269,0.30181245,,70.18,13,13,5.39846154,,55.30338849,,,,0,,,,,2026-01-01,2026-05-25
"[C] [JEJOOM] [CBO]","AD - MORGANA TOFU","[CAMPANHA AQUISIÇÃO]",existing,inactive,ad,1.31639004,1269,0.15287628,,40.56,19,13,2.13473684,,31.96217494,,,3,0,,,,,2026-01-01,2026-05-25
"[C] [LM - PRINCIPAL][EX. BASE] [ADV. +] [CBO]","AD1 — Cópia","LP 2 - TONS",existing,archived,ad,1.24580454,1262,0,,26.81,13,11,2.06230769,,21.24405705,"Compras no site",26.81,4,0.07692308,1,7.60276016,"Valor de conversão da compra no site",203.83,2026-01-01,2026-05-25
"[C] [LM - TESTE] [ABO]","ADS - DANI — Cópia","teste aquisição ate dia 15  - Lm",engaged,not_delivering,ad,1.26252505,1260,0.15793651,,24.37,9,7,2.70777778,,19.34126984,"Compras no site",24.37,2,0.11111111,1,7.25153878,"Valor de conversão da compra no site",176.72,2026-01-01,2026-05-25
"[C] [LM - RMKT] [ADV. ABO]","AD - MOFU EVELYN  REFAÇÃO 17-05","[RMKT LARANJA MORO-REATIVAÇÃO BASE QUENTE]",engaged,active,ad,1.33651805,1259,0.50436855,,43.04,149,105,0.28885906,,34.1858618,,,,0,,,,,2026-01-01,2026-05-25
"[C] [LM - TESTE] [ABO]","ADS - SABRINA — Cópia","Conj - Vm",engaged,inactive,ad,1.31589958,1258,0.36009539,,71.54,36,31,1.98722222,,56.86804452,"Compras no site",71.54,3,0.02777778,1,3.35197093,"Valor de conversão da compra no site",239.8,2026-01-01,2026-05-25
"[C] [VARIOS PRODUTO] [ABO] [BID]","AD10 - INGRID","[VINAGRE] [RMKT]",engaged,inactive,ad,1.38777778,1249,0.34427542,,42.73974871,29,23,1.47378444,,34.21917431,"Compras no site",42.73974871,4,0.03448276,1,9.07586057,"Valor de conversão da compra no site",387.9,2026-01-01,2026-05-25
"[C] [LM - TESTE] [ABO]",AD3,"Influ Dani - Vm",existing,not_delivering,ad,1.29089027,1247,0.11788292,,29.1,11,6,2.64545455,,23.33600642,"Compras no site",29.1,2,0.09090909,1,8.86254296,"Valor de conversão da compra no site",257.9,2026-01-01,2026-05-25
"[C] [LM - TESTE] [ABO]","ADS2- ORG","Conj. - Q10",prospecting,inactive,ad,1.04274937,1244,0,,14.65,10,7,1.465,,11.77652733,,,,0,,,,,2026-01-01,2026-05-25
"[C] [LM - TESTE] [ABO]","ADS - INFLU ANA ELISA","[BM] [ANA ELISA]",existing,inactive,ad,1.77285714,1241,0.19983884,,29.60664133,30,17,0.98688804,,23.85708407,,,1,0,,,,,2026-01-01,2026-05-25
"[C] [LM - PRINCIPAL][EX. BASE] [ADV. +] [CBO]","ADS - DUDA","[AQUISIÇÃO]  [ADV. +]",existing,inactive,ad,1.44210526,1233,0.16788321,,31.5,27,14,1.16666667,,25.54744526,,,,0,,,,,2026-01-01,2026-05-25
"[C] [LM - TESTE] [ABO]","AD - JADE TOFU 19-05 BM JADE + DENA — Cópia — Cópia","[TESTE PB FECHADO JADE]",prospecting,active,ad,1.16650899,1233,0.12408759,,21.66594206,9,6,2.4073269,,17.57172916,,,1,0,,,,,2026-01-01,2026-05-25
"[C] [VARIOS PRODUTO] [ABO] [BID]","AD - BOFU RMKT1 17-05","[INOSITOL] [RMKT]",existing,not_delivering,ad,1.36323367,1231,0.00406174,,35.2,18,16,1.95555556,,28.59463851,,,1,0,,,,,2026-01-01,2026-05-25
"[C] [LM - TESTE] [ABO]","AD - ALESSANDRA","[TOFU] [TIK TOK] [EXCLUSAÕ BASE] [BID 60] - TESTE ATÉ 20-05",existing,not_delivering,ad,1.29778247,1229,0.2441009,,17.95302204,10,5,1.7953022,,14.60782916,,,,0,,,,,2026-01-01,2026-05-25
"[C] [TONS] [PB DR]","tons_dr-ursinho_video-reels_18-08-2026 — Cópia","LP NOVA",existing,inactive,ad,1.05317324,1228,0.3232899,,60.21,45,33,1.338,,49.03094463,,,4,0,,,,,2026-01-01,2026-05-25
"[C] [LM - RMKT] [ADV. ABO]","AD - MOFU ANA ELISA — Cópia — Cópia","[RMKT PB FECHADO]",engaged,active,ad,1.25460123,1227,0.23308883,,37.1041762,26,20,1.4270837,,30.23975241,"Compras no site",37.1041762,4,0.03846154,1,4.48251429,"Valor de conversão da compra no site",166.32,2026-01-01,2026-05-25
"[C] [LM - TESTE] [ABO]","AD - RMK  EVELYN 18-05 PERFIL DENA","[TESTE PB FECHADO]",engaged,active,ad,1.24769703,1219,0,,27.68,9,5,3.07555556,,22.707137,,,1,0,,,,,2026-01-01,2026-05-25
"[C] [LM - PRINCIPAL][EX. BASE] [ADV. +] [CBO]","tons_dr-ursinho_video-reels_10-07-2025_esse-foi-produto-que-a-mamae — Cópia","LP 1 - TOPO TONS",engaged,archived,ad,1.10526316,1218,0.25697865,,38.2,11,10,3.47272727,,31.36288998,"Compras no site",38.2,2,0.09090909,1,5.64973822,"Valor de conversão da compra no site",215.82,2026-01-01,2026-05-25
"[C] [LM - RMKT] [ADV. ABO]","AD - NIVER 6","[RMKT LARANJA MORO-REATIVAÇÃO BASE QUENTE]",engaged,not_delivering,ad,1.32138979,1217,0.22267872,,53.8,18,17,2.98888889,,44.20706656,"Compras no site",17.93333333,5,0.16666667,3,8.8133829,"Valor de conversão da compra no site",474.16,2026-01-01,2026-05-25
"[C] [LM - TESTE] [ABO]","ad - 2","Conj - Melato",engaged,not_delivering,ad,1.6875,1215,0.24691358,,24.31,6,5,4.05166667,,20.00823045,,,,0,,,,,2026-01-01,2026-05-25
"[C] [LM - TESTE] [ABO]","AD - 8","[TOFU] [TIK TOK] [EXCLUSAÕ BASE] [BID 60] - TESTE ATÉ 20-05",engaged,not_delivering,ad,1.17084942,1213,0.20032976,,14.95,18,12,0.83055556,,12.32481451,,,1,0,,,,,2026-01-01,2026-05-25
"[C] [JEJOOM] [CBO]","AD - NIVER","[CAMPANHA AQUISIÇÃO]",existing,inactive,ad,1.38302752,1206,0,,60.57,10,8,6.057,,50.2238806,"Compras no site",30.285,5,0.2,2,5.98183919,"Valor de conversão da compra no site",362.32,2026-01-01,2026-05-25
"[C] [LM - RMKT] [ADV. ABO]","ADS 1","[RMKT LARANJA MORO-REATIVAÇÃO BASE QUENTE]",existing,not_delivering,ad,1.19303483,1199,0.26438699,,46.74,14,9,3.33857143,,38.9824854,,,2,0,,,,,2026-01-01,2026-05-25
"[C] [LM - TESTE] [ABO]","AD - RMK  EVELYN 18-05 PERFIL DENA — Cópia — Cópia — Cópia","[TESTE PB FECHADO JADE]",prospecting,active,ad,1.19238477,1190,0.00252101,,10.03893706,7,4,1.43413387,,8.43608157,,,,0,,,,,2026-01-01,2026-05-25
"[C] [JEJOOM] [CBO]","AD - NIVER","[CAMPANHA AQUISIÇÃO]",prospecting,inactive,ad,1.20816327,1184,0,,36.12,9,8,4.01333333,,30.50675676,,,1,0,,,,,2026-01-01,2026-05-25
"[C] [LM - TESTE] [ABO]","ADS 2 - Duda","Influ Duda - Lm",engaged,archived,ad,2.01538462,1179,0.07124682,,16.86,6,7,2.81,,14.30025445,,,2,0,,,,,2026-01-01,2026-05-25
"[C] [LM - TESTE] [ABO]","ADS2- 18-02","Arte Org - Digestino",existing,not_delivering,ad,1.20700309,1172,0,,30.04,13,9,2.31076923,,25.63139932,,,2,0,,,,,2026-01-01,2026-05-25
"[C] [LM - TESTE] [ABO]",AD2,"Influ Dani - Vm",existing,not_delivering,ad,1.34752589,1171,0.13407344,,23.81,13,9,1.83153846,,20.33304868,,,7,0,,,,,2026-01-01,2026-05-25
"[C] [LM - TESTE] [ABO]","ADS 2","Influ Raiza",existing,archived,ad,1.57859079,1165,0.15450644,,31.66,8,6,3.9575,,27.17596567,,,,0,,,,,2026-01-01,2026-05-25
"[C] [LM - TESTE] [ABO]","ADS 4","Evelyn Regly - LM",engaged,not_delivering,ad,1.29820628,1158,0.25215889,,38.64,11,7,3.51272727,,33.36787565,,,1,0,,,,,2026-01-01,2026-05-25
"[C] [LM - TESTE] [ABO]",AD1,"Influ Lari - Jejoom",engaged,not_delivering,ad,1.2992126,1155,0.27186147,,36.22,20,13,1.811,,31.35930736,"Compras no site",36.22,4,0.05,1,6.62065157,"Valor de conversão da compra no site",239.8,2026-01-01,2026-05-25
"[C] [LM - TESTE] [ABO]","AD - JADE MOFU 3 LP LM1","[TESTE PB FECHADO]",prospecting,inactive,ad,1.0558097,1154,0.12824957,,23.58,11,7,2.14363636,,20.43327556,,,,0,,,,,2026-01-01,2026-05-25
"[C] [LM - TESTE] [ABO]",AD2,"Influ Vitoria - Vm",engaged,not_delivering,ad,1.27041943,1151,0.21372719,,47.88200595,42,28,1.14004776,,41.60035269,,,,0,,,,,2026-01-01,2026-05-25
"[C] [LM - TESTE] [ABO]","AD - BOFU — Cópia","teste publico novo - bid",prospecting,not_delivering,ad,1.2935883,1150,0.02608696,,35.39,15,12,2.35933333,,30.77391304,,,4,0,,,,,2026-01-01,2026-05-25
"[C] [JEJOOM] [CBO]","AD - MORGANA TOFU — Cópia",[RMK],existing,inactive,ad,1.26263736,1149,0.07136641,,11.09421222,10,6,1.10942122,,9.65553718,,,,0,,,,,2026-01-01,2026-05-25
"[C] [LM - TESTE] [ABO]","ADS 3","Evelyn Regly - LM",existing,not_delivering,ad,1.5,1146,0.19895288,,32.56303816,8,4,4.07037977,,28.41451847,,,,0,,,,,2026-01-01,2026-05-25
"[C] [LM - PRINCIPAL][EX. BASE] [ADV. +] [CBO]","AD - EVELYN","[AQUISIÇÃO]  [ADV. +]",engaged,inactive,ad,1.27282851,1143,0.20122485,,38.59848402,11,10,3.50895309,,33.76945233,,,1,0,,,,,2026-01-01,2026-05-25
"[C] [VARIOS PRODUTO] [ABO] [BID]","ADS 2 - MOFU","[VINAGRE] [RMKT]",prospecting,inactive,ad,1.2340195,1139,0.45302897,,78.48,30,23,2.616,,68.90254609,,,1,0,,,,,2026-01-01,2026-05-25
"[C] [TONS] [PB DR]",tons_dr-ursinho-melasma2-13-10-2025,"LP NOVA",existing,inactive,ad,1.50928382,1138,0.41300527,,55.13,119,62,0.46327731,,48.44463972,"Compras no site",55.13,3,0.00840336,1,5.38563396,"Valor de conversão da compra no site",296.91,2026-01-01,2026-05-25
"[C] [LM - RMKT] [ADV. ABO]","AD - LUCIANA TOFU — Cópia","[RMKT PB FECHADO]",existing,inactive,ad,1.05180389,1137,0.26473175,,46.96,14,13,3.35428571,,41.30167106,,,,0,,,,,2026-01-01,2026-05-25
"[C] [LM - RMKT] [ADV. ABO]","AD - BOFU — Cópia","[RMKT PB FECHADO]",existing,active,ad,1.12599206,1135,0.10220264,,22.45,12,7,1.87083333,,19.77973568,,,1,0,,,,,2026-01-01,2026-05-25
"[C] [LM - TESTE] [ABO]","AD - LIS — Cópia","Conj - Vm",prospecting,inactive,ad,1.31062356,1135,0.27136564,,71.06,8,7,8.8825,,62.60792952,,,1,0,,,,,2026-01-01,2026-05-25
"[C] [LM - TESTE] [ABO]","AD - MOFU ANA ELISA — Cópia","[TESTE PB FECHADO ANA ELISA]",engaged,active,ad,1.29472477,1129,0.17803366,,38.12081371,23,16,1.65742668,,33.765114,"Compras no site",38.12081371,1,0.04347826,1,6.62735066,"Valor de conversão da compra no site",252.64,2026-01-01,2026-05-25
"[C] [LM - TESTE] [ABO]","AD 1 DAI","[DAI - DUDA - ANA]",engaged,active,ad,1.28587699,1129,0.33303809,,31.45372882,28,22,1.12334746,,27.85981295,,,,0,,,,,2026-01-01,2026-05-25
"[C] [TONS] [PB DR]","AD - DR URSINHO 18-05","[PUBLICO ENG.] [DR]",engaged,inactive,ad,1.06641366,1124,0.38701068,,45.08287255,17,7,2.65193368,,40.10931722,"Compras no site",45.08287255,1,0.05882353,1,10.9764523,"Valor de conversão da compra no site",494.85,2026-01-01,2026-05-25
"[C] [LM - RMKT] [ADV. ABO]","AD - NIVER 6","[RMKT LARANJA MORO-REATIVAÇÃO BASE QUENTE]",prospecting,not_delivering,ad,1.20493562,1123,0.17898486,,58.92,18,14,3.27333333,,52.4666073,"Compras no site",58.92,2,0.05555556,1,5.05600815,"Valor de conversão da compra no site",297.9,2026-01-01,2026-05-25
"[C] [LM - TESTE] [ABO]","ADS 1","Influ Luciana",existing,not_delivering,ad,1.51761518,1120,0.13214286,,20.54,4,3,5.135,,18.33928571,"Compras no site",20.54,1,0.25,1,9.16991237,"Valor de conversão da compra no site",188.35,2026-01-01,2026-05-25
"[C] [LM - TESTE] [ABO]","AD1 - Flexivel","Influ Lari - Jejoom",engaged,not_delivering,ad,1.29214781,1119,0.23145666,,27.53,19,21,1.44894737,,24.6023235,"Compras no site",27.53,3,0.05263158,1,5.1413004,"Valor de conversão da compra no site",141.54,2026-01-01,2026-05-25
"[C] [JEJOOM] [CBO]","AD - NIVER",[RMK],existing,inactive,ad,1.59857143,1119,0,,21.8,14,13,1.55714286,,19.48168007,,,2,0,,,,,2026-01-01,2026-05-25
"[C] [VARIOS PRODUTO] [ABO] [BID]","AD - BOFU RMKT54 17-05","[TRIO MAG] [RMKT]",existing,not_delivering,ad,1.19635193,1115,0.00089686,,32.88,16,11,2.055,,29.48878924,"Compras no site",32.88,1,0.0625,1,13.90754258,"Valor de conversão da compra no site",457.28,2026-01-01,2026-05-25
"[C] [LM - TESTE] [ABO]","ADS - LARI 7","Influ Lari - Jejoom",prospecting,not_delivering,ad,1.06724304,1111,0.30693069,,33.73,10,9,3.373,,30.360036,,,,0,,,,,2026-01-01,2026-05-25
"[C] [LM - TESTE] [ABO]",AD2,"Influ Dani Arte - Lm",existing,not_delivering,ad,1.66315789,1106,0,,38.79,7,6,5.54142857,,35.07233273,,,2,0,,,,,2026-01-01,2026-05-25
"[C] [JEJOOM] [CBO]","AD - MORGANA","[CAMPANHA AQUISIÇÃO]",engaged,inactive,ad,1.31742243,1104,0.21557971,,18.8517773,13,5,1.45013672,,17.07588523,,,2,0,,,,,2026-01-01,2026-05-25
"[C] [VARIOS PRODUTO] [ABO] [BID]","AD - JESSICA","[DIGESTINO] [RMKT]",existing,not_delivering,ad,1.25828571,1101,0.4386921,,45.59,91,62,0.50098901,,41.40781108,,,2,0,,,,,2026-01-01,2026-05-25
"[C] [LM - TESTE] [ABO]","ADS - LARI 7","Influ Lari - Jejoom",existing,not_delivering,ad,1.144641,1100,0.32454545,,52.21,10,8,5.221,,47.46363636,,,1,0,,,,,2026-01-01,2026-05-25
"[C] [TONS] [PB DR]","AD - TOFU 2","TONS TESTE",existing,not_delivering,ad,1.36861768,1099,0.1810737,,52.02039104,17,5,3.060023,,47.33429576,,,4,0,,,,,2026-01-01,2026-05-25
"[C] [VARIOS PRODUTO] [ABO] [BID]","AD - NIVER",--,existing,archived,ad,1.34394125,1098,0,,50.02,11,8,4.54727273,,45.55555556,"Compras no site",50.02,2,0.09090909,1,5.46861255,"Valor de conversão da compra no site",273.54,2026-01-01,2026-05-25
"[C] [VARIOS PRODUTO] [ABO] [BID]","AD - MOFU MARCELA 17-05","[VINAGRE] [RMKT]",engaged,inactive,ad,1.34525277,1091,0.3116407,,23.44,100,65,0.2344,,21.48487626,"Compras no site",23.44,4,0.01,1,14.33105802,"Valor de conversão da compra no site",335.92,2026-01-01,2026-05-25
"[C] [VARIOS PRODUTO] [ABO] [BID]",ADS,"[COENZIMA] [RMKT]",existing,not_delivering,ad,1.51882845,1089,0.47199265,,29.24,74,8,0.39513514,,26.8503214,,,,0,,,,,2026-01-01,2026-05-25
"[C] [LM - RMKT] [ADV. ABO]","AD - RMK NIVER 4 — Cópia","[RMKT LARANJA MORO-REATIVAÇÃO BASE QUENTE]",prospecting,inactive,ad,1.2551963,1087,0.11775529,,32.87,9,8,3.65222222,,30.23919043,"Compras no site",32.87,1,0.11111111,1,4.66321874,"Valor de conversão da compra no site",153.28,2026-01-01,2026-05-25
"[C] [LM - TESTE] [ABO]","ADS 1","Influ Raiza - VM",prospecting,not_delivering,ad,1.21117318,1084,0.15867159,,20.08,8,7,2.51,,18.52398524,"Compras no site",20.08,4,0.125,1,13.43974104,"Valor de conversão da compra no site",269.87,2026-01-01,2026-05-25
"[C] [LM - TESTE] [ABO]",AD1,"Influ Dani Arte - Lm",existing,not_delivering,ad,1.37436548,1083,0,,24.57,2,1,12.285,,22.68698061,,,1,0,,,,,2026-01-01,2026-05-25
"[C] [LM - PRINCIPAL][EX. BASE] [ADV. +] [CBO]","AD1 — Cópia","LP 1 - TOPO TONS",existing,archived,ad,1.23482245,1078,0,,21.86,4,2,5.465,,20.27829314,,,,0,,,,,2026-01-01,2026-05-25
"[C] [LM - TESTE] [ABO]","AD - RMK  EVELYN 18-05 PERFIL DENA",EVELIN,existing,active,ad,1.14042553,1072,0.00093284,,26.67905193,5,4,5.33581039,,24.88717531,"Compras no site",26.67905193,1,0.2,1,10.70277912,"Valor de conversão da compra no site",285.54,2026-01-01,2026-05-25
"[C] [JEJOOM] [CBO]","ARTE 1 20-10-2025 DENAVITA","[CAMPANHA AQUISIÇÃO]",existing,inactive,ad,1.44145357,1071,0,,35.82,12,9,2.985,,33.44537815,"Compras no site",17.91,3,0.16666667,2,13.18425461,"Valor de conversão da compra no site",472.26,2026-01-01,2026-05-25
"[C] [LM - TESTE] [ABO]",AD7,"Arte - Organica Tons ###",existing,inactive,ad,1.38311688,1065,0,,18.87,4,3,4.7175,,17.71830986,,,1,0,,,,,2026-01-01,2026-05-25
"[C] [LM - TESTE] [ABO]",AD3,"Influ Dani Arte - Lm",existing,not_delivering,ad,1.55021834,1065,0,,15.82,4,3,3.955,,14.85446009,,,1,0,,,,,2026-01-01,2026-05-25
"[C] [VARIOS PRODUTO] [ABO] [BID]","AD - RMKT","[COENZIMA] [RMKT]",prospecting,inactive,ad,1.19148936,1064,0.00093985,,17.31,4,3,4.3275,,16.26879699,,,,0,,,,,2026-01-01,2026-05-25
"[C] [LM - TESTE] [ABO]","AD - RMK  EVELYN 18-05 PERFIL DENA — Cópia — Cópia","[BM JADE]",engaged,inactive,ad,1.17386489,1060,0.0009434,,11.55,9,4,1.28333333,,10.89622642,"Compras no site",11.55,,0.11111111,1,14.4,"Valor de conversão da compra no site",166.32,2026-01-01,2026-05-25
"[C] [LM - TESTE] [ABO]","ADS - INFLU ANA ELISA","teste aquisição ate dia 15  - Lm",engaged,inactive,ad,1.30493827,1057,0.14664144,,18.16,15,8,1.21066667,,17.18070009,,,1,0,,,,,2026-01-01,2026-05-25
"[C] [LM - TESTE] [ABO]","AD - JADE TOFU 19-05 BM JADE + DENA — Cópia — Cópia","[TESTE PB FECHADO JADE]",existing,active,ad,1.26570048,1048,0.14599237,,19.58344855,11,6,1.7803135,,18.68649671,"Compras no site",19.58344855,,0.09090909,1,12.57796855,"Valor de conversão da compra no site",246.32,2026-01-01,2026-05-25
"[C] [LM - PRINCIPAL][EX. BASE] [ADV. +] [CBO]","AD - MOFU ISA NOGUEIRA  REFAÇÃO 17-05 — Cópia","[EXCLUSÃO BASE] [ADV. +]",engaged,inactive,ad,1.23167849,1042,0.24472169,,26.74,44,31,0.60772727,,25.6621881,"Compras no site",26.74,3,0.02272727,1,7.1776365,"Valor de conversão da compra no site",191.93,2026-01-01,2026-05-25
"[C] [LM - TESTE] [ABO]","ad - 1","Conj - Melato",prospecting,not_delivering,ad,1.25845411,1042,0.26295585,,15.97,5,5,3.194,,15.32629559,,,,0,,,,,2026-01-01,2026-05-25
"[C] [LM - TESTE] [ABO]","AD2 — Cópia","[TOFU] [TIK + ORG ] [ABERTO]",engaged,inactive,ad,1.16573348,1041,0,,23.68826383,11,6,2.15347853,,22.75529667,,,,0,,,,,2026-01-01,2026-05-25
"[C] [LM - PRINCIPAL][EX. BASE] [ADV. +] [CBO]","AD - LEMOS MOFU","[EXCLUSÃO BASE] [ADV. +]",engaged,inactive,ad,1.2326969,1033,0.24491772,,22.14393833,11,7,2.0130853,,21.43653275,,,1,0,,,,,2026-01-01,2026-05-25
"[C] [LM - TESTE] [ABO]","ADS 4","teste publico novo - bid",prospecting,not_delivering,ad,1.19053118,1031,0.16876819,,26.81211938,14,11,1.91515138,,26.00593539,,,,0,,,,,2026-01-01,2026-05-25
"[C] [LM - TESTE] [ABO]","ADS 2","Influ Raiza 2",engaged,not_delivering,ad,1.45275035,1030,0.16990291,,27.92,3,2,9.30666667,,27.10679612,"Compras no site",27.92,,0.33333333,1,6.02507163,"Valor de conversão da compra no site",168.22,2026-01-01,2026-05-25
"[C] [LM - TESTE] [ABO]","AD - 9","[TOFU] [TIK TOK] [EXCLUSAÕ BASE] [BID 60] - TESTE ATÉ 20-05",prospecting,not_delivering,ad,1.17485714,1028,0.11381323,,7.93,4,,1.9825,,7.71400778,,,,0,,,,,2026-01-01,2026-05-25
"[C] [LM - RMKT] [ADV. ABO]","AD - JADE TOFU 19-05 BM JADE + DENA — Cópia — Cópia — Cópia","[RMKT LARANJA MORO-REATIVAÇÃO BASE QUENTE]",engaged,inactive,ad,1.2409201,1025,0.13658537,,22.42,4,2,5.605,,21.87317073,,,,0,,,,,2026-01-01,2026-05-25
"[C] [LM - TESTE] [ABO]","ADS - INFLU ANA ELISA 3","teste aquisição ate dia 15  - Lm",prospecting,inactive,ad,1.30798969,1015,0.16748768,,21.79,2,,10.895,,21.4679803,,,,0,,,,,2026-01-01,2026-05-25
"[C] [LM - TESTE] [ABO]","AD - ALESSANDRA KIT","Influ turbo - Vm teste ate 16-04",prospecting,not_delivering,ad,1.21875,1014,0.23767258,,49.21,10,10,4.921,,48.53057199,,,1,0,,,,,2026-01-01,2026-05-25
"[C] [LM - TESTE] [ABO]",AD1,"Influ Marcela Jacaré - Vm",prospecting,archived,ad,1.13116592,1009,0.29534192,,50.74157978,12,7,4.22846498,,50.28897896,,,2,0,,,,,2026-01-01,2026-05-25
"[C] [LM - TESTE] [ABO]","ADS 2 - SABRINA","Influ Sabrina 2 - Lm",engaged,archived,ad,1.22954823,1007,0.19662363,,32.82,13,7,2.52461538,,32.591857,"Compras no site",32.82,2,0.07692308,1,3.17489336,"Valor de conversão da compra no site",104.2,2026-01-01,2026-05-25
"[C] [TONS] [PB DR]","tons2_rmkt_01-09-2025 — Cópia","[PUBLICO ENG.] [DR]",engaged,archived,ad,1.13048369,1005,0,,34.61,13,9,2.66230769,,34.43781095,,,3,0,,,,,2026-01-01,2026-05-25
"[C] [LM - TESTE] [ABO]","AD - BOFU — Cópia","teste publico novo - bid",existing,not_delivering,ad,1.36227951,1004,0.01195219,,35.04,10,8,3.504,,34.90039841,,,,0,,,,,2026-01-01,2026-05-25
"[C] [LM - PRINCIPAL][EX. BASE] [ADV. +] [CBO]",AD1,"TESTE RACHEL ATE 21-03",prospecting,archived,ad,1.1942446,996,0.15060241,,31.3,7,6,4.47142857,,31.42570281,,,,0,,,,,2026-01-01,2026-05-25
"[C] [JEJOOM] [CBO]","AD - MORGANA TOFU","[CAMPANHA AQUISIÇÃO]",prospecting,inactive,ad,1.25188917,994,0.15090543,,28.82,5,5,5.764,,28.99396378,,,2,0,,,,,2026-01-01,2026-05-25
"[C] [LM - TESTE] [ABO]","ADS 2","Influ Raiza - VM",existing,not_delivering,ad,1.3660221,989,0.14357937,,18.74,10,7,1.874,,18.94843276,,,3,0,,,,,2026-01-01,2026-05-25
"[C] [LM - PRINCIPAL][EX. BASE] [ADV. +] [CBO]","AD - TOFU","[AQUISIÇÃO]  [ADV. +]",engaged,inactive,ad,1.33243243,986,0.43813387,,27.51,113,80,0.24345133,,27.90060852,,,2,0,,,,,2026-01-01,2026-05-25
"[C] [LM - TESTE] [ABO]","ADS - INFLU ANA ELISA 2","teste aquisição ate dia 15  - Lm",prospecting,inactive,ad,1.11464245,982,0.20366599,,26.23,7,3,3.74714286,,26.7107943,,,2,0,,,,,2026-01-01,2026-05-25
"[C] [LM - RMKT] [ADV. ABO]","AD - LEVE 3 PAGUE 2 — Cópia","[RMKT PB FECHADO]",engaged,active,ad,1.20073439,981,0,,13.96532397,11,7,1.26957491,,14.23580425,,,1,0,,,,,2026-01-01,2026-05-25
"[C] [LM - TESTE] [ABO]","ADS 2","Varias Influs - VM",existing,inactive,ad,1.16067146,968,0.12706612,,27.69,6,4,4.615,,28.6053719,,,1,0,,,,,2026-01-01,2026-05-25
"[C] [LM - TESTE] [ABO]","Criativo Versão 2 - Jade","Influ Jade",existing,archived,ad,1.11047181,965,0.20310881,,32.28,9,6,3.58666667,,33.4507772,"Compras no site",32.28,5,0.11111111,1,4.75650558,"Valor de conversão da compra no site",153.54,2026-01-01,2026-05-25
"[C] [LM - TESTE] [ABO]","AD - DANI TOFU 1","[BOFU] [ADV+ ABERTO] [ESTATICO]",prospecting,not_delivering,ad,1,962,0.16216216,,6.05,1,,6.05,,6.28898129,,,,0,,,,,2026-01-01,2026-05-25
"[C] [LM - TESTE] [ABO]",AD4,"Influ Lari - Jejoom",prospecting,not_delivering,ad,1.13862559,961,0.27679501,,34.26,18,6,1.90333333,,35.6503642,"Compras no site",34.26,2,0.05555556,1,10.1821366,"Valor de conversão da compra no site",348.84,2026-01-01,2026-05-25
"[C] [VARIOS PRODUTO] [ABO] [BID]","AD - BOFU RMKT4 17-05","[INOSITOL] [RMKT]",existing,not_delivering,ad,1.39592431,959,0.00208551,,30.57,14,10,2.18357143,,31.87695516,"Compras no site",30.57,,0.07142857,1,3.12005234,"Valor de conversão da compra no site",95.38,2026-01-01,2026-05-25
"[C] [LM - TESTE] [ABO]","ADS 1","Influ Luciana",engaged,not_delivering,ad,1.32503458,958,0.11064718,,15.88,,,,,16.57620042,,,,,,,,,2026-01-01,2026-05-25
"[C] [JEJOOM] [CBO]","AD - NIVER","[CAMPANHA AQUISIÇÃO]",engaged,inactive,ad,1.57660626,957,0,,23.88552735,12,9,1.99046061,,24.95875376,,,,0,,,,,2026-01-01,2026-05-25
"[C] [LM - RMKT] [ADV. ABO]","AD - MOFU EVELYN  REFAÇÃO 17-05","[RMKT LARANJA MORO-REATIVAÇÃO BASE QUENTE]",prospecting,active,ad,1.12485277,955,0.36020942,,35.09,21,12,1.67095238,,36.7434555,,,1,0,,,,,2026-01-01,2026-05-25
"[C] [LM - TESTE] [ABO]",AD3,"[BOFU] [ADV+ ABERTO] [ESTATICO]",engaged,inactive,ad,1.34985836,953,0.12906611,,10.35879141,22,9,0.47085416,,10.8696657,,,,0,,,,,2026-01-01,2026-05-25
"[C] [LM - TESTE] [ABO]",AD4,"Influ Lari - Jejoom",existing,not_delivering,ad,1.22987013,947,0.2280887,,27.75,14,7,1.98214286,,29.3030623,,,3,0,,,,,2026-01-01,2026-05-25
"[C] [LM - TESTE] [ABO]","AD - 3","[TOFU] [TIK TOK] [EXCLUSAÕ BASE] [BID 60] - TESTE ATÉ 20-05",engaged,not_delivering,ad,1.24473684,946,0.24312896,,7.82,14,4,0.55857143,,8.26638478,,,1,0,,,,,2026-01-01,2026-05-25
"[C] [LM - TESTE] [ABO]",ADS2,"Influ Sabrina - Vm [Teste até 13-03]",prospecting,archived,ad,1.08660508,941,0.25929862,,34.73,18,15,1.92944444,,36.90754516,,,1,0,,,,,2026-01-01,2026-05-25
"[C] [LM - TESTE] [ABO]",ADS4,"Influ Sabrina - Vm [Teste até 13-03]",prospecting,archived,ad,1.11137441,938,0.34328358,,59.96,20,14,2.998,,63.92324094,,,3,0,,,,,2026-01-01,2026-05-25
"[C] [LM - TESTE] [ABO]","ADS 2","Varias Influs - VM",prospecting,inactive,ad,1.11899038,931,0.16541353,,32.23,17,13,1.89588235,,34.61868958,,,1,0,,,,,2026-01-01,2026-05-25
"[C] [VARIOS PRODUTO] [ABO] [BID]","ADS - BRUNA 1 — Cópia","[DIGESTINO] [RMKT]",existing,not_delivering,ad,1.22696929,919,0.16757345,,40.1,9,6,4.45555556,,43.6343852,"Compras no site",20.05,1,0.22222222,2,15.07007481,"Valor de conversão da compra no site",604.31,2026-01-01,2026-05-25
"[C] [LM - TESTE] [ABO]","AD -2","[TOFU] [TIK TOK] [EXCLUSAÕ BASE] [BID 60] - TESTE ATÉ 20-05",prospecting,not_delivering,ad,1.145,916,0.17358079,,10.56,5,5,2.112,,11.52838428,,,1,0,,,,,2026-01-01,2026-05-25
"[C] [LM - TESTE] [ABO]","ADS 3","Influ Evelyn - Vm",prospecting,not_delivering,ad,1.14968553,914,0.14113786,,20.44,10,8,2.044,,22.36323851,,,4,0,,,,,2026-01-01,2026-05-25
"[C] [LM - TESTE] [ABO]",AD1,"Influ Mi Ruback - Lm",engaged,not_delivering,ad,1.25412088,913,0.34392114,,52.6,42,15,1.25238095,,57.61226725,"Compras no site",52.6,3,0.02380952,1,3.64714829,"Valor de conversão da compra no site",191.84,2026-01-01,2026-05-25
"[C] [JEJOOM] [CBO]","AD1 - LARI","[CAMPANHA AQUISIÇÃO]",engaged,inactive,ad,1.4256651,911,0.16136114,,17.62,10,9,1.762,,19.3413831,,,4,0,,,,,2026-01-01,2026-05-25
"[C] [LM - TESTE] [ABO]",AD3,"Influ Vitoria - Vm",prospecting,not_delivering,ad,1.0969697,905,0.15801105,,15.64993259,6,3,2.6083221,,17.2927432,,,2,0,,,,,2026-01-01,2026-05-25
"[C] [JEJOOM] [CBO]","AD - MORGANA TOFU — Cópia",[RMK],existing,inactive,ad,1.22162162,904,0.08628319,,13.17,8,2,1.64625,,14.56858407,,,,0,,,,,2026-01-01,2026-05-25
"[C] [LM - TESTE] [ABO]",AD3,"Adeli - Lm e Vm",engaged,not_delivering,ad,1.26939351,900,0.21555556,,45.72,12,7,3.81,,50.8,,,1,0,,,,,2026-01-01,2026-05-25
"[C] [LM - TESTE] [ABO]","AD - NIVER 5","[HIBRIDO] [ESTATICO ORG.] [BID 60]",engaged,inactive,ad,1.26375176,896,0,,8.2,8,5,1.025,,9.15178571,,,,0,,,,,2026-01-01,2026-05-25
"[C] [LM - TESTE] [ABO]","AD - JADE TOFU 19-05 BM JADE + DENA — Cópia","[TESTE PB FECHADO JADE]",prospecting,active,ad,1.08606061,896,0.11160714,,12.54502566,3,1,4.18167522,,14.00114471,"Compras no site",12.54502566,,0.33333333,1,7.69149483,"Valor de conversão da compra no site",96.49,2026-01-01,2026-05-25
"[C] [LM - TESTE] [ABO]",ADS0,"Influ Mi Ruback - Lm",existing,archived,ad,1.46405229,896,0.24330357,,21.7,29,11,0.74827586,,24.21875,,,5,0,,,,,2026-01-01,2026-05-25
"[C] [LM - PRINCIPAL][EX. BASE] [ADV. +] [CBO]","Video-Rmkt-DaniWinits — Cópia","LP - 1",existing,archived,ad,1.26056338,895,0.07486034,,27.32,13,7,2.10153846,,30.52513966,,,2,0,,,,,2026-01-01,2026-05-25
"[C] [LM - TESTE] [ABO]","AD3 -","[HIBRIDO] [ESTATICO ORG.] [BID 60]",prospecting,inactive,ad,1.08484848,895,0.13184358,,10.04,6,4,1.67333333,,11.21787709,,,,0,,,,,2026-01-01,2026-05-25
"[C] [VARIOS PRODUTO] [ABO] [BID]","AD - BOFU RMKT3 17-05","[INOSITOL] [RMKT]",existing,not_delivering,ad,1.22971114,894,0.00111857,,26.98,25,21,1.0792,,30.17897092,,,0,0,,,,,2026-01-01,2026-05-25
"[C] [LM - PRINCIPAL][EX. BASE] [ADV. +] [CBO]","AD - EVELYN","[AQUISIÇÃO]  [ADV. +]",existing,inactive,ad,1.34135338,892,0.15022422,,27.27772751,17,13,1.60457221,,30.58041201,,,1,0,,,,,2026-01-01,2026-05-25
"[C] [LM - TESTE] [ABO]","AD - 3","[TOFU] [TIK TOK] [EXCLUSAÕ BASE] [BID 60] - TESTE ATÉ 20-05",prospecting,not_delivering,ad,1.27065527,892,0.22309417,,7.09,8,3,0.88625,,7.94843049,,,,0,,,,,2026-01-01,2026-05-25
"[C] [LM - TESTE] [ABO]",ADS5,"Influ Morgana - Jejoom",existing,inactive,ad,1.188251,890,0.21235955,,30.97,14,9,2.21214286,,34.79775281,,,2,0,,,,,2026-01-01,2026-05-25
"[C] [LM - RMKT] [ADV. ABO]","AD - LUCIANA TOFU — Cópia","[RMKT PB FECHADO]",engaged,inactive,ad,1.06755127,885,0.30621469,,28.91,18,14,1.60611111,,32.66666667,"Compras no site",28.91,2,0.05555556,1,6.47215496,"Valor de conversão da compra no site",187.11,2026-01-01,2026-05-25
"[C] [TONS] [PB DR]","tons2_rmkt_01-09-2025 — Cópia","[PUBLICO ENG.] [DR]",existing,archived,ad,1.25176803,885,0,,27.41,7,7,3.91571429,,30.97175141,"Compras no site",27.41,2,0.14285714,1,6.16636264,"Valor de conversão da compra no site",169.02,2026-01-01,2026-05-25
"[C] [LM - TESTE] [ABO]","ADS 3 - SABRINA","Influ Sabrina 2 - Lm",engaged,archived,ad,1.2625538,880,0.21931818,,19.77,18,12,1.09833333,,22.46590909,,,4,0,,,,,2026-01-01,2026-05-25
"[C] [LM - TESTE] [ABO]","ADS 3 - Duda","Influ Duda - Lm",existing,archived,ad,2.08293839,879,0.08759954,,12.26,4,3,3.065,,13.9476678,,,1,0,,,,,2026-01-01,2026-05-25
"[C] [TONS] [PB DR]","ADS - MEIO 13-02-2026","LP NOVA",existing,not_delivering,ad,1.06837607,875,0.31085714,,33.87,13,,2.60538462,,38.70857143,"Compras no site",16.935,4,0.15384615,2,12.62474166,"Valor de conversão da compra no site",427.6,2026-01-01,2026-05-25
"[C] [LM - TESTE] [ABO]",ADS1,"Influ Morgana - Jejoom",existing,inactive,ad,1.20385675,874,0.23340961,,21.55,15,12,1.43666667,,24.65675057,,,,0,,,,,2026-01-01,2026-05-25
"[C] [LM - TESTE] [ABO]",AD1,"Influ Mi Ruback - Lm",existing,not_delivering,ad,1.22946176,868,0.32373272,,45.75,42,25,1.08928571,,52.70737327,,,3,0,,,,,2026-01-01,2026-05-25
"[C] [VARIOS PRODUTO] [ABO] [BID]","AD - TOFU — Cópia — Cópia","[VINAGRE] [RMKT]",prospecting,active,ad,1.25433526,868,0.20391705,,12.02140881,11,10,1.09285535,,13.84954932,"Compras no site",12.02140881,,0.09090909,1,6.68889988,"Valor de conversão da compra no site",80.41,2026-01-01,2026-05-25
"[C] [TONS] [PB DR]","AD1 - VERAO — Cópia","LP NOVA",engaged,inactive,ad,1.51483421,868,0,,24.28345768,9,4,2.69816196,,27.97633373,"Compras no site",24.28345768,2,0.11111111,1,12.22684199,"Valor de conversão da compra no site",296.91,2026-01-01,2026-05-25
"[C] [JEJOOM] [CBO]","AD5 - ORGANICO","[CAMPANHA AQUISIÇÃO]",engaged,inactive,ad,1.21940928,867,0,,19.69,9,8,2.18777778,,22.71049596,,,2,0,,,,,2026-01-01,2026-05-25
"[C] [JEJOOM] [CBO]","AD - RAIZA",[RMK],existing,inactive,ad,1.41940789,863,0.15179606,,13,2,1,6.5,,15.06373117,,,1,0,,,,,2026-01-01,2026-05-25
"[C] [LM - PRINCIPAL][EX. BASE] [ADV. +] [CBO]","ADS - KAMILI","[AQUISIÇÃO]  [ADV. +]",engaged,inactive,ad,1.20857143,846,0.15130024,,22.28,22,12,1.01272727,,26.3356974,"Compras no site",22.28,1,0.04545455,1,5.32675045,"Valor de conversão da compra no site",118.68,2026-01-01,2026-05-25
"[C] [LM - PRINCIPAL][EX. BASE] [ADV. +] [CBO]","AD - DANI TOFU","[EXCLUSÃO BASE] [ADV. +]",engaged,active,ad,1.19688385,845,0.27573964,,13.8129089,12,6,1.15107574,,16.34663775,,,,0,,,,,2026-01-01,2026-05-25
"[C] [LM - TESTE] [ABO]",AD2,"Adeli - Lm e Vm",prospecting,not_delivering,ad,1.07170294,837,0.2520908,,32.83,5,1,6.566,,39.22341697,,,1,0,,,,,2026-01-01,2026-05-25
"[C] [LM - TESTE] [ABO]","AD - 6","[MOFU] [TIK TOK] - TESTE ATÉ 20-05",existing,not_delivering,ad,1.31962025,834,0.51079137,,50.69,89,56,0.56955056,,60.7793765,,,1,0,,,,,2026-01-01,2026-05-25
"[C] [LM - TESTE] [ABO]","AD - MOFU — Cópia","Lm Perfil Novo",engaged,not_delivering,ad,3.23346304,831,0.84476534,,9.93,391,268,0.02539642,,11.94945848,,,,0,,,,,2026-01-01,2026-05-25
"[C] [LM - TESTE] [ABO]","AD - EVELYN","[TESTE PB FECHADO]",prospecting,inactive,ad,1.14640884,830,0,,20.49,7,4,2.92714286,,24.68674699,,,2,0,,,,,2026-01-01,2026-05-25
"[C] [TONS] [PB DR]",tons_dr-ursinho_video-reels_10-07-2025_esse-foi-produto-que-a-mamae,"LP NOVA",existing,inactive,ad,1.41538462,828,0.31763285,,27.46,56,21,0.49035714,,33.16425121,,,1,0,,,,,2026-01-01,2026-05-25
"[C] [LM - TESTE] [ABO]","AD - RMK  EVELYN 18-05 PERFIL DENA — Cópia — Cópia","[TESTE PB FECHADO]",prospecting,active,ad,1.12038304,819,0,,14.63,6,4,2.43833333,,17.86324786,,,1,0,,,,,2026-01-01,2026-05-25
"[C] [LM - TESTE] [ABO]",AD1,"Influ Vitoria - Vm",engaged,not_delivering,ad,1.26194145,819,0.23565324,,23.99,27,19,0.88851852,,29.29181929,,,,0,,,,,2026-01-01,2026-05-25
"[C] [JEJOOM] [CBO]","AD - RMKT",[RMK],engaged,inactive,ad,1.59251969,809,0,,14.49,4,3,3.6225,,17.91100124,,,,0,,,,,2026-01-01,2026-05-25
"[C] [LM - RMKT] [ADV. ABO]","AD - PAM MOFU","[RMKT LARANJA MORO-REATIVAÇÃO BASE QUENTE]",engaged,not_delivering,ad,1.13043478,806,0.18610422,,28.35,11,12,2.57727273,,35.17369727,,,1,0,,,,,2026-01-01,2026-05-25
"[C] [LM - PRINCIPAL][EX. BASE] [ADV. +] [CBO]","ADS - KAMILI","[AQUISIÇÃO]  [ADV. +]",existing,inactive,ad,1.29213483,805,0.22608696,,23.66,17,8,1.39176471,,29.39130435,,,,0,,,,,2026-01-01,2026-05-25
"[C] [LM - TESTE] [ABO]","AD - RMK  EVELYN 18-05 PERFIL DENA — Cópia — Cópia — Cópia","[TESTE PB FECHADO JADE]",existing,active,ad,1.15683453,804,0.00124378,,9.72648019,3,1,3.24216006,,12.09761217,,,,0,,,,,2026-01-01,2026-05-25
"[C] [LM - RMKT] [ADV. ABO]","ADS - DUDA","[RMKT LARANJA MORO-REATIVAÇÃO BASE QUENTE]",prospecting,inactive,ad,1.06208719,804,0.14427861,,18.93,13,8,1.45615385,,23.54477612,,,,0,,,,,2026-01-01,2026-05-25
"[C] [LM - PRINCIPAL][EX. BASE] [ADV. +] [CBO]","ADS - DUDA","[AQUISIÇÃO]  [ADV. +]",engaged,inactive,ad,1.37865749,801,0.18851436,,19.2,28,17,0.68571429,,23.97003745,,,3,0,,,,,2026-01-01,2026-05-25
"[C] [LM - RMKT] [ADV. ABO]","AD - PAM MOFU 2","[RMKT LARANJA MORO-REATIVAÇÃO BASE QUENTE]",engaged,not_delivering,ad,1.13086771,795,0.19874214,,25.14,10,6,2.514,,31.62264151,,,1,0,,,,,2026-01-01,2026-05-25
"[C] [LM - TESTE] [ABO]",AD5,"Influ Lari - Jejoom",prospecting,not_delivering,ad,1.15395894,787,0.19440915,,22.26,7,3,3.18,,28.28462516,,,4,0,,,,,2026-01-01,2026-05-25
"[C] [VARIOS PRODUTO] [ABO] [BID]","ADS - SABRINA","[VINAGRE] [RMKT]",existing,inactive,ad,1.29353234,780,0.31923077,,49.66,17,5,2.92117647,,63.66666667,"Compras no site",49.66,,0.05882353,1,5.43958921,"Valor de conversão da compra no site",270.13,2026-01-01,2026-05-25
"[C] [VARIOS PRODUTO] [ABO] [BID]","AD - TOFU","[VINAGRE] [RMKT]",existing,inactive,ad,1.24519231,777,0.2972973,,16.52,22,11,0.75090909,,21.26126126,,,,0,,,,,2026-01-01,2026-05-25
"[C] [LM - TESTE] [ABO]","AD - MOFU ANA ELISA — Cópia","[TESTE PB FECHADO ANA ELISA]",existing,active,ad,1.16341829,776,0.16237113,,23.92041713,9,3,2.65782413,,30.82527981,"Compras no site",23.92041713,1,0.11111111,1,6.95305601,"Valor de conversão da compra no site",166.32,2026-01-01,2026-05-25
"[C] [LM - PRINCIPAL][EX. BASE] [ADV. +] [CBO]","Video-Rmkt-DaniWinits — Cópia","LP - 1",engaged,archived,ad,1.16590563,766,0.10704961,,23.6,17,11,1.38823529,,30.80939948,,,1,0,,,,,2026-01-01,2026-05-25
"[C] [LM - TESTE] [ABO]",ADS4,"Influ Sabrina - Vm [Teste até 13-03]",existing,archived,ad,1.16133942,763,0.33158585,,57.93,11,8,5.26636364,,75.92398427,"Compras no site",57.93,3,0.09090909,1,3.78422234,"Valor de conversão da compra no site",219.22,2026-01-01,2026-05-25
"[C] [LM - PRINCIPAL][EX. BASE] [ADV. +] [CBO]","ADS - ANA ELISA 2","LP - TOPO LM",prospecting,archived,ad,1.25662252,759,0.11330698,,13.07,2,,6.535,,17.22002635,,,,0,,,,,2026-01-01,2026-05-25
"[C] [JEJOOM] [CBO]","AD - LARISSA TOFU",[RMK],engaged,inactive,ad,1.18068536,758,0.22691293,,29.46,11,11,2.67818182,,38.86543536,,,1,0,,,,,2026-01-01,2026-05-25
"[C] [LM - PRINCIPAL][EX. BASE] [ADV. +] [CBO]","tons_dr-ursinho_video-reels_10-07-2025_esse-foi-produto-que-a-mamae — Cópia","LP 2 - TONS",engaged,archived,ad,1.08154506,756,0.30820106,,28.74,12,9,2.395,,38.01587302,"Compras no site",28.74,2,0.08333333,1,8.01043841,"Valor de conversão da compra no site",230.22,2026-01-01,2026-05-25
"[C] [LM - TESTE] [ABO]",AD5,"Influ Lari - Jejoom",existing,not_delivering,ad,1.30729167,753,0.19654714,,21.65,14,2,1.54642857,,28.75166003,,,,0,,,,,2026-01-01,2026-05-25
"[C] [LM - TESTE] [ABO]","ADS 1","Influ Isadora N. - Lm",prospecting,archived,ad,1.14786585,753,0.1938911,,15.61,5,3,3.122,,20.73041169,,,,0,,,,,2026-01-01,2026-05-25
"[C] [LM - TESTE] [ABO]",AD3,"Adeli - Lm e Vm",prospecting,not_delivering,ad,1.08588064,746,0.27211796,,32.61,5,2,6.522,,43.71313673,,,,0,,,,,2026-01-01,2026-05-25
"[C] [LM - TESTE] [ABO]","ADS - INFLU ANA ELISA 3","teste aquisição ate dia 15  - Lm",existing,inactive,ad,1.41650672,738,0.21544715,,13.27,28,24,0.47392857,,17.98102981,,,,0,,,,,2026-01-01,2026-05-25
"[C] [LM - TESTE] [ABO]","ADS - ART 3","Evelyn Regly BM - LM",engaged,inactive,ad,1.62114537,736,0,,11.28,3,2,3.76,,15.32608696,,,,0,,,,,2026-01-01,2026-05-25
"[C] [TONS] [PB DR]","tons_dr-ursinho-melasma1-13-10-2025 — Cópia — Cópia","LP NOVA",engaged,not_delivering,ad,1.10542169,734,0.40463215,,18.2,11,5,1.65454545,,24.79564033,,,1,0,,,,,2026-01-01,2026-05-25
"[C] [LM - TESTE] [ABO]",AD3,"Influ Marcela Jacaré - Vm",existing,archived,ad,1.22129784,734,0.15258856,,21.73303322,5,4,4.34660664,,29.60903709,"Compras no site",21.73303322,,0.2,1,8.32741561,"Valor de conversão da compra no site",180.98,2026-01-01,2026-05-25
"[C] [JEJOOM] [CBO]","AD - MORGANA TOFU — Cópia",[RMK],prospecting,inactive,ad,1.20394737,732,0.08606557,,8.25337621,4,4,2.06334405,,11.27510411,,,1,0,,,,,2026-01-01,2026-05-25
"[C] [LM - TESTE] [ABO]","Criativo 1 - Brenda 29/12 — Cópia","Lm Perfil Novo",prospecting,not_delivering,ad,1.35185185,730,0.33013699,,14.6,37,6,0.39459459,,20,,,,0,,,,,2026-01-01,2026-05-25
"[C] [LM - TESTE] [ABO]",ADS5,"Influ Morgana - Jejoom",prospecting,inactive,ad,1.13458529,725,0.2662069,,22.75,11,9,2.06818182,,31.37931034,,,,0,,,,,2026-01-01,2026-05-25
"[C] [LM - TESTE] [ABO]","AD - 4 — Cópia","[TOFU] [TIK]",existing,active,ad,1.59471366,724,0.44337017,,18.52292702,100,63,0.18522927,,25.58415334,,,3,0,,,,,2026-01-01,2026-05-25
"[C] [LM - TESTE] [ABO]",ADS2,"Influ Sabrina - Vm [Teste até 13-03]",existing,archived,ad,1.18003273,721,0.23439667,,31.49,21,15,1.49952381,,43.67545076,,,1,0,,,,,2026-01-01,2026-05-25
"[C] [LM - TESTE] [ABO]","Criativo Versão 1 - Raiza 29/12","Influ Raiza",prospecting,archived,ad,1.14216478,707,0.08769448,,13.86,7,4,1.98,,19.6039604,,,,0,,,,,2026-01-01,2026-05-25
"[C] [LM - PRINCIPAL][EX. BASE] [ADV. +] [CBO]","ADS - MES CONSUMIDOR 2","[AQUISIÇÃO]  [ADV. +]",engaged,inactive,ad,1.12420382,706,0,,23.02766974,7,6,3.28966711,,32.61709594,,,,0,,,,,2026-01-01,2026-05-25
"[C] [JEJOOM] [CBO]","AD - MORGANA TOFU","[CAMPANHA AQUISIÇÃO]",engaged,inactive,ad,1.33205374,694,0.14985591,,15.11,10,9,1.511,,21.77233429,,,2,0,,,,,2026-01-01,2026-05-25
"[C] [LM - TESTE] [ABO]","ADS1 - 18-02","Arte Org - Digestino",existing,inactive,ad,1.23971377,693,0,,20.32,10,11,2.032,,29.32178932,"Compras no site",20.32,5,0.1,1,11.80708661,"Valor de conversão da compra no site",239.92,2026-01-01,2026-05-25
"[C] [LM - PRINCIPAL][EX. BASE] [ADV. +] [CBO]",AD3,"ESTUDOS CLINICOS",prospecting,archived,ad,1.08188976,687,0.11499272,,11.75,1,1,11.75,,17.10334789,,,,0,,,,,2026-01-01,2026-05-25
"[C] [LM - TESTE] [ABO]","ADS - INFLU ANA ELISA 2","teste aquisição ate dia 15  - Lm",existing,inactive,ad,1.27560521,685,0.18248175,,11.39,10,4,1.139,,16.62773723,"Compras no site",11.39,2,0.1,1,7.79982441,"Valor de conversão da compra no site",88.84,2026-01-01,2026-05-25
"[C] [TONS] [PB DR]","AD - BOFU — Cópia","LP NOVA",existing,not_delivering,ad,1.2601476,683,0,,15.28,7,5,2.18285714,,22.37188873,,,2,0,,,,,2026-01-01,2026-05-25
"[C] [LM - TESTE] [ABO]","Criativo Versão 2 - Jade","Influ Jade",engaged,archived,ad,1.0928,683,0.20937042,,24.75,8,7,3.09375,,36.23718887,,,2,0,,,,,2026-01-01,2026-05-25
"[C] [LM - TESTE] [ABO]","ADS 4","teste publico novo - bid",engaged,not_delivering,ad,1.17504333,678,0.22566372,,21.43969099,7,5,3.062813,,31.62196311,,,,0,,,,,2026-01-01,2026-05-25
"[C] [LM - PRINCIPAL][EX. BASE] [ADV. +] [CBO]","ADS — Cópia — Cópia",[EVELIN],existing,inactive,ad,1.18038529,674,0.11127596,,12.41,12,8,1.03416667,,18.41246291,"Compras no site",12.41,2,0.08333333,1,21.71071716,"Valor de conversão da compra no site",269.43,2026-01-01,2026-05-25
"[C] [VARIOS PRODUTO] [ABO] [BID]","AD - LIS TOFU","[VINAGRE] [RMKT]",existing,inactive,ad,1.14650767,673,0.30609212,,57.47,20,10,2.8735,,85.39375929,,,2,0,,,,,2026-01-01,2026-05-25
"[C] [LM - TESTE] [ABO]","AD - RMK  EVELYN 18-05 PERFIL DENA",EVELIN,engaged,active,ad,1.17368421,669,0.00149477,,19.23652676,7,3,2.74807525,,28.75415061,,,2,0,,,,,2026-01-01,2026-05-25
"[C] [LM - TESTE] [ABO]","AD - MOFU ANA ELISA — Cópia — Cópia","[TESTE PB FECHADO ANA ELISA]",existing,active,ad,1.13050847,667,0.22788606,,14.09050043,15,11,0.9393667,,21.12518805,,,,0,,,,,2026-01-01,2026-05-25
"[C] [LM - TESTE] [ABO]","AD - MANOELI","Influ turbo - Vm teste ate 16-04",prospecting,not_delivering,ad,1.12690355,666,0.26126126,,32.56,2,1,16.28,,48.88888889,,,,0,,,,,2026-01-01,2026-05-25
"[C] [LM - TESTE] [ABO]","ADS - INFLU ANA ELISA","[BM] [ANA ELISA]",engaged,inactive,ad,1.53579677,665,0.19398496,,17.64799796,9,7,1.96088866,,26.53834279,"Compras no site",17.64799796,1,0.11111111,1,11.17463865,"Valor de conversão da compra no site",197.21,2026-01-01,2026-05-25
"[C] [VARIOS PRODUTO] [ABO] [BID]",AD5,"[VINAGRE] [RMKT]",engaged,inactive,ad,1.22407407,661,0,,11.06871369,13,11,0.85143951,,16.74540649,,,,0,,,,,2026-01-01,2026-05-25
"[C] [JEJOOM] [CBO]","AD - MORGANA TOFU — Cópia",[RMK],prospecting,inactive,ad,1.13769363,661,0.15128593,,8.08,9,6,0.89777778,,12.22390318,,,,0,,,,,2026-01-01,2026-05-25
"[C] [LM - TESTE] [ABO]","ADS 3","Evelyn Regly - LM",engaged,not_delivering,ad,1.312749,659,0.19271624,,13.03121583,6,3,2.1718693,,19.77422735,,,2,0,,,,,2026-01-01,2026-05-25
"[C] [LM - TESTE] [ABO]","ADS1 - 18-02",Jejoom,prospecting,not_delivering,ad,1.17902351,652,0,,16.57,6,5,2.76166667,,25.41411043,,,1,0,,,,,2026-01-01,2026-05-25
"[C] [LM - TESTE] [ABO]","Criativo 1 - Edição Completa","Influ Isa Nogueira - LM TESTE TRAVA DE CPA",existing,archived,ad,1.07615894,650,0.26769231,,26.71,11,8,2.42818182,,41.09230769,,,,0,,,,,2026-01-01,2026-05-25
"[C] [LM - TESTE] [ABO]","ADS - LARI 7","Influ Lari - Jejoom",engaged,not_delivering,ad,1.12869565,649,0.35439137,,24.45,12,10,2.0375,,37.67334361,,,1,0,,,,,2026-01-01,2026-05-25
"[C] [LM - TESTE] [ABO]","AD -1","[TOFU] [TIK TOK] [EXCLUSAÕ BASE] [BID 60] - TESTE ATÉ 20-05",prospecting,not_delivering,ad,1.09982788,639,0.1627543,,6.62,4,1,1.655,,10.3599374,,,,0,,,,,2026-01-01,2026-05-25
"[C] [LM - TESTE] [ABO]","ADS 4","teste publico novo - bid",existing,not_delivering,ad,1.20872865,637,0.20879121,,18.11818963,7,7,2.5883128,,28.44299785,,,1,0,,,,,2026-01-01,2026-05-25
"[C] [LM - TESTE] [ABO]","ADS1 - VM","Arte Organica - VM",existing,archived,ad,1.16789668,633,0,,23.6,5,4,4.72,,37.28278041,,,,0,,,,,2026-01-01,2026-05-25
"[C] [VARIOS PRODUTO] [ABO] [BID]","ADS 2 - MOFU","[VINAGRE] [RMKT]",engaged,inactive,ad,1.26506024,630,0.54285714,,39.79,59,44,0.67440678,,63.15873016,"Compras no site",39.79,3,0.01694915,1,6.48152802,"Valor de conversão da compra no site",257.9,2026-01-01,2026-05-25
"[C] [LM - TESTE] [ABO]","AD - 6","[MOFU] [TIK TOK] - TESTE ATÉ 20-05",engaged,not_delivering,ad,1.20689655,630,0.49365079,,42.3,58,42,0.72931034,,67.14285714,"Compras no site",42.3,3,0.01724138,1,4.91489362,"Valor de conversão da compra no site",207.9,2026-01-01,2026-05-25
"[C] [LM - TESTE] [ABO]","AD - MOFU ate 14-05","[MOFU] [TIK TOK] - TESTE ATÉ 20-05",engaged,inactive,ad,1.1234347,628,0.20700637,,19.17,4,3,4.7925,,30.52547771,,,,0,,,,,2026-01-01,2026-05-25
"[C] [LM - TESTE] [ABO]",ADS2,"Influ Morgana - Jejoom",existing,inactive,ad,1.13454545,624,0.20512821,,25.97,6,6,4.32833333,,41.61858974,,,3,0,,,,,2026-01-01,2026-05-25
"[C] [LM - PRINCIPAL][EX. BASE] [ADV. +] [CBO]","Video-Rmkt-DaniWinits — Cópia","LP - 2",existing,archived,ad,1.31130064,615,0.05203252,,23.4,7,7,3.34285714,,38.04878049,,,,0,,,,,2026-01-01,2026-05-25
"[C] [VARIOS PRODUTO] [ABO] [BID]",AD3,"[VINAGRE] [RMKT]",engaged,inactive,ad,1.19726562,613,0,,7.74,8,7,0.9675,,12.62642741,,,2,0,,,,,2026-01-01,2026-05-25
"[C] [LM - TESTE] [ABO]","Teste - ADS 2","Evelyn Regly BM - LM",existing,inactive,ad,1.98701299,612,0.09803922,,8.24,3,3,2.74666667,,13.46405229,,,1,0,,,,,2026-01-01,2026-05-25
"[C] [LM - RMKT] [ADV. ABO]","AD - MOFU DANI  REFAÇÃO 17-05","[RMKT LARANJA MORO-REATIVAÇÃO BASE QUENTE]",existing,inactive,ad,1.27348643,610,0.36229508,,24.18,64,44,0.3778125,,39.63934426,,,,0,,,,,2026-01-01,2026-05-25
"[C] [LM - PRINCIPAL][EX. BASE] [ADV. +] [CBO]","AD - TOFU LARISSA","[EXCLUSÃO BASE] [ADV. +]",engaged,active,ad,1.22244489,610,0.43770492,,11.68,18,6,0.64888889,,19.14754098,,,,0,,,,,2026-01-01,2026-05-25
"[C] [LM - TESTE] [ABO]",AD3,"Influ Lari - Jejoom",engaged,not_delivering,ad,1.22535211,609,0.17077176,,10.01,1,,10.01,,16.43678161,,,,0,,,,,2026-01-01,2026-05-25
"[C] [LM - TESTE] [ABO]","ad - 1","Conj - Melato",engaged,not_delivering,ad,1.71388102,605,0.21983471,,11.48,2,2,5.74,,18.97520661,,,,0,,,,,2026-01-01,2026-05-25
"[C] [LM - TESTE] [ABO]","ADS 4 - SABRINA","Influ Sabrina 2 - Lm",engaged,archived,ad,1.29847495,596,0.17114094,,9.87,5,5,1.974,,16.56040268,,,,0,,,,,2026-01-01,2026-05-25
"[C] [LM - TESTE] [ABO]",AD1,"Influ Marcela Jacaré - Vm",existing,archived,ad,1.22061856,592,0.21621622,,27.41004959,8,6,3.4262562,,46.30075945,"Compras no site",27.41004959,1,0.125,1,9.85514452,"Valor de conversão da compra no site",270.13,2026-01-01,2026-05-25
"[C] [LM - PRINCIPAL][EX. BASE] [ADV. +] [CBO]","AD - JADE TOFU — Cópia","[AQUISIÇÃO]  [ADV. +]",engaged,inactive,ad,1.19918699,590,0.18983051,,15.96,5,6,3.192,,27.05084746,"Compras no site",15.96,2,0.2,1,12.39974937,"Valor de conversão da compra no site",197.9,2026-01-01,2026-05-25
"[C] [LM - TESTE] [ABO]",AD2,"Adeli - Lm e Vm",existing,not_delivering,ad,1.10922787,589,0.23089983,,26.7,9,6,2.96666667,,45.33106961,,,,0,,,,,2026-01-01,2026-05-25
"[C] [VARIOS PRODUTO] [ABO] [BID]","AD - FERNANDA — Cópia","[VINAGRE] [RMKT]",existing,inactive,ad,1.32653061,585,0.4034188,,49.69,41,35,1.21195122,,84.94017094,"Compras no site",49.69,1,0.02439024,1,2.35942846,"Valor de conversão da compra no site",117.24,2026-01-01,2026-05-25
"[C] [VARIOS PRODUTO] [ABO] [BID]","AD - RMKT 4","[COENZIMA] [RMKT]",existing,not_delivering,ad,1.19183673,584,0,,18.71,10,7,1.871,,32.03767123,"Compras no site",18.71,,0.1,1,8.88936398,"Valor de conversão da compra no site",166.32,2026-01-01,2026-05-25
"[C] [VARIOS PRODUTO] [ABO] [BID]","ADS - SABRINA","[VINAGRE] [RMKT]",prospecting,inactive,ad,1.22947368,584,0.43150685,,42.82,11,7,3.89272727,,73.32191781,,,,0,,,,,2026-01-01,2026-05-25
"[C] [LM - TESTE] [ABO]",AD3,"Influ Vitoria - Vm",existing,not_delivering,ad,1.17303823,583,0.19382504,,25.33226453,8,6,3.16653307,,43.45156866,,,,0,,,,,2026-01-01,2026-05-25
"[C] [JEJOOM] [CBO]","AD - NIVER",[RMK],prospecting,inactive,ad,1.31306306,583,0,,9.25,7,7,1.32142857,,15.86620926,,,2,0,,,,,2026-01-01,2026-05-25
"[C] [LM - TESTE] [ABO]",AD1,"Influ Paula Bigode - Vm",engaged,archived,ad,1.15737052,581,0.28399312,,23.89,18,15,1.32722222,,41.11876076,,,3,0,,,,,2026-01-01,2026-05-25
"[C] [LM - TESTE] [ABO]","AD - BOFU — Cópia","teste publico novo - bid",engaged,not_delivering,ad,1.40389294,577,0.03466205,,21.11,8,6,2.63875,,36.58578856,,,,0,,,,,2026-01-01,2026-05-25
"[C] [LM - TESTE] [ABO]",ADS7,"Influ Sabrina - Vm [Teste até 13-03]",existing,archived,ad,1.29213483,575,0.26434783,,49,11,9,4.45454545,,85.2173913,"Compras no site",49,2,0.09090909,1,4.21061224,"Valor de conversão da compra no site",206.32,2026-01-01,2026-05-25
"[C] [LM - TESTE] [ABO]","ADS3- Q10","Arte Organica - Q10",existing,not_delivering,ad,1.21443737,572,0,,25.91,15,8,1.72733333,,45.2972028,,,1,0,,,,,2026-01-01,2026-05-25
"[C] [VARIOS PRODUTO] [ABO] [BID]","AD - SUSANA","[COLAGENO] [RMKT]",engaged,inactive,ad,1.72948328,569,0.53954306,,12.94,105,78,0.1232381,,22.74165202,,,,0,,,,,2026-01-01,2026-05-25
"[C] [LM - TESTE] [ABO]",AD2,"Influ Rachel - Kit",prospecting,not_delivering,ad,1.12031558,568,0.20950704,,18.2,5,1,3.64,,32.04225352,"Compras no site",18.2,1,0.2,1,8.91428571,"Valor de conversão da compra no site",162.24,2026-01-01,2026-05-25
"[C] [JEJOOM] [CBO]","AD - TACI",[RMK],existing,active,ad,1.39901478,568,0.50176056,,18.28,53,26,0.34490566,,32.18309859,,,,0,,,,,2026-01-01,2026-05-25
"[C] [JEJOOM] [CBO]","AD - TACI 2",[RMK],existing,active,ad,1.30114943,566,0.39399293,,16.75,33,15,0.50757576,,29.59363958,"Compras no site",16.75,3,0.03030303,1,7.28537313,"Valor de conversão da compra no site",122.03,2026-01-01,2026-05-25
"[C] [LM - TESTE] [ABO]","ADS 3","Influ Raiza 2",existing,not_delivering,ad,1.40298507,564,0.19326241,,11.6,20,12,0.58,,20.56737589,,,,0,,,,,2026-01-01,2026-05-25
"[C] [LM - TESTE] [ABO]","ADS 3 - Duda","Influ Duda - Lm",engaged,archived,ad,1.70090634,563,0.10657194,,8,6,2,1.33333333,,14.20959147,,,2,0,,,,,2026-01-01,2026-05-25
"[C] [LM - TESTE] [ABO]","AD - EVELYN NIVER","Evelyn Regly BM - LM",prospecting,not_delivering,ad,1.124,562,0.1975089,,10.66,4,4,2.665,,18.96797153,,,,0,,,,,2026-01-01,2026-05-25
"[C] [LM - RMKT] [ADV. ABO]","ADS 1","[RMKT LARANJA MORO-REATIVAÇÃO BASE QUENTE]",engaged,not_delivering,ad,1.124,562,0.27580071,,23.33,7,3,3.33285714,,41.51245552,,,1,0,,,,,2026-01-01,2026-05-25
"[C] [JEJOOM] [CBO]","AD - TACI",[RMK],prospecting,active,ad,1.06072106,559,0.18962433,,9.37,2,1,4.685,,16.76207513,,,,0,,,,,2026-01-01,2026-05-25
"[C] [LM - TESTE] [ABO]","ADS 4","Influ Mi Ruback - Lm",prospecting,archived,ad,1.24107143,556,0.16906475,,12.58,5,5,2.516,,22.62589928,,,1,0,,,,,2026-01-01,2026-05-25
"[C] [JEJOOM] [CBO]","ARTE 2 MES CLIENTE — Cópia","[CAMPANHA AQUISIÇÃO]",existing,inactive,ad,1.40816327,552,0,,13.21,5,3,2.642,,23.93115942,,,1,0,,,,,2026-01-01,2026-05-25
"[C] [LM - TESTE] [ABO]","ADS 2","Influ Raiza - VM",engaged,not_delivering,ad,1.23214286,552,0.13224638,,10.45,2,2,5.225,,18.93115942,,,1,0,,,,,2026-01-01,2026-05-25
"[C] [LM - TESTE] [ABO]","ADS2 - VM","Arte Organica - VM",existing,archived,ad,1.21205357,543,0,,20.76,10,7,2.076,,38.2320442,,,,0,,,,,2026-01-01,2026-05-25
"[C] [LM - TESTE] [ABO]","AD - MOFU ANA ELISA — Cópia","[TESTE PB FECHADO ANA ELISA]",engaged,active,ad,1.15811966,542,0.23062731,,16.28837808,8,6,2.03604726,,30.05235808,,,1,0,,,,,2026-01-01,2026-05-25
"[C] [LM - TESTE] [ABO]","AD - EVELYN NIVER 2","Evelyn Regly BM - LM",prospecting,not_delivering,ad,1.225,539,0.20222635,,9.96,1,1,9.96,,18.47866419,,,,0,,,,,2026-01-01,2026-05-25
"[C] [LM - TESTE] [ABO]","AD - EVELYN","[TESTE PB FECHADO]",existing,inactive,ad,1.18763797,538,0,,20.09,,,,,37.34200743,,,,,,,,,2026-01-01,2026-05-25
"[C] [LM - TESTE] [ABO]","AD - JADE TOFU — Cópia","teste publico novo - bid",prospecting,not_delivering,ad,1.04069767,537,0.2141527,,26.61,7,6,3.80142857,,49.55307263,"Compras no site",26.61,,0.14285714,1,9.05749718,"Valor de conversão da compra no site",241.02,2026-01-01,2026-05-25
"[C] [LM - RMKT] [ADV. ABO]","AD - BOFU 1 — Cópia — Cópia — Cópia","[RMKT PB FECHADO]",engaged,active,ad,1.18543046,537,0,,10.02124334,7,5,1.43160619,,18.66153323,"Compras no site",10.02124334,3,0.14285714,1,35.7111376,"Valor de conversão da compra no site",357.87,2026-01-01,2026-05-25
"[C] [VARIOS PRODUTO] [ABO] [BID]","AD - RMKT","[COENZIMA] [RMKT]",engaged,inactive,ad,1.26713948,536,0,,10.13,8,6,1.26625,,18.89925373,,,,0,,,,,2026-01-01,2026-05-25
"[C] [LM - TESTE] [ABO]",ADS9,"Influ Morgana - Jejoom",existing,inactive,ad,1.20179372,536,0.23134328,,19.69,9,7,2.18777778,,36.73507463,,,1,0,,,,,2026-01-01,2026-05-25
"[C] [LM - TESTE] [ABO]","AD - 7","[TOFU] [TIK TOK] [EXCLUSAÕ BASE] [BID 60] - TESTE ATÉ 20-05",prospecting,not_delivering,ad,1.11691023,535,0.17383178,,4.72,4,2,1.18,,8.82242991,,,,0,,,,,2026-01-01,2026-05-25
"[C] [LM - TESTE] [ABO]",ADS4,"Influ Sabrina - Vm [Teste até 13-03]",engaged,archived,ad,1.24708625,535,0.33457944,,39.63,9,8,4.40333333,,74.07476636,,,1,0,,,,,2026-01-01,2026-05-25
"[C] [LM - TESTE] [ABO]","AD - ANA ELISA MOFU — Cópia","[TESTE PB FECHADO ANA ELISA]",prospecting,active,ad,1.12447257,533,0.16322702,,12.80803698,9,7,1.42311522,,24.03008815,,,,0,,,,,2026-01-01,2026-05-25
"[C] [LM - TESTE] [ABO]","AD - NIVER 3","[HIBRIDO] [ESTATICO ORG.] [BID 60]",existing,inactive,ad,1.23076923,528,0,,4.13,4,4,1.0325,,7.8219697,,,,0,,,,,2026-01-01,2026-05-25
"[C] [LM - TESTE] [ABO]","AD - EVELYN TOFU",EVELIN,existing,active,ad,1.10548523,524,0.23854962,,16.81,6,2,2.80166667,,32.08015267,,,1,0,,,,,2026-01-01,2026-05-25
"[C] [LM - TESTE] [ABO]","AD - MI RUBACK MOFU — Cópia","Conj - Vm",existing,not_delivering,ad,1.26699029,522,0.21455939,,26.17390738,21,17,1.24637654,,50.14158501,,,3,0,,,,,2026-01-01,2026-05-25
"[C] [LM - PRINCIPAL][EX. BASE] [ADV. +] [CBO]","AD - LUCIANA MOFU","[EXCLUSÃO BASE] [ADV. +]",prospecting,inactive,ad,1.17607223,521,0.09213052,,7.74,6,5,1.29,,14.85604607,,,,0,,,,,2026-01-01,2026-05-25
"[C] [LM - TESTE] [ABO]",AD3,"Adeli - Lm e Vm",existing,not_delivering,ad,1.12581345,519,0.27745665,,26.33,5,3,5.266,,50.73217726,,,,0,,,,,2026-01-01,2026-05-25
"[C] [LM - RMKT] [ADV. ABO]","ADS 1","[RMKT LARANJA MORO-REATIVAÇÃO BASE QUENTE]",prospecting,not_delivering,ad,1.08158996,517,0.25338491,,23.99,6,6,3.99833333,,46.40232108,,,,0,,,,,2026-01-01,2026-05-25
"[C] [LM - TESTE] [ABO]",ADS8,"Influ Morgana - Jejoom",existing,inactive,ad,1.3129771,516,0.4127907,,17.15,90,49,0.19055556,,33.23643411,,,1,0,,,,,2026-01-01,2026-05-25
"[C] [LM - PRINCIPAL][EX. BASE] [ADV. +] [CBO]","AD - RMKT — Cópia","[EXCLUSÃO BASE] [ADV. +]",existing,inactive,ad,1.38814016,515,0,,3.33,7,2,0.47571429,,6.46601942,,,,0,,,,,2026-01-01,2026-05-25
"[C] [LM - TESTE] [ABO]","ADS1 - 18-02",Jejoom,existing,not_delivering,ad,1.19025522,513,0,,16.21,5,5,3.242,,31.59844055,,,5,0,,,,,2026-01-01,2026-05-25
"[C] [JEJOOM] [CBO]","ARTE 2 MES CLIENTE — Cópia","[CAMPANHA AQUISIÇÃO]",prospecting,inactive,ad,1.22434368,513,0,,10.72,2,1,5.36,,20.89668616,,,,0,,,,,2026-01-01,2026-05-25
"[C] [LM - TESTE] [ABO]","AD - 7","[TOFU] [TIK TOK] [EXCLUSAÕ BASE] [BID 60] - TESTE ATÉ 20-05",engaged,not_delivering,ad,1.16400911,511,0.16046967,,4.9,4,3,1.225,,9.5890411,,,,0,,,,,2026-01-01,2026-05-25
"[C] [VARIOS PRODUTO] [ABO] [BID]","AD - RMKT","[COENZIMA] [RMKT]",engaged,inactive,ad,1.39944904,508,0,,9.31,4,3,2.3275,,18.32677165,,,,0,,,,,2026-01-01,2026-05-25
"[C] [LM - PRINCIPAL][EX. BASE] [ADV. +] [CBO]","AD - TOFU LARISSA","[EXCLUSÃO BASE] [ADV. +]",existing,active,ad,1.27638191,508,0.43503937,,9.45,16,5,0.590625,,18.6023622,,,1,0,,,,,2026-01-01,2026-05-25
"[C] [LM - TESTE] [ABO]",ADS7,"Influ Sabrina - Vm [Teste até 13-03]",engaged,archived,ad,1.3203125,507,0.30374753,,43.92,6,5,7.32,,86.62721893,,,1,0,,,,,2026-01-01,2026-05-25
"[C] [LM - TESTE] [ABO]","ADS - INFLU ANA ELISA 2","teste aquisição ate dia 15  - Lm",engaged,inactive,ad,1.21342926,506,0.18577075,,9.83,4,2,2.4575,,19.42687747,,,,0,,,,,2026-01-01,2026-05-25
"[C] [JEJOOM] [CBO]","AD - LARI","[CAMPANHA AQUISIÇÃO]",existing,inactive,ad,1.20813397,505,0.23564356,,12.94,2,1,6.47,,25.62376238,,,,0,,,,,2026-01-01,2026-05-25
"[C] [LM - TESTE] [ABO]","AD - LIS — Cópia","Conj - Vm",engaged,inactive,ad,1.13995485,505,0.31683168,,24.32,8,4,3.04,,48.15841584,,,,0,,,,,2026-01-01,2026-05-25
"[C] [LM - TESTE] [ABO]","AD - FERNANDA","Influ turbo - Vm teste ate 16-04",engaged,not_delivering,ad,1.25062035,504,0.3452381,,25.4,12,8,2.11666667,,50.3968254,,,,0,,,,,2026-01-01,2026-05-25
"[C] [LM - TESTE] [ABO]",AD1,"Influ Rachel - Kit",prospecting,not_delivering,ad,1.12556054,502,0.1812749,,13.17337433,2,3,6.58668716,,26.24178153,,,,0,,,,,2026-01-01,2026-05-25
"[C] [LM - TESTE] [ABO]","AD - JADE MOFU 3 LP LM1","[TESTE PB FECHADO]",existing,inactive,ad,1.09628009,501,0.13772455,,11.62,5,3,2.324,,23.19361277,,,3,0,,,,,2026-01-01,2026-05-25
"[C] [LM - TESTE] [ABO]","ADS 7","Evelyn Regly BM - LM",prospecting,not_delivering,ad,1.18246445,499,0.17635271,,14.25,4,4,3.5625,,28.55711423,,,,0,,,,,2026-01-01,2026-05-25
"[C] [LM - TESTE] [ABO]","AD - 5","[MOFU] [TIK TOK] - TESTE ATÉ 20-05",engaged,not_delivering,ad,1.22604423,499,0.38476954,,18.26259559,32,23,0.57070611,,36.59838796,,,,0,,,,,2026-01-01,2026-05-25
"[C] [LM - TESTE] [ABO]",ADS1,"Influ Morgana - Jejoom",prospecting,inactive,ad,1.1353211,495,0.24242424,,15.02,9,8,1.66888889,,30.34343434,,,1,0,,,,,2026-01-01,2026-05-25
"[C] [LM - TESTE] [ABO]","AD - 7","[TOFU] [TIK TOK] [EXCLUSAÕ BASE] [BID 60] - TESTE ATÉ 20-05",engaged,not_delivering,ad,1.22864322,489,0.29447853,,5.47,13,11,0.42076923,,11.18609407,,,,0,,,,,2026-01-01,2026-05-25
"[C] [VARIOS PRODUTO] [ABO] [BID]","AD - NIVER",--,engaged,archived,ad,1.29708223,489,0,,21.06,3,2,7.02,,43.06748466,,,0,0,,,,,2026-01-01,2026-05-25
"[C] [LM - TESTE] [ABO]","AD - 4","[TOFU] [TIK TOK] [EXCLUSAÕ BASE] [BID 60] - TESTE ATÉ 20-05",prospecting,not_delivering,ad,1.09438202,487,0.14989733,,4.29,4,2,1.0725,,8.80903491,,,,0,,,,,2026-01-01,2026-05-25
"[C] [LM - TESTE] [ABO]",ADS3,"Influ Sabrina - Vm [Teste até 13-03]",engaged,archived,ad,1.10681818,487,0.22176591,,14.67,7,6,2.09571429,,30.12320329,,,3,0,,,,,2026-01-01,2026-05-25
"[C] [LM - TESTE] [ABO]","ADS1 - 18-02","Arte Org - Digestino",prospecting,inactive,ad,1.17961165,486,0,,10.29,6,4,1.715,,21.17283951,,,,0,,,,,2026-01-01,2026-05-25
"[C] [VARIOS PRODUTO] [ABO] [BID]","ADS2- SABRINA","[COENZIMA] [RMKT]",engaged,inactive,ad,1.33608815,485,0.39175258,,20.29,15,5,1.35266667,,41.83505155,,,,0,,,,,2026-01-01,2026-05-25
"[C] [JEJOOM] [CBO]","AD - MORGANA TOFU — Cópia",[RMK],engaged,inactive,ad,1.1723301,483,0.08695652,,5.45241158,3,2,1.81747053,,11.2886368,,,,0,,,,,2026-01-01,2026-05-25
"[C] [LM - TESTE] [ABO]","AD - MOFU ate 14-05","[MOFU] [TIK TOK] - TESTE ATÉ 20-05",existing,inactive,ad,1.08539326,483,0.26293996,,15.42,8,6,1.9275,,31.92546584,,,,0,,,,,2026-01-01,2026-05-25
"[C] [VARIOS PRODUTO] [ABO] [BID]","ADS DANI","[COENZIMA] [RMKT]",existing,inactive,ad,1.1452381,481,0,,10.92,2,,5.46,,22.7027027,,,1,0,,,,,2026-01-01,2026-05-25
"[C] [VARIOS PRODUTO] [ABO] [BID]",AD9,"[VINAGRE] [RMKT]",prospecting,inactive,ad,1.12121212,481,0.23908524,,18.99,3,3,6.33,,39.48024948,"Compras no site",18.99,,0.33333333,1,5.43338599,"Valor de conversão da compra no site",103.18,2026-01-01,2026-05-25
"[C] [LM - TESTE] [ABO]","AD - JADE TOFU 19-05 BM JADE + DENA — Cópia","[TESTE PB FECHADO JADE]",existing,active,ad,1.18811881,480,0.11041667,,8.86786024,2,1,4.43393012,,18.47470884,,,,0,,,,,2026-01-01,2026-05-25
"[C] [LM - TESTE] [ABO]","ADS 1","Varias Influs - VM",prospecting,inactive,ad,1.07640449,479,0.16701461,,22.8,6,4,3.8,,47.59916493,,,2,0,,,,,2026-01-01,2026-05-25
"[C] [LM - RMKT] [ADV. ABO]","AD - RMK NIVER 4 — Cópia","[RMKT LARANJA MORO-REATIVAÇÃO BASE QUENTE]",engaged,inactive,ad,1.19201995,478,0.12552301,,15.44,5,3,3.088,,32.30125523,,,,0,,,,,2026-01-01,2026-05-25
"[C] [VARIOS PRODUTO] [ABO] [BID]","ADS2- SABRINA","[COENZIMA] [RMKT]",prospecting,inactive,ad,1.10930233,477,0.26624738,,29.47,6,2,4.91166667,,61.78197065,,,2,0,,,,,2026-01-01,2026-05-25
"[C] [LM - TESTE] [ABO]","AD - MOFU ate 14-05","[MOFU] [TIK TOK] - TESTE ATÉ 20-05",prospecting,inactive,ad,1.04376368,477,0.25786164,,10.07,4,3,2.5175,,21.11111111,,,,0,,,,,2026-01-01,2026-05-25
"[C] [VARIOS PRODUTO] [ABO] [BID]","ADS DANI","[COENZIMA] [RMKT]",prospecting,inactive,ad,1.05605381,471,0,,6.38,1,1,6.38,,13.54564756,,,,0,,,,,2026-01-01,2026-05-25
"[C] [LM - TESTE] [ABO]",ADS2,"Influ Morgana - Jejoom",prospecting,inactive,ad,1.07586207,468,0.28632479,,18.51,10,10,1.851,,39.55128205,,,,0,,,,,2026-01-01,2026-05-25
"[C] [LM - TESTE] [ABO]","AD - JESSICA MOFU NIVER","Evelyn Regly BM - LM",engaged,not_delivering,ad,1.14250614,465,0.20215054,,21.94,3,2,7.31333333,,47.1827957,,,1,0,,,,,2026-01-01,2026-05-25
"[C] [LM - TESTE] [ABO]",ADS0,"Influ Mi Ruback - Lm",engaged,archived,ad,1.49677419,464,0.25431034,,6.75,3,3,2.25,,14.54741379,,,,0,,,,,2026-01-01,2026-05-25
"[C] [JEJOOM] [CBO]","AD - NIVER",[RMK],engaged,inactive,ad,1.48076923,462,0,,9.13,4,3,2.2825,,19.76190476,,,,0,,,,,2026-01-01,2026-05-25
"[C] [LM - TESTE] [ABO]","ADS 1 - SABRINA","Influ Sabrina - Tons",prospecting,inactive,ad,1.11622276,461,0.27331887,,16.18,6,5,2.69666667,,35.09761388,,,,0,,,,,2026-01-01,2026-05-25
"[C] [LM - TESTE] [ABO]","AD1 - BOFU — Cópia","teste publico novo - bid",existing,not_delivering,ad,1.22281167,461,0.07158351,,10.39,6,5,1.73166667,,22.53796095,,,1,0,,,,,2026-01-01,2026-05-25
"[C] [VARIOS PRODUTO] [ABO] [BID]","AD - JESSICA","[DIGESTINO] [RMKT]",prospecting,not_delivering,ad,1.10287081,461,0.28850325,,13.05,9,6,1.45,,28.30802603,,,1,0,,,,,2026-01-01,2026-05-25
"[C] [LM - RMKT] [ADV. ABO]","AD - MOFU DANI  REFAÇÃO 17-05","[RMKT LARANJA MORO-REATIVAÇÃO BASE QUENTE]",engaged,inactive,ad,1.26519337,458,0.40393013,,18.38,45,35,0.40844444,,40.13100437,,,2,0,,,,,2026-01-01,2026-05-25
"[C] [LM - TESTE] [ABO]","ADS - INFLU ANA ELISA 3","teste aquisição ate dia 15  - Lm",engaged,inactive,ad,1.34705882,458,0.24454148,,7.55,11,10,0.68636364,,16.48471616,,,,0,,,,,2026-01-01,2026-05-25
"[C] [LM - TESTE] [ABO]","AD - 6","[MOFU] [TIK TOK] - TESTE ATÉ 20-05",prospecting,not_delivering,ad,1.11192214,457,0.28008753,,21.78,5,2,4.356,,47.65864333,,,,0,,,,,2026-01-01,2026-05-25
"[C] [LM - TESTE] [ABO]",ADS7,"Influ Sabrina - Vm [Teste até 13-03]",prospecting,archived,ad,1.16624041,456,0.31140351,,47.88,8,4,5.985,,105,,,,0,,,,,2026-01-01,2026-05-25
"[C] [LM - PRINCIPAL][EX. BASE] [ADV. +] [CBO]","Video-Rmkt-DaniWinits — Cópia","LP - 2",engaged,archived,ad,1.23978202,455,0.12307692,,10.54,9,7,1.17111111,,23.16483516,"Compras no site",5.27,2,0.22222222,2,30.98102467,"Valor de conversão da compra no site",326.54,2026-01-01,2026-05-25
"[C] [VARIOS PRODUTO] [ABO] [BID]","AD - NIVER",--,prospecting,archived,ad,1.21066667,454,0,,10.64,2,2,5.32,,23.43612335,,,,0,,,,,2026-01-01,2026-05-25
"[C] [LM - TESTE] [ABO]","ADS2- ORG","Conj. - Q10",existing,inactive,ad,1.15856777,453,0,,9.92,3,3,3.30666667,,21.89845475,,,,0,,,,,2026-01-01,2026-05-25
"[C] [TONS] [PB DR]","AD - BOFU — Cópia","LP NOVA",engaged,not_delivering,ad,1.28939828,450,0,,9.21,8,8,1.15125,,20.46666667,"Compras no site",9.21,2,0.125,1,18.22584148,"Valor de conversão da compra no site",167.86,2026-01-01,2026-05-25
"[C] [LM - TESTE] [ABO]","AD - 8","[TOFU] [TIK TOK] [EXCLUSAÕ BASE] [BID 60] - TESTE ATÉ 20-05",existing,not_delivering,ad,1.19733333,449,0.25612472,,9.22,15,13,0.61466667,,20.53452116,,,,0,,,,,2026-01-01,2026-05-25
"[C] [JEJOOM] [CBO]","AD - TACI 3",[RMK],prospecting,active,ad,1.06161137,448,0.10044643,,6.07,2,1,3.035,,13.54910714,,,,0,,,,,2026-01-01,2026-05-25
"[C] [LM - TESTE] [ABO]","AD - EVELYN","[TESTE PB FECHADO]",prospecting,inactive,ad,1.14285714,448,0.08705357,,6.22,3,1,2.07333333,,13.88392857,,,1,0,,,,,2026-01-01,2026-05-25
"[C] [LM - TESTE] [ABO]",AD3,"Influ Dani Arte - Lm",engaged,not_delivering,ad,1.31454006,443,0,,6.47,4,3,1.6175,,14.60496614,,,2,0,,,,,2026-01-01,2026-05-25
"[C] [LM - TESTE] [ABO]","AD - NIVER 2 — Cópia","Conj - Vm",engaged,inactive,ad,1.378125,441,0.00680272,,11.47,5,3,2.294,,26.00907029,,,,0,,,,,2026-01-01,2026-05-25
"[C] [LM - TESTE] [ABO]","AD - ALESSANDRA KIT","Influ turbo - Vm teste ate 16-04",engaged,not_delivering,ad,1.28362573,439,0.28701595,,33.83,13,8,2.60230769,,77.06150342,,,3,0,,,,,2026-01-01,2026-05-25
"[C] [LM - RMKT] [ADV. ABO]","AD - EVELYN NVIER","[RMKT LARANJA MORO-REATIVAÇÃO BASE QUENTE]",existing,not_delivering,ad,1.15223097,439,0.13439636,,18.97,3,7,6.32333333,,43.2118451,,,2,0,,,,,2026-01-01,2026-05-25
"[C] [LM - TESTE] [ABO]","ADS 2","Influ Mi Ruback - Lm",engaged,archived,ad,1.14435696,436,0.1559633,,9.33,2,2,4.665,,21.39908257,,,,0,,,,,2026-01-01,2026-05-25
"[C] [LM - PRINCIPAL][EX. BASE] [ADV. +] [CBO]","tons_dr-ursinho-melasma2-13-10-2025 — Cópia","LP 1 - TOPO TONS",engaged,archived,ad,1.14775726,435,0.28735632,,23.12,8,4,2.89,,53.14942529,,,,0,,,,,2026-01-01,2026-05-25
"[C] [JEJOOM] [CBO]","AD4 - ORGANICO","[CAMPANHA AQUISIÇÃO]",prospecting,inactive,ad,1.02600473,434,0,,9.01,4,2,2.2525,,20.76036866,,,,0,,,,,2026-01-01,2026-05-25
"[C] [LM - TESTE] [ABO]","AD - EVELYN TOFU",EVELIN,engaged,active,ad,1.125,432,0.27083333,,13.02,2,1,6.51,,30.13888889,,,,0,,,,,2026-01-01,2026-05-25
"[C] [LM - TESTE] [ABO]","ADS1 - Q10","Arte Organica - Q10",existing,not_delivering,ad,1.25947522,432,0,,13.44,7,5,1.92,,31.11111111,,,1,0,,,,,2026-01-01,2026-05-25
"[C] [LM - TESTE] [ABO]","AD -2","[TOFU] [TIK TOK] [EXCLUSAÕ BASE] [BID 60] - TESTE ATÉ 20-05",engaged,not_delivering,ad,1.1509434,427,0.19906323,,6.51,1,1,6.51,,15.24590164,,,,0,,,,,2026-01-01,2026-05-25
"[C] [LM - RMKT] [ADV. ABO]","AD - RMK NIVER 4 — Cópia","[RMKT LARANJA MORO-REATIVAÇÃO BASE QUENTE]",existing,inactive,ad,1.29179331,425,0.09411765,,11.01,3,3,3.67,,25.90588235,"Compras no site",5.505,1,0.66666667,2,30.46321526,"Valor de conversão da compra no site",335.4,2026-01-01,2026-05-25
"[C] [LM - TESTE] [ABO]","AD - 9","[TOFU] [TIK TOK] [EXCLUSAÕ BASE] [BID 60] - TESTE ATÉ 20-05",engaged,not_delivering,ad,1.15217391,424,0.19339623,,4,10,7,0.4,,9.43396226,,,,0,,,,,2026-01-01,2026-05-25
"[C] [VARIOS PRODUTO] [ABO] [BID]","AD - RMKT 4","[COENZIMA] [RMKT]",prospecting,not_delivering,ad,1.13404826,423,0,,6.28,,,,,14.8463357,,,,,,,,,2026-01-01,2026-05-25
"[C] [LM - RMKT] [ADV. ABO]","AD - BOFU — Cópia","[RMKT PB FECHADO]",engaged,active,ad,1.13709677,423,0.08274232,,11.68,1,1,11.68,,27.61229314,,,,0,,,,,2026-01-01,2026-05-25
"[C] [LM - PRINCIPAL][EX. BASE] [ADV. +] [CBO]","AD - DANI TOFU","[EXCLUSÃO BASE] [ADV. +]",existing,active,ad,1.1920904,422,0.27488152,,6.13129121,18,3,0.34062729,,14.52912608,,,,0,,,,,2026-01-01,2026-05-25
"[C] [LM - TESTE] [ABO]","AD - RMK  EVELYN 19-05 PERFIL DENA","[TESTE PB FECHADO]",prospecting,active,ad,1.03186275,421,0.14251781,,5.45,2,1,2.725,,12.94536817,,,,0,,,,,2026-01-01,2026-05-25
"[C] [LM - RMKT] [ADV. ABO]","AD - MOFU DANI  REFAÇÃO 17-05","[RMKT LARANJA MORO-REATIVAÇÃO BASE QUENTE]",prospecting,inactive,ad,1.10789474,421,0.33729216,,23.71,8,6,2.96375,,56.31828979,"Compras no site",23.71,1,0.125,1,4.12905947,"Valor de conversão da compra no site",97.9,2026-01-01,2026-05-25
"[C] [LM - TESTE] [ABO]",ADS5,"Influ Morgana - Jejoom",engaged,inactive,ad,1.16713092,419,0.25059666,,13.13,7,5,1.87571429,,31.33651551,,,,0,,,,,2026-01-01,2026-05-25
"[C] [LM - TESTE] [ABO]","AD - RMK  EVELYN 18-05 PERFIL DENA — Cópia — Cópia","[TESTE PB FECHADO]",existing,active,ad,1.11764706,418,0,,14.46,3,3,4.82,,34.59330144,,,0,0,,,,,2026-01-01,2026-05-25
"[C] [LM - TESTE] [ABO]","AD - JADE TOFU 19-05 BM JADE + DENA — Cópia — Cópia","[TESTE PB FECHADO JADE]",engaged,active,ad,1.25981873,417,0.19184652,,8.86060939,18,16,0.49225608,,21.24846377,,,,0,,,,,2026-01-01,2026-05-25
"[C] [LM - TESTE] [ABO]","ADS 3","Influ Evelyn - Vm",existing,not_delivering,ad,1.21574344,417,0.117506,,11.37,3,1,3.79,,27.26618705,,,,0,,,,,2026-01-01,2026-05-25
"[C] [LM - TESTE] [ABO]",AD2,"Influ Rachel - Kit",existing,not_delivering,ad,1.19484241,417,0.19904077,,16.06,7,6,2.29428571,,38.51318945,,,2,0,,,,,2026-01-01,2026-05-25
"[C] [JEJOOM] [CBO]","AD - TACI 3",[RMK],existing,active,ad,1.74369748,415,0.65783133,,13.42,58,24,0.23137931,,32.3373494,,,,0,,,,,2026-01-01,2026-05-25
"[C] [LM - TESTE] [ABO]","ADS 1","Varias Influs - VM",existing,inactive,ad,1.08136483,412,0.15048544,,15.63,8,5,1.95375,,37.9368932,,,1,0,,,,,2026-01-01,2026-05-25
"[C] [LM - PRINCIPAL][EX. BASE] [ADV. +] [CBO]","Rmkt Dani 2 — Cópia","LP - TOPO LM",engaged,archived,ad,1.25,410,0,,10.08,5,4,2.016,,24.58536585,,,1,0,,,,,2026-01-01,2026-05-25
"[C] [LM - PRINCIPAL][EX. BASE] [ADV. +] [CBO]","AD - JADE TOFU — Cópia","[AQUISIÇÃO]  [ADV. +]",existing,inactive,ad,1.16618911,407,0.14250614,,11.07,4,2,2.7675,,27.1990172,,,,0,,,,,2026-01-01,2026-05-25
"[C] [LM - PRINCIPAL][EX. BASE] [ADV. +] [CBO]","tons_dr-ursinho-melasma2-13-10-2025 — Cópia","LP 2 - TONS",engaged,archived,ad,1.16763006,404,0.30940594,,25.25,8,5,3.15625,,62.5,,,,0,,,,,2026-01-01,2026-05-25
"[C] [LM - TESTE] [ABO]",AD2,"Influ Dani Arte - Lm",engaged,not_delivering,ad,1.4020979,401,0,,16.44,3,3,5.48,,40.99750623,,,,0,,,,,2026-01-01,2026-05-25
"[C] [LM - TESTE] [ABO]","ADS 5","Influ Mi Ruback - Lm",prospecting,archived,ad,1.06469003,395,0.12911392,,11.79,,,,,29.84810127,,,,,,,,,2026-01-01,2026-05-25
"[C] [LM - TESTE] [ABO]",ADS1,"Influ Morgana - Jejoom",engaged,inactive,ad,1.09749304,394,0.2715736,,9.21,7,6,1.31571429,,23.37563452,,,1,0,,,,,2026-01-01,2026-05-25
"[C] [LM - TESTE] [ABO]",AD2,"Influ Lari - Jejoom",existing,not_delivering,ad,1.20987654,392,0.20408163,,9.8,1,1,9.8,,25,,,,0,,,,,2026-01-01,2026-05-25
"[C] [LM - TESTE] [ABO]","ADS3- 18-02","Arte Org - Digestino",engaged,not_delivering,ad,1.21428571,391,0,,9.45,8,6,1.18125,,24.16879795,,,1,0,,,,,2026-01-01,2026-05-25
"[C] [LM - TESTE] [ABO]",AD2,"Influ Rachel - Kit",engaged,not_delivering,ad,1.21875,390,0.26410256,,17.62,9,4,1.95777778,,45.17948718,,,,0,,,,,2026-01-01,2026-05-25
"[C] [LM - RMKT] [ADV. ABO]","AD - RMKT DANI — Cópia","[RMKT LARANJA MORO-REATIVAÇÃO BASE QUENTE]",prospecting,inactive,ad,1.13782991,388,0.17783505,,10.15,3,3,3.38333333,,26.15979381,,,,0,,,,,2026-01-01,2026-05-25
"[C] [LM - TESTE] [ABO]","ADS1 - 18-02","Arte Organica - Digestino",prospecting,inactive,ad,1.05177112,386,0,,8.07508827,5,4,1.61501765,,20.9199178,,,,0,,,,,2026-01-01,2026-05-25
"[C] [LM - TESTE] [ABO]","ADS 2","Influ Mi Ruback - Lm",existing,archived,ad,1.22611465,385,0.16623377,,10.28,4,4,2.57,,26.7012987,,,,0,,,,,2026-01-01,2026-05-25
"[C] [LM - TESTE] [ABO]","ADS 7","Evelyn Regly BM - LM",engaged,not_delivering,ad,1.23870968,384,0.1953125,,10.09,2,1,5.045,,26.27604167,,,,0,,,,,2026-01-01,2026-05-25
"[C] [LM - TESTE] [ABO]","AD - 4 — Cópia","[TOFU] [TIK]",engaged,active,ad,1.50787402,383,0.50391645,,10.69520447,50,28,0.21390409,,27.92481584,,,1,0,,,,,2026-01-01,2026-05-25
"[C] [VARIOS PRODUTO] [ABO] [BID]",ADS,"[COENZIMA] [RMKT]",engaged,not_delivering,ad,1.70089286,381,0.51968504,,8.08,46,6,0.17565217,,21.20734908,,,,0,,,,,2026-01-01,2026-05-25
"[C] [LM - TESTE] [ABO]","AD - ANA ELISA MOFU — Cópia","[TESTE PB FECHADO ANA ELISA]",existing,active,ad,1.22903226,381,0.20472441,,16.06278521,15,10,1.07085235,,42.15954122,,,2,0,,,,,2026-01-01,2026-05-25
"[C] [LM - TESTE] [ABO]","AD - JADE MOFU 3 LP LM1","[TESTE PB FECHADO]",engaged,inactive,ad,1.125,378,0.17195767,,11.4,1,1,11.4,,30.15873016,,,,0,,,,,2026-01-01,2026-05-25
"[C] [TONS] [PB DR]","AD - MOFU 1","TONS TESTE",engaged,not_delivering,ad,1.36956522,378,0.34391534,,15.07,24,15,0.62791667,,39.86772487,,,,0,,,,,2026-01-01,2026-05-25
"[C] [LM - PRINCIPAL][EX. BASE] [ADV. +] [CBO]","AD - MOFU teste ate 08-05 — Cópia","[AQUISIÇÃO]  [ADV. +]",prospecting,inactive,ad,1.09248555,378,0.41534392,,7.57,2,2,3.785,,20.02645503,,,1,0,,,,,2026-01-01,2026-05-25
"[C] [LM - TESTE] [ABO]","ADS2- 18-02","Arte Org - Digestino",engaged,not_delivering,ad,1.16358025,377,0,,6.24,4,4,1.56,,16.55172414,,,,0,,,,,2026-01-01,2026-05-25
"[C] [LM - TESTE] [ABO]","AD - EVELYN NIVER 2","Evelyn Regly BM - LM",engaged,not_delivering,ad,1.11538462,377,0.17771883,,9.9,,,,,26.25994695,,,,,,,,,2026-01-01,2026-05-25
"[C] [VARIOS PRODUTO] [ABO] [BID]","ADS - SABRINA","[VINAGRE] [RMKT]",engaged,inactive,ad,1.34642857,377,0.39257294,,21.37,5,2,4.274,,56.68435013,"Compras no site",21.37,1,0.2,1,8.08610201,"Valor de conversão da compra no site",172.8,2026-01-01,2026-05-25
"[C] [LM - TESTE] [ABO]",AD4,"Influ Lari - Jejoom",engaged,not_delivering,ad,1.20127796,376,0.27925532,,9.69,9,4,1.07666667,,25.7712766,,,1,0,,,,,2026-01-01,2026-05-25
"[C] [LM - TESTE] [ABO]","ADS2 - 18-02",Jejoom,existing,not_delivering,ad,1.0778098,374,0,,11.9,3,2,3.96666667,,31.81818182,,,,0,,,,,2026-01-01,2026-05-25
"[C] [TONS] [PB DR]","AD - BOFU — Cópia","LP NOVA",prospecting,not_delivering,ad,1.15673981,369,0,,5.8,2,,2.9,,15.71815718,"Compras no site",5.8,,0.5,1,30.87241379,"Valor de conversão da compra no site",179.06,2026-01-01,2026-05-25
"[C] [VARIOS PRODUTO] [ABO] [BID]","AD - LIS TOFU","[VINAGRE] [RMKT]",prospecting,inactive,ad,1.14596273,369,0.30352304,,30.57,11,9,2.77909091,,82.84552846,,,1,0,,,,,2026-01-01,2026-05-25
"[C] [LM - PRINCIPAL][EX. BASE] [ADV. +] [CBO]","AD - MOFU teste ate 08-05 — Cópia","[AQUISIÇÃO]  [ADV. +]",prospecting,inactive,ad,1.10179641,368,0.13586957,,7.77,3,3,2.59,,21.11413043,,,,0,,,,,2026-01-01,2026-05-25
"[C] [LM - TESTE] [ABO]","AD3 -","[HIBRIDO] [ESTATICO ORG.] [BID 60]",existing,inactive,ad,1.09552239,367,0.1226158,,4.6,3,3,1.53333333,,12.53405995,"Compras no site",4.6,,0.33333333,1,38.71956522,"Valor de conversão da compra no site",178.11,2026-01-01,2026-05-25
"[C] [LM - TESTE] [ABO]","ADS 3 — Cópia","teste aquisição ate dia 15  - Lm",existing,inactive,ad,1.19543974,367,0.3133515,,3.48,3,2,1.16,,9.48228883,,,,0,,,,,2026-01-01,2026-05-25
"[C] [LM - TESTE] [ABO]","ADS - LARI 2","Influ Lari - Jejoom",existing,not_delivering,ad,1.0988024,367,0.26158038,,14.67,1,,14.67,,39.97275204,,,,0,,,,,2026-01-01,2026-05-25
"[C] [LM - TESTE] [ABO]","AD - EVELYN","[TESTE PB FECHADO]",engaged,inactive,ad,1.14826498,364,0,,11.14,4,1,2.785,,30.6043956,,,,0,,,,,2026-01-01,2026-05-25
"[C] [LM - TESTE] [ABO]",AD2,"Adeli - Lm e Vm",engaged,not_delivering,ad,1.06824926,360,0.24166667,,14.26,2,,7.13,,39.61111111,,,,0,,,,,2026-01-01,2026-05-25
"[C] [LM - TESTE] [ABO]","AD - 3","[TOFU] [TIK TOK] [EXCLUSAÕ BASE] [BID 60] - TESTE ATÉ 20-05",existing,not_delivering,ad,1.32352941,360,0.21666667,,4.4,7,4,0.62857143,,12.22222222,,,1,0,,,,,2026-01-01,2026-05-25
"[C] [LM - RMKT] [ADV. ABO]","AD - BOFU","[RMKT LARANJA MORO-REATIVAÇÃO BASE QUENTE]",unknown,active,ad,1.08484848,358,0.05586592,,20.05614577,2,1,10.02807288,,56.02275355,"Compras no site",10.02807288,3,1,2,22.85434127,"Valor de conversão da compra no site",458.37,2026-01-01,2026-05-25
"[C] [LM - TESTE] [ABO]","AD - JADE TOFU — Cópia","teste publico novo - bid",existing,not_delivering,ad,1.12225705,358,0.26815642,,22.21,13,9,1.70846154,,62.03910615,,,1,0,,,,,2026-01-01,2026-05-25
"[C] [LM - TESTE] [ABO]","Criativo 1 - Edição Completa","Influ Isa Nogueira - LM TESTE TRAVA DE CPA",engaged,archived,ad,1.0625,357,0.28011204,,11.87,8,6,1.48375,,33.24929972,,,,0,,,,,2026-01-01,2026-05-25
"[C] [LM - PRINCIPAL][EX. BASE] [ADV. +] [CBO]","AD - ALESSANDRA TOFU","[AQUISIÇÃO]  [ADV. +]",prospecting,inactive,ad,1.0377907,357,0.42577031,,7.12,2,1,3.56,,19.94397759,,,,0,,,,,2026-01-01,2026-05-25
"[C] [TONS] [PB DR]","tons 3 - 25-11 — Cópia — Cópia","LP NOVA",engaged,not_delivering,ad,1.08206687,356,0.37640449,,11.38,7,4,1.62571429,,31.96629213,,,,0,,,,,2026-01-01,2026-05-25
"[C] [LM - TESTE] [ABO]","ADS - ART 3","Evelyn Regly BM - LM",existing,inactive,ad,1.52586207,354,0,,4.45,2,2,2.225,,12.57062147,"Compras no site",4.45,1,0.5,1,20.18876404,"Valor de conversão da compra no site",89.84,2026-01-01,2026-05-25
"[C] [JEJOOM] [CBO]","ARTE 2 MES CLIENTE — Cópia","[CAMPANHA AQUISIÇÃO]",engaged,inactive,ad,1.44262295,352,0,,5.86,,,,,16.64772727,,,,,,,,,2026-01-01,2026-05-25
"[C] [LM - TESTE] [ABO]",AD2,"Influ Marcela Jacaré - Vm",engaged,archived,ad,1.0931677,352,0.24147727,,10.34,5,5,2.068,,29.375,,,,0,,,,,2026-01-01,2026-05-25
"[C] [LM - TESTE] [ABO]","AD - 7","[MOFU] [TIK TOK] - TESTE ATÉ 20-05",existing,not_delivering,ad,1.39130435,352,0.36079545,,26.09,38,28,0.68657895,,74.11931818,,,1,0,,,,,2026-01-01,2026-05-25
"[C] [JEJOOM] [CBO]","AD - NIVER","[CAMPANHA AQUISIÇÃO]",engaged,inactive,ad,1.29889299,352,0,,15.16,7,6,2.16571429,,43.06818182,,,,0,,,,,2026-01-01,2026-05-25
"[C] [LM - PRINCIPAL][EX. BASE] [ADV. +] [CBO]","AD - LUCIANA MOFU","[EXCLUSÃO BASE] [ADV. +]",existing,inactive,ad,1.20205479,351,0.1025641,,4.05,1,,4.05,,11.53846154,"Compras no site",4.05,2,1,1,41.53580247,"Valor de conversão da compra no site",168.22,2026-01-01,2026-05-25
"[C] [VARIOS PRODUTO] [ABO] [BID]","AD - BOFU RMKT3 17-05","[TRIO MAG] [RMKT]",existing,not_delivering,ad,1.07361963,350,0,,10.02,6,5,1.67,,28.62857143,,,0,0,,,,,2026-01-01,2026-05-25
"[C] [JEJOOM] [CBO]","AD - RAIZA",[RMK],engaged,inactive,ad,1.32575758,350,0.14,,4.68,1,1,4.68,,13.37142857,,,,0,,,,,2026-01-01,2026-05-25
"[C] [LM - TESTE] [ABO]","ADS - DANI — Cópia","teste aquisição ate dia 15  - Lm",existing,not_delivering,ad,1.18027211,347,0.12391931,,7.2,7,3,1.02857143,,20.74927954,,,,0,,,,,2026-01-01,2026-05-25
"[C] [JEJOOM] [CBO]","AD - LARI","[CAMPANHA AQUISIÇÃO]",engaged,inactive,ad,1.18493151,346,0.26300578,,5.55,1,1,5.55,,16.04046243,,,,0,,,,,2026-01-01,2026-05-25
"[C] [LM - TESTE] [ABO]",AD1,"Influ Rachel - Kit",existing,not_delivering,ad,1.19649123,341,0.20821114,,14.94382782,6,4,2.49063797,,43.82354201,,,,0,,,,,2026-01-01,2026-05-25
"[C] [JEJOOM] [CBO]","AD - MORGANA TOFU — Cópia",[RMK],engaged,inactive,ad,1.14864865,340,0.11176471,,4.07,2,2,2.035,,11.97058824,,,,0,,,,,2026-01-01,2026-05-25
"[C] [LM - TESTE] [ABO]","AD - 7","[TOFU] [TIK TOK] [EXCLUSAÕ BASE] [BID 60] - TESTE ATÉ 20-05",existing,not_delivering,ad,1.23188406,340,0.14411765,,5,1,,5,,14.70588235,,,,0,,,,,2026-01-01,2026-05-25
"[C] [LM - PRINCIPAL][EX. BASE] [ADV. +] [CBO]",AD1,"TESTE RAIZA ATE 21-03",prospecting,archived,ad,1.24632353,339,0.1120944,,10.13,1,,10.13,,29.8820059,,,,0,,,,,2026-01-01,2026-05-25
"[C] [LM - PRINCIPAL][EX. BASE] [ADV. +] [CBO]",AD1,"TESTE RACHEL ATE 21-03",existing,archived,ad,1.23809524,338,0.16568047,,14.5,5,3,2.9,,42.89940828,,,1,0,,,,,2026-01-01,2026-05-25
"[C] [LM - TESTE] [ABO]","ADS 1","Influ Raiza - VM",existing,not_delivering,ad,1.31640625,337,0.14540059,,7.18,3,2,2.39333333,,21.30563798,"Compras no site",7.18,,0.33333333,1,25.42061281,"Valor de conversão da compra no site",182.52,2026-01-01,2026-05-25
"[C] [LM - PRINCIPAL][EX. BASE] [ADV. +] [CBO]","AD - RMKT — Cópia","[EXCLUSÃO BASE] [ADV. +]",prospecting,inactive,ad,1.27862595,335,0,,1.48,,,,,4.41791045,,,1,,,,,,2026-01-01,2026-05-25
"[C] [LM - TESTE] [ABO]","ADS2 - 18-02",Jejoom,prospecting,not_delivering,ad,1.02453988,334,0,,8.44,6,5,1.40666667,,25.26946108,,,1,0,,,,,2026-01-01,2026-05-25
"[C] [LM - TESTE] [ABO]","AD - RMK  EVELYN 18-05 PERFIL DENA — Cópia — Cópia — Cópia","[TESTE PB FECHADO]",prospecting,active,ad,1.03405573,334,0.00598802,,5.37,3,2,1.79,,16.07784431,,,,0,,,,,2026-01-01,2026-05-25
"[C] [LM - TESTE] [ABO]","AD - 9","[TOFU] [TIK TOK] [EXCLUSAÕ BASE] [BID 60] - TESTE ATÉ 20-05",existing,not_delivering,ad,1.17605634,334,0.1497006,,3.74,1,,3.74,,11.19760479,,,,0,,,,,2026-01-01,2026-05-25
"[C] [LM - TESTE] [ABO]",AD3,"Adeli - Lm e Vm",engaged,not_delivering,ad,1.11,333,0.28228228,,14.78,1,1,14.78,,44.38438438,,,,0,,,,,2026-01-01,2026-05-25
"[C] [LM - TESTE] [ABO]",AD5,"Influ Lari - Jejoom",engaged,not_delivering,ad,1.26717557,332,0.17771084,,7.15,8,2,0.89375,,21.53614458,,,,0,,,,,2026-01-01,2026-05-25
"[C] [LM - PRINCIPAL][EX. BASE] [ADV. +] [CBO]","ADS - JESSICA","[AQUISIÇÃO]  [ADV. +]",unknown,inactive,ad,1.04731861,332,0.22891566,,17.44009251,8,5,2.18001156,,52.53039912,,,1,0,,,,,2026-01-01,2026-05-25
"[C] [LM - TESTE] [ABO]","ADS 1","Influ Sabrina - Vm [Teste até 13-03]",engaged,archived,ad,1.10702341,331,0.24169184,,13.1,5,3,2.62,,39.57703927,,,2,0,,,,,2026-01-01,2026-05-25
"[C] [LM - TESTE] [ABO]","AD - JESSICA MOFU NIVER","Evelyn Regly BM - LM",prospecting,not_delivering,ad,1.16487455,325,0.16307692,,9.63,3,1,3.21,,29.63076923,,,,0,,,,,2026-01-01,2026-05-25
"[C] [LM - TESTE] [ABO]","AD - EVELYN NIVER","Evelyn Regly BM - LM",engaged,not_delivering,ad,1.10958904,324,0.22530864,,7.89,4,3,1.9725,,24.35185185,,,,0,,,,,2026-01-01,2026-05-25
"[C] [LM - PRINCIPAL][EX. BASE] [ADV. +] [CBO]","Video-Rmkt-DaniWinits — Cópia","LP - ATUAL",engaged,archived,ad,1.23461538,321,0.105919,,8.53,8,9,1.06625,,26.57320872,,,2,0,,,,,2026-01-01,2026-05-25
"[C] [LM - TESTE] [ABO]","AD - DANI TOFU 1","[BOFU] [ADV+ ABERTO] [ESTATICO]",existing,not_delivering,ad,1.04234528,320,0.240625,,3.53,1,1,3.53,,11.03125,,,,0,,,,,2026-01-01,2026-05-25
"[C] [VARIOS PRODUTO] [ABO] [BID]","ADS - BRUNA 1 — Cópia","[DIGESTINO] [RMKT]",prospecting,not_delivering,ad,1.22779923,318,0.12893082,,10.2,2,2,5.1,,32.0754717,,,,0,,,,,2026-01-01,2026-05-25
"[C] [LM - TESTE] [ABO]","ADS 3","Influ Raiza 2",engaged,not_delivering,ad,1.268,317,0.20504732,,6.43,1,1,6.43,,20.28391167,,,,0,,,,,2026-01-01,2026-05-25
"[C] [LM - TESTE] [ABO]","AD -2","[MOFU] [TIK TOK] - TESTE ATÉ 20-05",existing,not_delivering,ad,1.34322034,317,0.39747634,,14.93,49,36,0.30469388,,47.0977918,,,,0,,,,,2026-01-01,2026-05-25
"[C] [JEJOOM] [CBO]","AD2 - ORGANICO — Cópia","[PUBLICO LARISSA]",prospecting,archived,ad,1.04290429,316,0,,6.65,7,1,0.95,,21.0443038,,,,0,,,,,2026-01-01,2026-05-25
"[C] [LM - TESTE] [ABO]",AD3,"Influ Dani - Vm",engaged,not_delivering,ad,1.17977528,315,0.11428571,,5.7,2,1,2.85,,18.0952381,,,,0,,,,,2026-01-01,2026-05-25
"[C] [LM - PRINCIPAL][EX. BASE] [ADV. +] [CBO]","Video-Rmkt-DaniWinits — Cópia","LP - ATUAL",existing,archived,ad,1.20229008,315,0.02857143,,10.5,2,1,5.25,,33.33333333,,,,0,,,,,2026-01-01,2026-05-25
"[C] [LM - TESTE] [ABO]",AD3,"Influ Vitoria - Vm",engaged,not_delivering,ad,1.22265625,313,0.23003195,,13.97780288,12,6,1.16481691,,44.65751718,,,,0,,,,,2026-01-01,2026-05-25
"[C] [LM - TESTE] [ABO]","AD - EVELYN TOFU","[TESTE PB FECHADO]",prospecting,active,ad,1.03986711,313,0.39936102,,7.82,2,2,3.91,,24.98402556,,,,0,,,,,2026-01-01,2026-05-25
"[C] [LM - PRINCIPAL][EX. BASE] [ADV. +] [CBO]","ADS — Cópia — Cópia",[EVELIN],engaged,inactive,ad,1.18250951,311,0.08038585,,3.73,4,3,0.9325,,11.99356913,"Compras no site",3.73,1,0.25,1,40.6461126,"Valor de conversão da compra no site",151.61,2026-01-01,2026-05-25
"[C] [LM - TESTE] [ABO]","AD - JADE TOFU — Cópia","teste publico novo - bid",engaged,not_delivering,ad,1.06551724,309,0.23624595,,19.39,8,7,2.42375,,62.75080906,"Compras no site",9.695,4,0.25,2,19.29963899,"Valor de conversão da compra no site",374.22,2026-01-01,2026-05-25
"[C] [LM - TESTE] [ABO]","AD - EVELYN",EVELIN,existing,active,ad,1.10791367,308,0.10714286,,8.55457752,2,,4.27728876,,27.77460235,,,,0,,,,,2026-01-01,2026-05-25
"[C] [LM - TESTE] [ABO]",ADS9,"Influ Morgana - Jejoom",prospecting,inactive,ad,1.05841924,308,0.33441558,,12.48,5,5,2.496,,40.51948052,,,1,0,,,,,2026-01-01,2026-05-25
"[C] [TONS] [PB DR]","AD - MOFU 1","TONS TESTE",prospecting,not_delivering,ad,1.15355805,308,0.26948052,,10.78,3,2,3.59333333,,35,,,,0,,,,,2026-01-01,2026-05-25
"[C] [LM - PRINCIPAL][EX. BASE] [ADV. +] [CBO]","ADS - ANA ELISA 2","LP - TOPO LM",engaged,archived,ad,1.32327586,307,0.14006515,,6.51,3,3,2.17,,21.20521173,,,,0,,,,,2026-01-01,2026-05-25
"[C] [LM - TESTE] [ABO]","ADS3- Q10","Arte Organica - Q10",prospecting,not_delivering,ad,1.17241379,306,0,,14.19,7,2,2.02714286,,46.37254902,,,3,0,,,,,2026-01-01,2026-05-25
"[C] [LM - TESTE] [ABO]",ADS8,"Influ Morgana - Jejoom",prospecting,inactive,ad,1.04081633,306,0.30718954,,13.18,7,6,1.88285714,,43.07189542,"Compras no site",13.18,1,0.14285714,1,11.39908953,"Valor de conversão da compra no site",150.24,2026-01-01,2026-05-25
"[C] [LM - TESTE] [ABO]","ADS 2","Influ Evelyn - Vm 2",existing,inactive,ad,1.27196653,304,0.23026316,,6.59,3,3,2.19666667,,21.67763158,,,,0,,,,,2026-01-01,2026-05-25
"[C] [LM - TESTE] [ABO]",ADS2,"Influ Morgana - Jejoom",engaged,inactive,ad,1.08303249,300,0.28,,8.42,7,4,1.20285714,,28.06666667,,,3,0,,,,,2026-01-01,2026-05-25
"[C] [LM - TESTE] [ABO]","AD - EVELYN",EVELIN,engaged,active,ad,1.08759124,298,0.17114094,,8.11382646,7,5,1.15911807,,27.22760556,,,,0,,,,,2026-01-01,2026-05-25
"[C] [LM - TESTE] [ABO]","AD - 5","[MOFU] [TIK TOK] - TESTE ATÉ 20-05",prospecting,not_delivering,ad,1.1,297,0.1986532,,5.51078323,5,3,1.10215665,,18.55482568,,,,0,,,,,2026-01-01,2026-05-25
"[C] [LM - TESTE] [ABO]","ADS 7","Evelyn Regly BM - LM",existing,not_delivering,ad,1.16470588,297,0.16498316,,8.55,1,1,8.55,,28.78787879,,,,0,,,,,2026-01-01,2026-05-25
"[C] [VARIOS PRODUTO] [ABO] [BID]","AD - JESSICA","[DIGESTINO] [RMKT]",engaged,not_delivering,ad,1.28571429,297,0.49494949,,11.13,36,29,0.30916667,,37.47474747,,,,0,,,,,2026-01-01,2026-05-25
"[C] [LM - RMKT] [ADV. ABO]","AD - RMKT DANI — Cópia","[RMKT LARANJA MORO-REATIVAÇÃO BASE QUENTE]",existing,inactive,ad,1.14728682,296,0.16891892,,9.19,2,1,4.595,,31.0472973,,,1,0,,,,,2026-01-01,2026-05-25
"[C] [LM - TESTE] [ABO]","AD - 4","[TOFU] [TIK TOK] [EXCLUSAÕ BASE] [BID 60] - TESTE ATÉ 20-05",engaged,not_delivering,ad,1.15686275,295,0.19661017,,3.95,2,2,1.975,,13.38983051,,,,0,,,,,2026-01-01,2026-05-25
"[C] [LM - TESTE] [ABO]","ADS  - EVELYN VM",EVELIN,prospecting,inactive,ad,1.121673,295,0.11864407,,6.6,3,2,2.2,,22.37288136,,,,0,,,,,2026-01-01,2026-05-25
"[C] [LM - TESTE] [ABO]",AD2,"Influ Lari - Jejoom",prospecting,not_delivering,ad,1.172,293,0.19453925,,6.53,4,4,1.6325,,22.28668942,,,,0,,,,,2026-01-01,2026-05-25
"[C] [JEJOOM] [CBO]","AD - LARI","[CAMPANHA AQUISIÇÃO]",prospecting,inactive,ad,1.168,292,0.31506849,,6.65,3,2,2.21666667,,22.7739726,,,,0,,,,,2026-01-01,2026-05-25
"[C] [LM - TESTE] [ABO]","AD - 6","[TOFU] [TIK TOK] [EXCLUSAÕ BASE] [BID 60] - TESTE ATÉ 20-05",existing,not_delivering,ad,1.20661157,292,0.32876712,,5.36,7,5,0.76571429,,18.35616438,,,,0,,,,,2026-01-01,2026-05-25
"[C] [VARIOS PRODUTO] [ABO] [BID]","AD - BOFU RMKT2 17-05","[INOSITOL] [RMKT]",existing,not_delivering,ad,1.31081081,291,0,,14.02,9,6,1.55777778,,48.17869416,"Compras no site",14.02,,0.11111111,1,11.32881598,"Valor de conversão da compra no site",158.83,2026-01-01,2026-05-25
"[C] [LM - TESTE] [ABO]",24-12,"Influ Maritza 1 - LM TESTE TRAVA DE CPA",prospecting,archived,ad,1.22457627,289,0.14878893,,3.66,2,1,1.83,,12.66435986,,,1,0,,,,,2026-01-01,2026-05-25
"[C] [LM - TESTE] [ABO]","ADS3 - 18-02",Jejoom,existing,not_delivering,ad,1.7202381,289,0,,5.56,,,,,19.23875433,,,,,,,,,2026-01-01,2026-05-25
"[C] [TONS] [PB DR]","AD - BOFU — Cópia","TONS TESTE",prospecting,not_delivering,ad,1.04710145,289,0,,7.68,5,3,1.536,,26.57439446,,,1,0,,,,,2026-01-01,2026-05-25
"[C] [LM - TESTE] [ABO]","ADS 2","Influ Evelyn - Vm 2",prospecting,inactive,ad,1.20502092,288,0.20138889,,10.34,3,3,3.44666667,,35.90277778,,,1,0,,,,,2026-01-01,2026-05-25
"[C] [LM - PRINCIPAL][EX. BASE] [ADV. +] [CBO]","ADS - LARISSA 2","LP - 1",prospecting,archived,ad,1.02135231,287,0.2369338,,6.25,3,,2.08333333,,21.77700348,,,,0,,,,,2026-01-01,2026-05-25
"[C] [JEJOOM] [CBO]","AD - RAIZA MOFU","[CAMPANHA AQUISIÇÃO]",existing,inactive,ad,1.1504065,283,0.25795053,,14.79,4,1,3.6975,,52.2614841,,,,0,,,,,2026-01-01,2026-05-25
"[C] [VARIOS PRODUTO] [ABO] [BID]","ADS - BRUNA 1 — Cópia","[DIGESTINO] [RMKT]",engaged,not_delivering,ad,1.19409283,283,0.16254417,,9.1,1,1,9.1,,32.15547703,,,1,0,,,,,2026-01-01,2026-05-25
"[C] [LM - TESTE] [ABO]",AD1,"Influ Rachel - Kit",engaged,not_delivering,ad,1.26457399,282,0.24822695,,10.92279785,4,3,2.73069946,,38.7333257,,,1,0,,,,,2026-01-01,2026-05-25
"[C] [JEJOOM] [CBO]","AD - RMKT",[RMK],existing,inactive,ad,1.08914729,281,0,,3.32,4,,0.83,,11.81494662,,,,0,,,,,2026-01-01,2026-05-25
"[C] [LM - TESTE] [ABO]","CARROSSEL 2 - 18-02","Carrossel - LM ROAS",prospecting,archived,ad,1.07279693,280,0,,12,3,2,4,,42.85714286,,,,0,,,,,2026-01-01,2026-05-25
"[C] [LM - PRINCIPAL][EX. BASE] [ADV. +] [CBO]","AD - MOFU teste ate 08-05 — Cópia","[AQUISIÇÃO]  [ADV. +]",engaged,inactive,ad,1.03703704,280,0.46428571,,5.38,2,,2.69,,19.21428571,,,,0,,,,,2026-01-01,2026-05-25
"[C] [LM - TESTE] [ABO]","Criativo 1 - Brenda 29/12 — Cópia","Lm Perfil Novo",existing,not_delivering,ad,1.23348018,280,0.13571429,,5.43,6,1,0.905,,19.39285714,,,,0,,,,,2026-01-01,2026-05-25
"[C] [LM - TESTE] [ABO]","CARROSSEL 1 - 18-02","Carrossel - LM ROAS",existing,archived,ad,1.27981651,279,0.11469534,,16.43,5,3,3.286,,58.88888889,,,,0,,,,,2026-01-01,2026-05-25
"[C] [JEJOOM] [CBO]","ARTE 1 20-10-2025 DENAVITA","[CAMPANHA AQUISIÇÃO]",engaged,inactive,ad,1.2139738,278,0,,6.99,2,2,3.495,,25.14388489,,,,0,,,,,2026-01-01,2026-05-25
"[C] [LM - TESTE] [ABO]","AD - JESSICA MOFU NIVER","Evelyn Regly BM - LM",existing,not_delivering,ad,1.15481172,276,0.16666667,,12.49,3,3,4.16333333,,45.25362319,,,,0,,,,,2026-01-01,2026-05-25
"[C] [VARIOS PRODUTO] [ABO] [BID]","ADS 2 — Cópia","[VINAGRE] [RMKT]",existing,inactive,ad,1.14522822,276,0,,15.9,3,2,5.3,,57.60869565,,,1,0,,,,,2026-01-01,2026-05-25
"[C] [VARIOS PRODUTO] [ABO] [BID]","AD - SUSANA","[COLAGENO] [RMKT]",prospecting,inactive,ad,1.13168724,275,0.14181818,,4.71,4,2,1.1775,,17.12727273,,,,0,,,,,2026-01-01,2026-05-25
"[C] [LM - TESTE] [ABO]","AD - MOFU ANA ELISA — Cópia — Cópia","[TESTE PB FECHADO ANA ELISA]",engaged,active,ad,1.15546218,275,0.23272727,,5.37118143,6,4,0.8951969,,19.53156883,,,,0,,,,,2026-01-01,2026-05-25
"[C] [LM - TESTE] [ABO]","ADS2- Q10","Arte Organica - Q10",existing,not_delivering,ad,1.12757202,274,0,,14.13,4,2,3.5325,,51.56934307,,,,0,,,,,2026-01-01,2026-05-25
"[C] [LM - TESTE] [ABO]",AD2,"Influ Dani - Vm",engaged,not_delivering,ad,1.2079646,273,0.12820513,,6.01,1,1,6.01,,22.01465201,,,,0,,,,,2026-01-01,2026-05-25
"[C] [JEJOOM] [CBO]","AD - RAIZA","[CAMPANHA AQUISIÇÃO]",existing,inactive,ad,1.20264317,273,0.20512821,,12.5,7,4,1.78571429,,45.78754579,,,1,0,,,,,2026-01-01,2026-05-25
"[C] [LM - TESTE] [ABO]","ADS3 - VM","Arte Organica - VM",existing,archived,ad,1.17316017,271,0,,9.76,4,2,2.44,,36.01476015,,,,0,,,,,2026-01-01,2026-05-25
"[C] [JEJOOM] [CBO]","AD1 - ORGANICO — Cópia","[PUBLICO LARISSA]",prospecting,archived,ad,1.05490196,269,0,,7.76,4,3,1.94,,28.84758364,,,,0,,,,,2026-01-01,2026-05-25
"[C] [LM - TESTE] [ABO]","CARROSSEL 2 - 18-02","Carrossel - LM ROAS",engaged,archived,ad,1.1622807,265,0,,9.66,2,1,4.83,,36.45283019,,,,0,,,,,2026-01-01,2026-05-25
"[C] [LM - TESTE] [ABO]","AD - 4","[MOFU] [TIK TOK] - TESTE ATÉ 20-05",existing,not_delivering,ad,1.4640884,265,0.49433962,,8.95,40,22,0.22375,,33.77358491,"Compras no site",4.475,3,0.05,2,31.02905028,"Valor de conversão da compra no site",277.71,2026-01-01,2026-05-25
"[C] [LM - TESTE] [ABO]",AD1,"Influ Dani Arte - Lm",engaged,not_delivering,ad,1.21860465,262,0,,4.8,1,1,4.8,,18.32061069,"Compras no site",4.8,1,1,1,57.57916667,"Valor de conversão da compra no site",276.38,2026-01-01,2026-05-25
"[C] [LM - TESTE] [ABO]","ADS1 - 18-02","Arte Organica - Digestino",existing,inactive,ad,1.09166667,262,0,,6.27395334,1,1,6.27395334,,23.9463868,,,,0,,,,,2026-01-01,2026-05-25
"[C] [VARIOS PRODUTO] [ABO] [BID]",AD14,"[VINAGRE] [RMKT]",existing,inactive,ad,1.11688312,258,0.28682171,,10.54,6,2,1.75666667,,40.85271318,,,,0,,,,,2026-01-01,2026-05-25
"[C] [TONS] [PB DR]","AD - MOFU 1","TONS TESTE",existing,not_delivering,ad,1.60625,257,0.34241245,,10.12,32,31,0.31625,,39.37743191,,,0,0,0,0.16600791,"Valor de conversão da compra no site",1.68,2026-01-01,2026-05-25
"[C] [LM - TESTE] [ABO]","ADS1 - VM","Arte Organica - VM",prospecting,archived,ad,1.06198347,257,0,,8.21,4,4,2.0525,,31.94552529,,,1,0,,,,,2026-01-01,2026-05-25
"[C] [LM - TESTE] [ABO]","ADS 1 - SABRINA","Influ Sabrina - Tons",engaged,inactive,ad,1.13274336,256,0.33984375,,6.35,5,3,1.27,,24.8046875,,,,0,,,,,2026-01-01,2026-05-25
"[C] [LM - TESTE] [ABO]","AD - EVELYN TOFU","[TESTE PB FECHADO]",existing,active,ad,1.03225806,256,0.3984375,,8.78,5,3,1.756,,34.296875,,,,0,,,,,2026-01-01,2026-05-25
"[C] [LM - TESTE] [ABO]","AD - 7","[TOFU] [TIK TOK] [EXCLUSAÕ BASE] [BID 60] - TESTE ATÉ 20-05",existing,not_delivering,ad,1.16972477,255,0.23137255,,2.89,1,,2.89,,11.33333333,,,,0,,,,,2026-01-01,2026-05-25
"[C] [VARIOS PRODUTO] [ABO] [BID]",AD9,"[VINAGRE] [RMKT]",existing,inactive,ad,1.14414414,254,0.29527559,,14.67,5,3,2.934,,57.75590551,,,2,0,,,,,2026-01-01,2026-05-25
"[C] [LM - TESTE] [ABO]","AD - 7","[MOFU] [TIK TOK] - TESTE ATÉ 20-05",engaged,not_delivering,ad,1.29230769,252,0.46031746,,13.54,36,25,0.37611111,,53.73015873,,,1,0,,,,,2026-01-01,2026-05-25
"[C] [LM - TESTE] [ABO]","AD - RMK  EVELYN 18-05 PERFIL DENA — Cópia — Cópia","[TESTE PB FECHADO]",engaged,active,ad,1.12556054,251,0,,7.24,1,1,7.24,,28.84462151,,,,0,,,,,2026-01-01,2026-05-25
"[C] [LM - PRINCIPAL][EX. BASE] [ADV. +] [CBO]","AD1 — Cópia",[EVELIN],existing,inactive,ad,1.11312217,246,0.10569106,,2.62,5,5,0.524,,10.6504065,,,1,0,,,,,2026-01-01,2026-05-25
"[C] [LM - TESTE] [ABO]",AD2,"Influ Mi Ruback - Vm",prospecting,archived,ad,1.05150215,245,0.09795918,,3.53,3,2,1.17666667,,14.40816327,,,,0,,,,,2026-01-01,2026-05-25
"[C] [LM - TESTE] [ABO]","AD3 -","[HIBRIDO] [ESTATICO ORG.] [BID 60]",engaged,inactive,ad,1.07964602,244,0.14344262,,3.19,1,,3.19,,13.07377049,,,,0,,,,,2026-01-01,2026-05-25
"[C] [LM - PRINCIPAL][EX. BASE] [ADV. +] [CBO]","AD1 — Cópia",[EVELIN],prospecting,inactive,ad,1.10958904,243,0.06995885,,1.2,1,1,1.2,,4.9382716,,,,0,,,,,2026-01-01,2026-05-25
"[C] [LM - PRINCIPAL][EX. BASE] [ADV. +] [CBO]",AD3,"ESTUDOS CLINICOS",engaged,archived,ad,1.08035714,242,0.12809917,,4.79,1,,4.79,,19.79338843,,,,0,,,,,2026-01-01,2026-05-25
"[C] [LM - TESTE] [ABO]","AD -1","[TOFU] [TIK TOK] [EXCLUSAÕ BASE] [BID 60] - TESTE ATÉ 20-05",existing,not_delivering,ad,1.10502283,242,0.22727273,,4.13,,,,,17.0661157,,,,,,,,,2026-01-01,2026-05-25
"[C] [LM - TESTE] [ABO]","AD - RMK  EVELYN 18-05 PERFIL DENA — Cópia — Cópia — Cópia","[TESTE PB FECHADO]",existing,active,ad,1.07142857,240,0,,5.99,1,,5.99,,24.95833333,,,,0,,,,,2026-01-01,2026-05-25
"[C] [LM - TESTE] [ABO]","AD - 7","[MOFU] [TIK TOK] - TESTE ATÉ 20-05",prospecting,not_delivering,ad,1.14285714,240,0.09166667,,6.15,3,3,2.05,,25.625,,,1,0,,,,,2026-01-01,2026-05-25
"[C] [VARIOS PRODUTO] [ABO] [BID]","AD - TOFU","[VINAGRE] [RMKT]",engaged,inactive,ad,1.234375,237,0.29535865,,5.16,12,9,0.43,,21.7721519,,,,0,,,,,2026-01-01,2026-05-25
"[C] [LM - PRINCIPAL][EX. BASE] [ADV. +] [CBO]",AD3,"ESTUDOS CLINICOS",existing,archived,ad,1.07727273,237,0.11392405,,4,1,1,4,,16.87763713,,,,0,,,,,2026-01-01,2026-05-25
"[C] [LM - TESTE] [ABO]",ADS4,"Influ Morgana - Jejoom",existing,inactive,ad,1.15196078,235,0.26382979,,12.72,5,5,2.544,,54.12765957,,,,0,,,,,2026-01-01,2026-05-25
"[C] [LM - TESTE] [ABO]","Criativo Versão 2 - Sabrina 29/12 — Cópia","teste aquisição ate dia 15  - Lm",existing,inactive,ad,1.10849057,235,0.2212766,,3.98,4,3,0.995,,16.93617021,,,,0,,,,,2026-01-01,2026-05-25
"[C] [JEJOOM] [CBO]","AD4 - ORGANICO","[CAMPANHA AQUISIÇÃO]",existing,inactive,ad,1.08837209,234,0,,5.93,1,1,5.93,,25.34188034,,,,0,,,,,2026-01-01,2026-05-25
"[C] [LM - TESTE] [ABO]","AD - RMK  EVELYN 19-05 PERFIL DENA","[TESTE PB FECHADO]",existing,active,ad,1.1758794,234,0.36752137,,24.6,12,7,2.05,,105.12820513,"Compras no site",24.6,2,0.08333333,1,4.10813008,"Valor de conversão da compra no site",101.06,2026-01-01,2026-05-25
"[C] [LM - RMKT] [ADV. ABO]","AD - LUCIANA MOFU","[RMKT LARANJA MORO-REATIVAÇÃO BASE QUENTE]",unknown,inactive,ad,1.01304348,233,0.19742489,,19.57747375,4,2,4.89436844,,84.02349249,"Compras no site",19.57747375,2,0.25,1,14.15453309,"Valor de conversão da compra no site",277.11,2026-01-01,2026-05-25
"[C] [LM - TESTE] [ABO]","ADS - LARI 2","Influ Lari - Jejoom",prospecting,not_delivering,ad,1.05454545,232,0.34051724,,10.07,4,3,2.5175,,43.40517241,,,,0,,,,,2026-01-01,2026-05-25
"[C] [LM - TESTE] [ABO]","ADS 1 - SABRINA","Influ Sabrina - Tons",existing,inactive,ad,1.14285714,232,0.22844828,,5.4,,,,,23.27586207,,,,,,,,,2026-01-01,2026-05-25
"[C] [LM - PRINCIPAL][EX. BASE] [ADV. +] [CBO]","AD - DANI TOFU","[AQUISIÇÃO]  [ADV. +]",unknown,inactive,ad,1.02666667,231,0.08658009,,9.04999629,,2,,,39.17747314,,,,,,,,,2026-01-01,2026-05-25
"[C] [LM - TESTE] [ABO]","AD - JADE TOFU 19-05 BM JADE + DENA — Cópia","[TESTE PB FECHADO JADE]",engaged,active,ad,1.13793103,231,0.17316017,,4.31711409,1,,4.31711409,,18.6888056,,,,0,,,,,2026-01-01,2026-05-25
"[C] [LM - TESTE] [ABO]","ADS3- Q10","Conj. - Q10",existing,not_delivering,ad,1.12135922,231,0,,6.39,3,2,2.13,,27.66233766,,,,0,,,,,2026-01-01,2026-05-25
"[C] [LM - TESTE] [ABO]","CARROSSEL 2 - 18-02","Carrossel - LM ROAS",existing,archived,ad,1.12376238,227,0,,8.78,1,1,8.78,,38.6784141,,,,0,,,,,2026-01-01,2026-05-25
"[C] [LM - TESTE] [ABO]","ADS1 - VM","Arte Organica - VM",engaged,archived,ad,1.37423313,224,0,,4.86,1,,4.86,,21.69642857,,,,0,,,,,2026-01-01,2026-05-25
"[C] [JEJOOM] [CBO]","AD - TACI 2",[RMK],engaged,active,ad,1.27272727,224,0.44642857,,7.27,19,6,0.38263158,,32.45535714,,,1,0,,,,,2026-01-01,2026-05-25
"[C] [LM - TESTE] [ABO]",ADS9,"Influ Morgana - Jejoom",engaged,inactive,ad,1.115,223,0.29147982,,6.22,1,1,6.22,,27.89237668,,,,0,,,,,2026-01-01,2026-05-25
"[C] [LM - TESTE] [ABO]",ADS8,"Influ Morgana - Jejoom",engaged,inactive,ad,1.29069767,222,0.38288288,,5.22,18,13,0.29,,23.51351351,,,,0,,,,,2026-01-01,2026-05-25
"[C] [JEJOOM] [CBO]","AD - RAIZA",[RMK],prospecting,inactive,ad,1.15625,222,0.11711712,,2.09,,,,,9.41441441,,,,,,,,,2026-01-01,2026-05-25
"[C] [JEJOOM] [CBO]","AD - TACI",[RMK],engaged,active,ad,1.64179104,220,0.62727273,,6.12,29,14,0.21103448,,27.81818182,,,,0,,,,,2026-01-01,2026-05-25
"[C] [LM - TESTE] [ABO]","ADS 2","Varias Influs - VM",engaged,inactive,ad,1.13989637,220,0.16818182,,6.47,8,6,0.80875,,29.40909091,"Compras no site",6.47,2,0.125,1,15.91499227,"Valor de conversão da compra no site",102.97,2026-01-01,2026-05-25
"[C] [LM - TESTE] [ABO]","AD - tofu  teste ate 09-05 — Cópia","[TOFU] [TIK TOK] [EXCLUSAÕ BASE] [BID 60] - TESTE ATÉ 20-05",existing,inactive,ad,1.09090909,216,0.33333333,,2.83,1,1,2.83,,13.10185185,,,,0,,,,,2026-01-01,2026-05-25
"[C] [LM - PRINCIPAL][EX. BASE] [ADV. +] [CBO]","AD - RMKT — Cópia","[EXCLUSÃO BASE] [ADV. +]",engaged,inactive,ad,1.33333333,216,0,,1,2,2,0.5,,4.62962963,,,,0,,,,,2026-01-01,2026-05-25
"[C] [TONS] [PB DR]","AD - MOFU 3","TONS TESTE",engaged,not_delivering,ad,1.36075949,215,0.42325581,,6.98,29,22,0.24068966,,32.46511628,,,,0,,,,,2026-01-01,2026-05-25
"[C] [LM - TESTE] [ABO]","ADS1 - 18-02","Arte Org - Digestino",engaged,inactive,ad,1.21590909,214,0,,4.12,4,2,1.03,,19.25233645,,,,0,,,,,2026-01-01,2026-05-25
"[C] [LM - PRINCIPAL][EX. BASE] [ADV. +] [CBO]","AD - 5 — Cópia","[EXCLUSÃO BASE] [ADV. +]",prospecting,inactive,ad,1.0974359,214,0.29439252,,3.3,3,3,1.1,,15.42056075,,,1,0,,,,,2026-01-01,2026-05-25
"[C] [LM - RMKT] [ADV. ABO]","AD - TOFU LARISSA — Cópia","[RMKT LARANJA MORO-REATIVAÇÃO BASE QUENTE]",prospecting,inactive,ad,1.01463415,208,0.45673077,,6.32,2,1,3.16,,30.38461538,"Compras no site",6.32,,0.5,1,26.3164557,"Valor de conversão da compra no site",166.32,2026-01-01,2026-05-25
"[C] [LM - TESTE] [ABO]","AD -1","[TOFU] [TIK TOK] [EXCLUSAÕ BASE] [BID 60] - TESTE ATÉ 20-05",engaged,not_delivering,ad,1.18965517,207,0.20289855,,3.05,2,3,1.525,,14.73429952,,,,0,,,,,2026-01-01,2026-05-25
"[C] [LM - RMKT] [ADV. ABO]","AD - EVELYN NVIER","[RMKT LARANJA MORO-REATIVAÇÃO BASE QUENTE]",prospecting,not_delivering,ad,1.21052632,207,0.16425121,,6.98,,,,,33.71980676,,,,,,,,,2026-01-01,2026-05-25
"[C] [VARIOS PRODUTO] [ABO] [BID]",AD4,"[VINAGRE] [RMKT]",prospecting,inactive,ad,1.06153846,207,0,,3.45,,,,,16.66666667,,,,,,,,,2026-01-01,2026-05-25
"[C] [LM - TESTE] [ABO]","ADS2 - VM","Arte Organica - VM",existing,not_delivering,ad,1.02487562,206,0,,7.51,2,1,3.755,,36.45631068,,,,0,,,,,2026-01-01,2026-05-25
"[C] [LM - TESTE] [ABO]",AD1,"[TOFU] [TIK TOK] [EXCLUSAÕ BASE] [BID 60] - TESTE ATÉ 20-05",prospecting,inactive,ad,1.13407821,203,0.07389163,,1.81,,,,,8.91625616,,,,,,,,,2026-01-01,2026-05-25
"[C] [VARIOS PRODUTO] [ABO] [BID]","AD - FERNANDA — Cópia","[VINAGRE] [RMKT]",engaged,inactive,ad,1.38095238,203,0.50246305,,9.69,22,17,0.44045455,,47.73399015,,,,0,,,,,2026-01-01,2026-05-25
"[C] [LM - TESTE] [ABO]","ADS 1","Influ Isadora N. - Lm",engaged,archived,ad,1.1160221,202,0.25247525,,3.87,2,2,1.935,,19.15841584,,,,0,,,,,2026-01-01,2026-05-25
"[C] [LM - TESTE] [ABO]","Criativo 2 - Melhora retenção 29/12","Influ Mi Ruback",prospecting,archived,ad,1.13559322,201,0.13930348,,4.19,2,1,2.095,,20.84577114,,,,0,,,,,2026-01-01,2026-05-25
"[C] [LM - PRINCIPAL][EX. BASE] [ADV. +] [CBO]","Criativo 1 - Brenda 29/12 — Cópia","LP - 1",prospecting,archived,ad,1.0255102,201,0.1840796,,3.95,1,,3.95,,19.65174129,,,,0,,,,,2026-01-01,2026-05-25
"[C] [VARIOS PRODUTO] [ABO] [BID]","AD - ORG TOFU","[VINAGRE] [RMKT]",prospecting,inactive,ad,1.18934911,201,0,,10.18,3,3,3.39333333,,50.64676617,,,,0,,,,,2026-01-01,2026-05-25
"[C] [LM - TESTE] [ABO]","ADS2 - VM","Arte Organica - VM",engaged,archived,ad,1.24223602,200,0,,5.72,7,4,0.81714286,,28.6,,,,0,,,,,2026-01-01,2026-05-25
"[C] [VARIOS PRODUTO] [ABO] [BID]","AD - RMKT 4","[COENZIMA] [RMKT]",engaged,not_delivering,ad,1.2987013,200,0,,4.42,2,2,2.21,,22.1,,,,0,,,,,2026-01-01,2026-05-25
"[C] [LM - TESTE] [ABO]",AD2,"Influ Raiza - Lm",prospecting,not_delivering,ad,1.2208589,199,0.1758794,,5.17,,,,,25.9798995,,,,,,,,,2026-01-01,2026-05-25
"[C] [LM - TESTE] [ABO]","AD - MANOELI","Influ turbo - Vm teste ate 16-04",engaged,not_delivering,ad,1.15697674,199,0.40703518,,12.9,6,4,2.15,,64.8241206,,,,0,,,,,2026-01-01,2026-05-25
"[C] [LM - PRINCIPAL][EX. BASE] [ADV. +] [CBO]","AD - ALESSANDRA TOFU","[AQUISIÇÃO]  [ADV. +]",engaged,inactive,ad,1.03125,198,0.49494949,,3.83,2,2,1.915,,19.34343434,,,,0,,,,,2026-01-01,2026-05-25
"[C] [JEJOOM] [CBO]","AD - NIVER","[CAMPANHA AQUISIÇÃO]",existing,inactive,ad,1.18562874,198,0.00505051,,4.12,,,,,20.80808081,,,,,,,,,2026-01-01,2026-05-25
"[C] [LM - PRINCIPAL][EX. BASE] [ADV. +] [CBO]","AD - MOFU teste ate 08-05 — Cópia","[AQUISIÇÃO]  [ADV. +]",existing,inactive,ad,1.07027027,198,0.5,,3.63,2,1,1.815,,18.33333333,,,,0,,,,,2026-01-01,2026-05-25
"[C] [VARIOS PRODUTO] [ABO] [BID]",AD14,"[VINAGRE] [RMKT]",prospecting,inactive,ad,1.06451613,198,0.26262626,,10.88,1,,10.88,,54.94949495,,,,0,,,,,2026-01-01,2026-05-25
"[C] [LM - TESTE] [ABO]","AD - EVELYN NIVER 2","Evelyn Regly BM - LM",existing,not_delivering,ad,1.07103825,196,0.21428571,,5.45,1,1,5.45,,27.80612245,,,1,0,,,,,2026-01-01,2026-05-25
"[C] [LM - TESTE] [ABO]","ADS2 - VM","Arte Organica - VM",prospecting,archived,ad,1.09550562,195,0,,5.19,,,,,26.61538462,,,,,,,,,2026-01-01,2026-05-25
"[C] [JEJOOM] [CBO]","AD - TACI 3",[RMK],engaged,active,ad,1.6440678,194,0.67010309,,5.13,29,13,0.17689655,,26.44329897,,,,0,,,,,2026-01-01,2026-05-25
"[C] [LM - TESTE] [ABO]",ADS2,"Influ Sabrina - Vm [Teste até 13-03]",engaged,archived,ad,1.10857143,194,0.30927835,,6.25,3,2,2.08333333,,32.21649485,,,1,0,,,,,2026-01-01,2026-05-25
"[C] [VARIOS PRODUTO] [ABO] [BID]","ADS 2 - INGRID VM — Cópia","[VINAGRE] [RMKT]",existing,inactive,ad,1.1626506,193,0.18134715,,8.92,7,5,1.27428571,,46.21761658,,,,0,,,,,2026-01-01,2026-05-25
"[C] [LM - TESTE] [ABO]","Criativo Versão 1 - Raiza 29/12","Influ Raiza",existing,archived,ad,1.26143791,193,0.12953368,,6.05,,,,,31.34715026,,,,,,,,,2026-01-01,2026-05-25
"[C] [LM - TESTE] [ABO]","ADS1 - Q10","Arte Organica - Q10",prospecting,not_delivering,ad,1.11560694,193,0,,6.35,4,3,1.5875,,32.9015544,,,,0,,,,,2026-01-01,2026-05-25
"[C] [LM - TESTE] [ABO]","ADS2- ORG","Conj. - Q10",engaged,inactive,ad,1.10344828,192,0,,3.22,1,1,3.22,,16.77083333,,,1,0,,,,,2026-01-01,2026-05-25
"[C] [LM - RMKT] [ADV. ABO]","AD - LEVE 3 PAGUE 2","[RMKT LARANJA MORO-REATIVAÇÃO BASE QUENTE]",unknown,active,ad,1.03278689,189,0,,12.51984889,1,4,12.51984889,,66.24258669,"Compras no site",12.51984889,6,1,1,14.94506856,"Valor de conversão da compra no site",187.11,2026-01-01,2026-05-25
"[C] [LM - TESTE] [ABO]","AD - DANI TOFU — Cópia","teste aquisição ate dia 15  - Lm",existing,inactive,ad,1.11242604,188,0.10106383,,3.5,3,2,1.16666667,,18.61702128,,,,0,,,,,2026-01-01,2026-05-25
"[C] [VARIOS PRODUTO] [ABO] [BID]","AD9 - CARROSSEL","[VINAGRE] [RMKT]",prospecting,inactive,ad,1.15337423,188,0.09042553,,5.56,2,1,2.78,,29.57446809,,,,0,,,,,2026-01-01,2026-05-25
"[C] [LM - PRINCIPAL][EX. BASE] [ADV. +] [CBO]","AD - ALESSANDRA TOFU","[AQUISIÇÃO]  [ADV. +]",existing,inactive,ad,1.03910615,186,0.42473118,,4.03,2,1,2.015,,21.66666667,,,,0,,,,,2026-01-01,2026-05-25
"[C] [LM - TESTE] [ABO]","AD - MI RUBACK MOFU — Cópia","Conj - Vm",engaged,not_delivering,ad,1.24832215,186,0.24193548,,6.36851757,7,7,0.90978822,,34.23934178,,,1,0,,,,,2026-01-01,2026-05-25
"[C] [LM - TESTE] [ABO]","ADS3 - 18-02",Jejoom,prospecting,not_delivering,ad,1.02209945,185,0,,4.5,1,1,4.5,,24.32432432,,,,0,,,,,2026-01-01,2026-05-25
"[C] [LM - PRINCIPAL][EX. BASE] [ADV. +] [CBO]","AD - MOFU teste ate 08-05 — Cópia","[AQUISIÇÃO]  [ADV. +]",engaged,inactive,ad,1.1572327,184,0.15217391,,4.25,,,,,23.09782609,,,,,,,,,2026-01-01,2026-05-25
"[C] [LM - TESTE] [ABO]","AD - MOFU teste ate 08-05","[MOFU] [TIK TOK] - TESTE ATÉ 20-05",existing,inactive,ad,1.14285714,184,0.22282609,,18.85,1,,18.85,,102.44565217,,,,0,,,,,2026-01-01,2026-05-25
"[C] [LM - TESTE] [ABO]","ADS3- Q10","Conj. - Q10",prospecting,not_delivering,ad,1.05232558,181,0,,3.1,3,3,1.03333333,,17.12707182,,,,0,,,,,2026-01-01,2026-05-25
"[C] [LM - TESTE] [ABO]","Criativo 1 - Brenda 29/12 — Cópia","Lm Perfil Novo",engaged,not_delivering,ad,1.39230769,181,0.29834254,,2.91,24,8,0.12125,,16.07734807,,,,0,,,,,2026-01-01,2026-05-25
"[C] [VARIOS PRODUTO] [ABO] [BID]","AD - TOFU","[VINAGRE] [RMKT]",prospecting,inactive,ad,1.23287671,180,0.28888889,,5.78,6,4,0.96333333,,32.11111111,,,,0,,,,,2026-01-01,2026-05-25
"[C] [LM - TESTE] [ABO]","AD - RMK  EVELYN 18-05 PERFIL DENA — Cópia — Cópia — Cópia","[TESTE PB FECHADO JADE]",engaged,active,ad,1.18421053,180,0,,1.85458275,,,,,10.3032375,"Compras no site",1.85458275,1,,1,166.02117102,"Valor de conversão da compra no site",307.9,2026-01-01,2026-05-25
"[C] [LM - TESTE] [ABO]","AD - ANA ELISA MOFU — Cópia","[TESTE PB FECHADO ANA ELISA]",engaged,active,ad,1.15483871,179,0.20111732,,6.43917781,7,3,0.91988254,,35.97306039,,,,0,,,,,2026-01-01,2026-05-25
"[C] [TONS] [PB DR]","AD - BOFU — Cópia","TONS TESTE",existing,not_delivering,ad,1.08588957,177,0,,6.9,2,1,3.45,,38.98305085,,,0,0,,,,,2026-01-01,2026-05-25
"[C] [LM - TESTE] [ABO]","AD - MI RUBACK MOFU — Cópia","Conj - Vm",prospecting,not_delivering,ad,1.14285714,176,0.18181818,,10.41757505,4,3,2.60439376,,59.19076734,,,,0,,,,,2026-01-01,2026-05-25
"[C] [VARIOS PRODUTO] [ABO] [BID]","AD - LIS TOFU","[VINAGRE] [RMKT]",engaged,inactive,ad,1.22695035,173,0.28323699,,8.13,8,8,1.01625,,46.99421965,,,,0,,,,,2026-01-01,2026-05-25
"[C] [LM - TESTE] [ABO]","AD - MOFU — Cópia","Lm Perfil Novo",existing,not_delivering,ad,1.2027972,172,0.11046512,,2.44,1,,2.44,,14.18604651,,,,0,,,,,2026-01-01,2026-05-25
"[C] [LM - TESTE] [ABO]",AD2,"Influ Lari - Jejoom",engaged,not_delivering,ad,1.15540541,171,0.21052632,,4.61,,,,,26.95906433,,,,,,,,,2026-01-01,2026-05-25
"[C] [LM - RMKT] [ADV. ABO]","AD - TOFU LARISSA — Cópia","[RMKT LARANJA MORO-REATIVAÇÃO BASE QUENTE]",existing,inactive,ad,1.05625,169,0.50887574,,6.71,5,,1.342,,39.70414201,"Compras no site",6.71,1,0.2,1,39.00447094,"Valor de conversão da compra no site",261.72,2026-01-01,2026-05-25
"[C] [LM - TESTE] [ABO]","ADS 1","Influ Evelyn - Vm 2",existing,inactive,ad,1.36290323,169,0.31952663,,6.08,1,1,6.08,,35.97633136,,,,0,,,,,2026-01-01,2026-05-25
"[C] [LM - TESTE] [ABO]","AD - ANA MOFU — Cópia","teste aquisição ate dia 15  - Lm",existing,inactive,ad,1.14965986,169,0.15976331,,2.46,4,2,0.615,,14.55621302,,,,0,,,,,2026-01-01,2026-05-25
"[C] [LM - TESTE] [ABO]","ADS 5","Influ Mi Ruback - Lm",engaged,archived,ad,1.0974026,169,0.17159763,,5.22,2,1,2.61,,30.88757396,,,,0,,,,,2026-01-01,2026-05-25
"[C] [LM - TESTE] [ABO]","ADS DANI 2","Conj. - Q10",prospecting,not_delivering,ad,1.26515152,167,0,,1.13,,,,,6.76646707,,,,,,,,,2026-01-01,2026-05-25
"[C] [VARIOS PRODUTO] [ABO] [BID]","ADS 2 — Cópia","[VINAGRE] [RMKT]",prospecting,inactive,ad,1.08441558,167,0,,10.69,,,,,64.01197605,,,,,,,,,2026-01-01,2026-05-25
"[C] [TONS] [PB DR]","AD - BOFU — Cópia","TONS TESTE",engaged,not_delivering,ad,1.08496732,166,0,,8.38,1,1,8.38,,50.48192771,,,,0,,,,,2026-01-01,2026-05-25
"[C] [LM - TESTE] [ABO]","ADS 4","Influ Mi Ruback - Lm",existing,archived,ad,1.21167883,166,0.26506024,,3.21,7,3,0.45857143,,19.3373494,,,1,0,,,,,2026-01-01,2026-05-25
"[C] [LM - TESTE] [ABO]","ADS2 - 18-02",Jejoom,prospecting,not_delivering,ad,1.0310559,166,0,,3.95,2,1,1.975,,23.79518072,,,,0,,,,,2026-01-01,2026-05-25
"[C] [LM - TESTE] [ABO]","ADS1 - 18-02",Jejoom,prospecting,not_delivering,ad,1.05844156,163,0,,6.38,4,3,1.595,,39.14110429,"Compras no site",6.38,1,0.25,1,21.43730408,"Valor de conversão da compra no site",136.77,2026-01-01,2026-05-25
"[C] [LM - TESTE] [ABO]","AD - MOFU teste ate 08-05","[MOFU] [TIK TOK] - TESTE ATÉ 20-05",prospecting,inactive,ad,1.15602837,163,0.08588957,,6.28,1,,6.28,,38.52760736,,,,0,,,,,2026-01-01,2026-05-25
"[C] [LM - TESTE] [ABO]","AD -2","[TOFU] [TIK TOK] [EXCLUSAÕ BASE] [BID 60] - TESTE ATÉ 20-05",existing,not_delivering,ad,1.265625,162,0.2654321,,2.07,,,,,12.77777778,,,,,,,,,2026-01-01,2026-05-25
"[C] [LM - TESTE] [ABO]","AD - MOFU teste ate 08-05","[MOFU] [TIK TOK] - TESTE ATÉ 20-05",engaged,inactive,ad,1.10958904,162,0.19753086,,7.08,2,2,3.54,,43.7037037,,,1,0,,,,,2026-01-01,2026-05-25
"[C] [LM - RMKT] [ADV. ABO]","AD - RMKT DANI — Cópia","[RMKT LARANJA MORO-REATIVAÇÃO BASE QUENTE]",engaged,inactive,ad,1.09589041,160,0.2125,,3.58,1,1,3.58,,22.375,,,,0,,,,,2026-01-01,2026-05-25
"[C] [LM - TESTE] [ABO]","CARROSSEL 1 - 18-02","Carrossel - LM ROAS",prospecting,archived,ad,1.15107914,160,0.025,,8.4,3,2,2.8,,52.5,"Compras no site",4.2,2,0.66666667,2,43.58571429,"Valor de conversão da compra no site",366.12,2026-01-01,2026-05-25
"[C] [LM - TESTE] [ABO]","AD - NIVER 3","[HIBRIDO] [ESTATICO ORG.] [BID 60]",engaged,inactive,ad,1.23076923,160,0,,1.3,3,2,0.43333333,,8.125,,,,0,,,,,2026-01-01,2026-05-25
"[C] [TONS] [PB DR]","AD - MOFU 3","TONS TESTE",existing,not_delivering,ad,1.33613445,159,0.16981132,,5.44,5,4,1.088,,34.21383648,,,,0,,,,,2026-01-01,2026-05-25
"[C] [LM - PRINCIPAL][EX. BASE] [ADV. +] [CBO]","ADS - LARISSA 2","LP - ATUAL",prospecting,archived,ad,1,159,0.1572327,,3.06,2,1,1.53,,19.24528302,,,,0,,,,,2026-01-01,2026-05-25
"[C] [JEJOOM] [CBO]","AD - LARI","[CAMPANHA AQUISIÇÃO]",existing,inactive,ad,1.07432432,159,0.20125786,,2.94,,,,,18.49056604,,,,,,,,,2026-01-01,2026-05-25
"[C] [LM - TESTE] [ABO]","ADS 4","Influ Mi Ruback - Lm",engaged,archived,ad,1.23255814,159,0.18238994,,2.83,1,1,2.83,,17.79874214,,,,0,,,,,2026-01-01,2026-05-25
"[C] [LM - TESTE] [ABO]","Criativo Versão 1 - Raiza 29/12","Influ Raiza",engaged,archived,ad,1.17777778,159,0.08805031,,3.23,,,,,20.31446541,,,,,,,,,2026-01-01,2026-05-25
"[C] [LM - TESTE] [ABO]","AD -2","[MOFU] [TIK TOK] - TESTE ATÉ 20-05",prospecting,not_delivering,ad,1.09722222,158,0.24050633,,8.44,1,,8.44,,53.41772152,,,,0,,,,,2026-01-01,2026-05-25
"[C] [VARIOS PRODUTO] [ABO] [BID]","AD - FERNANDA — Cópia","[VINAGRE] [RMKT]",prospecting,inactive,ad,1.1048951,158,0.37974684,,10.68,4,1,2.67,,67.59493671,,,,0,,,,,2026-01-01,2026-05-25
"[C] [JEJOOM] [CBO]","AD - RMKT",[RMK],engaged,inactive,ad,1.15441176,157,0,,1.22,1,,1.22,,7.77070064,,,,0,,,,,2026-01-01,2026-05-25
"[C] [JEJOOM] [CBO]","AD2 - ORGANICO — Cópia","[PUBLICO LARISSA]",existing,archived,ad,1.05405405,156,0,,4.97,,,,,31.85897436,,,,,,,,,2026-01-01,2026-05-25
"[C] [LM - TESTE] [ABO]","AD - EVELYN",EVELIN,prospecting,inactive,ad,1.04026846,155,0,,2.28,1,,2.28,,14.70967742,,,,0,,,,,2026-01-01,2026-05-25
"[C] [LM - TESTE] [ABO]",AD3,"Influ Marcela Jacaré - Vm",engaged,archived,ad,1.13970588,155,0.10322581,,1.87026103,1,1,1.87026103,,12.06620018,,,,0,,,,,2026-01-01,2026-05-25
"[C] [LM - TESTE] [ABO]","AD - EVELYN NIVER","Evelyn Regly BM - LM",existing,not_delivering,ad,1.06944444,154,0.25974026,,5.9,,,,,38.31168831,,,,,,,,,2026-01-01,2026-05-25
"[C] [VARIOS PRODUTO] [ABO] [BID]","AD2 — Cópia","[VINAGRE] [RMKT]",existing,inactive,ad,1.15789474,154,0,,3.4,,,,,22.07792208,,,,,,,,,2026-01-01,2026-05-25
"[C] [LM - PRINCIPAL][EX. BASE] [ADV. +] [CBO]","AD - MOFU teste ate 08-05 — Cópia","[AQUISIÇÃO]  [ADV. +]",existing,inactive,ad,1.18461538,154,0.07142857,,3.24,3,1,1.08,,21.03896104,,,,0,,,,,2026-01-01,2026-05-25
"[C] [LM - PRINCIPAL][EX. BASE] [ADV. +] [CBO]",AD2,"[EXCLUSÃO BASE] [ADV. +]",existing,inactive,ad,1.34210526,153,0.17647059,,3.36,1,1,3.36,,21.96078431,,,,0,,,,,2026-01-01,2026-05-25
"[C] [LM - TESTE] [ABO]","Criativo 2 - Melhora retenção 29/12","Influ Mi Ruback",existing,archived,ad,1.28571429,153,0.07843137,,3.02,2,1,1.51,,19.73856209,,,,0,,,,,2026-01-01,2026-05-25
"[C] [LM - TESTE] [ABO]",AD1,"[TOFU] [TIK TOK] [EXCLUSAÕ BASE] [BID 60] - TESTE ATÉ 20-05",existing,inactive,ad,1.13432836,152,0.11842105,,2,3,1,0.66666667,,13.15789474,,,,0,,,,,2026-01-01,2026-05-25
"[C] [LM - TESTE] [ABO]","AD -2","[MOFU] [TIK TOK] - TESTE ATÉ 20-05",engaged,not_delivering,ad,1.216,152,0.36842105,,7.97,9,7,0.88555556,,52.43421053,,,1,0,,,,,2026-01-01,2026-05-25
"[C] [LM - PRINCIPAL][EX. BASE] [ADV. +] [CBO]","ADS - MES CONSUMIDOR","[AQUISIÇÃO]  [ADV. +]",unknown,inactive,ad,1.03401361,152,0,,6.11991683,,,,,40.26261073,,,,,,,,,2026-01-01,2026-05-25
"[C] [LM - TESTE] [ABO]","ADS  - EVELYN VM","[TESTE PB FECHADO]",prospecting,inactive,ad,1.07042254,152,0.125,,1.1,,,,,7.23684211,,,,,,,,,2026-01-01,2026-05-25
"[C] [VARIOS PRODUTO] [ABO] [BID]","ADS 4 — Cópia","[VINAGRE] [RMKT]",prospecting,inactive,ad,1.06338028,151,0.31125828,,6.77,4,1,1.6925,,44.83443709,,,,0,,,,,2026-01-01,2026-05-25
"[C] [LM - TESTE] [ABO]","ADS2 - VM","Arte Organica - VM",prospecting,not_delivering,ad,1.04137931,151,0,,2.83,2,1,1.415,,18.74172185,,,,0,,,,,2026-01-01,2026-05-25
"[C] [JEJOOM] [CBO]","AD - NIVER","[CAMPANHA AQUISIÇÃO]",existing,inactive,ad,1.21774194,151,0,,5.18,4,5,1.295,,34.30463576,,,,0,,,,,2026-01-01,2026-05-25
"[C] [VARIOS PRODUTO] [ABO] [BID]","AD - ORG TOFU","[VINAGRE] [RMKT]",existing,inactive,ad,1.12781955,150,0,,8.19,3,4,2.73,,54.6,,,,0,,,,,2026-01-01,2026-05-25
"[C] [JEJOOM] [CBO]","AD - NIVER","[CAMPANHA AQUISIÇÃO]",prospecting,inactive,ad,1.1627907,150,0,,2.92,,,,,19.46666667,,,,,,,,,2026-01-01,2026-05-25
"[C] [LM - PRINCIPAL][EX. BASE] [ADV. +] [CBO]","AD - LUCIANA MOFU","[EXCLUSÃO BASE] [ADV. +]",engaged,inactive,ad,1.18253968,149,0.16107383,,4.34,3,1,1.44666667,,29.12751678,,,1,0,,,,,2026-01-01,2026-05-25
"[C] [LM - TESTE] [ABO]","ADS - LARI 2","Influ Lari - Jejoom",engaged,not_delivering,ad,1.1037037,149,0.27516779,,5.09,1,1,5.09,,34.16107383,,,,0,,,,,2026-01-01,2026-05-25
"[C] [VARIOS PRODUTO] [ABO] [BID]","AD - MANOELI — Cópia","[VINAGRE] [RMKT]",existing,inactive,ad,1.29565217,149,0.40268456,,7.66,20,14,0.383,,51.40939597,,,,0,,,,,2026-01-01,2026-05-25
"[C] [JEJOOM] [CBO]","ADS - LARI 6",[RMK],existing,inactive,ad,1.28695652,148,0.2027027,,2.94,5,3,0.588,,19.86486486,,,,0,,,,,2026-01-01,2026-05-25
"[C] [LM - TESTE] [ABO]","AD 2 DUDA — Cópia","[TESTE PB FECHADO]",prospecting,inactive,ad,1.05714286,148,0.11486486,,2.42,1,1,2.42,,16.35135135,,,,0,,,,,2026-01-01,2026-05-25
"[C] [LM - TESTE] [ABO]","ADS3 - VM","Arte Organica - VM",prospecting,archived,ad,1.04255319,147,0,,5.16,1,1,5.16,,35.10204082,,,,0,,,,,2026-01-01,2026-05-25
"[C] [LM - PRINCIPAL][EX. BASE] [ADV. +] [CBO]","AD - BOFU","[AQUISIÇÃO]  [ADV. +]",unknown,inactive,ad,1.02797203,147,0.08843537,,7.01967712,1,,7.01967712,,47.75290558,,,1,0,,,,,2026-01-01,2026-05-25
"[C] [LM - PRINCIPAL][EX. BASE] [ADV. +] [CBO]",AD1,"TESTE RACHEL ATE 21-03",engaged,archived,ad,1.05755396,147,0.15646259,,5.55,,,,,37.75510204,,,,,,,,,2026-01-01,2026-05-25
"[C] [VARIOS PRODUTO] [ABO] [BID]",AD4,"[VINAGRE] [RMKT]",existing,inactive,ad,1.11450382,146,0,,5.25,2,1,2.625,,35.95890411,,,2,0,,,,,2026-01-01,2026-05-25
"[C] [LM - TESTE] [ABO]","AD - EVELYN TOFU","[TESTE PB FECHADO]",engaged,active,ad,1.02097902,146,0.43835616,,4.98,1,1,4.98,,34.10958904,,,,0,,,,,2026-01-01,2026-05-25
"[C] [LM - RMKT] [ADV. ABO]","AD - DANI TOFU — Cópia","[RMKT LARANJA MORO-REATIVAÇÃO BASE QUENTE]",existing,inactive,ad,1.03571429,145,0.33103448,,6.38,3,,2.12666667,,44,,,,0,,,,,2026-01-01,2026-05-25
"[C] [LM - TESTE] [ABO]","ADS3 - 18-02",Jejoom,prospecting,not_delivering,ad,1.02112676,145,0,,5.84,4,5,1.46,,40.27586207,,,,0,,,,,2026-01-01,2026-05-25
"[C] [VARIOS PRODUTO] [ABO] [BID]","ADS 4 — Cópia","[VINAGRE] [RMKT]",existing,inactive,ad,1.08208955,145,0.26206897,,8,7,7,1.14285714,,55.17241379,,,,0,,,,,2026-01-01,2026-05-25
"[C] [LM - TESTE] [ABO]",AD1,"Influ Marcela Jacaré - Vm",engaged,archived,ad,1.15079365,145,0.32413793,,4.45838152,1,,4.45838152,,30.74745874,,,,0,,,,,2026-01-01,2026-05-25
"[C] [JEJOOM] [CBO]","AD - NIVER","[CAMPANHA AQUISIÇÃO]",prospecting,inactive,ad,1.09022556,145,0,,3.96,1,,3.96,,27.31034483,,,,0,,,,,2026-01-01,2026-05-25
"[C] [VARIOS PRODUTO] [ABO] [BID]","ADS DANI","[COENZIMA] [RMKT]",engaged,inactive,ad,1.152,144,0,,3.35,3,3,1.11666667,,23.26388889,,,,0,,,,,2026-01-01,2026-05-25
"[C] [JEJOOM] [CBO]","AD1 - ORGANICO — Cópia","[PUBLICO LARISSA]",existing,archived,ad,1.04379562,143,0,,4.7,2,,2.35,,32.86713287,,,,0,,,,,2026-01-01,2026-05-25
"[C] [LM - TESTE] [ABO]","ADS - LARISSA MES CLIENTE","Influ Larissa Lemos - Lm",prospecting,archived,ad,1.1,143,0.22377622,,4.44,,,,,31.04895105,,,,,,,,,2026-01-01,2026-05-25
"[C] [LM - TESTE] [ABO]","CARROSSEL 1 - 18-02","Carrossel - LM ROAS",engaged,archived,ad,1.45918367,143,0.17482517,,5.26,15,6,0.35066667,,36.78321678,,,,0,,,,,2026-01-01,2026-05-25
"[C] [LM - PRINCIPAL][EX. BASE] [ADV. +] [CBO]","AD - ALESSANDRA TOFU","[AQUISIÇÃO]  [ADV. +]",prospecting,inactive,ad,1.02898551,142,0.26760563,,3.47,,,,,24.43661972,,,,,,,,,2026-01-01,2026-05-25
"[C] [LM - RMKT] [ADV. ABO]","AD - EVELYN NVIER","[RMKT LARANJA MORO-REATIVAÇÃO BASE QUENTE]",engaged,not_delivering,ad,1.14754098,140,0.2,,8.29,4,4,2.0725,,59.21428571,,,,0,,,,,2026-01-01,2026-05-25
"[C] [LM - TESTE] [ABO]","ADS2- Q10","Arte Organica - Q10",prospecting,not_delivering,ad,1.06060606,140,0,,3.14,1,1,3.14,,22.42857143,,,,0,,,,,2026-01-01,2026-05-25
"[C] [JEJOOM] [CBO]","AD - RMKT",[RMK],prospecting,inactive,ad,1.02941176,140,0,,1.5,1,1,1.5,,10.71428571,,,,0,,,,,2026-01-01,2026-05-25
"[C] [LM - TESTE] [ABO]",AD1,"Influ Mi Ruback - Vm",prospecting,archived,ad,1.12096774,139,0.10071942,,4.43,,,,,31.8705036,,,,,,,,,2026-01-01,2026-05-25
"[C] [LM - TESTE] [ABO]",AD2,"[HIBRIDO] [ESTATICO ORG.] [BID 60]",unknown,active,ad,1.02222222,138,0.10869565,,3.48420501,3,4,1.16140167,,25.24786236,"Compras no site",3.48420501,4,0.33333333,1,61.43725746,"Valor de conversão da compra no site",214.06,2026-01-01,2026-05-25
"[C] [LM - TESTE] [ABO]","ADS 5","Influ Mi Ruback - Lm",existing,archived,ad,1.12295082,137,0.1459854,,5.33,1,,5.33,,38.90510949,,,,0,,,,,2026-01-01,2026-05-25
"[C] [LM - TESTE] [ABO]","ADS 1","Influ Isadora N. - Lm",existing,archived,ad,1.17094017,137,0.18248175,,3.03,1,,3.03,,22.11678832,,,,0,,,,,2026-01-01,2026-05-25
"[C] [LM - TESTE] [ABO]","ADS - LARI 5","Influ Lari - Jejoom",existing,not_delivering,ad,1.11382114,137,0.10948905,,5.16,,,,,37.66423358,,,,,,,,,2026-01-01,2026-05-25
"[C] [LM - RMKT] [ADV. ABO]","AD - RMKT","[RMKT LARANJA MORO-REATIVAÇÃO BASE QUENTE]",unknown,inactive,ad,1.03030303,136,0,,11.18795055,2,3,5.59397528,,82.26434228,"Compras no site",11.18795055,7,0.5,1,15.79556499,"Valor de conversão da compra no site",176.72,2026-01-01,2026-05-25
"[C] [LM - TESTE] [ABO]","ADS - RAIZA 3 — Cópia","teste aquisição ate dia 15  - Lm",prospecting,inactive,ad,1.10569106,136,0.22794118,,2.02,3,3,0.67333333,,14.85294118,,,,0,,,,,2026-01-01,2026-05-25
"[C] [LM - TESTE] [ABO]","AD - 4","[MOFU] [TIK TOK] - TESTE ATÉ 20-05",engaged,not_delivering,ad,1.55172414,135,0.52592593,,4.84,27,20,0.17925926,,35.85185185,,,,0,,,,,2026-01-01,2026-05-25
"[C] [TONS] [PB DR]","AD - SHOOTING BOFU","[PUBLICO ENG.] [DR]",unknown,active,ad,1.01515152,134,0.2238806,,10.00600904,1,3,10.00600904,,74.67170924,"Compras no site",10.00600904,2,1,1,17.89524668,"Valor de conversão da compra no site",179.06,2026-01-01,2026-05-25
"[C] [LM - PRINCIPAL][EX. BASE] [ADV. +] [CBO]","ADS - TOFU","[AQUISIÇÃO]  [ADV. +]",unknown,inactive,ad,1.04724409,133,0.26315789,,8.28958012,,13,,,62.32767005,,,5,,,,,,2026-01-01,2026-05-25
"[C] [LM - RMKT] [ADV. ABO]","AD - DANI TOFU — Cópia","[RMKT LARANJA MORO-REATIVAÇÃO BASE QUENTE]",prospecting,inactive,ad,1.04724409,133,0.37593985,,4.89,1,,4.89,,36.76691729,,,,0,,,,,2026-01-01,2026-05-25
"[C] [LM - TESTE] [ABO]","29/12 — Cópia","Influ Larissa Lemos - Lm",prospecting,archived,ad,1.11764706,133,0.21804511,,1.86,,,,,13.98496241,,,,,,,,,2026-01-01,2026-05-25
"[C] [VARIOS PRODUTO] [ABO] [BID]","ADS2- 18-02","[DIGESTINO] [RMKT]",existing,inactive,ad,1.34693878,132,0,,2.66,2,2,1.33,,20.15151515,,,,0,,,,,2026-01-01,2026-05-25
"[C] [LM - TESTE] [ABO]","ADS 1","Influ Raiza - VM",engaged,not_delivering,ad,1.14912281,131,0.19083969,,2.29,,,,,17.48091603,,,,,,,,,2026-01-01,2026-05-25
"[C] [LM - RMKT] [ADV. ABO]","AD - TOFU LARISSA — Cópia","[RMKT LARANJA MORO-REATIVAÇÃO BASE QUENTE]",engaged,inactive,ad,1.05645161,131,0.46564885,,4.38,,,,,33.4351145,,,,,,,,,2026-01-01,2026-05-25
"[C] [VARIOS PRODUTO] [ABO] [BID]","ADS3- 18-02","[DIGESTINO] [RMKT]",existing,inactive,ad,1.11965812,131,0,,3.98,1,,3.98,,30.38167939,,,,0,,,,,2026-01-01,2026-05-25
"[C] [LM - TESTE] [ABO]","AD - 4","[TOFU] [TIK TOK] [EXCLUSAÕ BASE] [BID 60] - TESTE ATÉ 20-05",existing,not_delivering,ad,1.2037037,130,0.16923077,,2.25,2,2,1.125,,17.30769231,,,,0,,,,,2026-01-01,2026-05-25
"[C] [LM - TESTE] [ABO]","ADS2- 18-02 — Cópia","Carrossel - Lm",prospecting,inactive,ad,1.07438017,130,0,,2.16,1,1,2.16,,16.61538462,,,,0,,,,,2026-01-01,2026-05-25
"[C] [VARIOS PRODUTO] [ABO] [BID]","AD3 — Cópia","[VINAGRE] [RMKT]",prospecting,inactive,ad,1.20560748,129,0.21705426,,10.92,2,1,5.46,,84.65116279,,,,0,,,,,2026-01-01,2026-05-25
"[C] [LM - TESTE] [ABO]",ADS4,"Influ Morgana - Jejoom",prospecting,inactive,ad,1.02380952,129,0.26356589,,9.06,1,,9.06,,70.23255814,,,,0,,,,,2026-01-01,2026-05-25
"[C] [LM - TESTE] [ABO]","AD - DANI TOFU 1","[BOFU] [ADV+ ABERTO] [ESTATICO]",engaged,not_delivering,ad,1.024,128,0.265625,,1.04,,,,,8.125,,,,,,,,,2026-01-01,2026-05-25
"[C] [LM - TESTE] [ABO]",ADS4,"Influ Morgana - Jejoom",engaged,inactive,ad,1.18518519,128,0.3359375,,6.47,4,1,1.6175,,50.546875,,,1,0,,,,,2026-01-01,2026-05-25
"[C] [LM - TESTE] [ABO]","ADS1 - VM","Arte Organica - VM",existing,not_delivering,ad,1.04918033,128,0,,4.54,,,,,35.46875,,,,,,,,,2026-01-01,2026-05-25
"[C] [LM - TESTE] [ABO]","ADS 1","Influ Evelyn - Vm 2",prospecting,inactive,ad,1.09565217,126,0.29365079,,3.87,,,,,30.71428571,,,,,,,,,2026-01-01,2026-05-25
"[C] [JEJOOM] [CBO]","AD - RAIZA MOFU","[CAMPANHA AQUISIÇÃO]",prospecting,inactive,ad,1.17924528,125,0.256,,5.38,1,,5.38,,43.04,,,,0,,,,,2026-01-01,2026-05-25
"[C] [JEJOOM] [CBO]","AD - RAIZA MOFU","[CAMPANHA AQUISIÇÃO]",engaged,inactive,ad,1.12727273,124,0.25,,4.99,2,2,2.495,,40.24193548,,,2,0,,,,,2026-01-01,2026-05-25
"[C] [LM - TESTE] [ABO]",AD1,"[TOFU] [TIK TOK] [EXCLUSAÕ BASE] [BID 60] - TESTE ATÉ 20-05",engaged,inactive,ad,1.25252525,124,0.10483871,,1.16,1,,1.16,,9.35483871,,,,0,,,,,2026-01-01,2026-05-25
"[C] [TONS] [PB DR]","AD - MOFU","[PUBLICO ENG.] [DR]",unknown,active,ad,1.01652893,123,0.27642276,,14.52936639,4,4,3.6323416,,118.12493002,,,1,0,,,,,2026-01-01,2026-05-25
"[C] [LM - TESTE] [ABO]","ADS 1","Varias Influs - VM",engaged,inactive,ad,1.08849558,123,0.21138211,,2.87,2,2,1.435,,23.33333333,,,1,0,,,,,2026-01-01,2026-05-25
"[C] [LM - RMKT] [ADV. ABO]","AD - BOFU","[RMKT LARANJA MORO-REATIVAÇÃO BASE QUENTE]",uncategorized,active,ad,0,122,0,,2.36954464,,,,,19.42249705,,,,,,,,,2026-01-01,2026-05-25
"[C] [JEJOOM] [CBO]","AD - RAIZA","[CAMPANHA AQUISIÇÃO]",engaged,inactive,ad,1.12962963,122,0.23770492,,5.3,1,1,5.3,,43.44262295,"Compras no site",5.3,,1,1,29.42641509,"Valor de conversão da compra no site",155.96,2026-01-01,2026-05-25
"[C] [LM - PRINCIPAL][EX. BASE] [ADV. +] [CBO]","AD -2 — Cópia — Cópia","[AQUISIÇÃO]  [ADV. +]",prospecting,inactive,ad,1.22222222,121,0.24793388,,3.56,,,,,29.4214876,,,,,,,,,2026-01-01,2026-05-25
"[C] [LM - PRINCIPAL][EX. BASE] [ADV. +] [CBO]","tons_dr-ursinho_video-reels_10-07-2025_esse-foi-produto-que-a-mamae — Cópia","LP 1 - TOPO TONS",existing,archived,ad,1.08035714,121,0.18181818,,3.74,,,,,30.90909091,,,,,,,,,2026-01-01,2026-05-25
"[C] [LM - TESTE] [ABO]","CARROSSEL 3 - 18-02","Carrossel - LM ROAS",existing,archived,ad,1.36781609,119,0.49579832,,5.21,7,3,0.74428571,,43.78151261,,,,0,,,,,2026-01-01,2026-05-25
"[C] [VARIOS PRODUTO] [ABO] [BID]","ADS 2 — Cópia","[VINAGRE] [RMKT]",engaged,inactive,ad,1.12264151,119,0,,6.62,1,1,6.62,,55.6302521,,,,0,,,,,2026-01-01,2026-05-25
"[C] [TONS] [PB DR]","AD - MOFU 4","TONS TESTE",engaged,not_delivering,ad,1.15533981,119,0.3697479,,3.72,5,4,0.744,,31.2605042,,,,0,,,,,2026-01-01,2026-05-25
"[C] [LM - TESTE] [ABO]","ADS3- Q10","Arte Organica - Q10",engaged,not_delivering,ad,1.16666667,119,0,,5.17,4,1,1.2925,,43.44537815,,,,0,,,,,2026-01-01,2026-05-25
"[C] [LM - TESTE] [ABO]","ADS 1","Influ Raiza 3 - LM TESTE TRAVA DE CPA",prospecting,archived,ad,1.04424779,118,0.06779661,,5.04,,,,,42.71186441,,,,,,,,,2026-01-01,2026-05-25
"[C] [LM - PRINCIPAL][EX. BASE] [ADV. +] [CBO]","ADS -  ANA ELISA 1","LP - ATUAL",prospecting,archived,ad,1,118,0.10169492,,1.42,,,,,12.03389831,,,,,,,,,2026-01-01,2026-05-25
"[C] [VARIOS PRODUTO] [ABO] [BID]","AD9 - CARROSSEL","[VINAGRE] [RMKT]",existing,inactive,ad,1.18181818,117,0.11111111,,4.3,2,2,2.15,,36.75213675,,,2,0,,,,,2026-01-01,2026-05-25
"[C] [TONS] [PB DR]","AD - MOFU 9","TONS TESTE",prospecting,not_delivering,ad,1.10377358,117,0.31623932,,3.28,2,1,1.64,,28.03418803,,,1,0,,,,,2026-01-01,2026-05-25
"[C] [TONS] [PB DR]","AD - MOFU 9","TONS TESTE",engaged,not_delivering,ad,1.19587629,116,0.22413793,,6.98,4,3,1.745,,60.17241379,,,,0,,,,,2026-01-01,2026-05-25
"[C] [LM - PRINCIPAL][EX. BASE] [ADV. +] [CBO]",AD1,"TESTE RAIZA ATE 21-03",existing,archived,ad,1.31818182,116,0.09482759,,4.04,1,1,4.04,,34.82758621,,,,0,,,,,2026-01-01,2026-05-25
"[C] [VARIOS PRODUTO] [ABO] [BID]","AD3 — Cópia","[VINAGRE] [RMKT]",existing,inactive,ad,1.16161616,115,0.16521739,,9.55,2,1,4.775,,83.04347826,,,,0,,,,,2026-01-01,2026-05-25
"[C] [LM - TESTE] [ABO]","AD - EVELYN","[TESTE PB FECHADO]",engaged,inactive,ad,1.06542056,114,0.09649123,,1.84,5,2,0.368,,16.14035088,,,,0,,,,,2026-01-01,2026-05-25
"[C] [LM - TESTE] [ABO]","ADS  - EVELYN VM",EVELIN,existing,inactive,ad,1.0754717,114,0.46491228,,4.34,,,,,38.07017544,,,,,,,,,2026-01-01,2026-05-25
"[C] [LM - PRINCIPAL][EX. BASE] [ADV. +] [CBO]","ADS - SABRINA TOPO 2","[AQUISIÇÃO]  [ADV. +]",prospecting,inactive,ad,1.03636364,114,0.1754386,,3.12,1,1,3.12,,27.36842105,,,1,0,,,,,2026-01-01,2026-05-25
"[C] [LM - TESTE] [ABO]",AD2,"Influ Raiza - Lm",existing,not_delivering,ad,1.3902439,114,0.15789474,,4.27,1,1,4.27,,37.45614035,,,,0,,,,,2026-01-01,2026-05-25
"[C] [TONS] [PB DR]","AD - CAMPEÃO TOFU","[PUBLICO ENG.] [DR]",unknown,active,ad,1.04672897,112,0.375,,15.34720967,2,26,7.67360484,,137.0286578,,,4,0,,,,,2026-01-01,2026-05-25
"[C] [LM - TESTE] [ABO]","ADS1 - 18-02","Arte Organica - Digestino",engaged,inactive,ad,1.05660377,112,0,,1.52095839,1,1,1.52095839,,13.57998559,,,,0,,,,,2026-01-01,2026-05-25
"[C] [LM - TESTE] [ABO]","ADS - LARI 4","Influ Lari - Jejoom",existing,not_delivering,ad,1.19148936,112,0.17857143,,6.12,1,1,6.12,,54.64285714,,,,0,,,,,2026-01-01,2026-05-25
"[C] [LM - TESTE] [ABO]","ADS DANI 2","Conj. - Q10",existing,not_delivering,ad,1.21978022,111,0,,1.53,,,,,13.78378378,,,,,,,,,2026-01-01,2026-05-25
"[C] [LM - PRINCIPAL][EX. BASE] [ADV. +] [CBO]","AD - BOFU ANA ELISA 22K","[EXCLUSÃO BASE] [ADV. +]",unknown,active,ad,1.01834862,111,0.22522523,,6.15903076,11,1,0.55991189,,55.48676359,,,2,0,,,,,2026-01-01,2026-05-25
"[C] [LM - PRINCIPAL][EX. BASE] [ADV. +] [CBO]","tons_dr-ursinho_video-reels_10-07-2025_esse-foi-produto-que-a-mamae — Cópia","LP 2 - TONS",existing,archived,ad,1.1122449,109,0.26605505,,3.36,2,1,1.68,,30.82568807,,,,0,,,,,2026-01-01,2026-05-25
"[C] [JEJOOM] [CBO]","ARTE DANI","[CAMPANHA AQUISIÇÃO]",existing,inactive,ad,1.21348315,108,0,,4.13,2,2,2.065,,38.24074074,,,2,0,,,,,2026-01-01,2026-05-25
"[C] [JEJOOM] [CBO]","AD - LARI","[CAMPANHA AQUISIÇÃO]",engaged,inactive,ad,1.125,108,0.16666667,,2.26,,,,,20.92592593,,,,,,,,,2026-01-01,2026-05-25
"[C] [LM - TESTE] [ABO]",24-12,"Influ Maritza 1 - LM TESTE TRAVA DE CPA",engaged,archived,ad,1.2,108,0.19444444,,1.66,1,1,1.66,,15.37037037,,,,0,,,,,2026-01-01,2026-05-25
"[C] [LM - TESTE] [ABO]","AD - EVELYN","[TESTE PB FECHADO]",existing,inactive,ad,1.12631579,107,0.1588785,,3.28,1,,3.28,,30.65420561,,,,0,,,,,2026-01-01,2026-05-25
"[C] [LM - TESTE] [ABO]","AD - ANA PAULA","[DAI - DUDA - ANA]",existing,active,ad,1.07070707,106,0.18867925,,6.6,1,,6.6,,62.26415094,,,,0,,,,,2026-01-01,2026-05-25
"[C] [VARIOS PRODUTO] [ABO] [BID]",AD9,"[VINAGRE] [RMKT]",engaged,inactive,ad,1.47222222,106,0.32075472,,5.91,6,5,0.985,,55.75471698,,,,0,,,,,2026-01-01,2026-05-25
"[C] [VARIOS PRODUTO] [ABO] [BID]",ADS,"[COENZIMA] [RMKT]",prospecting,not_delivering,ad,1.07142857,105,0.34285714,,3.22,1,,3.22,,30.66666667,,,,0,,,,,2026-01-01,2026-05-25
"[C] [LM - TESTE] [ABO]","ADS - LARI 5","Influ Lari - Jejoom",prospecting,not_delivering,ad,1.03960396,105,0.08571429,,2.05,1,1,2.05,,19.52380952,,,,0,,,,,2026-01-01,2026-05-25
"[C] [VARIOS PRODUTO] [ABO] [BID]","AD2 — Cópia","[VINAGRE] [RMKT]",prospecting,inactive,ad,1.18181818,104,0,,1.32,,,,,12.69230769,,,,,,,,,2026-01-01,2026-05-25
"[C] [LM - TESTE] [ABO]","ADS3 - VM","Arte Organica - VM",engaged,archived,ad,1.0625,102,0,,3.75,3,3,1.25,,36.76470588,,,1,0,,,,,2026-01-01,2026-05-25
"[C] [LM - TESTE] [ABO]","AD - DRI MOFU","[BM] [MARCELA/PRI]",prospecting,inactive,ad,1.04123711,101,0.16831683,,2.52,1,,2.52,,24.95049505,,,,0,,,,,2026-01-01,2026-05-25
"[C] [TONS] [PB DR]","tons 3 - 25-11","[PUBLICO ENG.] [DR]",unknown,inactive,ad,1.04123711,101,0.26732673,,9.60301514,2,2,4.80150757,,95.0793578,,,3,0,,,,,2026-01-01,2026-05-25
"[C] [LM - TESTE] [ABO]","ADS 2 — Cópia","Influ Isadora N. - Lm",prospecting,archived,ad,1.05263158,100,0,,4.53,1,1,4.53,,45.3,,,,0,,,,,2026-01-01,2026-05-25
"[C] [VARIOS PRODUTO] [ABO] [BID]","ADS 2 - INGRID VM — Cópia","[VINAGRE] [RMKT]",prospecting,inactive,ad,1.20731707,99,0.26262626,,5.82,,,,,58.78787879,,,1,,,,,,2026-01-01,2026-05-25
"[C] [TONS] [PB DR]","AD - MOFU 3","TONS TESTE",prospecting,not_delivering,ad,1.03125,99,0.24242424,,3.27,5,2,0.654,,33.03030303,,,,0,,,,,2026-01-01,2026-05-25
"[C] [LM - TESTE] [ABO]","AD1 - BOFU — Cópia","teste publico novo - bid",prospecting,not_delivering,ad,1.16470588,99,0.11111111,,1.68,3,1,0.56,,16.96969697,,,,0,,,,,2026-01-01,2026-05-25
"[C] [LM - PRINCIPAL][EX. BASE] [ADV. +] [CBO]","AD1 — Cópia",[EVELIN],engaged,inactive,ad,1.06521739,98,0.09183673,,1.26,1,,1.26,,12.85714286,,,,0,,,,,2026-01-01,2026-05-25
"[C] [LM - TESTE] [ABO]","ADS1 - 18-02",Jejoom,engaged,not_delivering,ad,1.15294118,98,0,,2.95,1,1,2.95,,30.10204082,,,1,0,,,,,2026-01-01,2026-05-25
"[C] [LM - PRINCIPAL][EX. BASE] [ADV. +] [CBO]","AD - FERNANDA — Cópia","[AQUISIÇÃO]  [ADV. +]",existing,inactive,ad,1.05376344,98,0.40816327,,3.36,3,,1.12,,34.28571429,,,,0,,,,,2026-01-01,2026-05-25
"[C] [LM - PRINCIPAL][EX. BASE] [ADV. +] [CBO]","AD -2 — Cópia — Cópia","[AQUISIÇÃO]  [ADV. +]",existing,inactive,ad,1.11363636,98,0.2755102,,4.5,1,1,4.5,,45.91836735,,,,0,,,,,2026-01-01,2026-05-25
"[C] [LM - PRINCIPAL][EX. BASE] [ADV. +] [CBO]","[2] 29/12 — Cópia","LP - 2",prospecting,archived,ad,1,98,0.1122449,,1.34,,,,,13.67346939,,,,,,,,,2026-01-01,2026-05-25
"[C] [TONS] [PB DR]","AD - MOFU 2","TONS TESTE",engaged,not_delivering,ad,1.19753086,97,0.35051546,,2.56,3,1,0.85333333,,26.39175258,,,,0,,,,,2026-01-01,2026-05-25
"[C] [TONS] [PB DR]","AD - MOFU 2","TONS TESTE",existing,not_delivering,ad,1.76363636,97,0.44329897,,4.22,11,8,0.38363636,,43.50515464,,,,0,,,,,2026-01-01,2026-05-25
"[C] [JEJOOM] [CBO]","AD - NIVER","[CAMPANHA AQUISIÇÃO]",engaged,inactive,ad,1.2125,97,0,,1.52,,,,,15.67010309,,,,,,,,,2026-01-01,2026-05-25
"[C] [LM - TESTE] [ABO]","ADS - RAIZA 3 — Cópia","teste aquisição ate dia 15  - Lm",engaged,inactive,ad,1.11494253,97,0.24742268,,0.89,1,1,0.89,,9.17525773,,,,0,,,,,2026-01-01,2026-05-25
"[C] [LM - TESTE] [ABO]","AD - RMK  EVELYN 18-05 PERFIL DENA — Cópia — Cópia — Cópia","[TESTE PB FECHADO]",engaged,active,ad,1.05494505,96,0.01041667,,2.01,,,,,20.9375,,,,,,,,,2026-01-01,2026-05-25
"[C] [LM - PRINCIPAL][EX. BASE] [ADV. +] [CBO]","AD - FERNANDA — Cópia","[AQUISIÇÃO]  [ADV. +]",prospecting,inactive,ad,1.03225806,96,0.30208333,,2.66,3,2,0.88666667,,27.70833333,,,2,0,,,,,2026-01-01,2026-05-25
"[C] [LM - TESTE] [ABO]",AD3,"[TOFU] [TIK + ORG ] [ABERTO]",unknown,inactive,ad,1.04347826,96,0,,6.3249527,,3,,,65.884924,,,,,,,,,2026-01-01,2026-05-25
"[C] [LM - TESTE] [ABO]","AD - 4","[MOFU] [TIK TOK] - TESTE ATÉ 20-05",prospecting,not_delivering,ad,1.11764706,95,0.17894737,,0.92,1,1,0.92,,9.68421053,,,,0,,,,,2026-01-01,2026-05-25
"[C] [LM - RMKT] [ADV. ABO]","AD - DANI TOFU — Cópia","[RMKT LARANJA MORO-REATIVAÇÃO BASE QUENTE]",engaged,inactive,ad,1.04395604,95,0.4,,3.16,1,1,3.16,,33.26315789,,,,0,,,,,2026-01-01,2026-05-25
"[C] [LM - TESTE] [ABO]","ADS2 - 18-02",Jejoom,existing,not_delivering,ad,1.02150538,95,0,,3.29,2,1,1.645,,34.63157895,,,,0,,,,,2026-01-01,2026-05-25
"[C] [LM - TESTE] [ABO]","ADS2- 18-02","Arte Organica - Digestino",prospecting,inactive,ad,1.0106383,95,0,,2.37,,,,,24.94736842,,,,,,,,,2026-01-01,2026-05-25
"[C] [LM - TESTE] [ABO]","ADS1 - Q10","Arte Organica - Q10",engaged,not_delivering,ad,1.09195402,95,0,,2.21,1,,2.21,,23.26315789,,,,0,,,,,2026-01-01,2026-05-25
"[C] [LM - PRINCIPAL][EX. BASE] [ADV. +] [CBO]","ADS - SABRINA TOPO 2","[AQUISIÇÃO]  [ADV. +]",engaged,inactive,ad,1.06896552,93,0.16129032,,3.13,,,,,33.65591398,,,,,,,,,2026-01-01,2026-05-25
"[C] [LM - TESTE] [ABO]","ADS 1","Influ Evelyn - Vm",prospecting,not_delivering,ad,1.05681818,93,0.3655914,,2.95,1,1,2.95,,31.72043011,,,,0,,,,,2026-01-01,2026-05-25
"[C] [TONS] [PB DR]","AD - TOFU 4","TONS TESTE",engaged,inactive,ad,1.0952381,92,0.23913043,,4.32,2,2,2.16,,46.95652174,,,,0,,,,,2026-01-01,2026-05-25
"[C] [LM - PRINCIPAL][EX. BASE] [ADV. +] [CBO]","ADS - LARISSA","[AQUISIÇÃO]  [ADV. +]",unknown,inactive,ad,1,91,0.27472527,,4.43993401,,4,,,48.79048358,,,,,,,,,2026-01-01,2026-05-25
"[C] [LM - TESTE] [ABO]","AD - ANA PAULA","[DAI - DUDA - ANA]",engaged,active,ad,1.1097561,91,0.24175824,,5.51,,,,,60.54945055,,,,,,,,,2026-01-01,2026-05-25
"[C] [LM - TESTE] [ABO]",AD2,"Influ Mi Ruback - Vm",existing,archived,ad,1.25,90,0.12222222,,2.38,1,,2.38,,26.44444444,,,,0,,,,,2026-01-01,2026-05-25
"[C] [LM - TESTE] [ABO]","Criativo 2 - Melhora retenção 29/12","Influ Mi Ruback",engaged,archived,ad,1.2,90,0.1,,2.55,,,,,28.33333333,,,,,,,,,2026-01-01,2026-05-25
"[C] [LM - TESTE] [ABO]","AD - RMK  EVELYN 19-05 PERFIL DENA","[TESTE PB FECHADO]",engaged,active,ad,1.05952381,89,0.28089888,,3.5,2,1,1.75,,39.3258427,,,,0,,,,,2026-01-01,2026-05-25
"[C] [LM - TESTE] [ABO]","ADS2 - 18-02",Jejoom,engaged,not_delivering,ad,1.1125,89,0,,1.63,2,1,0.815,,18.31460674,,,1,0,,,,,2026-01-01,2026-05-25
"[C] [LM - TESTE] [ABO]","ADS2 - VM","Arte Organica - VM",engaged,not_delivering,ad,1.17333333,88,0,,2.76,4,2,0.69,,31.36363636,,,,0,,,,,2026-01-01,2026-05-25
"[C] [LM - RMKT] [ADV. ABO]","AD - RMKT DANI","[RMKT LARANJA MORO-REATIVAÇÃO BASE QUENTE]",unknown,active,ad,1.01149425,88,0.04545455,,7.71944562,,7,,,87.72097291,"Compras no site",7.71944562,,,1,40.49902228,"Valor de conversão da compra no site",312.63,2026-01-01,2026-05-25
"[C] [LM - TESTE] [ABO]","AD1 - BOFU — Cópia","teste publico novo - bid",engaged,not_delivering,ad,1.08641975,88,0.17045455,,3.84,2,2,1.92,,43.63636364,,,,0,,,,,2026-01-01,2026-05-25
"[C] [LM - PRINCIPAL][EX. BASE] [ADV. +] [CBO]","tons_dr-ursinho-melasma2-13-10-2025 — Cópia","LP 2 - TONS",existing,archived,ad,1.07317073,88,0.19318182,,5.77,,,,,65.56818182,,,,,,,,,2026-01-01,2026-05-25
"[C] [LM - TESTE] [ABO]","ADS 3","Varias Influs - VM",existing,inactive,ad,1.0875,87,0.33333333,,2.28,,,,,26.20689655,,,,,,,,,2026-01-01,2026-05-25
"[C] [LM - TESTE] [ABO]","ADS1 - VM","Arte Organica - VM",prospecting,not_delivering,ad,1.02380952,86,0,,3.86,,,,,44.88372093,,,,,,,,,2026-01-01,2026-05-25
"[C] [LM - TESTE] [ABO]","AD - EVELYN",EVELIN,existing,inactive,ad,1.07594937,85,0,,2.54,1,,2.54,,29.88235294,,,,0,,,,,2026-01-01,2026-05-25
"[C] [LM - PRINCIPAL][EX. BASE] [ADV. +] [CBO]","AD - 5 — Cópia","[EXCLUSÃO BASE] [ADV. +]",engaged,inactive,ad,1.12,84,0.27380952,,2.02,1,,2.02,,24.04761905,,,,0,,,,,2026-01-01,2026-05-25
"[C] [LM - TESTE] [ABO]","ADS3 - 18-02",Jejoom,existing,not_delivering,ad,1,84,0,,3.89,,,,,46.30952381,,,1,,,,,,2026-01-01,2026-05-25
"[C] [LM - TESTE] [ABO]","AD 1 DAI — Cópia","[TESTE PB FECHADO]",prospecting,inactive,ad,1.01204819,84,0.14285714,,0.31,,,,,3.69047619,,,,,,,,,2026-01-01,2026-05-25
"[C] [LM - TESTE] [ABO]","AD -  EVELYN","[TESTE PB FECHADO]",uncategorized,active,ad,0,83,0,,1.1504753,,,,,13.86114814,,,,,,,,,2026-01-01,2026-05-25
"[C] [LM - TESTE] [ABO]","CARROSSEL 3 - 18-02","Carrossel - LM ROAS",engaged,archived,ad,1.45614035,83,0.53012048,,3.36,13,3,0.25846154,,40.48192771,,,,0,,,,,2026-01-01,2026-05-25
"[C] [LM - RMKT] [ADV. ABO]","AD - EVELYN","[RMKT LARANJA MORO-REATIVAÇÃO BASE QUENTE]",unknown,inactive,ad,1.025,82,0.13414634,,5.82877765,2,5,2.91438882,,71.08265426,,,2,0,,,,,2026-01-01,2026-05-25
"[C] [LM - TESTE] [ABO]","ADS 3","Influ Evelyn - Vm",engaged,not_delivering,ad,1.125,81,0.14814815,,2.37,1,,2.37,,29.25925926,,,,0,,,,,2026-01-01,2026-05-25
"[C] [TONS] [PB DR]","AD - TOFU 4","TONS TESTE",prospecting,inactive,ad,1.08,81,0.19753086,,3.86,7,3,0.55142857,,47.65432099,,,,0,,,,,2026-01-01,2026-05-25
"[C] [VARIOS PRODUTO] [ABO] [BID]",AD14,"[VINAGRE] [RMKT]",engaged,inactive,ad,1.14084507,81,0.30864198,,2.18,3,3,0.72666667,,26.91358025,"Compras no site",2.18,1,0.33333333,1,55.55963303,"Valor de conversão da compra no site",121.12,2026-01-01,2026-05-25
"[C] [LM - TESTE] [ABO]","CARROSSEL 3 - 18-02","Carrossel - LM ROAS",prospecting,archived,ad,1.125,81,0.30864198,,2.82,2,1,1.41,,34.81481481,,,,0,,,,,2026-01-01,2026-05-25
"[C] [LM - TESTE] [ABO]","ADS3 - 18-02 — Cópia","Carrossel - Lm",prospecting,inactive,ad,1.03896104,80,0,,1.89,,,,,23.625,,,,,,,,,2026-01-01,2026-05-25
"[C] [TONS] [PB DR]","AD - MOFU 4","TONS TESTE",existing,not_delivering,ad,1.29508197,79,0.3164557,,2.76,11,8,0.25090909,,34.93670886,,,,0,,,,,2026-01-01,2026-05-25
"[C] [LM - TESTE] [ABO]","ADS3- Q10","Conj. - Q10",engaged,not_delivering,ad,1.09722222,79,0,,2.08,3,2,0.69333333,,26.32911392,,,,0,,,,,2026-01-01,2026-05-25
"[C] [JEJOOM] [CBO]","AD4 - ORGANICO","[CAMPANHA AQUISIÇÃO]",engaged,inactive,ad,1.08333333,78,0,,1.22,2,1,0.61,,15.64102564,,,,0,,,,,2026-01-01,2026-05-25
"[C] [JEJOOM] [CBO]","AD - LARI","[CAMPANHA AQUISIÇÃO]",prospecting,inactive,ad,1.09859155,78,0.23076923,,1.46,,,,,18.71794872,,,,,,,,,2026-01-01,2026-05-25
"[C] [VARIOS PRODUTO] [ABO] [BID]","AD - RAIZA TOFU","[VINAGRE] [RMKT]",uncategorized,active,ad,0,77,0,,0.94003336,,,,,12.20822546,,,,,,,,,2026-01-01,2026-05-25
"[C] [LM - RMKT] [ADV. ABO]","AD - LUCIANA MOFU 2 — Cópia","[RMKT LARANJA MORO-REATIVAÇÃO BASE QUENTE]",unknown,inactive,ad,1.01315789,77,0.32467532,,8.19870946,1,3,8.19870946,,106.4767462,,,2,0,,,,,2026-01-01,2026-05-25
"[C] [LM - TESTE] [ABO]","ADS2- 18-02 — Cópia","Carrossel - Lm",existing,inactive,ad,1.07142857,75,0,,1.84,,,,,24.53333333,,,,,,,,,2026-01-01,2026-05-25
"[C] [JEJOOM] [CBO]","AD - MORGANA","[CAMPANHA AQUISIÇÃO]",engaged,inactive,ad,1.10294118,75,0.26666667,,1.73,3,3,0.57666667,,23.06666667,,,,0,,,,,2026-01-01,2026-05-25
"[C] [LM - PRINCIPAL][EX. BASE] [ADV. +] [CBO]","tons_dr-ursinho-melasma2-13-10-2025 — Cópia","LP 1 - TOPO TONS",existing,archived,ad,1.13846154,74,0.21621622,,3.93,,,,,53.10810811,,,,,,,,,2026-01-01,2026-05-25
"[C] [JEJOOM] [CBO]","AD - MORGANA","[CAMPANHA AQUISIÇÃO]",existing,inactive,ad,1.10447761,74,0.24324324,,4.37,2,2,2.185,,59.05405405,,,1,0,,,,,2026-01-01,2026-05-25
"[C] [LM - PRINCIPAL][EX. BASE] [ADV. +] [CBO]","ADS - SABRINA TOPO 2","[AQUISIÇÃO]  [ADV. +]",existing,inactive,ad,1.08955224,73,0.16438356,,1.92,,,,,26.30136986,,,,,,,,,2026-01-01,2026-05-25
"[C] [JEJOOM] [CBO]","ADS - LARISSA","[CAMPANHA AQUISIÇÃO]",existing,inactive,ad,1.10606061,73,0.19178082,,2.16,1,,2.16,,29.5890411,,,,0,,,,,2026-01-01,2026-05-25
"[C] [LM - TESTE] [ABO]","ADS 1","Influ Raiza 3 - LM TESTE TRAVA DE CPA",existing,archived,ad,1.08955224,73,0.10958904,,1.57,2,1,0.785,,21.50684932,,,,0,,,,,2026-01-01,2026-05-25
"[C] [TONS] [PB DR]","AD - MOFU 2","TONS TESTE",prospecting,not_delivering,ad,1.10606061,73,0.20547945,,2.6,3,3,0.86666667,,35.61643836,,,,0,,,,,2026-01-01,2026-05-25
"[C] [JEJOOM] [CBO]","AD - INGRID 3","[CAMPANHA AQUISIÇÃO]",existing,inactive,ad,1.16129032,72,0.30555556,,3.09,,,,,42.91666667,,,,,,,,,2026-01-01,2026-05-25
"[C] [JEJOOM] [CBO]","AD2 - ORGANICO — Cópia","[PUBLICO LARISSA]",engaged,archived,ad,1.05882353,72,0,,1.34,1,,1.34,,18.61111111,,,,0,,,,,2026-01-01,2026-05-25
"[C] [JEJOOM] [CBO]","ARTE DANI","[CAMPANHA AQUISIÇÃO]",prospecting,inactive,ad,1.18032787,72,0,,1.64,2,,0.82,,22.77777778,,,1,0,,,,,2026-01-01,2026-05-25
"[C] [LM - PRINCIPAL][EX. BASE] [ADV. +] [CBO]",AD2,"[EXCLUSÃO BASE] [ADV. +]",prospecting,inactive,ad,1.20338983,71,0.15492958,,1.13,,,,,15.91549296,,,,,,,,,2026-01-01,2026-05-25
"[C] [LM - RMKT] [ADV. ABO]","AD - RMKT","[RMKT LARANJA MORO-REATIVAÇÃO BASE QUENTE]",unknown,active,ad,1,71,0,,4.74232412,1,,4.74232412,,66.79329744,,,,0,,,,,2026-01-01,2026-05-25
"[C] [LM - RMKT] [ADV. ABO]","AD - RMKT — Cópia — Cópia","[RMKT LARANJA MORO-REATIVAÇÃO BASE QUENTE]",existing,inactive,ad,1.06060606,70,0,,3.04,,,,,43.42857143,,,,,,,,,2026-01-01,2026-05-25
"[C] [LM - RMKT] [ADV. ABO]","AD - BOFU — Cópia","[RMKT LARANJA MORO-REATIVAÇÃO BASE QUENTE]",existing,inactive,ad,1,70,0.1,,1.47,,,,,21,,,,,,,,,2026-01-01,2026-05-25
"[C] [LM - PRINCIPAL][EX. BASE] [ADV. +] [CBO]","ADS - TAINA 2","[AQUISIÇÃO]  [ADV. +]",prospecting,inactive,ad,1.02985075,69,0.26086957,,1.66,,,,,24.05797101,,,,,,,,,2026-01-01,2026-05-25
"[C] [LM - TESTE] [ABO]","ADS1 - 18-02",Jejoom,existing,not_delivering,ad,1.06153846,69,0,,2.99,1,1,2.99,,43.33333333,,,,0,,,,,2026-01-01,2026-05-25
"[C] [LM - PRINCIPAL][EX. BASE] [ADV. +] [CBO]","ADS -  ANA ELISA 1","LP - 1",prospecting,archived,ad,1.03030303,68,0.14705882,,0.86,1,,0.86,,12.64705882,,,,0,,,,,2026-01-01,2026-05-25
"[C] [LM - PRINCIPAL][EX. BASE] [ADV. +] [CBO]","[2] 29/12 — Cópia","LP - 1",prospecting,archived,ad,1,68,0.22058824,,1.1,,,,,16.17647059,,,,,,,,,2026-01-01,2026-05-25
"[C] [VARIOS PRODUTO] [ABO] [BID]","AD - BOFU RMKT2 17-05","[TRIO MAG] [RMKT]",existing,not_delivering,ad,1.24074074,67,0,,1.56,2,2,0.78,,23.28358209,,,,0,,,,,2026-01-01,2026-05-25
"[C] [LM - TESTE] [ABO]","AD - BOFU","[BOFU] [ADV+ ABERTO] [ESTATICO]",unknown,not_delivering,ad,1.046875,67,0.10447761,,0.25999645,2,1,0.12999823,,3.88054404,,,,0,,,,,2026-01-01,2026-05-25
"[C] [TONS] [PB DR]","AD - TOFU 4","TONS TESTE",existing,inactive,ad,1.06349206,67,0.2238806,,8.24,2,2,4.12,,122.98507463,,,1,0,,,,,2026-01-01,2026-05-25
"[C] [VARIOS PRODUTO] [ABO] [BID]","AD9 - CARROSSEL","[VINAGRE] [RMKT]",existing,inactive,ad,1.11666667,67,0,,1.71514124,3,3,0.57171375,,25.59912303,,,,0,,,,,2026-01-01,2026-05-25
"[C] [LM - TESTE] [ABO]","CARROSSEL 2 - 18-02","Carrossel - Lm",existing,not_delivering,ad,1.24528302,66,0,,1.73,1,1,1.73,,26.21212121,,,,0,,,,,2026-01-01,2026-05-25
"[C] [LM - PRINCIPAL][EX. BASE] [ADV. +] [CBO]",AD2,"[EXCLUSÃO BASE] [ADV. +]",engaged,inactive,ad,1.15789474,66,0.16666667,,4.27,1,1,4.27,,64.6969697,,,,0,,,,,2026-01-01,2026-05-25
"[C] [LM - TESTE] [ABO]",ADS6,"Influ Sabrina - Vm [Teste até 13-03]",engaged,archived,ad,1.18181818,65,0.23076923,,4.11,,,,,63.23076923,,,,,,,,,2026-01-01,2026-05-25
"[C] [JEJOOM] [CBO]","ADS - LARI 6",[RMK],prospecting,inactive,ad,1.2745098,65,0.06153846,,0.83,1,1,0.83,,12.76923077,,,,0,,,,,2026-01-01,2026-05-25
"[C] [TONS] [PB DR]","AD - MOFU 9","TONS TESTE",existing,not_delivering,ad,1.25490196,64,0.1875,,2.09,,,,,32.65625,,,,,,,,,2026-01-01,2026-05-25
"[C] [VARIOS PRODUTO] [ABO] [BID]","ADS 1 - MARITZA","[VINAGRE] [RMKT]",existing,inactive,ad,1.10526316,63,0.42857143,,2.66,6,5,0.44333333,,42.22222222,,,,0,,,,,2026-01-01,2026-05-25
"[C] [LM - TESTE] [ABO]",ADS6,"Influ Sabrina - Vm [Teste até 13-03]",existing,archived,ad,1.0862069,63,0.19047619,,6.47,1,1,6.47,,102.6984127,,,,0,,,,,2026-01-01,2026-05-25
"[C] [LM - TESTE] [ABO]","ADS - LARISSA MES CLIENTE","Influ Larissa Lemos - Lm",existing,archived,ad,1.125,63,0.17460317,,1.8,1,1,1.8,,28.57142857,,,,0,,,,,2026-01-01,2026-05-25
"[C] [VARIOS PRODUTO] [ABO] [BID]","AD - RMK 2",Nac,existing,not_delivering,ad,1.0877193,62,0,,2.22,1,,2.22,,35.80645161,,,,0,,,,,2026-01-01,2026-05-25
"[C] [LM - TESTE] [ABO]","ADS 1","Influ Raiza 3 - LM TESTE TRAVA DE CPA",engaged,archived,ad,1.03333333,62,0.11290323,,1.05,,,,,16.93548387,,,,,,,,,2026-01-01,2026-05-25
"[C] [LM - TESTE] [ABO]","ADS - LARI 4","Influ Lari - Jejoom",prospecting,not_delivering,ad,1.0877193,62,0.27419355,,3.3,2,2,1.65,,53.22580645,,,3,0,,,,,2026-01-01,2026-05-25
"[C] [VARIOS PRODUTO] [ABO] [BID]","AD9 - CARROSSEL","[VINAGRE] [RMKT]",engaged,inactive,ad,1.17307692,61,0.16393443,,1.51,,,,,24.75409836,,,,,,,,,2026-01-01,2026-05-25
"[C] [LM - TESTE] [ABO]","ADS 1","Influ Evelyn - Vm",existing,not_delivering,ad,1.19607843,61,0.27868852,,1.87,,,,,30.6557377,,,,,,,,,2026-01-01,2026-05-25
"[C] [LM - TESTE] [ABO]","ADS1 - 04-03","Carrossel - Lm",existing,inactive,ad,1.24489796,61,0,,1.85,1,1,1.85,,30.32786885,,,,0,,,,,2026-01-01,2026-05-25
"[C] [LM - TESTE] [ABO]",24-12,"Influ Maritza 1 - LM TESTE TRAVA DE CPA",existing,archived,ad,1.39534884,60,0.08333333,,1.64,,,,,27.33333333,,,,,,,,,2026-01-01,2026-05-25
"[C] [LM - TESTE] [ABO]","ADS - LARI 5","Influ Lari - Jejoom",engaged,not_delivering,ad,1.07142857,60,0.1,,1.27,2,1,0.635,,21.16666667,,,1,0,,,,,2026-01-01,2026-05-25
"[C] [LM - TESTE] [ABO]","ADS - LARISSA MES CLIENTE","Influ Larissa Lemos - Lm",engaged,archived,ad,1.15384615,60,0.18333333,,1.39,,,,,23.16666667,,,,,,,,,2026-01-01,2026-05-25
"[C] [JEJOOM] [CBO]","AD - RAIZA","[CAMPANHA AQUISIÇÃO]",prospecting,inactive,ad,1.09090909,60,0.23333333,,1.78,,,,,29.66666667,,,,,,,,,2026-01-01,2026-05-25
"[C] [VARIOS PRODUTO] [ABO] [BID]","AD9 - CARROSSEL","[VINAGRE] [RMKT]",prospecting,inactive,ad,1.03448276,60,0,,1.0869209,,,,,18.1153484,,,,,,,,,2026-01-01,2026-05-25
"[C] [LM - TESTE] [ABO]","ADS 2","Influ Evelyn - Vm 2",engaged,inactive,ad,1.20408163,59,0.20338983,,0.98,,,,,16.61016949,,,,,,,,,2026-01-01,2026-05-25
"[C] [JEJOOM] [CBO]","AD - MORGANA","[CAMPANHA AQUISIÇÃO]",prospecting,inactive,ad,1.05357143,59,0.25423729,,1.13,,,,,19.15254237,,,,,,,,,2026-01-01,2026-05-25
"[C] [TONS] [PB DR]","AD - BOFU","[PUBLICO ENG.] [DR]",unknown,active,ad,1.03508772,59,0,,5.50894722,2,4,2.75447361,,93.37198674,,,2,0,,,,,2026-01-01,2026-05-25
"[C] [LM - TESTE] [ABO]","Video 1 Larissa Lemos - 13-10-2025","Influ Larissa Lemos - Lm",prospecting,archived,ad,1.03571429,58,0.27586207,,2,2,2,1,,34.48275862,"Compras no site",2,,0.5,1,104.265,"Valor de conversão da compra no site",208.53,2026-01-01,2026-05-25
"[C] [TONS] [PB DR]","AD - TOFU — Cópia","[PUBLICO ENG.] [DR]",unknown,active,ad,1,57,0.66666667,,4.67778786,1,1,4.67778786,,82.06645366,"Compras no site",4.67778786,,1,1,64.06874554,"Valor de conversão da compra no site",299.7,2026-01-01,2026-05-25
"[C] [LM - TESTE] [ABO]",ADS9,"Influ Sabrina - Vm [Teste até 13-03]",engaged,archived,ad,1.05555556,57,0.45614035,,3.99,1,1,3.99,,70,,,,0,,,,,2026-01-01,2026-05-25
"[C] [VARIOS PRODUTO] [ABO] [BID]","ADS 1 - MARITZA","[VINAGRE] [RMKT]",prospecting,inactive,ad,1.01785714,57,0.40350877,,4.14,4,4,1.035,,72.63157895,,,1,0,,,,,2026-01-01,2026-05-25
"[C] [LM - TESTE] [ABO]",ADS3,"Influ Morgana - Jejoom",prospecting,inactive,ad,1.01785714,57,0.24561404,,2.09,1,1,2.09,,36.66666667,,,,0,,,,,2026-01-01,2026-05-25
"[C] [LM - TESTE] [ABO]",AD5,"[BOFU] [ADV+ ABERTO] [ESTATICO]",unknown,not_delivering,ad,1.0754717,57,0.0877193,,1.48939632,,1,,,26.12975997,,,3,,,,,,2026-01-01,2026-05-25
"[C] [LM - TESTE] [ABO]","AD - JADE TOFU","[BM JADE]",unknown,inactive,ad,1,56,0.21428571,,4.37321399,,9,,,78.09310704,,,1,,,,,,2026-01-01,2026-05-25
"[C] [LM - PRINCIPAL][EX. BASE] [ADV. +] [CBO]","ADS - MES CONSUMIDOR STORIE","[AQUISIÇÃO]  [ADV. +]",unknown,inactive,ad,1.01818182,56,0.625,,3.23012349,2,1,1.61506174,,57.68077658,,,1,0,,,,,2026-01-01,2026-05-25
"[C] [LM - PRINCIPAL][EX. BASE] [ADV. +] [CBO]","AD - FERNANDA — Cópia","[AQUISIÇÃO]  [ADV. +]",engaged,inactive,ad,1.03703704,56,0.21428571,,2.13,2,1,1.065,,38.03571429,,,,0,,,,,2026-01-01,2026-05-25
"[C] [LM - TESTE] [ABO]","ADS3 - 18-02 — Cópia","Carrossel - Lm",existing,inactive,ad,1.05660377,56,0,,1.56,,,,,27.85714286,,,,,,,,,2026-01-01,2026-05-25
"[C] [LM - TESTE] [ABO]",ADS9,"Influ Sabrina - Vm [Teste até 13-03]",prospecting,archived,ad,1.01851852,55,0.4,,3.28,1,,3.28,,59.63636364,,,,0,,,,,2026-01-01,2026-05-25
"[C] [LM - PRINCIPAL][EX. BASE] [ADV. +] [CBO]","ADS - SABRINA 2","LP - 2",prospecting,archived,ad,1,55,0.18181818,,1.46,,,,,26.54545455,,,,,,,,,2026-01-01,2026-05-25
"[C] [JEJOOM] [CBO]","AD - INGRID 2","[CAMPANHA AQUISIÇÃO]",existing,inactive,ad,1.19565217,55,0.25454545,,1.68,,,,,30.54545455,,,,,,,,,2026-01-01,2026-05-25
"[C] [VARIOS PRODUTO] [ABO] [BID]","ADS3- 18-02","[DIGESTINO] [RMKT]",prospecting,inactive,ad,1.17021277,55,0,,1.94,,,,,35.27272727,,,,,,,,,2026-01-01,2026-05-25
"[C] [LM - PRINCIPAL][EX. BASE] [ADV. +] [CBO]","AD - ALESSANDRA TOFU","[AQUISIÇÃO]  [ADV. +]",engaged,inactive,ad,1,55,0.30909091,,1.94,,,,,35.27272727,,,,,,,,,2026-01-01,2026-05-25
"[C] [LM - TESTE] [ABO]",ADS3,"Influ Morgana - Jejoom",existing,inactive,ad,1.03921569,53,0.18867925,,2.02,,,,,38.11320755,,,,,,,,,2026-01-01,2026-05-25
"[C] [LM - PRINCIPAL][EX. BASE] [ADV. +] [CBO]",AD1,"TESTE RAIZA ATE 21-03",engaged,archived,ad,1.15217391,53,0.13207547,,2.14,,,,,40.37735849,,,,,,,,,2026-01-01,2026-05-25
"[C] [LM - TESTE] [ABO]",ADS9,"Influ Sabrina - Vm [Teste até 13-03]",existing,archived,ad,1.06,53,0.26415094,,2.21,,,,,41.69811321,,,,,,,,,2026-01-01,2026-05-25
"[C] [LM - TESTE] [ABO]",ADS6,"Influ Sabrina - Vm [Teste até 13-03]",prospecting,archived,ad,1.15555556,52,0.19230769,,4.91,,,,,94.42307692,,,,,,,,,2026-01-01,2026-05-25
"[C] [VARIOS PRODUTO] [ABO] [BID]","AD - MANOELI — Cópia","[VINAGRE] [RMKT]",engaged,inactive,ad,1.26829268,52,0.40384615,,2.88,8,6,0.36,,55.38461538,,,,0,,,,,2026-01-01,2026-05-25
"[C] [JEJOOM] [CBO]","ARTE DANI 2","[CAMPANHA AQUISIÇÃO]",existing,inactive,ad,1.10638298,52,0,,1.82,1,,1.82,,35,,,,0,,,,,2026-01-01,2026-05-25
"[C] [LM - TESTE] [ABO]","AD 2 DUDA — Cópia","[TESTE PB FECHADO]",existing,inactive,ad,1.08333333,52,0.05769231,,1.3,,,,,25,,,,,,,,,2026-01-01,2026-05-25
"[C] [LM - TESTE] [ABO]","AD - RMK  EVELYN 19-05 PERFIL DENA",EVELIN,existing,active,ad,1.0625,51,0.21568627,,3.98,2,1,1.99,,78.03921569,"Compras no site",3.98,1,0.5,1,118.95979899,"Valor de conversão da compra no site",473.46,2026-01-01,2026-05-25
"[C] [LM - TESTE] [ABO]","AD - EVELYN",EVELIN,engaged,inactive,ad,1.02,51,0,,2.06,2,1,1.03,,40.39215686,,,,0,,,,,2026-01-01,2026-05-25
"[C] [LM - TESTE] [ABO]","ADS DANI 3","Conj. - Q10",existing,inactive,ad,1.275,51,0,,0.93,2,1,0.465,,18.23529412,,,,0,,,,,2026-01-01,2026-05-25
"[C] [LM - PRINCIPAL][EX. BASE] [ADV. +] [CBO]","AD -2 — Cópia — Cópia","[AQUISIÇÃO]  [ADV. +]",engaged,inactive,ad,1.10869565,51,0.33333333,,2.62,,,,,51.37254902,,,,,,,,,2026-01-01,2026-05-25
"[C] [LM - TESTE] [ABO]",AD1,"Influ Mi Ruback - Vm",existing,archived,ad,1.18604651,51,0.15686275,,1.25,,,,,24.50980392,,,,,,,,,2026-01-01,2026-05-25
"[C] [JEJOOM] [CBO]","AD1 - ORGANICO — Cópia","[PUBLICO LARISSA]",engaged,archived,ad,1.02040816,50,0,,0.95,,,,,19,,,,,,,,,2026-01-01,2026-05-25
"[C] [LM - PRINCIPAL][EX. BASE] [ADV. +] [CBO]","ADS - ORGANICO LM 2","[AQUISIÇÃO]  [ADV. +]",unknown,inactive,ad,1.13636364,50,0,,1.79998361,,,,,35.99967212,,,,,,,,,2026-01-01,2026-05-25
"[C] [LM - PRINCIPAL][EX. BASE] [ADV. +] [CBO]","AD - FERNANDA TOFU","[AQUISIÇÃO]  [ADV. +]",prospecting,inactive,ad,1,50,0.22,,1.18,1,1,1.18,,23.6,,,,0,,,,,2026-01-01,2026-05-25
"[C] [LM - PRINCIPAL][EX. BASE] [ADV. +] [CBO]","ADS - RAIZA 3","LP - TOPO LM",existing,archived,ad,2.13043478,49,0.10204082,,1.6303042,2,2,0.8151521,,33.27151421,,,,0,,,,,2026-01-01,2026-05-25
"[C] [VARIOS PRODUTO] [ABO] [BID]","AD - ORG TOFU","[VINAGRE] [RMKT]",engaged,inactive,ad,1.11363636,49,0,,2.45,,,,,50,,,,,,,,,2026-01-01,2026-05-25
"[C] [LM - TESTE] [ABO]","AD - EVELYN TOFU","[TESTE PB FECHADO]",prospecting,active,ad,1.0212766,48,0.10416667,,0.63,1,,0.63,,13.125,,,,0,,,,,2026-01-01,2026-05-25
"[C] [LM - PRINCIPAL][EX. BASE] [ADV. +] [CBO]","[2] 29/12 — Cópia","LP - ATUAL",prospecting,archived,ad,1,48,0.10416667,,0.53,,,,,11.04166667,,,,,,,,,2026-01-01,2026-05-25
"[C] [TONS] [PB DR]","AD - MOFU 4","TONS TESTE",prospecting,not_delivering,ad,1.06818182,47,0.42553191,,1.94,5,2,0.388,,41.27659574,,,,0,,,,,2026-01-01,2026-05-25
"[C] [LM - TESTE] [ABO]","AD - BOFU 1 — Cópia","[HIBRIDO] [ESTATICO ORG.] [BID 60]",unknown,active,ad,1.02173913,47,0,,0.3001316,,,,,6.38577878,,,,,,,,,2026-01-01,2026-05-25
"[C] [LM - TESTE] [ABO]","ADS3 - 18-02",Jejoom,engaged,not_delivering,ad,1.11904762,47,0,,0.64,1,,0.64,,13.61702128,,,,0,,,,,2026-01-01,2026-05-25
"[C] [JEJOOM] [CBO]","ARTE DANI 2","[CAMPANHA AQUISIÇÃO]",prospecting,inactive,ad,1.06818182,47,0,,1.32,,,,,28.08510638,,,,,,,,,2026-01-01,2026-05-25
"[C] [LM - TESTE] [ABO]","ADS1 - TIPO 2 04-03","Carrossel - Lm",existing,inactive,ad,1.27777778,46,0,,2.08,5,4,0.416,,45.2173913,,,,0,,,,,2026-01-01,2026-05-25
"[C] [TONS] [PB DR]","ADS - ASIATICA","[PUBLICO ENG.] [DR]",unknown,active,ad,1.02222222,46,0.54347826,,4.38954706,3,12,1.46318235,,95.42493615,,,,0,,,,,2026-01-01,2026-05-25
"[C] [VARIOS PRODUTO] [ABO] [BID]","AD3 — Cópia","[VINAGRE] [RMKT]",engaged,inactive,ad,1.15,46,0.2173913,,6.67,3,2,2.22333333,,145,,,,0,,,,,2026-01-01,2026-05-25
"[C] [LM - PRINCIPAL][EX. BASE] [ADV. +] [CBO]","ADS - LARI TOFU","[AQUISIÇÃO]  [ADV. +]",unknown,inactive,ad,1,46,0.39130435,,3.21999733,1,3,3.21999733,,69.99994186,,,1,0,,,,,2026-01-01,2026-05-25
"[C] [LM - TESTE] [ABO]","ADS  - EVELYN VM",EVELIN,engaged,inactive,ad,1.09756098,45,0.44444444,,0.89,,,,,19.77777778,,,,,,,,,2026-01-01,2026-05-25
"[C] [LM - TESTE] [ABO]",AD2,"Influ Ingrid - Vm",prospecting,archived,ad,1,45,0.17777778,,0.69,1,1,0.69,,15.33333333,,,,0,,,,,2026-01-01,2026-05-25
"[C] [LM - RMKT] [ADV. ABO]","AD - BOFU — Cópia","[RMKT LARANJA MORO-REATIVAÇÃO BASE QUENTE]",prospecting,inactive,ad,1,45,0.13333333,,0.93,,,,,20.66666667,,,,,,,,,2026-01-01,2026-05-25
"[C] [JEJOOM] [CBO]","ADS - LARI 6",[RMK],engaged,inactive,ad,1.21621622,45,0.26666667,,0.93,,,,,20.66666667,,,,,,,,,2026-01-01,2026-05-25
"[C] [LM - RMKT] [ADV. ABO]","AD - RMKT — Cópia — Cópia","[RMKT LARANJA MORO-REATIVAÇÃO BASE QUENTE]",prospecting,inactive,ad,1.02272727,45,0,,1.78,2,2,0.89,,39.55555556,,,,0,,,,,2026-01-01,2026-05-25
"[C] [LM - PRINCIPAL][EX. BASE] [ADV. +] [CBO]","AD - ALESSANDRA TOFU","[AQUISIÇÃO]  [ADV. +]",existing,inactive,ad,1.02325581,44,0.25,,1.29,,,,,29.31818182,,,,,,,,,2026-01-01,2026-05-25
"[C] [TONS] [PB DR]","AD - MOFU 8","TONS TESTE",prospecting,not_delivering,ad,1.02325581,44,0.18181818,,0.75,1,1,0.75,,17.04545455,,,,0,,,,,2026-01-01,2026-05-25
"[C] [LM - TESTE] [ABO]","ADS 4 - SABRINA","Influ Sabrina - Tons",prospecting,inactive,ad,1,44,0.27272727,,1.93,,,,,43.86363636,,,,,,,,,2026-01-01,2026-05-25
"[C] [VARIOS PRODUTO] [ABO] [BID]","ADS 4 — Cópia","[VINAGRE] [RMKT]",engaged,inactive,ad,1.075,43,0.30232558,,1.83,1,,1.83,,42.55813953,,,,0,,,,,2026-01-01,2026-05-25
"[C] [LM - TESTE] [ABO]",AD2,"Influ Raiza - Lm",engaged,not_delivering,ad,1.22857143,43,0.11627907,,1.87,,,,,43.48837209,,,,,,,,,2026-01-01,2026-05-25
"[C] [VARIOS PRODUTO] [ABO] [BID]","ADS 2 - INGRID VM — Cópia","[VINAGRE] [RMKT]",engaged,inactive,ad,1.13157895,43,0.30232558,,4.53,3,1,1.51,,105.34883721,,,,0,,,,,2026-01-01,2026-05-25
"[C] [LM - PRINCIPAL][EX. BASE] [ADV. +] [CBO]","ADS - 4","[EXCLUSÃO BASE] [ADV. +]",unknown,inactive,ad,1.075,43,0.06976744,,3.64811702,,3,,,84.83993061,,,,,,,,,2026-01-01,2026-05-25
"[C] [LM - TESTE] [ABO]","ADS3 - VM","Arte Organica - VM",existing,not_delivering,ad,1.02380952,43,0,,1.08,,,,,25.11627907,,,,,,,,,2026-01-01,2026-05-25
"[C] [LM - PRINCIPAL][EX. BASE] [ADV. +] [CBO]","AD - BOFU — Cópia","[EXCLUSÃO BASE] [ADV. +]",unknown,inactive,ad,1.02380952,43,0.18604651,,0.15999782,2,,0.07999891,,3.72087955,,,,0,,,,,2026-01-01,2026-05-25
"[C] [JEJOOM] [CBO]","ADS - LARI 2 24-12","[CAMPANHA AQUISIÇÃO]",prospecting,inactive,ad,1.16666667,42,0.07142857,,0.88,,,,,20.95238095,,,,,,,,,2026-01-01,2026-05-25
"[C] [LM - TESTE] [ABO]","ADS 2 — Cópia","Influ Isadora N. - Lm",existing,archived,ad,1.05,42,0,,0.59,,,,,14.04761905,,,,,,,,,2026-01-01,2026-05-25
"[C] [LM - RMKT] [ADV. ABO]","AD - MOFU teste ate 08-05 — Cópia — Cópia — Cópia","[RMKT LARANJA MORO-REATIVAÇÃO BASE QUENTE]",unknown,not_delivering,ad,1,42,0.35714286,,3.62005265,,,,,86.19172975,,,,,,,,,2026-01-01,2026-05-25
"[C] [LM - TESTE] [ABO]","ADS2- 18-02","Arte Organica - Digestino",existing,inactive,ad,1.05128205,41,0,,1.49,1,1,1.49,,36.34146341,,,,0,,,,,2026-01-01,2026-05-25
"[C] [LM - TESTE] [ABO]","ADS2- Q10","Arte Organica - Q10",engaged,not_delivering,ad,1.05128205,41,0,,1.09,4,1,0.2725,,26.58536585,,,,0,,,,,2026-01-01,2026-05-25
"[C] [JEJOOM] [CBO]","ADS - LARI 6","[CAMPANHA AQUISIÇÃO]",prospecting,inactive,ad,1.20588235,41,0.12195122,,1.01,,,,,24.63414634,,,,,,,,,2026-01-01,2026-05-25
"[C] [TONS] [PB DR]","AD - BOFU — Cópia","TONS TESTE",engaged,inactive,ad,1.025,41,0,,1.64,,,,,40,,,,,,,,,2026-01-01,2026-05-25
"[C] [LM - TESTE] [ABO]","ADS  - EVELYN VM","[TESTE PB FECHADO]",existing,inactive,ad,1.02564103,40,0.35,,3.04,,,,,76,,,,,,,,,2026-01-01,2026-05-25
"[C] [VARIOS PRODUTO] [ABO] [BID]","AD - MANOELI — Cópia","[VINAGRE] [RMKT]",prospecting,inactive,ad,1.17647059,40,0.35,,3.41,3,1,1.13666667,,85.25,,,,0,,,,,2026-01-01,2026-05-25
"[C] [VARIOS PRODUTO] [ABO] [BID]",AD4,"[VINAGRE] [RMKT]",engaged,inactive,ad,1.05263158,40,0,,0.65,,,,,16.25,,,,,,,,,2026-01-01,2026-05-25
"[C] [LM - TESTE] [ABO]","ADS - LARI 4","Influ Lari - Jejoom",engaged,not_delivering,ad,1.08108108,40,0.325,,2.64,1,1,2.64,,66,,,,0,,,,,2026-01-01,2026-05-25
"[C] [JEJOOM] [CBO]","ADS - LARISSA","[CAMPANHA AQUISIÇÃO]",engaged,inactive,ad,1.25,40,0.275,,0.71,1,,0.71,,17.75,,,,0,,,,,2026-01-01,2026-05-25
"[C] [JEJOOM] [CBO]","ADS - LARI 6","[CAMPANHA AQUISIÇÃO]",existing,inactive,ad,1.25,40,0.1,,1.46,,,,,36.5,,,,,,,,,2026-01-01,2026-05-25
"[C] [TONS] [PB DR]","AD - BOFU","[PUBLICO ENG.] [DR]",unknown,active,ad,1.02564103,40,0,,3.21964801,1,7,3.21964801,,80.49120023,,,,0,,,,,2026-01-01,2026-05-25
"[C] [JEJOOM] [CBO]","AD - INGRID 3","[CAMPANHA AQUISIÇÃO]",engaged,inactive,ad,1.29032258,40,0.375,,2.52,1,1,2.52,,63,,,,0,,,,,2026-01-01,2026-05-25
"[C] [LM - PRINCIPAL][EX. BASE] [ADV. +] [CBO]","AD - LUCIANA  TOFU","[EXCLUSÃO BASE] [ADV. +]",unknown,inactive,ad,1,39,0.35897436,,0.98929384,2,5,0.49464692,,25.36650861,,,,0,,,,,2026-01-01,2026-05-25
"[C] [LM - PRINCIPAL][EX. BASE] [ADV. +] [CBO]","AD - TOFU","[AQUISIÇÃO]  [ADV. +]",prospecting,inactive,ad,1.05405405,39,0.23076923,,1.34,,,,,34.35897436,,,,,,,,,2026-01-01,2026-05-25
"[C] [JEJOOM] [CBO]","AD - LARI 2","[CAMPANHA AQUISIÇÃO]",existing,inactive,ad,1.14705882,39,0.12820513,,0.25,,,,,6.41025641,,,,,,,,,2026-01-01,2026-05-25
"[C] [JEJOOM] [CBO]","AD - NIVER","[CAMPANHA AQUISIÇÃO]",engaged,inactive,ad,1.14705882,39,0,,1.86,,,,,47.69230769,,,,,,,,,2026-01-01,2026-05-25
"[C] [LM - TESTE] [ABO]","AD - RAIZA TOFU — Cópia","Conj - Vm",unknown,inactive,ad,1.02631579,39,0.28205128,,2.86995839,,1,,,73.58867672,"Compras no site",2.86995839,2,,1,94.04665962,"Valor de conversão da compra no site",269.91,2026-01-01,2026-05-25
"[C] [TONS] [PB DR]","AD - BOFU — Cópia","TONS TESTE",prospecting,inactive,ad,1.02702703,38,0,,0.93,1,1,0.93,,24.47368421,,,,0,,,,,2026-01-01,2026-05-25
"[C] [LM - TESTE] [ABO]","ADS2- 18-02 — Cópia","Carrossel - Lm",engaged,inactive,ad,1.15151515,38,0,,1.22,3,1,0.40666667,,32.10526316,,,,0,,,,,2026-01-01,2026-05-25
"[C] [LM - PRINCIPAL][EX. BASE] [ADV. +] [CBO]","Criativo 1 - Brenda 29/12 — Cópia","LP - 1",existing,archived,ad,1.05714286,37,0.18918919,,0.65,,,,,17.56756757,,,,,,,,,2026-01-01,2026-05-25
"[C] [LM - TESTE] [ABO]","AD - ANA ELISA MOFU","[BM] [ANA ELISA]",unknown,not_delivering,ad,1,37,0.35135135,,1.53920552,2,4,0.76960276,,41.60014924,,,,0,,,,,2026-01-01,2026-05-25
"[C] [LM - TESTE] [ABO]","AD - RMK  EVELYN 19-05 PERFIL DENA",EVELIN,prospecting,active,ad,1,37,0.24324324,,0.82,,,,,22.16216216,,,,,,,,,2026-01-01,2026-05-25
"[C] [LM - PRINCIPAL][EX. BASE] [ADV. +] [CBO]","ADS - RACHEL","[AQUISIÇÃO]  [ADV. +]",prospecting,inactive,ad,1.02777778,37,0.13513514,,0.91,,,,,24.59459459,,,,,,,,,2026-01-01,2026-05-25
"[C] [JEJOOM] [CBO]","AD - LARI 2","[CAMPANHA AQUISIÇÃO]",engaged,inactive,ad,1.48,37,0.16216216,,0.27,,,,,7.2972973,,,,,,,,,2026-01-01,2026-05-25
"[C] [LM - PRINCIPAL][EX. BASE] [ADV. +] [CBO]","AD - JADE TOFU LP LM1","[AQUISIÇÃO]  [ADV. +]",unknown,active,ad,1,37,0.10810811,,2.98042177,,2,,,80.55193975,,,1,,,,,,2026-01-01,2026-05-25
"[C] [LM - TESTE] [ABO]","ADS - INFLU ANA ELISA 2","[BM] [ANA ELISA]",existing,inactive,ad,1.19354839,37,0.18918919,,0.48,,,,,12.97297297,,,,,,,,,2026-01-01,2026-05-25
"[C] [LM - PRINCIPAL][EX. BASE] [ADV. +] [CBO]","Criativo 1 - Brenda 29/12 — Cópia","LP - 1",engaged,archived,ad,1,36,0.11111111,,0.45,1,,0.45,,12.5,,,,0,,,,,2026-01-01,2026-05-25
"[C] [LM - RMKT] [ADV. ABO]","AD - LUCIANA TOFU","[RMKT LARANJA MORO-REATIVAÇÃO BASE QUENTE]",unknown,active,ad,1,36,0.44444444,,2.11169032,1,4,2.11169032,,58.65806446,"Compras no site",2.11169032,,1,1,45.91108793,"Valor de conversão da compra no site",96.95,2026-01-01,2026-05-25
"[C] [LM - TESTE] [ABO]","ADS1 - VM","Arte Organica - VM",engaged,not_delivering,ad,1.02857143,36,0,,1.31,,,,,36.38888889,,,,,,,,,2026-01-01,2026-05-25
"[C] [LM - TESTE] [ABO]","ADS 3","Varias Influs - VM",prospecting,inactive,ad,1,36,0.33333333,,1.37,1,1,1.37,,38.05555556,,,,0,,,,,2026-01-01,2026-05-25
"[C] [LM - RMKT] [ADV. ABO]","AD - BOFU 1","[RMKT LARANJA MORO-REATIVAÇÃO BASE QUENTE]",unknown,inactive,ad,1.05882353,36,0,,2.4498736,,1,,,68.05204434,,,,,,,,,2026-01-01,2026-05-25
"[C] [LM - PRINCIPAL][EX. BASE] [ADV. +] [CBO]","ADS - TAINA 2","[AQUISIÇÃO]  [ADV. +]",existing,inactive,ad,1.06060606,35,0.31428571,,0.52,,,,,14.85714286,,,1,,,,,,2026-01-01,2026-05-25
"[C] [TONS] [PB DR]","AD1 — Cópia","[PUBLICO ENG.] [DR]",unknown,active,ad,1,35,0,,1.94089957,,1,,,55.45427357,,,,,,,,,2026-01-01,2026-05-25
"[C] [JEJOOM] [CBO]","ADS - LARI 3 24-12","[CAMPANHA AQUISIÇÃO]",prospecting,inactive,ad,1,35,0.34285714,,1.06,,,,,30.28571429,,,,,,,,,2026-01-01,2026-05-25
"[C] [LM - TESTE] [ABO]",ADS3,"Influ Morgana - Jejoom",engaged,inactive,ad,1.03030303,34,0.26470588,,2.04,3,3,0.68,,60,,,,0,,,,,2026-01-01,2026-05-25
"[C] [VARIOS PRODUTO] [ABO] [BID]","ADS3- 18-02","[DIGESTINO] [RMKT]",engaged,inactive,ad,1.0625,34,0,,1.22,,,,,35.88235294,,,,,,,,,2026-01-01,2026-05-25
"[C] [LM - TESTE] [ABO]",AD3,"Influ Ingrid - Vm",prospecting,archived,ad,1.03030303,34,0.23529412,,1.2,1,1,1.2,,35.29411765,,,,0,,,,,2026-01-01,2026-05-25
"[C] [VARIOS PRODUTO] [ABO] [BID]","AD - ORG TOFU","[VINAGRE] [RMKT]",unknown,inactive,ad,1.17241379,34,0,,6.46008104,1,1,6.46008104,,190.00238363,,,,0,,,,,2026-01-01,2026-05-25
"[C] [VARIOS PRODUTO] [ABO] [BID]","ADS 1 - MARITZA","[VINAGRE] [RMKT]",engaged,inactive,ad,1.09677419,34,0.5,,1.67,1,,1.67,,49.11764706,,,,0,,,,,2026-01-01,2026-05-25
"[C] [LM - RMKT] [ADV. ABO]","AD - BOFU — Cópia","[RMKT LARANJA MORO-REATIVAÇÃO BASE QUENTE]",engaged,inactive,ad,1.0625,34,0.08823529,,1.02,,,,,30,,,,,,,,,2026-01-01,2026-05-25
"[C] [LM - TESTE] [ABO]","ADS - DANI — Cópia","[BOFU] [ADV+ ABERTO] [ESTATICO]",unknown,not_delivering,ad,1,34,0,,1.26954825,,5,,,37.33965439,,,,,,,,,2026-01-01,2026-05-25
"[C] [LM - TESTE] [ABO]","ADS DANI 3","Conj. - Q10",prospecting,inactive,ad,1.06451613,33,0,,0.28,,,,,8.48484848,,,,,,,,,2026-01-01,2026-05-25
"[C] [VARIOS PRODUTO] [ABO] [BID]","ADS2- 18-02","[DIGESTINO] [RMKT]",prospecting,inactive,ad,1.13793103,33,0,,0.38,,,,,11.51515152,,,,,,,,,2026-01-01,2026-05-25
"[C] [LM - TESTE] [ABO]","CARROSSEL 2 - 18-02","Carrossel - Lm",prospecting,not_delivering,ad,1,32,0,,0.72,,,,,22.5,,,,,,,,,2026-01-01,2026-05-25
"[C] [VARIOS PRODUTO] [ABO] [BID]","AD - RMK",Nac,existing,not_delivering,ad,1,32,0,,0.82,,,,,25.625,,,,,,,,,2026-01-01,2026-05-25
"[C] [LM - TESTE] [ABO]","Video 1 Larissa Lemos - 13-10-2025","Influ Larissa Lemos - Lm",existing,archived,ad,1.10344828,32,0.1875,,0.84,,,,,26.25,,,,,,,,,2026-01-01,2026-05-25
"[C] [TONS] [PB DR]","AD - MOFU 6","TONS TESTE",prospecting,inactive,ad,1.06666667,32,0.28125,,0.86,1,1,0.86,,26.875,,,,0,,,,,2026-01-01,2026-05-25
"[C] [LM - TESTE] [ABO]","ADS 1","Influ Evelyn BM - Vm",prospecting,archived,ad,1,32,0.125,,0.44,1,,0.44,,13.75,,,,0,,,,,2026-01-01,2026-05-25
"[C] [TONS] [PB DR]","AD - MOFU 8","TONS TESTE",engaged,not_delivering,ad,1.14814815,31,0.32258065,,1.63,3,2,0.54333333,,52.58064516,,,,0,,,,,2026-01-01,2026-05-25
"[C] [LM - TESTE] [ABO]",AD2,"Influ Ingrid - Vm",existing,archived,ad,1.03333333,31,0.35483871,,1.75,2,1,0.875,,56.4516129,,,,0,,,,,2026-01-01,2026-05-25
"[C] [LM - TESTE] [ABO]","AD 2 DUDA — Cópia","[TESTE PB FECHADO]",engaged,inactive,ad,1.06896552,31,0.19354839,,1.08,,,,,34.83870968,,,,,,,,,2026-01-01,2026-05-25
"[C] [LM - PRINCIPAL][EX. BASE] [ADV. +] [CBO]","AD - ISA MOFU LP DANI","[AQUISIÇÃO]  [ADV. +]",unknown,inactive,ad,1,31,0.09677419,,2.34029484,,1,,,75.49338208,,,,,,,,,2026-01-01,2026-05-25
"[C] [JEJOOM] [CBO]","ARTE DANI","[CAMPANHA AQUISIÇÃO]",engaged,inactive,ad,1.11111111,30,0,,1.39,,,,,46.33333333,,,,,,,,,2026-01-01,2026-05-25
"[C] [LM - TESTE] [ABO]","ADS2 - 18-02",Jejoom,engaged,not_delivering,ad,1.07142857,30,0,,0.62,1,1,0.62,,20.66666667,,,,0,,,,,2026-01-01,2026-05-25
"[C] [LM - PRINCIPAL][EX. BASE] [ADV. +] [CBO]","ADS - ISA 2","[AQUISIÇÃO]  [ADV. +]",unknown,inactive,ad,1,30,0.23333333,,0.94000319,,,,,31.33343956,,,,,,,,,2026-01-01,2026-05-25
"[C] [TONS] [PB DR]","AD - DR URSINHO 18-05","[PUBLICO ENG.] [DR]",unknown,active,ad,1,29,0.44827586,,1.20998252,3,8,0.40332751,,41.72353517,,,,0,,,,,2026-01-01,2026-05-25
"[C] [LM - PRINCIPAL][EX. BASE] [ADV. +] [CBO]","ADS - TAINA 2","[AQUISIÇÃO]  [ADV. +]",engaged,inactive,ad,1.07407407,29,0.17241379,,0.53,,,,,18.27586207,,,,,,,,,2026-01-01,2026-05-25
"[C] [JEJOOM] [CBO]","ADS - LARI 2 24-12","[CAMPANHA AQUISIÇÃO]",existing,inactive,ad,1.03571429,29,0.10344828,,1.25,,,,,43.10344828,,,,,,,,,2026-01-01,2026-05-25
"[C] [TONS] [PB DR]",tons_dr-ursinho-melasma1-13-10-2025,"[PUBLICO ENG.] [DR]",unknown,inactive,ad,1,29,0.31034483,,2.48629188,,3,,,85.73420289,,,1,,,,,,2026-01-01,2026-05-25
"[C] [JEJOOM] [CBO]","AD - INGRID 2","[CAMPANHA AQUISIÇÃO]",engaged,inactive,ad,1.07407407,29,0.24137931,,0.7,,,,,24.13793103,,,,,,,,,2026-01-01,2026-05-25
"[C] [LM - TESTE] [ABO]","AD - DRI MOFU","[BM] [MARCELA/PRI]",engaged,inactive,ad,1.03571429,29,0.24137931,,0.67,1,1,0.67,,23.10344828,,,,0,,,,,2026-01-01,2026-05-25
"[C] [LM - TESTE] [ABO]","CARROSSEL 2 - 18-02","Carrossel - Lm",engaged,not_delivering,ad,1.11538462,29,0,,0.94,,,,,32.4137931,,,,,,,,,2026-01-01,2026-05-25
"[C] [TONS] [PB DR]","AD - SHOOTING MOFU","[PUBLICO ENG.] [DR]",unknown,active,ad,1,28,0.17857143,,2.29910468,,3,,,82.11088157,,,1,,,,,,2026-01-01,2026-05-25
"[C] [LM - TESTE] [ABO]","ADS3 - VM","Arte Organica - VM",engaged,not_delivering,ad,1,28,0,,0.53,,,,,18.92857143,,,,,,,,,2026-01-01,2026-05-25
"[C] [LM - TESTE] [ABO]","Criativo 1 - Brenda 29/12","Lm Perfil Novo",unknown,not_delivering,ad,1,28,0.28571429,,0.30000088,,7,,,10.71431729,,,,,,,,,2026-01-01,2026-05-25
"[C] [LM - TESTE] [ABO]",AD2,"Influ Mi Ruback - Vm",engaged,archived,ad,1.03846154,27,0.07407407,,0.47,1,1,0.47,,17.40740741,,,,0,,,,,2026-01-01,2026-05-25
"[C] [JEJOOM] [CBO]","AD - LARI 3","[CAMPANHA AQUISIÇÃO]",engaged,inactive,ad,1.125,27,0.22222222,,0.29,1,2,0.29,,10.74074074,,,2,0,,,,,2026-01-01,2026-05-25
"[C] [LM - TESTE] [ABO]","AD - EVELYN VM","[TESTE PB FECHADO]",engaged,inactive,ad,1.03846154,27,0.33333333,,0.89,1,,0.89,,32.96296296,,,,0,,,,,2026-01-01,2026-05-25
"[C] [VARIOS PRODUTO] [ABO] [BID]","AD9 - CARROSSEL","[VINAGRE] [RMKT]",engaged,inactive,ad,1.125,27,0,,0.72793785,,,,,26.96066123,,,,,,,,,2026-01-01,2026-05-25
"[C] [LM - TESTE] [ABO]","AD - ALESSANDRA","[TOFU] [TIK TOK] [EXCLUSAÕ BASE] [BID 60] - TESTE ATÉ 20-05",unknown,not_delivering,ad,1.03846154,27,0.25925926,,0.43739367,,1,,,16.19976559,,,,,,,,,2026-01-01,2026-05-25
"[C] [LM - TESTE] [ABO]",AD1,"[TOFU] [TIK + ORG ] [ABERTO]",unknown,inactive,ad,1.04,26,0,,1.40979351,1,3,1.40979351,,54.22282737,,,,0,,,,,2026-01-01,2026-05-25
"[C] [LM - TESTE] [ABO]","29/12 — Cópia","Influ Larissa Lemos - Lm",existing,archived,ad,1.18181818,26,0.07692308,,0.47,,,,,18.07692308,,,,,,,,,2026-01-01,2026-05-25
"[C] [LM - TESTE] [ABO]","ADS 4 - SABRINA","Influ Sabrina - Tons",existing,inactive,ad,1,26,0.34615385,,1.66,,,,,63.84615385,,,,,,,,,2026-01-01,2026-05-25
"[C] [LM - RMKT] [ADV. ABO]","AD - BOFU 3","[RMKT LARANJA MORO-REATIVAÇÃO BASE QUENTE]",unknown,not_delivering,ad,1.08333333,26,0,,3.53966055,,,,,136.14079025,,,,,,,,,2026-01-01,2026-05-25
"[C] [LM - TESTE] [ABO]","ADS3- Q10 — Cópia","Carrossel - Lm",existing,inactive,ad,1.04166667,25,0,,0.52,,,,,20.8,,,,,,,,,2026-01-01,2026-05-25
"[C] [LM - PRINCIPAL][EX. BASE] [ADV. +] [CBO]","V - EVELYN TOFU LP OLD","[EXCLUSÃO BASE] [ADV. +]",uncategorized,active,ad,0,25,0,,0.27001098,,,,,10.80043923,,,,,,,,,2026-01-01,2026-05-25
"[C] [LM - TESTE] [ABO]","ADS2- 18-02","Arte Organica - Digestino",engaged,inactive,ad,1,25,0,,1.25,,,,,50,,,,,,,,,2026-01-01,2026-05-25
"[C] [LM - TESTE] [ABO]","ADS - INFLU ANA ELISA 3","[BM] [ANA ELISA]",prospecting,inactive,ad,1,25,0.2,,0.2,,,,,8,,,,,,,,,2026-01-01,2026-05-25
"[C] [LM - PRINCIPAL][EX. BASE] [ADV. +] [CBO]","ADS - LARISSA 2","LP - 1",engaged,archived,ad,1,25,0.16,,0.82,1,,0.82,,32.8,,,,0,,,,,2026-01-01,2026-05-25
"[C] [LM - TESTE] [ABO]","ADS1 - 04-03","Carrossel - Lm",prospecting,inactive,ad,1.19047619,25,0,,0.35,1,1,0.35,,14,,,,0,,,,,2026-01-01,2026-05-25
"[C] [LM - PRINCIPAL][EX. BASE] [ADV. +] [CBO]","[0 (0,00) | 7 (806,90) | 0 (0,00)] ADS - LM","[AQUISIÇÃO]  [ADV. +]",unknown,inactive,ad,1,25,0,,0.74999588,,2,,,29.99983505,,,,,,,,,2026-01-01,2026-05-25
"[C] [LM - TESTE] [ABO]","Criativo Versão 2 - Sabrina 29/12","Influ Sabrina - LM TESTE TRAVA DE CPA",unknown,archived,ad,1,25,0.28,,1.26000657,2,1,0.63000329,,50.40026285,,,,0,,,,,2026-01-01,2026-05-25
"[C] [TONS] [PB DR]","AD - TOFU","[PUBLICO ENG.] [DR]",unknown,inactive,ad,1.04166667,25,0.04,,2.09938688,,,,,83.97547528,,,,,,,,,2026-01-01,2026-05-25
"[C] [LM - PRINCIPAL][EX. BASE] [ADV. +] [CBO]","ADS - LARISSA 2","LP - 1",existing,archived,ad,1,25,0.2,,0.53,,,,,21.2,,,,,,,,,2026-01-01,2026-05-25
"[C] [VARIOS PRODUTO] [ABO] [BID]","AD - RAIZA TOFU","[VINAGRE] [RMKT]",unknown,active,ad,1.08695652,25,0.28,,2.26008021,,2,,,90.40320826,,,,,,,,,2026-01-01,2026-05-25
"[C] [LM - PRINCIPAL][EX. BASE] [ADV. +] [CBO]","ADS - NUTRI","[AQUISIÇÃO]  [ADV. +]",existing,inactive,ad,1.09090909,24,0.25,,1,1,,1,,41.66666667,,,,0,,,,,2026-01-01,2026-05-25
"[C] [LM - TESTE] [ABO]","ADS1 - 18-02",Jejoom,engaged,not_delivering,ad,1,24,0,,0.6,,,,,25,,,,,,,,,2026-01-01,2026-05-25
"[C] [LM - TESTE] [ABO]","ADS - INFLU ANA ELISA 2","[BM] [ANA ELISA]",prospecting,inactive,ad,1.09090909,24,0.20833333,,0.7,,,,,29.16666667,,,,,,,,,2026-01-01,2026-05-25
"[C] [VARIOS PRODUTO] [ABO] [BID]","ADS2- 18-02","[DIGESTINO] [RMKT]",engaged,inactive,ad,1.04347826,24,0,,0.76,,,,,31.66666667,,,,,,,,,2026-01-01,2026-05-25
"[C] [LM - TESTE] [ABO]","ADS 2","Influ Leka - LM TESTE TRAVA DE CPA",prospecting,archived,ad,1.04347826,24,0.16666667,,0.26,,,,,10.83333333,,,,,,,,,2026-01-01,2026-05-25
"[C] [LM - RMKT] [ADV. ABO]","AD - ISA MOFU","[RMKT LARANJA MORO-REATIVAÇÃO BASE QUENTE]",unknown,inactive,ad,1,24,0.08333333,,3.93001117,,,,,163.75046557,,,,,,,,,2026-01-01,2026-05-25
"[C] [LM - PRINCIPAL][EX. BASE] [ADV. +] [CBO]","ADS - SABRINA 2","LP - 1",prospecting,archived,ad,1,23,0.2173913,,0.38,,,,,16.52173913,,,,,,,,,2026-01-01,2026-05-25
"[C] [JEJOOM] [CBO]","AD - TOFU LARISSA",[RMK],uncategorized,active,ad,0,23,0,,0.27998016,,,,,12.17305049,,,,,,,,,2026-01-01,2026-05-25
"[C] [LM - TESTE] [ABO]","ADS 2 — Cópia","Influ Isadora N. - Lm",engaged,archived,ad,1.04545455,23,0,,0.39,,,,,16.95652174,,,,,,,,,2026-01-01,2026-05-25
"[C] [LM - TESTE] [ABO]","ADS 4 - SABRINA","Influ Sabrina - Tons",engaged,inactive,ad,1,23,0.2173913,,1.46,,,,,63.47826087,,,,,,,,,2026-01-01,2026-05-25
"[C] [LM - PRINCIPAL][EX. BASE] [ADV. +] [CBO]","ADS -  ANA ELISA 1","LP - ATUAL",existing,archived,ad,1,22,0.04545455,,0.41,,,,,18.63636364,,,,,,,,,2026-01-01,2026-05-25
"[C] [VARIOS PRODUTO] [ABO] [BID]","AD - TOFU","[VINAGRE] [RMKT]",unknown,inactive,ad,1,22,0.27272727,,2.81003446,2,2,1.40501723,,127.72883903,,,,0,,,,,2026-01-01,2026-05-25
"[C] [JEJOOM] [CBO]","ADS - LARI 3 24-12","[CAMPANHA AQUISIÇÃO]",existing,inactive,ad,1,22,0.22727273,,0.54,,,,,24.54545455,,,,,,,,,2026-01-01,2026-05-25
"[C] [LM - PRINCIPAL][EX. BASE] [ADV. +] [CBO]","AD - FERNANDA TOFU","[AQUISIÇÃO]  [ADV. +]",existing,inactive,ad,1.04761905,22,0.09090909,,0.36,1,,0.36,,16.36363636,,,,0,,,,,2026-01-01,2026-05-25
"[C] [LM - PRINCIPAL][EX. BASE] [ADV. +] [CBO]","ADS - LARISSA 2","LP - ATUAL",engaged,archived,ad,1,22,0.13636364,,0.38,,,,,17.27272727,,,,,,,,,2026-01-01,2026-05-25
"[C] [TONS] [PB DR]","AD - BOFU — Cópia","[PUBLICO ENG.] [DR]",unknown,active,ad,1,22,0,,2.75955766,1,1,2.75955766,,125.43443895,,,1,0,,,,,2026-01-01,2026-05-25
"[C] [LM - PRINCIPAL][EX. BASE] [ADV. +] [CBO]","ADS - RAIZA 3","[AQUISIÇÃO]  [ADV. +]",unknown,inactive,ad,1,22,0.27272727,,1.61005647,,3,,,73.18438478,,,,,,,,,2026-01-01,2026-05-25
"[C] [JEJOOM] [CBO]","ARTE 2","[CAMPANHA AQUISIÇÃO]",existing,inactive,ad,1.15789474,22,0,,0.37,,,,,16.81818182,,,,,,,,,2026-01-01,2026-05-25
"[C] [JEJOOM] [CBO]","ADS - LARISSA","[CAMPANHA AQUISIÇÃO]",prospecting,inactive,ad,1.04761905,22,0.09090909,,0.61,,,,,27.72727273,,,,,,,,,2026-01-01,2026-05-25
"[C] [LM - TESTE] [ABO]",ADS,"Lm Perfil Novo",unknown,inactive,ad,1,22,0.63636364,,0.60940667,6,8,0.10156778,,27.70030305,,,,0,,,,,2026-01-01,2026-05-25
"[C] [LM - TESTE] [ABO]",AD1,"Influ Mi Ruback - Vm",engaged,archived,ad,1.23529412,21,0.04761905,,0.29,,,,,13.80952381,,,,,,,,,2026-01-01,2026-05-25
"[C] [LM - TESTE] [ABO]","AD - RMK  EVELYN 19-05 PERFIL DENA",EVELIN,engaged,active,ad,1,21,0.47619048,,0.33,,,,,15.71428571,,,,,,,,,2026-01-01,2026-05-25
"[C] [VARIOS PRODUTO] [ABO] [BID]","AD - RMK 3",Nac,existing,not_delivering,ad,1,21,0,,0.64,1,1,0.64,,30.47619048,,,,0,,,,,2026-01-01,2026-05-25
"[C] [LM - RMKT] [ADV. ABO]","laranja-moro_mi-ruback_02-07-2025_junto-com-cafe — Cópia","[RMKT LARANJA MORO-REATIVAÇÃO BASE QUENTE]",unknown,inactive,ad,1,21,0.23809524,,1.69006201,1,1,1.69006201,,80.47914322,,,,0,,,,,2026-01-01,2026-05-25
"[C] [TONS] [PB DR]","AD - MOFU 6","TONS TESTE",engaged,inactive,ad,1.10526316,21,0.14285714,,0.71,1,1,0.71,,33.80952381,,,,0,,,,,2026-01-01,2026-05-25
"[C] [JEJOOM] [CBO]","ARTE 2","[CAMPANHA AQUISIÇÃO]",prospecting,inactive,ad,1.23529412,21,0,,0.22,,,,,10.47619048,,,,,,,,,2026-01-01,2026-05-25
"[C] [LM - TESTE] [ABO]","ADS1 - 04-03","Carrossel - Lm",engaged,inactive,ad,1.5,21,0,,0.48,1,1,0.48,,22.85714286,,,,0,,,,,2026-01-01,2026-05-25
"[C] [LM - RMKT] [ADV. ABO]","AD - EVELYN","[RMKT LARANJA MORO-REATIVAÇÃO BASE QUENTE]",unknown,not_delivering,ad,1,21,0,,1.3300128,,,,,63.33394275,,,,,,,,,2026-01-01,2026-05-25
"[C] [LM - RMKT] [ADV. ABO]","AD - RMKT — Cópia — Cópia","[RMKT LARANJA MORO-REATIVAÇÃO BASE QUENTE]",engaged,inactive,ad,1,21,0,,0.57,,,,,27.14285714,,,,,,,,,2026-01-01,2026-05-25
"[C] [VARIOS PRODUTO] [ABO] [BID]","AD2 — Cópia","[VINAGRE] [RMKT]",engaged,inactive,ad,1.16666667,21,0,,0.45,,,,,21.42857143,,,,,,,,,2026-01-01,2026-05-25
"[C] [JEJOOM] [CBO]","AD2 - ORGANICO","[CAMPANHA AQUISIÇÃO]",unknown,inactive,ad,1.05,21,0,,1.92003873,,2,,,91.43041561,,,,,,,,,2026-01-01,2026-05-25
"[C] [LM - PRINCIPAL][EX. BASE] [ADV. +] [CBO]","ADS - SABRINA 2","LP - ATUAL",prospecting,archived,ad,1,20,0.1,,0.2,1,,0.2,,10,,,,0,,,,,2026-01-01,2026-05-25
"[C] [JEJOOM] [CBO]","AD - INGRID 2","[CAMPANHA AQUISIÇÃO]",prospecting,inactive,ad,1.11111111,20,0.2,,0.34,,,,,17,,,,,,,,,2026-01-01,2026-05-25
"[C] [LM - PRINCIPAL][EX. BASE] [ADV. +] [CBO]","AD - FERNANDA TOFU","[AQUISIÇÃO]  [ADV. +]",engaged,inactive,ad,1,20,0.45,,0.4,,,,,20,,,,,,,,,2026-01-01,2026-05-25
"[C] [LM - PRINCIPAL][EX. BASE] [ADV. +] [CBO]","ADS 4","[EXCLUSÃO BASE] [ADV. +]",unknown,inactive,ad,1.11111111,20,0.25,,0.56959048,2,,0.28479524,,28.47952393,,,,0,,,,,2026-01-01,2026-05-25
"[C] [JEJOOM] [CBO]","ARTE 2 MES CLIENTE","[CAMPANHA AQUISIÇÃO]",prospecting,inactive,ad,1,20,0,,0.49,,,,,24.5,,,,,,,,,2026-01-01,2026-05-25
"[C] [LM - TESTE] [ABO]","Video 1 Larissa Lemos - 13-10-2025","Influ Larissa Lemos - Lm",engaged,archived,ad,1.05263158,20,0.2,,0.28,,,,,14,,,,,,,,,2026-01-01,2026-05-25
"[C] [LM - TESTE] [ABO]","ADS 2","Conj - Vm",unknown,inactive,ad,1,19,0,,1.61002554,1,1,1.61002554,,84.73818644,,,,0,,,,,2026-01-01,2026-05-25
"[C] [LM - TESTE] [ABO]","AD - JADE MOFU 3","[BM JADE]",unknown,inactive,ad,1.05555556,19,0.15789474,,0.72807532,1,2,0.72807532,,38.31975368,,,,0,,,,,2026-01-01,2026-05-25
"[C] [LM - TESTE] [ABO]","ADS3 - VM","Arte Organica - VM",prospecting,not_delivering,ad,1,19,0,,0.37,,,,,19.47368421,,,,,,,,,2026-01-01,2026-05-25
"[C] [LM - RMKT] [ADV. ABO]","AD3 — Cópia","[RMKT LARANJA MORO-REATIVAÇÃO BASE QUENTE]",unknown,inactive,ad,1.11764706,19,0,,2.62798995,,,,,138.31526071,,,1,,,,,,2026-01-01,2026-05-25
"[C] [LM - TESTE] [ABO]",AD3,"Influ Ingrid - Vm",existing,archived,ad,1,19,0.31578947,,0.67,,,,,35.26315789,,,,,,,,,2026-01-01,2026-05-25
"[C] [JEJOOM] [CBO]","AD - LARISSA TOFU","[CAMPANHA AQUISIÇÃO]",unknown,active,ad,1.05555556,19,0.31578947,,0.86002074,1,2,0.86002074,,45.26424972,,,,0,,,,,2026-01-01,2026-05-25
"[C] [LM - TESTE] [ABO]","ADS 1","Influ Evelyn - Vm 2",engaged,inactive,ad,1.11764706,19,0.15789474,,0.67,,,,,35.26315789,,,,,,,,,2026-01-01,2026-05-25
"[C] [LM - PRINCIPAL][EX. BASE] [ADV. +] [CBO]","AD - MOFU teste ate 08-05 — Cópia — Cópia","[AQUISIÇÃO]  [ADV. +]",unknown,inactive,ad,1,19,0.52631579,,1.57989505,,,,,83.15237104,,,,,,,,,2026-01-01,2026-05-25
"[C] [JEJOOM] [CBO]","AD - INGRID 3","[CAMPANHA AQUISIÇÃO]",prospecting,inactive,ad,1.05555556,19,0.21052632,,1.01,,,,,53.15789474,,,,,,,,,2026-01-01,2026-05-25
"[C] [LM - TESTE] [ABO]","ADS 3","Varias Influs - VM",engaged,inactive,ad,1,18,0.38888889,,0.51,,,,,28.33333333,,,,,,,,,2026-01-01,2026-05-25
"[C] [LM - TESTE] [ABO]","AD - EVELYN VM","[TESTE PB FECHADO]",existing,inactive,ad,1,18,0.5,,0.38,,,,,21.11111111,,,,,,,,,2026-01-01,2026-05-25
"[C] [LM - TESTE] [ABO]","AD - EVELYN TOFU","[TESTE PB FECHADO]",existing,active,ad,1,18,0.27777778,,1.02,2,,0.51,,56.66666667,,,,0,,,,,2026-01-01,2026-05-25
"[C] [LM - PRINCIPAL][EX. BASE] [ADV. +] [CBO]","ADS - NUTRI","[AQUISIÇÃO]  [ADV. +]",prospecting,inactive,ad,1.05882353,18,0.27777778,,0.92,,,,,51.11111111,,,,,,,,,2026-01-01,2026-05-25
"[C] [TONS] [PB DR]","AD - TOFU 1","TONS TESTE",existing,inactive,ad,1.2,18,0.16666667,,1.6,,,,,88.88888889,,,,,,,,,2026-01-01,2026-05-25
"[C] [JEJOOM] [CBO]","AD - MORGANA TOFU",[RMK],unknown,active,ad,1.05882353,18,0.05555556,,1.50016511,,,,,83.34250596,,,,,,,,,2026-01-01,2026-05-25
"[C] [VARIOS PRODUTO] [ABO] [BID]","AD13 - SABRINA","[VINAGRE] [RMKT]",prospecting,inactive,ad,1,18,0.27777778,,0.55,,,,,30.55555556,,,,,,,,,2026-01-01,2026-05-25
"[C] [TONS] [PB DR]","AD - TOFU 1","TONS TESTE",engaged,inactive,ad,1.125,18,0.22222222,,1.23,1,,1.23,,68.33333333,,,,0,,,,,2026-01-01,2026-05-25
"[C] [LM - TESTE] [ABO]","ADS - INFLU ANA ELISA 2","[BM] [ANA ELISA]",engaged,inactive,ad,1,18,0.22222222,,0.19,,,,,10.55555556,,,,,,,,,2026-01-01,2026-05-25
"[C] [JEJOOM] [CBO]","AD - LARI 2","[CAMPANHA AQUISIÇÃO]",prospecting,inactive,ad,1.125,18,0.05555556,,0.06,,,,,3.33333333,,,,,,,,,2026-01-01,2026-05-25
"[C] [LM - PRINCIPAL][EX. BASE] [ADV. +] [CBO]","[2] 29/12 — Cópia","LP - 2",existing,archived,ad,1,17,0.05882353,,0.2,,,,,11.76470588,,,,,,,,,2026-01-01,2026-05-25
"[C] [TONS] [PB DR]","AD - TOFU 1","TONS TESTE",prospecting,inactive,ad,1.0625,17,0.52941176,,0.94,,,,,55.29411765,,,,,,,,,2026-01-01,2026-05-25
"[C] [VARIOS PRODUTO] [ABO] [BID]","AD - ALESSANDRA KIT — Cópia","[VINAGRE] [RMKT]",existing,inactive,ad,1,17,0.35294118,,1.04,,,,,61.17647059,,,,,,,,,2026-01-01,2026-05-25
"[C] [TONS] [PB DR]","AD - BOFU","[PUBLICO ENG.] [DR]",unknown,active,ad,1,17,0,,1.22973614,2,4,0.61486807,,72.33741995,,,1,0,,,,,2026-01-01,2026-05-25
"[C] [VARIOS PRODUTO] [ABO] [BID]","AD - RMKT","[VINAGRE] [RMKT]",existing,inactive,ad,1.0625,17,0,,0.59,1,1,0.59,,34.70588235,,,3,0,,,,,2026-01-01,2026-05-25
"[C] [LM - TESTE] [ABO]",ADS10,"Influ Sabrina - Vm [Teste até 13-03]",prospecting,archived,ad,1.13333333,17,0.23529412,,1.53,1,,1.53,,90,,,,0,,,,,2026-01-01,2026-05-25
"[C] [LM - TESTE] [ABO]","ADS 1","Conj - Vm",unknown,not_delivering,ad,1,17,0.47058824,,0.58998802,1,2,0.58998802,,34.7051776,"Compras no site",0.58998802,1,1,1,883.18742582,"Valor de conversão da compra no site",521.07,2026-01-01,2026-05-25
"[C] [TONS] [PB DR]","tons_sabrina_video-reels_23-09-2025 — Cópia","[PUBLICO ABERTO]",unknown,inactive,ad,1,17,0.29411765,,1.48010875,1,1,1.48010875,,87.06522083,,,,0,,,,,2026-01-01,2026-05-25
"[C] [LM - TESTE] [ABO]","ADS 4 — Cópia","teste aquisição ate dia 15  - Lm",unknown,not_delivering,ad,1,17,0.23529412,,0.39998545,,,,,23.52855601,,,,,,,,,2026-01-01,2026-05-25
"[C] [LM - TESTE] [ABO]","AD - PRI TOFU","[BM] [MARCELA/PRI]",unknown,not_delivering,ad,1.21428571,17,0.23529412,,0.80993858,,2,,,47.64344591,,,1,,,,,,2026-01-01,2026-05-25
"[C] [LM - TESTE] [ABO]","AD - MOFU ate 14-05","[TOFU] [TIK TOK] [EXCLUSAÕ BASE] [BID 60] - TESTE ATÉ 20-05",unknown,not_delivering,ad,1,17,0.23529412,,0.21991592,,,,,12.93623064,,,,,,,,,2026-01-01,2026-05-25
"[C] [TONS] [PB DR]","AD - TOFU 5","TONS TESTE",engaged,inactive,ad,1.41666667,17,0.41176471,,0.32,,,,,18.82352941,,,,,,,,,2026-01-01,2026-05-25
"[C] [TONS] [PB DR]","AD - TOFU 5","TONS TESTE",prospecting,inactive,ad,1.0625,17,0.17647059,,0.48,1,1,0.48,,28.23529412,,,,0,,,,,2026-01-01,2026-05-25
"[C] [LM - PRINCIPAL][EX. BASE] [ADV. +] [CBO]","ADS - LARISSA 2","LP - ATUAL",existing,archived,ad,1,17,0.05882353,,0.29,,,,,17.05882353,,,,,,,,,2026-01-01,2026-05-25
"[C] [JEJOOM] [CBO]","AD - LARI 3","[CAMPANHA AQUISIÇÃO]",existing,inactive,ad,1,16,0.1875,,0.3,1,,0.3,,18.75,,,,0,,,,,2026-01-01,2026-05-25
"[C] [TONS] [PB DR]","AD - TOFU","[PUBLICO ENG.] [DR]",unknown,inactive,ad,1,16,0.25,,1.26999176,2,2,0.63499588,,79.37448514,,,1,0,,,,,2026-01-01,2026-05-25
"[C] [LM - TESTE] [ABO]","AD - RMK ANA ELISA NIVER 3","[BM] [ANA ELISA]",unknown,not_delivering,ad,1,16,0.0625,,2.88966498,,2,,,180.60406155,,,,,,,,,2026-01-01,2026-05-25
"[C] [LM - PRINCIPAL][EX. BASE] [ADV. +] [CBO]","ADS - LARISSA MES CLIENTE","[AQUISIÇÃO]  [ADV. +]",unknown,active,ad,1.06666667,16,0.375,,1.08010395,,2,,,67.50649685,,,1,,,,,,2026-01-01,2026-05-25
"[C] [LM - TESTE] [ABO]","ADS - INFLU ANA ELISA 3","[BM] [ANA ELISA]",existing,inactive,ad,1,16,0,,0.27,,,,,16.875,,,,,,,,,2026-01-01,2026-05-25
"[C] [LM - PRINCIPAL][EX. BASE] [ADV. +] [CBO]","ADS -  ANA ELISA 1","LP - ATUAL",engaged,archived,ad,1,16,0.25,,0.33,,,,,20.625,,,,,,,,,2026-01-01,2026-05-25
"[C] [LM - TESTE] [ABO]","AD - JADE TOFU — Cópia","[BM JADE]",unknown,not_delivering,ad,1,16,0.75,,0.19999772,1,2,0.19999772,,12.49985727,,,,0,,,,,2026-01-01,2026-05-25
"[C] [LM - TESTE] [ABO]","AD -  EVELYN",EVELIN,engaged,inactive,ad,1.14285714,16,0.1875,,0.29,,,,,18.125,,,,,,,,,2026-01-01,2026-05-25
"[C] [JEJOOM] [CBO]","ARTE DANI 2","[CAMPANHA AQUISIÇÃO]",engaged,inactive,ad,1.14285714,16,0,,0.37,,,,,23.125,,,,,,,,,2026-01-01,2026-05-25
"[C] [LM - TESTE] [ABO]",ADS10,"Influ Sabrina - Vm [Teste até 13-03]",existing,archived,ad,1.06666667,16,0.1875,,1.58,,,,,98.75,,,,,,,,,2026-01-01,2026-05-25
"[C] [LM - TESTE] [ABO]","AD - EVELYN VM","[TESTE PB FECHADO]",prospecting,inactive,ad,1.07142857,15,0.33333333,,0.27,,,,,18,,,,,,,,,2026-01-01,2026-05-25
"[C] [TONS] [PB DR]",AD10,"[PUBLICO ENG.] [DR]",unknown,inactive,ad,1.07142857,15,0.53333333,,1.5399777,1,6,1.5399777,,102.66518027,,,,0,,,,,2026-01-01,2026-05-25
"[C] [LM - TESTE] [ABO]","AD - EVELYN TOFU","[TESTE PB FECHADO]",engaged,active,ad,1.07142857,15,0.26666667,,0.32,,,,,21.33333333,,,,,,,,,2026-01-01,2026-05-25
"[C] [LM - TESTE] [ABO]",AD2,"Influ Ingrid - Vm",engaged,archived,ad,1,15,0.2,,0.37,,,,,24.66666667,,,,,,,,,2026-01-01,2026-05-25
"[C] [JEJOOM] [CBO]","ARTE 2 MES CLIENTE","[CAMPANHA AQUISIÇÃO]",existing,inactive,ad,1.07142857,15,0,,0.19,,,,,12.66666667,,,,,,,,,2026-01-01,2026-05-25
"[C] [TONS] [PB DR]",tons_dr-ursinho-melasma4-13-10-2025,"[PUBLICO ENG.] [DR]",unknown,inactive,ad,1,15,0.26666667,,1.96957155,1,3,1.96957155,,131.30477005,"Compras no site",1.96957155,1,1,1,52.56473163,"Valor de conversão da compra no site",103.53,2026-01-01,2026-05-25
"[C] [LM - TESTE] [ABO]","AD 1 DAI — Cópia","[TESTE PB FECHADO]",existing,inactive,ad,1.07142857,15,0.2,,0.44,,,,,29.33333333,,,,,,,,,2026-01-01,2026-05-25
"[C] [JEJOOM] [CBO]","ADS - LARI 6","[CAMPANHA AQUISIÇÃO]",engaged,inactive,ad,1,15,0.06666667,,0.41,,,,,27.33333333,,,,,,,,,2026-01-01,2026-05-25
"[C] [TONS] [PB DR]","ADS 3 - MES DO CLIENTE — Cópia","[PUBLICO ENG.] [DR]",unknown,inactive,ad,1.15384615,15,0,,1.23993559,,1,,,82.66237237,,,,,,,,,2026-01-01,2026-05-25
"[C] [LM - PRINCIPAL][EX. BASE] [ADV. +] [CBO]","AD - LUCIANA MOFU 2","[EXCLUSÃO BASE] [ADV. +]",unknown,inactive,ad,1,15,0.46666667,,0.4097725,,4,,,27.31816663,,,,,,,,,2026-01-01,2026-05-25
"[C] [LM - TESTE] [ABO]","AD - MOFU ate 14-05","[TOFU] [TIK TOK] [EXCLUSAÕ BASE] [BID 60] - TESTE ATÉ 20-05",unknown,not_delivering,ad,1,15,0.6,,0.15000083,1,,0.15000083,,10.0000554,,,,0,,,,,2026-01-01,2026-05-25
"[C] [LM - TESTE] [ABO]","ADS  - EVELYN VM","[TESTE PB FECHADO]",engaged,inactive,ad,1,14,0.5,,0.68,,,,,48.57142857,,,,,,,,,2026-01-01,2026-05-25
"[C] [LM - RMKT] [ADV. ABO]","ADS 3 — Cópia","[RMKT LARANJA MORO-REATIVAÇÃO BASE QUENTE]",unknown,not_delivering,ad,1,14,0.57142857,,1.41999548,,,,,101.42824835,,,,,,,,,2026-01-01,2026-05-25
"[C] [LM - TESTE] [ABO]",ADS10,"Influ Sabrina - Vm [Teste até 13-03]",engaged,archived,ad,1,14,0.35714286,,0.74,,,,,52.85714286,,,,,,,,,2026-01-01,2026-05-25
"[C] [LM - TESTE] [ABO]","ADS 3 - NOVO VM","Evelyn Regly BM - LM",existing,not_delivering,ad,1.16666667,14,0.42857143,,0.35,1,1,0.35,,25,,,,0,,,,,2026-01-01,2026-05-25
"[C] [LM - TESTE] [ABO]","ADS - TOFU — Cópia","teste aquisição ate dia 15  - Lm",unknown,not_delivering,ad,1.07692308,14,0.14285714,,1.28947454,,,,,92.10532441,,,,,,,,,2026-01-01,2026-05-25
"[C] [LM - PRINCIPAL][EX. BASE] [ADV. +] [CBO]","Rmkt Dani 2 — Cópia","LP - TOPO LM",existing,archived,ad,1.27272727,14,0,,0.43,,,,,30.71428571,,,,,,,,,2026-01-01,2026-05-25
"[C] [TONS] [PB DR]","AD1 - VERAO — Cópia","[PUBLICO ENG.] [DR]",unknown,inactive,ad,1,14,0,,1.56972606,,4,,,112.12329018,,,,,,,,,2026-01-01,2026-05-25
"[C] [TONS] [PB DR]","AD - BOFU — Cópia","TONS TESTE",existing,inactive,ad,1,14,0,,0.35,,,,,25,,,,,,,,,2026-01-01,2026-05-25
"[C] [LM - RMKT] [ADV. ABO]","AD - RMKT","[RMKT LARANJA MORO-REATIVAÇÃO BASE QUENTE]",unknown,inactive,ad,1,14,0,,0.81996493,1,5,0.81996493,,58.56892347,,,,0,,,,,2026-01-01,2026-05-25
"[C] [LM - TESTE] [ABO]","ADS 2","Conj. - Q10",existing,inactive,ad,1.07692308,14,0,,0.19,,,,,13.57142857,,,,,,,,,2026-01-01,2026-05-25
"[C] [LM - TESTE] [ABO]","AD - MOFU teste ate 08-05","[TOFU] [TIK TOK] [EXCLUSAÕ BASE] [BID 60] - TESTE ATÉ 20-05",unknown,inactive,ad,1,13,0.30769231,,0.05999838,,1,,,4.6152599,,,,,,,,,2026-01-01,2026-05-25
"[C] [LM - RMKT] [ADV. ABO]","ADS - JESSICA","[RMKT LARANJA MORO-REATIVAÇÃO BASE QUENTE]",unknown,inactive,ad,1.08333333,13,0.30769231,,0.75001892,,,,,57.6937631,,,,,,,,,2026-01-01,2026-05-25
"[C] [TONS] [PB DR]","AD - RMKT","[PUBLICO ENG.] [DR]",unknown,inactive,ad,1,13,0,,1.20001936,,9,,,92.30918135,,,1,,,,,,2026-01-01,2026-05-25
"[C] [LM - RMKT] [ADV. ABO]","AD - EVELYN","[RMKT LARANJA MORO-REATIVAÇÃO BASE QUENTE]",unknown,inactive,ad,1,13,0,,2.6899248,,2,,,206.9172921,,,,,,,,,2026-01-01,2026-05-25
"[C] [LM - TESTE] [ABO]","ADS DANI 2","Conj. - Q10",engaged,not_delivering,ad,1.08333333,13,0,,0.42,,,,,32.30769231,,,,,,,,,2026-01-01,2026-05-25
"[C] [LM - TESTE] [ABO]","ADS3 - 18-02",Jejoom,engaged,not_delivering,ad,1,13,0,,0.32,,,,,24.61538462,,,,,,,,,2026-01-01,2026-05-25
"[C] [LM - PRINCIPAL][EX. BASE] [ADV. +] [CBO]","ADS - INFLU ANA ELISA 3","[EXCLUSÃO BASE] [ADV. +]",existing,inactive,ad,1.18181818,13,0.38461538,,1.35,,,,,103.84615385,,,,,,,,,2026-01-01,2026-05-25
"[C] [JEJOOM] [CBO]","ADS - LARI 2 24-12","[CAMPANHA AQUISIÇÃO]",engaged,inactive,ad,1,13,0.23076923,,0.22,,,,,16.92307692,,,,,,,,,2026-01-01,2026-05-25
"[C] [LM - TESTE] [ABO]","ADS3- Q10 — Cópia","Carrossel - Lm",prospecting,inactive,ad,1,13,0,,0.35,,,,,26.92307692,,,,,,,,,2026-01-01,2026-05-25
"[C] [LM - RMKT] [ADV. ABO]","ADS1 - EVELYN","[RMKT LARANJA MORO-REATIVAÇÃO BASE QUENTE]",unknown,inactive,ad,1.18181818,13,0.38461538,,1.29002391,,4,,,99.23260849,,,,,,,,,2026-01-01,2026-05-25
"[C] [LM - RMKT] [ADV. ABO]","AD - RMKT DANI — Cópia","[RMKT LARANJA MORO-REATIVAÇÃO BASE QUENTE]",prospecting,inactive,ad,1,13,0.23076923,,0.69,,,,,53.07692308,,,,,,,,,2026-01-01,2026-05-25
"[C] [LM - TESTE] [ABO]","ADS1 - TIPO 2 04-03","Carrossel - Lm",prospecting,inactive,ad,1.18181818,13,0,,0.29,,,,,22.30769231,,,,,,,,,2026-01-01,2026-05-25
"[C] [LM - PRINCIPAL][EX. BASE] [ADV. +] [CBO]","AD - EVELYN TOFU","[AQUISIÇÃO]  [ADV. +]",unknown,inactive,ad,1,13,0.46153846,,0.42999398,,5,,,33.07646012,,,,,,,,,2026-01-01,2026-05-25
"[C] [LM - TESTE] [ABO]","AD - MOFU ate 14-05 — Cópia","[TOFU] [TIK + ORG ] [ABERTO]",unknown,inactive,ad,1,12,0.33333333,,0.09999875,1,,0.09999875,,8.33322905,,,,0,,,,,2026-01-01,2026-05-25
"[C] [LM - RMKT] [ADV. ABO]","ADS 1","[RMKT LARANJA MORO-REATIVAÇÃO BASE QUENTE]",unknown,not_delivering,ad,1,12,0.16666667,,1.34011646,,,,,111.67637133,,,,,,,,,2026-01-01,2026-05-25
"[C] [LM - TESTE] [ABO]","AD - EVELYN VM",EVELIN,prospecting,inactive,ad,1,12,0.16666667,,0.08,,,,,6.66666667,,,,,,,,,2026-01-01,2026-05-25
"[C] [LM - PRINCIPAL][EX. BASE] [ADV. +] [CBO]","ADS - SABRINA 2","LP - 2",existing,archived,ad,1,12,0.33333333,,0.43,,,,,35.83333333,,,2,,,,,,2026-01-01,2026-05-25
"[C] [LM - TESTE] [ABO]","AD - MOFU teste ate 08-05","[TOFU] [TIK TOK] [EXCLUSAÕ BASE] [BID 60] - TESTE ATÉ 20-05",unknown,inactive,ad,1,12,0.08333333,,0.05999931,,,,,4.99994212,,,,,,,,,2026-01-01,2026-05-25
"[C] [JEJOOM] [CBO]","ARTE 2","[CAMPANHA AQUISIÇÃO]",engaged,inactive,ad,1.09090909,12,0,,0.4,,,,,33.33333333,,,,,,,,,2026-01-01,2026-05-25
"[C] [VARIOS PRODUTO] [ABO] [BID]",AD7,"[VINAGRE] [RMKT]",unknown,inactive,ad,1,12,0,,0.6399881,2,4,0.31999405,,53.33234207,,,,0,,,,,2026-01-01,2026-05-25
"[C] [LM - TESTE] [ABO]","ADS 3","teste publico novo - bid",unknown,not_delivering,ad,1,12,0.41666667,,1.04004029,1,1,1.04004029,,86.67002448,,,,0,,,,,2026-01-01,2026-05-25
"[C] [LM - TESTE] [ABO]",AD3,"Influ Ingrid - Vm",engaged,archived,ad,1,12,0.25,,0.14,,,,,11.66666667,,,,,,,,,2026-01-01,2026-05-25
"[C] [LM - PRINCIPAL][EX. BASE] [ADV. +] [CBO]","[2] 29/12 — Cópia","LP - 2",engaged,archived,ad,1,12,0.16666667,,0.1,,,,,8.33333333,,,,,,,,,2026-01-01,2026-05-25
"[C] [LM - RMKT] [ADV. ABO]","AD - RMKT DANI — Cópia","[RMKT LARANJA MORO-REATIVAÇÃO BASE QUENTE]",existing,inactive,ad,1,12,0,,0.49,,,,,40.83333333,,,,,,,,,2026-01-01,2026-05-25
"[C] [LM - PRINCIPAL][EX. BASE] [ADV. +] [CBO]","AD - TOFU","[AQUISIÇÃO]  [ADV. +]",engaged,inactive,ad,1,12,0.16666667,,0.33,,,,,27.5,,,,,,,,,2026-01-01,2026-05-25
"[C] [LM - PRINCIPAL][EX. BASE] [ADV. +] [CBO]","ADS - NUTRI","[AQUISIÇÃO]  [ADV. +]",engaged,inactive,ad,1.09090909,12,0.25,,0.36,1,1,0.36,,30,,,,0,,,,,2026-01-01,2026-05-25
"[C] [LM - PRINCIPAL][EX. BASE] [ADV. +] [CBO]","ADS - ANA ELISA 2","[AQUISIÇÃO]  [ADV. +]",unknown,inactive,ad,1,12,0.25,,0.81999004,,,,,68.33250334,,,,,,,,,2026-01-01,2026-05-25
"[C] [JEJOOM] [CBO]","AD - RMKT",[RMK],unknown,active,ad,1,11,0,,0.6299899,,,,,57.27180932,,,,,,,,,2026-01-01,2026-05-25
"[C] [LM - PRINCIPAL][EX. BASE] [ADV. +] [CBO]","ADS - INFLU ANA ELISA 3","[EXCLUSÃO BASE] [ADV. +]",engaged,inactive,ad,1,11,0.36363636,,0.13,,,,,11.81818182,,,,,,,,,2026-01-01,2026-05-25
"[C] [TONS] [PB DR]","AD - MOFU 7","TONS TESTE",prospecting,inactive,ad,1,11,0.18181818,,0.45,,,,,40.90909091,,,,,,,,,2026-01-01,2026-05-25
"[C] [VARIOS PRODUTO] [ABO] [BID]","AD11 - EVELYN","[VINAGRE] [RMKT]",unknown,inactive,ad,1.1,11,0.45454545,,0.36996178,,1,,,33.63288952,,,,,,,,,2026-01-01,2026-05-25
"[C] [TONS] [PB DR]","AD- NIVER 2","TONS TESTE",unknown,inactive,ad,1,11,0,,1.90991465,1,3,1.90991465,,173.62860443,,,,0,,,,,2026-01-01,2026-05-25
"[C] [LM - TESTE] [ABO]","ADS1 - Q10","Conj. - Q10",unknown,inactive,ad,1,11,0,,0.26999586,,,,,24.54507799,,,,,,,,,2026-01-01,2026-05-25
"[C] [LM - PRINCIPAL][EX. BASE] [ADV. +] [CBO]","ADS - INFLU ANA ELISA","[EXCLUSÃO BASE] [ADV. +]",prospecting,inactive,ad,1.1,11,0.54545455,,1.34,,,,,121.81818182,,,,,,,,,2026-01-01,2026-05-25
"[C] [LM - TESTE] [ABO]","AD -  EVELYN",EVELIN,prospecting,inactive,ad,1.1,11,0.09090909,,0.07,,,,,6.36363636,,,,,,,,,2026-01-01,2026-05-25
"[C] [JEJOOM] [CBO]","ARTE 2 MES CLIENTE","[CAMPANHA AQUISIÇÃO]",engaged,inactive,ad,1,11,0,,0.31,,,,,28.18181818,,,,,,,,,2026-01-01,2026-05-25
"[C] [LM - PRINCIPAL][EX. BASE] [ADV. +] [CBO]","AD - TOFU","[AQUISIÇÃO]  [ADV. +]",existing,inactive,ad,1.1,11,0,,0.24,,,,,21.81818182,,,,,,,,,2026-01-01,2026-05-25
"[C] [LM - TESTE] [ABO]","ADS 4 - NOVO VM","Evelyn Regly BM - LM",unknown,not_delivering,ad,1,11,0.27272727,,0.4999293,2,7,0.24996465,,45.44811778,,,,0,,,,,2026-01-01,2026-05-25
"[C] [TONS] [PB DR]",tons_dr-ursinho_video-reels_10-07-2025_nao-tem-clareador-oral-barra,"[PUBLICO ENG.] [DR]",unknown,inactive,ad,1,10,0.1,,1.67002378,,6,,,167.00237821,,,,,,,,,2026-01-01,2026-05-25
"[C] [LM - TESTE] [ABO]","ADS 3 - NOVO VM","Evelyn Regly BM - LM",prospecting,not_delivering,ad,1.11111111,10,0.2,,0.04,1,1,0.04,,4,,,,0,,,,,2026-01-01,2026-05-25
"[C] [VARIOS PRODUTO] [ABO] [BID]","AD - RAIZA MOFU","[VINAGRE] [RMKT]",unknown,inactive,ad,1,10,0.4,,1.75999104,,,,,175.99910386,,,,,,,,,2026-01-01,2026-05-25
"[C] [LM - PRINCIPAL][EX. BASE] [ADV. +] [CBO]","ADS -  ANA ELISA 1","LP - 1",engaged,archived,ad,1,10,0.3,,0.46,,,,,46,,,,,,,,,2026-01-01,2026-05-25
"[C] [JEJOOM] [CBO]","AD - MORGANA TOFU","[CAMPANHA AQUISIÇÃO]",unknown,active,ad,1,10,0.5,,0.08003495,,,,,8.00349457,,,,,,,,,2026-01-01,2026-05-25
"[C] [LM - TESTE] [ABO]","AD - NURR 2","Conj - Vm",unknown,inactive,ad,1,10,0.6,,0.94000292,,,,,94.00029219,,,,,,,,,2026-01-01,2026-05-25
"[C] [LM - TESTE] [ABO]","ADS 3 — Cópia","teste aquisição ate dia 15  - Lm",unknown,inactive,ad,1,10,0.2,,0.16,,,,,16,,,,,,,,,2026-01-01,2026-05-25
"[C] [LM - TESTE] [ABO]","AD - 5","[TOFU] [TIK TOK] [EXCLUSAÕ BASE] [BID 60] - TESTE ATÉ 20-05",unknown,not_delivering,ad,1,10,0.1,,0.09000623,,,,,9.00062267,,,,,,,,,2026-01-01,2026-05-25
"[C] [LM - TESTE] [ABO]","ADS3- 18-02","Arte Organica - Digestino",prospecting,inactive,ad,1,10,0,,0.96,,,,,96,,,,,,,,,2026-01-01,2026-05-25
"[C] [LM - PRINCIPAL][EX. BASE] [ADV. +] [CBO]","ADS - SABRINA 2","LP - 2",engaged,archived,ad,1,10,0.1,,0.05,,,,,5,,,,,,,,,2026-01-01,2026-05-25
"[C] [TONS] [PB DR]","AD - MOFU 6","TONS TESTE",existing,inactive,ad,1,10,0.3,,0.39,,,,,39,,,,,,,,,2026-01-01,2026-05-25
"[C] [TONS] [PB DR]","ADS - ESPINHA","[PUBLICO ENG.] [DR]",unknown,inactive,ad,1,10,0.2,,1.1100298,,9,,,111.00298049,,,,,,,,,2026-01-01,2026-05-25
"[C] [LM - TESTE] [ABO]","AD - MOFU ANA ELISA — Cópia","[BM] [ANA ELISA]",unknown,not_delivering,ad,1,10,0,,0.10998734,1,,0.10998734,,10.99873425,,,,0,,,,,2026-01-01,2026-05-25
"[C] [TONS] [PB DR]","AD - TOFU","[PUBLICO ENG.] [DR]",unknown,inactive,ad,1,10,0.3,,1.14995884,1,,1.14995884,,114.995884,,,,0,,,,,2026-01-01,2026-05-25
"[C] [LM - TESTE] [ABO]","29/12 — Cópia","Influ Larissa Lemos - Lm",engaged,archived,ad,1.11111111,10,0.2,,0.18,,,,,18,,,,,,,,,2026-01-01,2026-05-25
"[C] [LM - TESTE] [ABO]","AD - EVELYN VM",EVELIN,engaged,inactive,ad,1,10,0.4,,0.08,1,1,0.08,,8,,,,0,,,,,2026-01-01,2026-05-25
"[C] [LM - PRINCIPAL][EX. BASE] [ADV. +] [CBO]","AD - MOFU","[AQUISIÇÃO]  [ADV. +]",unknown,active,ad,1,10,0.1,,0.30002431,,,,,30.00243055,,,,,,,,,2026-01-01,2026-05-25
"[C] [TONS] [PB DR]","AD - TOFU 5","TONS TESTE",existing,inactive,ad,1,9,0.11111111,,0.22,,,,,24.44444444,,,,,,,,,2026-01-01,2026-05-25
"[C] [LM - TESTE] [ABO]","AD - MOFU ANA ELISA","[BM] [ANA ELISA]",unknown,not_delivering,ad,1,9,0.22222222,,0.09999605,1,1,0.09999605,,11.11067232,,,,0,,,,,2026-01-01,2026-05-25
"[C] [LM - TESTE] [ABO]","AD - LUCIANA MOFU","[BM JADE]",unknown,inactive,ad,1,9,0.22222222,,0.25845056,,3,,,28.71672855,,,,,,,,,2026-01-01,2026-05-25
"[C] [LM - RMKT] [ADV. ABO]","AD - BOFU — Cópia — Cópia","[RMKT LARANJA MORO-REATIVAÇÃO BASE QUENTE]",unknown,active,ad,1,9,0,,0.29018582,,,,,32.24286855,,,,,,,,,2026-01-01,2026-05-25
"[C] [LM - TESTE] [ABO]","ADS 1","Influ Nutri- Lm",unknown,not_delivering,ad,1.125,9,0.33333333,,0.50003381,,,,,55.55931258,,,,,,,,,2026-01-01,2026-05-25
"[C] [TONS] [PB DR]","AD - MOFU 8","TONS TESTE",existing,not_delivering,ad,1.125,9,0.22222222,,0.29,,,,,32.22222222,,,,,,,,,2026-01-01,2026-05-25
"[C] [LM - TESTE] [ABO]","AD - ANA MOFU","[BM] [ANA ELISA]",unknown,inactive,ad,1,9,0.33333333,,0.30999376,,1,,,34.44375142,,,,,,,,,2026-01-01,2026-05-25
"[C] [TONS] [PB DR]","AD - MOFU 5","TONS TESTE",engaged,inactive,ad,1,9,0.22222222,,0.34,1,,0.34,,37.77777778,,,,0,,,,,2026-01-01,2026-05-25
"[C] [JEJOOM] [CBO]","AD - ORGANICO","[CAMPANHA AQUISIÇÃO]",unknown,inactive,ad,1.125,9,0,,0.82001219,,,,,91.11246504,,,,,,,,,2026-01-01,2026-05-25
"[C] [JEJOOM] [CBO]","ADS - LARI 3 24-12","[CAMPANHA AQUISIÇÃO]",engaged,inactive,ad,1,9,0.22222222,,0.1,,,,,11.11111111,,,,,,,,,2026-01-01,2026-05-25
"[C] [LM - TESTE] [ABO]","AD - EVELYN VM",EVELIN,existing,inactive,ad,1,9,0.22222222,,0.28,,,,,31.11111111,,,,,,,,,2026-01-01,2026-05-25
"[C] [LM - TESTE] [ABO]","AD - JADE TOFU 19-05 BM JADE + DENA","[BM JADE]",unknown,inactive,ad,1.125,9,0,,0.08999915,,,,,9.99990607,,,,,,,,,2026-01-01,2026-05-25
"[C] [LM - TESTE] [ABO]",AD4,"Arte - Organica Tons ###",unknown,not_delivering,ad,1.125,9,0,,0.45999926,,,,,51.11102922,,,,,,,,,2026-01-01,2026-05-25
"[C] [LM - RMKT] [ADV. ABO]","ADS - RMKT","[RMKT LARANJA MORO-REATIVAÇÃO BASE QUENTE]",unknown,not_delivering,ad,1,9,0,,0.46972898,,,,,52.19210871,"Compras no site",0.46972898,1,,1,239.15918577,"Valor de conversão da compra no site",112.34,2026-01-01,2026-05-25
"[C] [LM - TESTE] [ABO]","ADS 3 - NOVO VM","Evelyn Regly BM - LM",engaged,not_delivering,ad,1.125,9,0.44444444,,0.58,,,,,64.44444444,,,,,,,,,2026-01-01,2026-05-25
"[C] [JEJOOM] [CBO]","AD - LARISSA TOFU","[CAMPANHA AQUISIÇÃO]",unknown,inactive,ad,1.28571429,9,0.88888889,,0.28000178,,2,,,31.11130897,,,,,,,,,2026-01-01,2026-05-25
"[C] [LM - TESTE] [ABO]","ADS. VIDEO INFLU — Cópia","teste aquisição ate dia 15  - Lm",unknown,inactive,ad,1,9,0.55555556,,0.00999996,,,,,1.11110646,,,,,,,,,2026-01-01,2026-05-25
"[C] [LM - TESTE] [ABO]","ADS 1","Influ Evelyn - Vm",engaged,not_delivering,ad,1,8,0.125,,0.07,,,,,8.75,,,,,,,,,2026-01-01,2026-05-25
"[C] [LM - PRINCIPAL][EX. BASE] [ADV. +] [CBO]","ADS - INFLU ANA ELISA 3","[EXCLUSÃO BASE] [ADV. +]",prospecting,inactive,ad,1,8,0.25,,0.49,,,,,61.25,,,,,,,,,2026-01-01,2026-05-25
"[C] [LM - TESTE] [ABO]","ADS 4","teste publico novo - bid",unknown,not_delivering,ad,1.14285714,8,0.25,,0.3999973,,1,,,49.99966195,,,,,,,,,2026-01-01,2026-05-25
"[C] [LM - TESTE] [ABO]","AD -  ANA ELISA TOFU","teste aquisição ate dia 15  - Lm",unknown,not_delivering,ad,1,8,0.25,,0.40998374,,1,,,51.2479681,,,,,,,,,2026-01-01,2026-05-25
"[C] [LM - TESTE] [ABO]","ADS3 - 18-02 — Cópia","Carrossel - Lm",engaged,inactive,ad,1,8,0,,0.24,1,1,0.24,,30,,,,0,,,,,2026-01-01,2026-05-25
"[C] [LM - RMKT] [ADV. ABO]","CRIATIVO 3 RMKT","[RMKT LARANJA MORO-REATIVAÇÃO BASE QUENTE]",unknown,inactive,ad,1.14285714,8,0,,2.59007544,,2,,,323.7594302,,,,,,,,,2026-01-01,2026-05-25
"[C] [LM - PRINCIPAL][EX. BASE] [ADV. +] [CBO]","[2] 29/12 — Cópia","LP - ATUAL",existing,archived,ad,1,8,0.25,,0.01,,,,,1.25,,,,,,,,,2026-01-01,2026-05-25
"[C] [LM - TESTE] [ABO]","AD - MI RUBACK MOFU","[BOFU] [ADV+ ABERTO] [ESTATICO]",unknown,not_delivering,ad,1,8,0.375,,0.02999924,,,,,3.74990541,,,,,,,,,2026-01-01,2026-05-25
"[C] [LM - TESTE] [ABO]","AD - LUCIANA TOFU — Cópia","teste publico novo - bid",existing,not_delivering,ad,1,8,0.375,,1.09,,,,,136.25,,,,,,,,,2026-01-01,2026-05-25
"[C] [TONS] [PB DR]","AD - SHOOTING MOFU","[PUBLICO ENG.] [DR]",uncategorized,active,ad,0,8,0.5,,0.21991436,,,,,27.48929514,,,,,,,,,2026-01-01,2026-05-25
"[C] [TONS] [PB DR]","AD - TOFU","[PUBLICO ENG.] [DR]",unknown,inactive,ad,1.33333333,8,0.375,,1.01000759,,1,,,126.2509482,,,,,,,,,2026-01-01,2026-05-25
"[C] [LM - PRINCIPAL][EX. BASE] [ADV. +] [CBO]","AD - tofu  teste ate 09-05","[AQUISIÇÃO]  [ADV. +]",prospecting,inactive,ad,1,8,0.25,,0.11,,,,,13.75,,,,,,,,,2026-01-01,2026-05-25
"[C] [TONS] [PB DR]","ADS - DR 2 — Cópia","[PUBLICO ABERTO]",unknown,inactive,ad,1,8,0.375,,0.75000617,,1,,,93.75077094,,,,,,,,,2026-01-01,2026-05-25
"[C] [LM - TESTE] [ABO]","AD -  EVELYN",EVELIN,existing,inactive,ad,1.14285714,8,0.25,,0.09,1,1,0.09,,11.25,,,1,0,,,,,2026-01-01,2026-05-25
"[C] [LM - PRINCIPAL][EX. BASE] [ADV. +] [CBO]","AD - JADE TOFU — Cópia — Cópia","[AQUISIÇÃO]  [ADV. +]",unknown,inactive,ad,1,8,0.25,,1.17001616,,,,,146.25201947,,,,,,,,,2026-01-01,2026-05-25
"[C] [JEJOOM] [CBO]","AD - RMKT","[CAMPANHA AQUISIÇÃO]",unknown,inactive,ad,1,8,0,,0.46999353,,5,,,58.74919152,,,,,,,,,2026-01-01,2026-05-25
"[C] [LM - TESTE] [ABO]","AD 1 DAI — Cópia","[TESTE PB FECHADO]",engaged,inactive,ad,1,8,0.375,,0.49,,,,,61.25,,,,,,,,,2026-01-01,2026-05-25
"[C] [LM - TESTE] [ABO]","ADS 1","Influ Ingrid - Lm",unknown,not_delivering,ad,1.14285714,8,0.25,,0.58001934,,,,,72.50241763,,,,,,,,,2026-01-01,2026-05-25
"[C] [VARIOS PRODUTO] [ABO] [BID]","[Criativo 2 Digestino] — Cópia","[DIGESTINO] [RMKT]",unknown,not_delivering,ad,1,8,0,,0.46998236,1,2,0.46998236,,58.74779497,,,,0,,,,,2026-01-01,2026-05-25
"[C] [LM - TESTE] [ABO]","ADS 2","Conj. - Q10",prospecting,inactive,ad,1,8,0,,0.25,1,,0.25,,31.25,,,,0,,,,,2026-01-01,2026-05-25
"[C] [LM - PRINCIPAL][EX. BASE] [ADV. +] [CBO]","ADS - RAIZA 3","LP - ATUAL",unknown,archived,ad,1,8,0.125,,0.52999386,,1,,,66.24923306,,,,,,,,,2026-01-01,2026-05-25
"[C] [LM - TESTE] [ABO]","ADS3- 18-02","Arte Organica - Digestino",existing,inactive,ad,1,8,0,,0.64,,,,,80,,,,,,,,,2026-01-01,2026-05-25
"[C] [LM - RMKT] [ADV. ABO]","AD - RMKT DANI 2","[RMKT LARANJA MORO-REATIVAÇÃO BASE QUENTE]",unknown,inactive,ad,1.14285714,8,0,,0.48,,,,,60,,,,,,,,,2026-01-01,2026-05-25
"[C] [LM - TESTE] [ABO]","ADS 2","Influ Leka - LM TESTE TRAVA DE CPA",existing,archived,ad,1.16666667,7,0.28571429,,0.35,,,,,50,,,,,,,,,2026-01-01,2026-05-25
"[C] [LM - TESTE] [ABO]","ADS 3","Conj - Vm",unknown,inactive,ad,1,7,0.28571429,,0.63998288,,,,,91.42612552,,,,,,,,,2026-01-01,2026-05-25
"[C] [JEJOOM] [CBO]","AD - MORGANA TOFU","[CAMPANHA AQUISIÇÃO]",unknown,inactive,ad,1,7,0.14285714,,0.64999736,,,,,92.85676554,,,,,,,,,2026-01-01,2026-05-25
"[C] [TONS] [PB DR]","AD2 - MOFU","[PUBLICO ABERTO]",unknown,not_delivering,ad,1,7,0,,0.44000692,,2,,,62.85813094,,,,,,,,,2026-01-01,2026-05-25
"[C] [TONS] [PB DR]","AD - BOFU 5","TONS TESTE",unknown,not_delivering,ad,1,7,0.57142857,,0.40001335,,,,,57.14476488,,,,,,,,,2026-01-01,2026-05-25
"[C] [LM - PRINCIPAL][EX. BASE] [ADV. +] [CBO]","ADS - SABRINA 2","LP - ATUAL",existing,archived,ad,1,7,0.14285714,,0.07,,,,,10,,,,,,,,,2026-01-01,2026-05-25
"[C] [LM - PRINCIPAL][EX. BASE] [ADV. +] [CBO]","V - EVELYN TOFU LP OLD","[EXCLUSÃO BASE] [ADV. +]",unknown,active,ad,1,7,0.42857143,,0.13000529,1,,0.13000529,,18.57218386,,,,0,,,,,2026-01-01,2026-05-25
"[C] [TONS] [PB DR]","AD - TOFU","[PUBLICO ENG.] [DR]",unknown,inactive,ad,1,7,0,,0.15999212,,1,,,22.85601716,,,,,,,,,2026-01-01,2026-05-25
"[C] [LM - TESTE] [ABO]","AD - JESSICA","Arte Organica - Digestino",unknown,not_delivering,ad,1,7,0.14285714,,0.0692476,,,,,9.89251393,,,,,,,,,2026-01-01,2026-05-25
"[C] [LM - RMKT] [ADV. ABO]","AD - JESSICA TOFU","[RMKT LARANJA MORO-REATIVAÇÃO BASE QUENTE]",unknown,inactive,ad,1,7,0.42857143,,0.31,,,,,44.28571429,,,,,,,,,2026-01-01,2026-05-25
"[C] [LM - TESTE] [ABO]","AD - MOFU teste ate 08-05 — Cópia","[TOFU] [TIK + ORG ] [ABERTO]",unknown,active,ad,1,7,0.14285714,,0.08014352,,,,,11.44907427,,,,,,,,,2026-01-01,2026-05-25
"[C] [VARIOS PRODUTO] [ABO] [BID]","ADS 1 — Cópia","[VINAGRE] [RMKT]",unknown,inactive,ad,1,7,0,,1.06006254,,,,,151.4375062,,,,,,,,,2026-01-01,2026-05-25
"[C] [TONS] [PB DR]","tons_dr-ursinho_video-reels_10-07-2025_esse-foi-produto-que-a-mamae — Cópia","[PUBLICO ABERTO]",unknown,not_delivering,ad,1,7,0.14285714,,0.64999778,1,2,0.64999778,,92.85682517,,,,0,,,,,2026-01-01,2026-05-25
"[C] [LM - TESTE] [ABO]","AD -1","[MOFU] [TIK TOK] - TESTE ATÉ 20-05",unknown,not_delivering,ad,1,7,0,,0.40999745,,,,,58.57106474,,,,,,,,,2026-01-01,2026-05-25
"[C] [LM - TESTE] [ABO]","AD - JADE TOFU","[BM JADE]",unknown,inactive,ad,1,6,0.83333333,,0.04,,1,,,6.66666667,,,,,,,,,2026-01-01,2026-05-25
"[C] [VARIOS PRODUTO] [ABO] [BID]","ADS2 - VM — Cópia","[VINAGRE] [RMKT]",unknown,inactive,ad,1,6,0,,1.21999745,,1,,,203.33290844,,,,,,,,,2026-01-01,2026-05-25
"[C] [VARIOS PRODUTO] [ABO] [BID]","AD - TOFU — Cópia","[VINAGRE] [RMKT]",unknown,active,ad,1,6,0.16666667,,0.4001171,,1,,,66.68618415,,,,,,,,,2026-01-01,2026-05-25
"[C] [JEJOOM] [CBO]","AD - RMKT PERFIL LARI + DENA",[RMK],unknown,active,ad,1,6,0,,0.10003891,,1,,,16.67315237,,,,,,,,,2026-01-01,2026-05-25
"[C] [LM - PRINCIPAL][EX. BASE] [ADV. +] [CBO]","AD - LARI MOFU — Cópia","[AQUISIÇÃO]  [ADV. +]",unknown,inactive,ad,1,6,0.33333333,,0.58995845,,,,,98.3264078,,,1,,,,,,2026-01-01,2026-05-25
"[C] [LM - RMKT] [ADV. ABO]","AD - RMKT DANI — Cópia","[RMKT LARANJA MORO-REATIVAÇÃO BASE QUENTE]",engaged,inactive,ad,1,6,0.5,,0.23,1,,0.23,,38.33333333,,,,0,,,,,2026-01-01,2026-05-25
"[C] [LM - TESTE] [ABO]","ADS 1","Influ Evelyn BM - Vm",engaged,archived,ad,1,6,0.16666667,,0.1,,,,,16.66666667,,,,,,,,,2026-01-01,2026-05-25
"[C] [LM - PRINCIPAL][EX. BASE] [ADV. +] [CBO]","ADS - INFLU ANA ELISA","[EXCLUSÃO BASE] [ADV. +]",existing,inactive,ad,1,6,0.33333333,,0.55,,,,,91.66666667,,,,,,,,,2026-01-01,2026-05-25
"[C] [LM - TESTE] [ABO]","AD - ISA MOFU","teste aquisição ate dia 15  - Lm",unknown,inactive,ad,1,6,0.33333333,,0.20998392,1,1,0.20998392,,34.99731935,,,,0,,,,,2026-01-01,2026-05-25
"[C] [LM - TESTE] [ABO]","ADS 1","Influ Evelyn BM - Vm",existing,archived,ad,1,6,0.16666667,,0.05,,,,,8.33333333,,,,,,,,,2026-01-01,2026-05-25
"[C] [LM - TESTE] [ABO]","AD - DANI TOFU 2","[BOFU] [ADV+ ABERTO] [ESTATICO]",unknown,not_delivering,ad,1.2,6,0.16666667,,0.05999606,,,,,9.99934265,,,,,,,,,2026-01-01,2026-05-25
"[C] [LM - RMKT] [ADV. ABO]","AD - BOFU 2","[RMKT LARANJA MORO-REATIVAÇÃO BASE QUENTE]",unknown,inactive,ad,1.2,6,0,,0.60998629,,,,,101.66438105,,,,,,,,,2026-01-01,2026-05-25
"[C] [LM - TESTE] [ABO]",AD2,"[TOFU] [TIK + ORG ] [ABERTO]",unknown,inactive,ad,1,6,0,,0.17999949,,4,,,29.99991417,,,1,,,,,,2026-01-01,2026-05-25
"[C] [TONS] [PB DR]","Novo anúncio de Vendas","[PUBLICO ABERTO]",unknown,inactive,ad,1,6,0.33333333,,0.2500101,,3,,,41.66834948,,,,,,,,,2026-01-01,2026-05-25
"[C] [LM - TESTE] [ABO]","Criativo Versão 3 - Sabrina 29/12","Influ Sabrina - LM TESTE TRAVA DE CPA",prospecting,archived,ad,1,6,0.16666667,,0.02,,,,,3.33333333,,,,,,,,,2026-01-01,2026-05-25
"[C] [LM - RMKT] [ADV. ABO]","ADSS - ORGANICO 2","[RMKT LARANJA MORO-REATIVAÇÃO BASE QUENTE]",unknown,inactive,ad,1,6,0,,0.21999298,,1,,,36.66549741,,,,,,,,,2026-01-01,2026-05-25
"[C] [LM - TESTE] [ABO]","ADS2- DANI","Conj. - Q10",unknown,not_delivering,ad,1.5,6,0,,0.06,,,,,10,,,,,,,,,2026-01-01,2026-05-25
"[C] [LM - TESTE] [ABO]",AD1,"[BOFU] [ADV+ ABERTO] [ESTATICO]",unknown,inactive,ad,1,6,0.16666667,,0.06996101,,2,,,11.66016762,,,,,,,,,2026-01-01,2026-05-25
"[C] [LM - TESTE] [ABO]","ADS 2","Influ Isadora N. - Lm",unknown,archived,ad,1,6,0.16666667,,0.48999127,,6,,,81.66521169,,,1,,,,,,2026-01-01,2026-05-25
"[C] [TONS] [PB DR]","AD - TOFU","[PUBLICO ENG.] [DR]",unknown,inactive,ad,1.2,6,0.16666667,,3.17997615,,,,,529.99602454,,,,,,,,,2026-01-01,2026-05-25
"[C] [JEJOOM] [CBO]","ADS - LARISSA 1 24-12","[PUBLICO LARISSA]",unknown,archived,ad,1,6,0.5,,0.330003,1,4,0.330003,,55.00050028,,,1,0,,,,,2026-01-01,2026-05-25
"[C] [TONS] [PB DR]","AD - MOFU 5","TONS TESTE",prospecting,inactive,ad,1,6,0.5,,0.18,,,,,30,,,,,,,,,2026-01-01,2026-05-25
"[C] [LM - PRINCIPAL][EX. BASE] [ADV. +] [CBO]","[2] 29/12 — Cópia","LP - 1",engaged,archived,ad,1,6,0.16666667,,0.05,,,,,8.33333333,,,,,,,,,2026-01-01,2026-05-25
"[C] [LM - PRINCIPAL][EX. BASE] [ADV. +] [CBO]","ADS - DANI","[AQUISIÇÃO]  [ADV. +]",unknown,inactive,ad,1.2,6,0,,0.14999855,,,,,24.99975774,,,,,,,,,2026-01-01,2026-05-25
"[C] [LM - TESTE] [ABO]","ADS DANI 3","Conj. - Q10",engaged,inactive,ad,1,6,0,,0.14,,,,,23.33333333,,,,,,,,,2026-01-01,2026-05-25
"[C] [LM - PRINCIPAL][EX. BASE] [ADV. +] [CBO]","[2] 29/12 — Cópia","LP - 1",existing,archived,ad,1,6,0.5,,0.17,,,,,28.33333333,,,,,,,,,2026-01-01,2026-05-25
"[C] [LM - PRINCIPAL][EX. BASE] [ADV. +] [CBO]","ADS - INFLU ANA ELISA 2","[EXCLUSÃO BASE] [ADV. +]",prospecting,inactive,ad,1,6,0.5,,0.34,,,,,56.66666667,,,,,,,,,2026-01-01,2026-05-25
"[C] [JEJOOM] [CBO]","AD - RMKT",[RMK],unknown,active,ad,1.2,6,0,,0.10003755,,,,,16.67292503,,,,,,,,,2026-01-01,2026-05-25
"[C] [VARIOS PRODUTO] [ABO] [BID]","AD13 - SABRINA","[VINAGRE] [RMKT]",existing,inactive,ad,1,6,0.33333333,,0.23,,,,,38.33333333,,,,,,,,,2026-01-01,2026-05-25
"[C] [LM - TESTE] [ABO]","AD - MOFU ANA ELISA","[BM] [ANA ELISA]",unknown,not_delivering,ad,1,5,0.4,,0.04000014,1,1,0.04000014,,8.00002727,,,,0,,,,,2026-01-01,2026-05-25
"[C] [TONS] [PB DR]","AD2 — Cópia","[PUBLICO ENG.] [DR]",unknown,inactive,ad,1,5,0,,0.25945705,,,,,51.89140901,,,,,,,,,2026-01-01,2026-05-25
"[C] [JEJOOM] [CBO]","AD1 - ORGANICO","[CAMPANHA AQUISIÇÃO]",unknown,inactive,ad,1,5,0,,0.98998757,,,,,197.99751472,,,,,,,,,2026-01-01,2026-05-25
"[C] [LM - TESTE] [ABO]","AD - JADE TOFU","[BM JADE]",unknown,inactive,ad,1,5,0,,0.199426,,,,,39.88520048,,,,,,,,,2026-01-01,2026-05-25
"[C] [JEJOOM] [CBO]","AD - MORGANA TOFU","[CAMPANHA AQUISIÇÃO]",unknown,active,ad,1,5,0.2,,0.36000225,1,1,0.36000225,,72.00044917,,,,0,,,,,2026-01-01,2026-05-25
"[C] [LM - RMKT] [ADV. ABO]","AD - MOFU ANA ELISA — Cópia","[RMKT LARANJA MORO-REATIVAÇÃO BASE QUENTE]",unknown,active,ad,1,5,0.2,,0.38045805,,,,,76.09161092,,,,,,,,,2026-01-01,2026-05-25
"[C] [LM - PRINCIPAL][EX. BASE] [ADV. +] [CBO]","ADS - ORGANICO LM 2","[AQUISIÇÃO]  [ADV. +]",unknown,inactive,ad,1,5,0,,0.61000971,2,2,0.30500486,,122.00194246,,,,0,,,,,2026-01-01,2026-05-25
"[C] [LM - PRINCIPAL][EX. BASE] [ADV. +] [CBO]","ADS - INFLU ANA ELISA 2","[EXCLUSÃO BASE] [ADV. +]",engaged,inactive,ad,1,5,0.4,,0.27,,,,,54,,,,,,,,,2026-01-01,2026-05-25
"[C] [LM - TESTE] [ABO]","AD - MOFU ate 14-05","[TOFU] [TIK TOK] [EXCLUSAÕ BASE] [BID 60] - TESTE ATÉ 20-05",unknown,not_delivering,ad,1,5,0.4,,0.11,,,,,22,,,,,,,,,2026-01-01,2026-05-25
"[C] [LM - PRINCIPAL][EX. BASE] [ADV. +] [CBO]","AD - MOFU teste ate 08-05","[AQUISIÇÃO]  [ADV. +]",unknown,inactive,ad,1,5,0.6,,0.06000031,,,,,12.00006105,,,1,,,,,,2026-01-01,2026-05-25
"[C] [LM - PRINCIPAL][EX. BASE] [ADV. +] [CBO]","ADS - SABRINA","[AQUISIÇÃO]  [ADV. +]",unknown,inactive,ad,1,5,0.6,,0.27001066,,1,,,54.00213283,,,,,,,,,2026-01-01,2026-05-25
"[C] [LM - PRINCIPAL][EX. BASE] [ADV. +] [CBO]","ADS -  ANA ELISA 1","LP - 1",existing,archived,ad,1,5,0.2,,0.09,,,,,18,,,,,,,,,2026-01-01,2026-05-25
"[C] [VARIOS PRODUTO] [ABO] [BID]","AD12 - PAULA","[VINAGRE] [RMKT]",unknown,inactive,ad,1,5,0.2,,0.46997839,,,,,93.99567876,,,,,,,,,2026-01-01,2026-05-25
"[C] [JEJOOM] [CBO]","AD - LARI 3","[CAMPANHA AQUISIÇÃO]",prospecting,inactive,ad,1,5,0,,0.01,,,,,2,,,,,,,,,2026-01-01,2026-05-25
"[C] [LM - PRINCIPAL][EX. BASE] [ADV. +] [CBO]","ADS - ANA ELISA 3","[AQUISIÇÃO]  [ADV. +]",unknown,inactive,ad,1,5,0.6,,0.26000041,,1,,,52.00008118,,,,,,,,,2026-01-01,2026-05-25
"[C] [TONS] [PB DR]","AD - TOFU","[PUBLICO ENG.] [DR]",unknown,inactive,ad,1,5,0.2,,0.57997853,1,11,0.57997853,,115.99570667,,,1,0,,,,,2026-01-01,2026-05-25
"[C] [LM - PRINCIPAL][EX. BASE] [ADV. +] [CBO]","CRIATIVO 2 RMKT — Cópia","LP - 1",existing,archived,ad,1,5,0,,0.12,,,,,24,,,,,,,,,2026-01-01,2026-05-25
"[C] [LM - PRINCIPAL][EX. BASE] [ADV. +] [CBO]","AD - JADE MOFU","[EXCLUSÃO BASE] [ADV. +]",unknown,inactive,ad,1.25,5,0.6,,0,3,6,0,,0,,,,0,,,,,2026-01-01,2026-05-25
"[C] [LM - PRINCIPAL][EX. BASE] [ADV. +] [CBO]","ADS - RACHEL","[AQUISIÇÃO]  [ADV. +]",existing,inactive,ad,1,5,0,,0.07,,,,,14,,,,,,,,,2026-01-01,2026-05-25
"[C] [LM - TESTE] [ABO]","ADS 2","Influ Leka - LM TESTE TRAVA DE CPA",engaged,archived,ad,1,5,0.4,,0.14,,,,,28,,,,,,,,,2026-01-01,2026-05-25
"[C] [TONS] [PB DR]","tons_dr-ursinho-bruna2-06-11-2025 — Cópia","[PUBLICO ENG.] [DR]",unknown,inactive,ad,1.25,5,0.8,,0.3799928,,,,,75.99855992,,,,,,,,,2026-01-01,2026-05-25
"[C] [LM - TESTE] [ABO]","Teste - ADS 2","Evelyn Regly BM - LM",unknown,not_delivering,ad,1.25,5,0.6,,0.21000225,,1,,,42.00044985,,,,,,,,,2026-01-01,2026-05-25
"[C] [LM - TESTE] [ABO]","ADS 2","Conj. - Q10",engaged,inactive,ad,1,5,0,,0.04,,,,,8,,,,,,,,,2026-01-01,2026-05-25
"[C] [LM - TESTE] [ABO]","ADS3- Q10 — Cópia","Carrossel - Lm",engaged,inactive,ad,1,4,0,,0.07,,,,,17.5,,,,,,,,,2026-01-01,2026-05-25
"[C] [TONS] [PB DR]",tons_dr-ursinho_video-reels_10-07-2025_esse-foi-produto-que-a-mamae,"[PUBLICO ENG.] [DR]",unknown,inactive,ad,1,4,0.25,,0.16999757,,2,,,42.49939227,,,,,,,,,2026-01-01,2026-05-25
"[C] [LM - PRINCIPAL][EX. BASE] [ADV. +] [CBO]","ADS - RACHEL","[AQUISIÇÃO]  [ADV. +]",engaged,inactive,ad,1.33333333,4,0.5,,0.09,,,,,22.5,,,,,,,,,2026-01-01,2026-05-25
"[C] [LM - PRINCIPAL][EX. BASE] [ADV. +] [CBO]","AD - ALESSANDRA — Cópia","[AQUISIÇÃO]  [ADV. +]",unknown,active,ad,1,4,0.5,,0.06998026,,,,,17.49506537,,,,,,,,,2026-01-01,2026-05-25
"[C] [LM - RMKT] [ADV. ABO]","AD - JADE TOFU","[RMKT LARANJA MORO-REATIVAÇÃO BASE QUENTE]",unknown,inactive,ad,1,4,0.25,,0.04999895,,,,,12.49973797,,,,,,,,,2026-01-01,2026-05-25
"[C] [JEJOOM] [CBO]","AD - LARISSA TOFU",[RMK],unknown,inactive,ad,1,4,0,,0.0099992,,,,,2.49979999,,,,,,,,,2026-01-01,2026-05-25
"[C] [VARIOS PRODUTO] [ABO] [BID]","AD - MI RUBACK MOFU — Cópia","[VINAGRE] [RMKT]",uncategorized,active,ad,1,4,0,,0.05000092,,,,,12.50023025,,,,,,,,,2026-01-01,2026-05-25
"[C] [LM - TESTE] [ABO]","ADS3- 18-02","Arte Organica - Digestino",engaged,inactive,ad,1,4,0,,0.58,,,,,145,,,,,,,,,2026-01-01,2026-05-25
"[C] [VARIOS PRODUTO] [ABO] [BID]","AD - RMKT","[VINAGRE] [RMKT]",prospecting,inactive,ad,1.33333333,4,0,,0.01,,,,,2.5,,,,,,,,,2026-01-01,2026-05-25
"[C] [LM - PRINCIPAL][EX. BASE] [ADV. +] [CBO]","AD- MOFU",[EVELIN],unknown,inactive,ad,1,4,0.5,,0.38996788,,,,,97.49196944,,,,,,,,,2026-01-01,2026-05-25
"[C] [LM - TESTE] [ABO]","AD - EVELYN MOFU","teste aquisição ate dia 15  - Lm",unknown,inactive,ad,1,4,0,,0.18999743,,,,,47.49935732,,,,,,,,,2026-01-01,2026-05-25
"[C] [LM - TESTE] [ABO]","Criativo Versão 3 - Sabrina 29/12","Influ Sabrina - LM TESTE TRAVA DE CPA",engaged,archived,ad,1,4,0,,0.09,,,,,22.5,,,,,,,,,2026-01-01,2026-05-25
"[C] [VARIOS PRODUTO] [ABO] [BID]",AD2,"[VINAGRE] [RMKT]",unknown,active,ad,1,4,0,,0.10001166,,4,,,25.00291607,"Compras no site",0.10001166,,,1,3805.05616761,"Valor de conversão da compra no site",380.55,2026-01-01,2026-05-25
"[C] [LM - TESTE] [ABO]",ADS,"Conj. - Q10",unknown,not_delivering,ad,1,4,0,,0.16998735,,,,,42.49683761,,,,,,,,,2026-01-01,2026-05-25
"[C] [LM - TESTE] [ABO]",ad,suldes,unknown,not_delivering,ad,1,4,0,,0.08,,,,,20,,,,,,,,,2026-01-01,2026-05-25
"[C] [LM - TESTE] [ABO]",AD3,"Influ Mi Ruback - Vm",unknown,archived,ad,1,4,0.75,,0.25999934,,,,,64.99983561,,,,,,,,,2026-01-01,2026-05-25
"[C] [LM - PRINCIPAL][EX. BASE] [ADV. +] [CBO]","[2] 29/12 — Cópia","LP - ATUAL",engaged,archived,ad,1,4,0,,0.08,,,,,20,,,,,,,,,2026-01-01,2026-05-25
"[C] [LM - TESTE] [ABO]","AD - NURR","Conj - Vm",unknown,inactive,ad,1,4,0,,0.41,,,,,102.5,,,,,,,,,2026-01-01,2026-05-25
"[C] [TONS] [PB DR]","AD1 - VERAO",rmkt_tons_estáticos_visitantes-engajado-compradores_max-conv_cpa35_02-09-2025_7,unknown,not_delivering,ad,1,4,0,,0.40004076,,3,,,100.01018994,,,,,,,,,2026-01-01,2026-05-25
"[C] [LM - TESTE] [ABO]","AD - MOFU ate 14-05 — Cópia","[TOFU] [TIK]",unknown,active,ad,1,4,0.25,,0.02001191,,1,,,5.00297694,,,,,,,,,2026-01-01,2026-05-25
"[C] [LM - PRINCIPAL][EX. BASE] [ADV. +] [CBO]","[ADS] - [TOPO 2] [27-02]","[AQUISIÇÃO]  [ADV. +]",unknown,inactive,ad,1,4,1,,0.21001027,,,,,52.50256744,,,,,,,,,2026-01-01,2026-05-25
"[C] [VARIOS PRODUTO] [ABO] [BID]",AD6,"[VINAGRE] [RMKT]",unknown,inactive,ad,1,4,0,,1.08999384,,,,,272.49846048,,,,,,,,,2026-01-01,2026-05-25
"[C] [TONS] [PB DR]","AD - MOFU 5","TONS TESTE",existing,inactive,ad,1,4,0.5,,0.24,,,,,60,,,,,,,,,2026-01-01,2026-05-25
"[C] [LM - RMKT] [ADV. ABO]","AD - EVELYN TOFU — Cópia","[RMKT LARANJA MORO-REATIVAÇÃO BASE QUENTE]",unknown,active,ad,1,4,0.25,,0.07998665,,,,,19.99666364,,,,,,,,,2026-01-01,2026-05-25
"[C] [LM - PRINCIPAL][EX. BASE] [ADV. +] [CBO]","ADS - JESSICA 2","[AQUISIÇÃO]  [ADV. +]",unknown,inactive,ad,1,4,0.5,,0.39997787,,1,,,99.99446726,,,,,,,,,2026-01-01,2026-05-25
"[C] [LM - PRINCIPAL][EX. BASE] [ADV. +] [CBO]","ADS - SABRINA 2","LP - 1",engaged,archived,ad,1,4,0,,0.07,,,,,17.5,,,,,,,,,2026-01-01,2026-05-25
"[C] [LM - PRINCIPAL][EX. BASE] [ADV. +] [CBO]","AD - MOFU teste ate 08-05","[AQUISIÇÃO]  [ADV. +]",unknown,inactive,ad,1,4,0.75,,0.0300014,,,,,7.5003492,,,,,,,,,2026-01-01,2026-05-25
"[C] [VARIOS PRODUTO] [ABO] [BID]",AD1,"[VINAGRE] [RMKT]",unknown,inactive,ad,1,4,0,,0.16001678,,2,,,40.00419569,,,,,,,,,2026-01-01,2026-05-25
"[C] [TONS] [PB DR]","AD7 - BOFU","[PUBLICO ABERTO]",unknown,not_delivering,ad,1,4,0,,1.03002965,,6,,,257.50741348,,,,,,,,,2026-01-01,2026-05-25
"[C] [LM - PRINCIPAL][EX. BASE] [ADV. +] [CBO]","ADS - ORGANICO LM 2","[AQUISIÇÃO]  [ADV. +]",unknown,inactive,ad,1,4,0,,0.07,,,,,17.5,,,,,,,,,2026-01-01,2026-05-25
"[C] [LM - TESTE] [ABO]","ADS 4","Influ Evelyn - Vm",unknown,not_delivering,ad,1,4,0,,0.52998467,,4,,,132.49616768,,,,,,,,,2026-01-01,2026-05-25
"[C] [VARIOS PRODUTO] [ABO] [BID]",AD8,"[VINAGRE] [RMKT]",unknown,inactive,ad,1,4,0,,1.80997266,,1,,,452.49316451,,,,,,,,,2026-01-01,2026-05-25
"[C] [LM - PRINCIPAL][EX. BASE] [ADV. +] [CBO]","AD - LUCIANA MOFU 2 — Cópia — Cópia","[EXCLUSÃO BASE] [ADV. +]",unknown,inactive,ad,1.33333333,4,0.5,,0.14999366,,,,,37.49841598,,,,,,,,,2026-01-01,2026-05-25
"[C] [LM - TESTE] [ABO]","AD - MOFU ate 14-05","[TOFU] [TIK TOK] [EXCLUSAÕ BASE] [BID 60] - TESTE ATÉ 20-05",unknown,inactive,ad,1,4,0.5,,0.05999613,,,,,14.9990329,,,,,,,,,2026-01-01,2026-05-25
"[C] [VARIOS PRODUTO] [ABO] [BID]","AD - ALESSANDRA KIT — Cópia","[VINAGRE] [RMKT]",prospecting,inactive,ad,1,4,0.25,,0.13,,,,,32.5,,,,,,,,,2026-01-01,2026-05-25
"[C] [LM - TESTE] [ABO]",AD2,"[BOFU] [ADV+ ABERTO] [ESTATICO]",unknown,inactive,ad,1,3,0,,0.10999587,,,,,36.66529048,,,,,,,,,2026-01-01,2026-05-25
"[C] [LM - PRINCIPAL][EX. BASE] [ADV. +] [CBO]","ADS - ANA ELISA 2","LP - TOPO LM",existing,archived,ad,1.5,3,0,,0.11,,,,,36.66666667,,,,,,,,,2026-01-01,2026-05-25
"[C] [TONS] [PB DR]","AD - SHOOTING TOFU","[PUBLICO ENG.] [DR]",unknown,inactive,ad,1,3,0.33333333,,0.30991072,,,,,103.30357189,,,,,,,,,2026-01-01,2026-05-25
"[C] [LM - TESTE] [ABO]",AD6,"[BOFU] [ADV+ ABERTO] [ESTATICO]",unknown,inactive,ad,1,3,0,,0.20001753,,,,,66.67250881,,,,,,,,,2026-01-01,2026-05-25
"[C] [LM - TESTE] [ABO]","ADS 4","teste publico novo - bid",unknown,not_delivering,ad,1,3,0,,0.1299935,,1,,,43.33116665,,,2,,,,,,2026-01-01,2026-05-25
"[C] [LM - PRINCIPAL][EX. BASE] [ADV. +] [CBO]","ADS - SABRINA 2","LP - 1",existing,archived,ad,1,3,0.33333333,,0.09,,,,,30,,,,,,,,,2026-01-01,2026-05-25
"[C] [TONS] [PB DR]","ADS - DR 2","[PUBLICO ENG.] [DR]",unknown,inactive,ad,1,3,0.66666667,,0.67998847,,3,,,226.66282249,,,,,,,,,2026-01-01,2026-05-25
"[C] [LM - TESTE] [ABO]",AD3,"[HIBRIDO] [ESTATICO ORG.] [BID 60]",unknown,inactive,ad,1,3,0,,0.00996578,,,,,3.32192635,,,,,,,,,2026-01-01,2026-05-25
"[C] [LM - TESTE] [ABO]","AD - JADE MOFU 2","[BM JADE]",unknown,inactive,ad,1,3,0,,0.13953176,,,,,46.5105855,,,,,,,,,2026-01-01,2026-05-25
"[C] [LM - TESTE] [ABO]","AD - LARI MOFU","Lm Perfil Novo",unknown,not_delivering,ad,1,3,0.33333333,,0.03999528,,3,,,13.33175841,,,,,,,,,2026-01-01,2026-05-25
"[C] [LM - TESTE] [ABO]",ADS78,"Influ Sabrina - Vm [Teste até 13-03]",unknown,archived,ad,1,3,0.33333333,,0.15000955,,,,,50.00318373,,,,,,,,,2026-01-01,2026-05-25
"[C] [LM - TESTE] [ABO]","AD - MOFU ate 14-05 — Cópia","[TOFU] [TIK]",unknown,active,ad,1.5,3,0,,0.03013317,,1,,,10.04438886,,,,,,,,,2026-01-01,2026-05-25
"[C] [LM - TESTE] [ABO]","ADS 3 — Cópia","Influ Evelyn - Vm",unknown,not_delivering,ad,1,3,0.66666667,,0.02,,,,,6.66666667,,,,,,,,,2026-01-01,2026-05-25
"[C] [LM - RMKT] [ADV. ABO]","ADS - ISA NOGUEIRA","[RMKT LARANJA MORO-REATIVAÇÃO BASE QUENTE]",unknown,inactive,ad,1,3,0,,0.16000399,,,,,53.33466304,,,,,,,,,2026-01-01,2026-05-25
"[C] [VARIOS PRODUTO] [ABO] [BID]","ADS1 - VM — Cópia","[VINAGRE] [RMKT]",unknown,inactive,ad,1,3,0,,0.09000348,,1,,,30.0011592,"Compras no site",0.09000348,,,1,3950.8473389,"Valor de conversão da compra no site",355.59,2026-01-01,2026-05-25
"[C] [LM - TESTE] [ABO]","AD - MI MOFU","[TOFU] [TIK TOK] [EXCLUSAÕ BASE] [BID 60] - TESTE ATÉ 20-05",unknown,inactive,ad,1,3,0.66666667,,0.0099511,,1,,,3.31703465,,,,,,,,,2026-01-01,2026-05-25
"[C] [TONS] [PB DR]","AD - MOFU 7","TONS TESTE",engaged,inactive,ad,1,3,0.33333333,,0.03,,,,,10,,,,,,,,,2026-01-01,2026-05-25
"[C] [TONS] [PB DR]","AD5 - TOFU","[PUBLICO ABERTO]",unknown,not_delivering,ad,1,3,0,,0.11000607,,5,,,36.66869106,,,,,,,,,2026-01-01,2026-05-25
"[C] [VARIOS PRODUTO] [ABO] [BID]","AD - BOFU 2","[COLAGENO] [RMKT]",unknown,not_delivering,ad,1,3,0,,0.11999111,,,,,39.99703689,,,,,,,,,2026-01-01,2026-05-25
"[C] [LM - TESTE] [ABO]","AD - EVELYN TOFU","Evelyn Regly BM - LM",unknown,inactive,ad,1,3,0.33333333,,0.13998694,,,,,46.66231173,,,,,,,,,2026-01-01,2026-05-25
"[C] [LM - RMKT] [ADV. ABO]","AD - NIVER 4","[RMKT LARANJA MORO-REATIVAÇÃO BASE QUENTE]",unknown,not_delivering,ad,1,3,0.33333333,,0.11,,,,,36.66666667,,,,,,,,,2026-01-01,2026-05-25
"[C] [JEJOOM] [CBO]","AD - JADE TOFU","[CAMPANHA AQUISIÇÃO]",unknown,inactive,ad,1,3,0.33333333,,0.24997587,,,,,83.32528849,,,,,,,,,2026-01-01,2026-05-25
"[C] [LM - RMKT] [ADV. ABO]","AD - EVELYN","[RMKT LARANJA MORO-REATIVAÇÃO BASE QUENTE]",unknown,not_delivering,ad,1,3,0.33333333,,0.08999462,,,,,29.99820817,,,,,,,,,2026-01-01,2026-05-25
"[C] [LM - TESTE] [ABO]","Criativo 2 - Versão 2 Reduzida","Influ Djeeny Kock",prospecting,archived,ad,1,3,0,,0.02,,,,,6.66666667,,,,,,,,,2026-01-01,2026-05-25
"[C] [LM - RMKT] [ADV. ABO]","AD - MOFU ANA ELISA REFAÇÃO 17-05 — Cópia — Cópia","[RMKT LARANJA MORO-REATIVAÇÃO BASE QUENTE]",unknown,inactive,ad,1,3,0,,0.03,,1,,,10,,,,,,,,,2026-01-01,2026-05-25
"[C] [LM - TESTE] [ABO]",AD4,"[BOFU] [ADV+ ABERTO] [ESTATICO]",unknown,inactive,ad,1,3,0,,0.04000015,,1,,,13.33338433,,,,,,,,,2026-01-01,2026-05-25
"[C] [LM - TESTE] [ABO]","AD - ALESSANDRA","[TOFU] [TIK TOK] [EXCLUSAÕ BASE] [BID 60] - TESTE ATÉ 20-05",unknown,inactive,ad,1,3,0,,0.14999762,,,,,49.99920629,,,,,,,,,2026-01-01,2026-05-25
"[C] [LM - RMKT] [ADV. ABO]","AD - LUCIANA MOFU — Cópia","[RMKT LARANJA MORO-REATIVAÇÃO BASE QUENTE]",unknown,inactive,ad,1,3,0,,0.01,,,,,3.33333333,,,,,,,,,2026-01-01,2026-05-25
"[C] [JEJOOM] [CBO]","AD - TOFU LARISSA",[RMK],unknown,active,ad,1,3,0,,0,,,,,0,,,,,,,,,2026-01-01,2026-05-25
"[C] [LM - PRINCIPAL][EX. BASE] [ADV. +] [CBO]","ADS - SABRINA 2","LP - ATUAL",engaged,archived,ad,1,3,0,,0.09,,,,,30,,,,,,,,,2026-01-01,2026-05-25
"[C] [VARIOS PRODUTO] [ABO] [BID]","AD13 - SABRINA","[VINAGRE] [RMKT]",engaged,inactive,ad,1,3,0.33333333,,0.18,,,,,60,,,,,,,,,2026-01-01,2026-05-25
"[C] [LM - TESTE] [ABO]","ADS - ART 2","Evelyn Regly BM - LM",unknown,not_delivering,ad,1,3,0,,0.12999608,,1,,,43.33202542,,,,,,,,,2026-01-01,2026-05-25
"[C] [LM - RMKT] [ADV. ABO]","AD - EVELYN NIVER 2 — Cópia","[RMKT LARANJA MORO-REATIVAÇÃO BASE QUENTE]",unknown,not_delivering,ad,1,3,0,,0.09999961,,,,,33.33320167,,,,,,,,,2026-01-01,2026-05-25
"[C] [LM - TESTE] [ABO]","CARROSSEL 3 - 18-02","Carrossel - Lm",engaged,not_delivering,ad,1,3,0,,0.02,,,,,6.66666667,,,,,,,,,2026-01-01,2026-05-25
"[C] [VARIOS PRODUTO] [ABO] [BID]","AD - ALESSANDRA KIT — Cópia","[VINAGRE] [RMKT]",engaged,inactive,ad,1,3,0.33333333,,0.13,,,,,43.33333333,,,,,,,,,2026-01-01,2026-05-25
"[C] [VARIOS PRODUTO] [ABO] [BID]","AD - SUSANA","[COLAGENO] [RMKT]",unknown,inactive,ad,1,3,0.66666667,,0.01,1,,0.01,,3.33333333,,,,0,,,,,2026-01-01,2026-05-25
"[C] [LM - TESTE] [ABO]","ADS - KAMILI 29/12","Influ Kamili",unknown,archived,ad,1,3,0,,0.08000787,,2,,,26.66929125,,,,,,,,,2026-01-01,2026-05-25
"[C] [LM - PRINCIPAL][EX. BASE] [ADV. +] [CBO]","ADS - INFLU ANA ELISA","[EXCLUSÃO BASE] [ADV. +]",engaged,inactive,ad,1,3,0.66666667,,0.09,,,,,30,,,,,,,,,2026-01-01,2026-05-25
"[C] [LM - TESTE] [ABO]",AD3,"Influ Adeli - Lm",unknown,not_delivering,ad,1,3,0.66666667,,0.14,,,,,46.66666667,,,,,,,,,2026-01-01,2026-05-25
"[C] [LM - PRINCIPAL][EX. BASE] [ADV. +] [CBO]","ADS - RAIZA 3","LP - 1",unknown,archived,ad,1,3,0,,0.22999846,,,,,76.66615196,,,,,,,,,2026-01-01,2026-05-25
"[C] [LM - TESTE] [ABO]","ADS 6","Evelyn Regly BM - LM",unknown,not_delivering,ad,1.5,3,0,,0.219328,,6,,,73.10933184,"Compras no site",0.219328,,,1,686.96200703,"Valor de conversão da compra no site",150.67,2026-01-01,2026-05-25
"[C] [VARIOS PRODUTO] [ABO] [BID]","AD - MI RUBACK MOFU — Cópia","[VINAGRE] [RMKT]",unknown,active,ad,1,3,0.33333333,,0.17000313,1,,0.17000313,,56.66771048,,,1,0,,,,,2026-01-01,2026-05-25
"[C] [VARIOS PRODUTO] [ABO] [BID]","AD - BOFU","[COLAGENO] [RMKT]",unknown,not_delivering,ad,1,2,0,,0.02999963,,,,,14.9998174,,,,,,,,,2026-01-01,2026-05-25
"[C] [TONS] [PB DR]","AD -   TOFU","[PUBLICO ENG.] [DR]",prospecting,archived,ad,1,2,0,,0.01,,,,,5,,,,,,,,,2026-01-01,2026-05-25
"[C] [LM - TESTE] [ABO]","AD - BOFU 3 — Cópia","[HIBRIDO] [ESTATICO ORG.] [BID 60]",unknown,inactive,ad,1,2,0,,0.14999634,,,,,74.99817109,,,,,,,,,2026-01-01,2026-05-25
"[C] [LM - TESTE] [ABO]","AD - NIVER 1","[HIBRIDO] [ESTATICO ORG.] [BID 60]",unknown,inactive,ad,1,2,0,,0.02999955,,,,,14.99977266,,,,,,,,,2026-01-01,2026-05-25
"[C] [LM - TESTE] [ABO]","AD - EVELYN TOFU",EVELIN,unknown,inactive,ad,1,2,1,,0.01999874,,,,,9.99936772,,,,,,,,,2026-01-01,2026-05-25
"[C] [TONS] [PB DR]","AD - TOFU 1","TONS TESTE",unknown,inactive,ad,2,2,0,,0.24,,,,,120,,,,,,,,,2026-01-01,2026-05-25
"[C] [LM - TESTE] [ABO]","ADS 6 — Cópia","teste aquisição ate dia 15  - Lm",unknown,inactive,ad,1,2,0,,0.05999926,,,,,29.99963108,,,,,,,,,2026-01-01,2026-05-25
"[C] [TONS] [PB DR]","AD - DR URSINHO 18-05 — Cópia","LP NOVA",unknown,not_delivering,ad,1,2,0.5,,0.09,,,,,45,,,,,,,,,2026-01-01,2026-05-25
"[C] [LM - PRINCIPAL][EX. BASE] [ADV. +] [CBO]","CRIATIVO 2 RMKT — Cópia","LP - 1",prospecting,archived,ad,1,2,0,,0.03,,,,,15,,,,,,,,,2026-01-01,2026-05-25
"[C] [LM - RMKT] [ADV. ABO]","AD - RMKT","[RMKT LARANJA MORO-REATIVAÇÃO BASE QUENTE]",unknown,inactive,ad,1,2,0,,0.06000033,,,,,30.00016434,"Compras no site",0.06000033,1,,1,1531.82494194,"Valor de conversão da compra no site",91.91,2026-01-01,2026-05-25
"[C] [LM - PRINCIPAL][EX. BASE] [ADV. +] [CBO]","ADS - ANA ELISA 2","LP - 2",unknown,archived,ad,1,2,0,,0.02999396,,,,,14.99697908,,,,,,,,,2026-01-01,2026-05-25
"[C] [LM - RMKT] [ADV. ABO]","ADS2- EVELYN","[RMKT LARANJA MORO-REATIVAÇÃO BASE QUENTE]",unknown,inactive,ad,1,2,0.5,,0.15999657,,,,,79.99828317,,,,,,,,,2026-01-01,2026-05-25
"[C] [LM - TESTE] [ABO]","AD - ANA MOFU","teste aquisição ate dia 15  - Lm",unknown,inactive,ad,1,2,0,,0.05,,,,,25,,,,,,,,,2026-01-01,2026-05-25
"[C] [LM - TESTE] [ABO]","ADS 5","Evelyn Regly BM - LM",unknown,not_delivering,ad,1,2,0,,0.28998267,,,,,144.99133342,,,,,,,,,2026-01-01,2026-05-25
"[C] [LM - PRINCIPAL][EX. BASE] [ADV. +] [CBO]","ADS - INFLU ANA ELISA 2","[EXCLUSÃO BASE] [ADV. +]",existing,inactive,ad,1,2,0.5,,0.15,,,,,75,,,,,,,,,2026-01-01,2026-05-25
"[C] [LM - TESTE] [ABO]","AD - BOFU 2 — Cópia","[HIBRIDO] [ESTATICO ORG.] [BID 60]",unknown,inactive,ad,1,2,0,,0.04,,,,,20,,,,,,,,,2026-01-01,2026-05-25
"[C] [LM - TESTE] [ABO]","AD - MOFU teste ate 08-05","[TOFU] [TIK TOK] [EXCLUSAÕ BASE] [BID 60] - TESTE ATÉ 20-05",unknown,not_delivering,ad,1,2,0,,0.01999923,,,,,9.99961299,,,,,,,,,2026-01-01,2026-05-25
"[C] [VARIOS PRODUTO] [ABO] [BID]","AD - RMKT","[VINAGRE] [RMKT]",engaged,inactive,ad,1,2,0,,0.03,,,,,15,,,,,,,,,2026-01-01,2026-05-25
"[C] [TONS] [PB DR]","TESTE CRIATIVOS COMENTARIOS","[PUBLICO ENG.] [DR]",unknown,inactive,ad,1,2,0,,0.22000876,,4,,,110.00438213,,,,,,,,,2026-01-01,2026-05-25
"[C] [TONS] [PB DR]","AD - TOFU","[PUBLICO ENG.] [DR]",unknown,inactive,ad,1,2,0.5,,0.22,,,,,110,,,,,,,,,2026-01-01,2026-05-25
"[C] [LM - TESTE] [ABO]","AD - JADE TOFU 19-05 BM JADE + DENA — Cópia","[BM JADE]",unknown,inactive,ad,1,2,0.5,,0.07,,,,,35,,,,,,,,,2026-01-01,2026-05-25
"[C] [LM - PRINCIPAL][EX. BASE] [ADV. +] [CBO]","ADS - AINA","[AQUISIÇÃO]  [ADV. +]",unknown,inactive,ad,1,2,1,,0.12000234,,,,,60.00117053,,,,,,,,,2026-01-01,2026-05-25
"[C] [JEJOOM] [CBO]","ADS - LARISSA 07/01","[PUBLICO LARISSA]",unknown,archived,ad,1,2,0.5,,0.07000247,,1,,,35.00123423,,,,,,,,,2026-01-01,2026-05-25
"[C] [LM - RMKT] [ADV. ABO]","AD - MOFU LARISSA LEMOS  REFAÇÃO 17-05","[RMKT LARANJA MORO-REATIVAÇÃO BASE QUENTE]",unknown,inactive,ad,1,2,0,,0.01999753,,,,,9.99876686,,,,,,,,,2026-01-01,2026-05-25
"[C] [LM - TESTE] [ABO]","AD - ANA MOFU","teste aquisição ate dia 15  - Lm",unknown,inactive,ad,1,2,0,,0.0300008,,1,,,15.00039973,,,,,,,,,2026-01-01,2026-05-25
"[C] [VARIOS PRODUTO] [ABO] [BID]","AD11 - EVELYN","[VINAGRE] [RMKT]",unknown,inactive,ad,1,2,0,,0.49,1,,0.49,,245,,,,0,,,,,2026-01-01,2026-05-25
"[C] [LM - TESTE] [ABO]","ADS 2","Evelyn Regly - LM",unknown,not_delivering,ad,1,2,0,,0.13,,,,,65,,,,,,,,,2026-01-01,2026-05-25
"[C] [TONS] [PB DR]",tons2_rmkt_20-10-2025-pagdenavita,rmkt_tons_estáticos_visitantes-engajado-compradores_max-conv_cpa35_02-09-2025_7,unknown,not_delivering,ad,1,2,0,,0.16000189,,1,,,80.00094658,,,,,,,,,2026-01-01,2026-05-25
"[C] [LM - RMKT] [ADV. ABO]","AD - BOFU 1 — Cópia — Cópia","[RMKT LARANJA MORO-REATIVAÇÃO BASE QUENTE]",unknown,inactive,ad,1,2,0,,0.05,,,,,25,,,,,,,,,2026-01-01,2026-05-25
"[C] [LM - TESTE] [ABO]","AD - NIVER 2","[HIBRIDO] [ESTATICO ORG.] [BID 60]",unknown,inactive,ad,1,2,0,,0.03,,1,,,15,,,,,,,,,2026-01-01,2026-05-25
"[C] [LM - TESTE] [ABO]","AD - LUCIANA TOFU — Cópia","teste publico novo - bid",prospecting,not_delivering,ad,1,2,0,,0.14,,,,,70,,,,,,,,,2026-01-01,2026-05-25
"[C] [LM - TESTE] [ABO]","ADS1 - TIPO 2 04-03","Carrossel - Lm",engaged,inactive,ad,1,2,0,,0.19,,,,,95,,,,,,,,,2026-01-01,2026-05-25
"[C] [TONS] [PB DR]",tons4_rmkt_20-10-2025,rmkt_tons_estáticos_visitantes-engajado-compradores_max-conv_cpa35_02-09-2025_7,unknown,not_delivering,ad,1,2,0,,0.10000578,,2,,,50.00288949,,,1,,,,,,2026-01-01,2026-05-25
"[C] [LM - PRINCIPAL][EX. BASE] [ADV. +] [CBO]","AD - BOFU","[EXCLUSÃO BASE] [ADV. +]",unknown,inactive,ad,1,2,0,,0.09000062,,,,,45.00031244,,,,,,,,,2026-01-01,2026-05-25
"[C] [LM - PRINCIPAL][EX. BASE] [ADV. +] [CBO]","ADS - ANA ELISA","[AQUISIÇÃO]  [ADV. +]",unknown,inactive,ad,1,2,0,,0.14,,1,,,70,,,,,,,,,2026-01-01,2026-05-25
"[C] [TONS] [PB DR]","ADS 3 - 18-02","[PUBLICO ENG.] [DR]",unknown,archived,ad,1,2,0,,0.05000044,,,,,25.00022101,,,,,,,,,2026-01-01,2026-05-25
"[C] [LM - PRINCIPAL][EX. BASE] [ADV. +] [CBO]","AD - TOFU/MOFU",[EVELIN],unknown,inactive,ad,1,2,0,,0.05,,,,,25,,,,,,,,,2026-01-01,2026-05-25
"[C] [VARIOS PRODUTO] [ABO] [BID]","AD - RMKT 3","[COENZIMA] [RMKT]",unknown,inactive,ad,1,2,0,,0.04999865,,,,,24.99932709,,,,,,,,,2026-01-01,2026-05-25
"[C] [TONS] [PB DR]",AD10,"[PUBLICO ABERTO]",unknown,not_delivering,ad,1,2,1,,0.20999474,1,,0.20999474,,104.99736858,,,,0,,,,,2026-01-01,2026-05-25
"[C] [LM - TESTE] [ABO]","AD - EVELYN TOFU",EVELIN,unknown,active,ad,1,2,0,,0,,,,,0,,,,,,,,,2026-01-01,2026-05-25
"[C] [TONS] [PB DR]","tons1_rmkt_20-10-2025 — Cópia","[PUBLICO ENG.] [DR]",unknown,inactive,ad,1,2,0,,0.30999745,,,,,154.99872748,,,,,,,,,2026-01-01,2026-05-25
"[C] [VARIOS PRODUTO] [ABO] [BID]","AD - MOFU MARCELA 17-05","[VINAGRE] [RMKT]",unknown,inactive,ad,1,2,0,,0.04,,,,,20,,,,,,,,,2026-01-01,2026-05-25
"[C] [LM - TESTE] [ABO]",AD3,"Nutri - Tons [Teste até 13-03]",unknown,not_delivering,ad,1,2,0,,0.14,,,,,70,,,,,,,,,2026-01-01,2026-05-25
"[C] [LM - PRINCIPAL][EX. BASE] [ADV. +] [CBO]","AD - DANI TOFU","[EXCLUSÃO BASE] [ADV. +]",unknown,active,ad,1,2,0,,0.03000632,,,,,15.00315956,,,,,,,,,2026-01-01,2026-05-25
"[C] [LM - TESTE] [ABO]",ADS4,"Influ Sabrina - Vm [Teste até 13-03]",unknown,archived,ad,1,2,0,,0.28000162,,1,,,140.00081065,,,,,,,,,2026-01-01,2026-05-25
"[C] [LM - TESTE] [ABO]","AD - ISA MOFU","teste aquisição ate dia 15  - Lm",unknown,inactive,ad,1,2,0,,0.17999121,,,,,89.99560533,,,,,,,,,2026-01-01,2026-05-25
"[C] [LM - TESTE] [ABO]","AD - RMK NIVER 2","[BM] [ANA ELISA]",unknown,inactive,ad,1,2,0,,0,,,,,0,,,,,,,,,2026-01-01,2026-05-25
"[C] [TONS] [PB DR]","AD3 - MOFU","[PUBLICO ABERTO]",unknown,inactive,ad,1,2,0,,0.14000722,,6,,,70.00361042,,,2,,,,,,2026-01-01,2026-05-25
"[C] [TONS] [PB DR]",tons_sabrina_video-reels_23-09-2025,"[PUBLICO ENG.] [DR]",unknown,archived,ad,1,2,0,,0.26999123,,,,,134.99561706,,,,,,,,,2026-01-01,2026-05-25
"[C] [LM - TESTE] [ABO]","CARROSSEL 3 - 18-02","Carrossel - Lm",existing,not_delivering,ad,1,2,0,,0.03,,,,,15,,,,,,,,,2026-01-01,2026-05-25
"[C] [LM - RMKT] [ADV. ABO]","[VERÃO 3] [BOFU]","[RMKT LARANJA MORO-REATIVAÇÃO BASE QUENTE]",unknown,not_delivering,ad,1,2,0,,0.05000583,,2,,,25.00291283,,,,,,,,,2026-01-01,2026-05-25
"[C] [LM - TESTE] [ABO]","AD - MOFU ANA ELISA","[BM] [ANA ELISA]",unknown,not_delivering,ad,1,2,0.5,,0.01999858,,,,,9.99929039,,,,,,,,,2026-01-01,2026-05-25
"[C] [LM - PRINCIPAL][EX. BASE] [ADV. +] [CBO]","AD - EVELYN TOFU","[EXCLUSÃO BASE] [ADV. +]",unknown,inactive,ad,1,2,0,,0.06000032,,,,,30.00015771,,,,,,,,,2026-01-01,2026-05-25
"[C] [LM - TESTE] [ABO]","Criativo Versão 2 - Sabrina 29/12 — Cópia","teste aquisição ate dia 15  - Lm",unknown,inactive,ad,1,2,0,,0.02,,,,,10,,,,,,,,,2026-01-01,2026-05-25
"[C] [LM - TESTE] [ABO]","AD - LIS TOFU","Conj - Vm",unknown,inactive,ad,1,2,1,,0.10999754,,2,,,54.99876802,,,,,,,,,2026-01-01,2026-05-25
"[C] [TONS] [PB DR]","AD- NIVER","TONS TESTE",unknown,inactive,ad,1,2,0,,0.16000112,,1,,,80.00055842,,,,,,,,,2026-01-01,2026-05-25
"[C] [LM - TESTE] [ABO]",AD1,"Arte - Organica Tons ###",unknown,not_delivering,ad,1,2,0,,0.11999759,,2,,,59.99879706,,,,,,,,,2026-01-01,2026-05-25
"[C] [LM - TESTE] [ABO]","AD - ORG 2 TOFU","Conj - Vm",unknown,inactive,ad,1,2,0,,0.14999457,,1,,,74.99728572,,,,,,,,,2026-01-01,2026-05-25
"[C] [LM - RMKT] [ADV. ABO]","AD - MOFU ISA NOGUEIRA  REFAÇÃO 17-05","[RMKT LARANJA MORO-REATIVAÇÃO BASE QUENTE]",unknown,inactive,ad,1,2,0,,0.02,,,,,10,,,,,,,,,2026-01-01,2026-05-25
"[C] [LM - TESTE] [ABO]","AD - LUCIANA MOFU 2 — Cópia — Cópia","teste publico novo - bid",existing,not_delivering,ad,1,2,0.5,,0.1,,,,,50,,,,,,,,,2026-01-01,2026-05-25
"[C] [LM - TESTE] [ABO]",ADS,"Conj. - Q10",unknown,not_delivering,ad,1,2,0.5,,0.07999686,,2,,,39.9984319,,,,,,,,,2026-01-01,2026-05-25
"[C] [JEJOOM] [CBO]","AD - RMKT PERFIL MORG + DENA",[RMK],unknown,inactive,ad,1,2,0,,0.02999964,,,,,14.99982144,,,,,,,,,2026-01-01,2026-05-25
"[C] [LM - TESTE] [ABO]",AD3,"Arte - Organica Tons ###",unknown,inactive,ad,1,2,0,,0.06999835,,,,,34.99917273,,,,,,,,,2026-01-01,2026-05-25
"[C] [TONS] [PB DR]","AD- NIVER 3","TONS TESTE",unknown,inactive,ad,1,2,0,,0.28999757,1,1,0.28999757,,144.99878717,"Compras no site",0.28999757,,1,1,796.31700549,"Valor de conversão da compra no site",230.93,2026-01-01,2026-05-25
"[C] [LM - PRINCIPAL][EX. BASE] [ADV. +] [CBO]","ADS. VIDEO INFLU — Cópia — Cópia","[AQUISIÇÃO]  [ADV. +]",unknown,inactive,ad,1,2,0.5,,0.02000137,,1,,,10.00068573,,,,,,,,,2026-01-01,2026-05-25
"[C] [LM - TESTE] [ABO]","AD - RMK NIVER 4","[BM] [ANA ELISA]",unknown,inactive,ad,1,2,0.5,,0,,,,,0,,,,,,,,,2026-01-01,2026-05-25
"[C] [TONS] [PB DR]","tons 3 - 25-11 — Cópia","[PUBLICO ENG.] [DR]",unknown,active,ad,1,2,0,,0.04002246,,4,,,20.01123111,,,,,,,,,2026-01-01,2026-05-25
"[C] [LM - PRINCIPAL][EX. BASE] [ADV. +] [CBO]","CRIATIVO 2 RMKT — Cópia","LP - 2",existing,archived,ad,1,2,0,,0,,,,,0,,,,,,,,,2026-01-01,2026-05-25
"[C] [LM - PRINCIPAL][EX. BASE] [ADV. +] [CBO]","CRIATIVO 2 RMKT — Cópia","LP - ATUAL",prospecting,archived,ad,1,1,0,,0,,,,,0,,,,,,,,,2026-01-01,2026-05-25
"[C] [VARIOS PRODUTO] [ABO] [BID]","AD - BOFU RMKT1 17-05","[INOSITOL] [RMKT]",unknown,not_delivering,ad,1,1,0,,0.11,,,,,110,,,,,,,,,2026-01-01,2026-05-25
"[C] [TONS] [PB DR]","AD - REFAÇAO","[PUBLICO ENG.] [DR]",unknown,active,ad,1,1,3,,0.01000455,,1,,,10.00454862,,,,,,,,,2026-01-01,2026-05-25
"[C] [LM - TESTE] [ABO]",AD2,"Influ Dani - Vm",unknown,not_delivering,ad,1,1,0,,0.28,1,1,0.28,,280,,,,0,,,,,2026-01-01,2026-05-25
"[C] [LM - PRINCIPAL][EX. BASE] [ADV. +] [CBO]","ADS - EVELYN 2","[AQUISIÇÃO]  [ADV. +]",unknown,inactive,ad,1,1,0,,0.1,,,,,100,,,,,,,,,2026-01-01,2026-05-25
"[C] [TONS] [PB DR]","AD -   TOFU","[PUBLICO ENG.] [DR]",existing,archived,ad,1,1,1,,0.13,,,,,130,,,,,,,,,2026-01-01,2026-05-25
"[C] [LM - TESTE] [ABO]","AD - BOFU — Cópia","[HIBRIDO] [ESTATICO ORG.] [BID 60]",unknown,inactive,ad,1,1,1,,0.05000123,,,,,50.00123226,,,,,,,,,2026-01-01,2026-05-25
"[C] [LM - TESTE] [ABO]","AD - JADE JEJOOM TOFU","[BM JADE]",unknown,inactive,ad,1,1,0,,0,,1,,,0,,,,,,,,,2026-01-01,2026-05-25
"[C] [TONS] [PB DR]","ADS - MEIO 13-02-2026 — Cópia","[PUBLICO ENG.] [DR]",unknown,archived,ad,1,1,1,,0.28,,,,,280,,,,,,,,,2026-01-01,2026-05-25
"[C] [JEJOOM] [CBO]","ADS - MORGANA 2 24-12 — Cópia","[CAMPANHA AQUISIÇÃO]",unknown,inactive,ad,1,1,0,,0.11000518,,1,,,110.0051798,,,,,,,,,2026-01-01,2026-05-25
"[C] [LM - TESTE] [ABO]","Criativo 1 - Brenda 29/12 — Cópia","Lm Perfil Novo",unknown,not_delivering,ad,1,1,1,,0,,,,,0,,,,,,,,,2026-01-01,2026-05-25
"[C] [LM - PRINCIPAL][EX. BASE] [ADV. +] [CBO]","CRIATIVO 2 RMKT — Cópia","LP - ATUAL",existing,archived,ad,1,1,0,,0.02,,,,,20,,,,,,,,,2026-01-01,2026-05-25
"[C] [LM - PRINCIPAL][EX. BASE] [ADV. +] [CBO]","CRIATIVO 2 RMKT — Cópia","LP - ATUAL",engaged,archived,ad,1,1,0,,0,,,,,0,,,,,,,,,2026-01-01,2026-05-25
"[C] [LM - TESTE] [ABO]","AD - 6","[MOFU] [TIK TOK] - TESTE ATÉ 20-05",unknown,not_delivering,ad,1,1,0,,0.02,,,,,20,,,,,,,,,2026-01-01,2026-05-25
"[C] [LM - TESTE] [ABO]","AD - MOFU","[TOFU] [TIK TOK] [EXCLUSAÕ BASE] [BID 60] - TESTE ATÉ 20-05",unknown,inactive,ad,1,1,1,,0.03998533,,,,,39.98532828,,,1,,,,,,2026-01-01,2026-05-25
"[C] [VARIOS PRODUTO] [ABO] [BID]","AD10 - INGRID","[VINAGRE] [RMKT]",unknown,inactive,ad,1,1,0,,0.34983424,,,,,349.83423875,,,2,,,,,,2026-01-01,2026-05-25
"[C] [LM - PRINCIPAL][EX. BASE] [ADV. +] [CBO]","ADS - ISA 3","[AQUISIÇÃO]  [ADV. +]",unknown,inactive,ad,1,1,0,,0.11000585,,,,,110.00585246,,,,,,,,,2026-01-01,2026-05-25
"[C] [LM - TESTE] [ABO]","ADS 4 — Cópia","Influ Evelyn BM -VM",unknown,inactive,ad,1,1,0,,0.1299966,,2,,,129.99660323,,,1,,,,,,2026-01-01,2026-05-25
"[C] [LM - PRINCIPAL][EX. BASE] [ADV. +] [CBO]","AD -TOFU PRI","[AQUISIÇÃO]  [ADV. +]",unknown,inactive,ad,1,1,0,,0,,,,,0,,,,,,,,,2026-01-01,2026-05-25
"[C] [LM - TESTE] [ABO]","AD -  EVELYN",EVELIN,unknown,active,ad,1,1,0,,0,,,,,0,,,,,,,,,2026-01-01,2026-05-25
"[C] [LM - TESTE] [ABO]","AD - MOFU","teste aquisição ate dia 15  - Lm",unknown,inactive,ad,1,1,0,,0,,1,,,0,,,,,,,,,2026-01-01,2026-05-25
"[C] [LM - RMKT] [ADV. ABO]","AD - RMKT — Cópia","[RMKT LARANJA MORO-REATIVAÇÃO BASE QUENTE]",unknown,inactive,ad,1,1,0,,0.02,,,,,20,,,,,,,,,2026-01-01,2026-05-25
"[C] [TONS] [PB DR]","AD- NIVER 5","TONS TESTE",unknown,not_delivering,ad,1,1,0,,0.05,,,,,50,,,,,,,,,2026-01-01,2026-05-25
"[C] [LM - TESTE] [ABO]","AD - tofu  teste ate 09-05 — Cópia","[TOFU] [TIK TOK] [EXCLUSAÕ BASE] [BID 60] - TESTE ATÉ 20-05",unknown,inactive,ad,1,1,0,,0.01,,,,,10,,,,,,,,,2026-01-01,2026-05-25
"[C] [JEJOOM] [CBO]","ADS - MORGANA","[CAMPANHA AQUISIÇÃO]",unknown,inactive,ad,1,1,0,,0.04999953,,,,,49.99953463,,,,,,,,,2026-01-01,2026-05-25
"[C] [LM - TESTE] [ABO]",ADS1,"Influ Morgana - Jejoom",unknown,inactive,ad,1,1,0,,0.08,,,,,80,,,,,,,,,2026-01-01,2026-05-25
"[C] [LM - TESTE] [ABO]","AD - NIVER — Cópia","Conj - Vm",unknown,inactive,ad,1,1,0,,0.08999897,,,,,89.99897219,,,,,,,,,2026-01-01,2026-05-25
"[C] [LM - PRINCIPAL][EX. BASE] [ADV. +] [CBO]","AD - JESSICA TOFU — Cópia","[AQUISIÇÃO]  [ADV. +]",unknown,inactive,ad,1,1,1,,0.00999968,,1,,,9.99968093,,,,,,,,,2026-01-01,2026-05-25
"[C] [LM - PRINCIPAL][EX. BASE] [ADV. +] [CBO]","AD - tofu  teste ate 09-05","[AQUISIÇÃO]  [ADV. +]",existing,inactive,ad,1,1,0,,0,,,,,0,,,,,,,,,2026-01-01,2026-05-25
"[C] [TONS] [PB DR]","AD1 - VERAO — Cópia","LP NOVA",unknown,inactive,ad,1,1,0,,0.11996768,,,,,119.96767894,,,,,,,,,2026-01-01,2026-05-25
"[C] [LM - PRINCIPAL][EX. BASE] [ADV. +] [CBO]","Rmkt Dani 2 — Cópia","LP - ATUAL",unknown,archived,ad,1,1,0,,0.06999851,,,,,69.99851128,,,,,,,,,2026-01-01,2026-05-25
"[C] [VARIOS PRODUTO] [ABO] [BID]","AD - RMKT 4","[COENZIMA] [RMKT]",unknown,not_delivering,ad,1,1,0,,0.2,,,,,200,,,,,,,,,2026-01-01,2026-05-25
"[C] [LM - TESTE] [ABO]","AD - EVELYN TOFU","[TESTE PB FECHADO]",unknown,active,ad,1,1,0,,0.02000378,,,,,20.00377789,,,,,,,,,2026-01-01,2026-05-25
"[C] [LM - PRINCIPAL][EX. BASE] [ADV. +] [CBO]","ADS - KAMILI","[AQUISIÇÃO]  [ADV. +]",unknown,inactive,ad,1,1,0,,0.18,,,,,180,,,,,,,,,2026-01-01,2026-05-25
"[C] [LM - RMKT] [ADV. ABO]","AD - DANI TOFU — Cópia","[RMKT LARANJA MORO-REATIVAÇÃO BASE QUENTE]",unknown,inactive,ad,1,1,0,,0,,,,,0,,,,,,,,,2026-01-01,2026-05-25
"[C] [LM - TESTE] [ABO]","Video 2 Larissa Lemos - 13-10-2025","Influ Larissa Lemos - Lm",prospecting,archived,ad,1,1,0,,0.01,,,,,10,,,,,,,,,2026-01-01,2026-05-25
"[C] [LM - TESTE] [ABO]","AD - MOFU — Cópia","teste publico novo - bid",engaged,not_delivering,ad,1,1,0,,0.01,,,,,10,,,,,,,,,2026-01-01,2026-05-25
"[C] [LM - TESTE] [ABO]","AD - MOFU — Cópia","teste publico novo - bid",existing,not_delivering,ad,1,1,1,,0,,,,,0,,,,,,,,,2026-01-01,2026-05-25
"[C] [LM - TESTE] [ABO]","AD - LUCIANA MOFU 2 — Cópia — Cópia","teste publico novo - bid",prospecting,not_delivering,ad,1,1,1,,0,,,,,0,,,,,,,,,2026-01-01,2026-05-25
"[C] [LM - TESTE] [ABO]","AD - RMK EVELYN",EVELIN,unknown,active,ad,1,1,0,,0,,,,,0,,,,,,,,,2026-01-01,2026-05-25
"[C] [LM - PRINCIPAL][EX. BASE] [ADV. +] [CBO]","AD - tofu  teste ate 09-05","[AQUISIÇÃO]  [ADV. +]",engaged,inactive,ad,1,1,0,,0.03,,,,,30,,,,,,,,,2026-01-01,2026-05-25
"[C] [LM - TESTE] [ABO]","ADS - RAIZA 3 — Cópia","teste aquisição ate dia 15  - Lm",unknown,inactive,ad,1,1,0,,0,,,,,0,,,,,,,,,2026-01-01,2026-05-25
"[C] [LM - TESTE] [ABO]","Video 2 Larissa Lemos - 13-10-2025","Influ Larissa Lemos - Lm",engaged,archived,ad,1,1,0,,0,,,,,0,,,,,,,,,2026-01-01,2026-05-25
"[C] [VARIOS PRODUTO] [ABO] [BID]","AD - TOFU — Cópia — Cópia","[VINAGRE] [RMKT]",unknown,active,ad,1,1,0,,0.06000703,,,,,60.00703235,,,,,,,,,2026-01-01,2026-05-25
"[C] [TONS] [PB DR]","ADS 3 - MES DO CLIENTE","[PUBLICO ENG.] [DR]",unknown,archived,ad,1,1,0,,0.01999845,,,,,19.99845196,,,,,,,,,2026-01-01,2026-05-25
"[C] [LM - TESTE] [ABO]","AD - BOFU — Cópia — Cópia — Cópia","[BM JADE]",unknown,inactive,ad,1,1,0,,0.01,,,,,10,,,,,,,,,2026-01-01,2026-05-25
"[C] [TONS] [PB DR]","AD - SHOOTING TOFU 2","[PUBLICO ENG.] [DR]",unknown,inactive,ad,1,1,3,,0.04999928,,,,,49.99928028,,,,,,,,,2026-01-01,2026-05-25
"[C] [TONS] [PB DR]",tons_dr-ursinho-melasma2-13-10-2025,"LP NOVA",unknown,inactive,ad,1,1,0,,0.17,,,,,170,,,,,,,,,2026-01-01,2026-05-25
"[C] [LM - RMKT] [ADV. ABO]","ADS 1 — Cópia","[RMKT LARANJA MORO-REATIVAÇÃO BASE QUENTE]",unknown,not_delivering,ad,1,1,1,,0.54995932,,,,,549.95932354,,,,,,,,,2026-01-01,2026-05-25
"[C] [JEJOOM] [CBO]","AD - MOFU PRI 17-05",[RMK],unknown,inactive,ad,1,1,0,,0,,1,,,0,,,,,,,,,2026-01-01,2026-05-25
"[C] [TONS] [PB DR]","AD - TOFU 2","TONS TESTE",unknown,not_delivering,ad,1,1,1,,0,,,,,0,,,,,,,,,2026-01-01,2026-05-25
"[C] [LM - RMKT] [ADV. ABO]","AD - ANA ELISA","[RMKT LARANJA MORO-REATIVAÇÃO BASE QUENTE]",unknown,inactive,ad,1,1,0,,0,,,,,0,,,,,,,,,2026-01-01,2026-05-25
"[C] [VARIOS PRODUTO] [ABO] [BID]","AD2 — Cópia","[VINAGRE] [RMKT]",unknown,inactive,ad,1,1,0,,0.01,,,,,10,,,,,,,,,2026-01-01,2026-05-25
"[C] [LM - TESTE] [ABO]",ADS9,"Influ Morgana - Jejoom",unknown,inactive,ad,1,1,0,,0.04,,,,,40,,,,,,,,,2026-01-01,2026-05-25
"[C] [LM - TESTE] [ABO]",AD2,"Adeli - Lm e Vm",unknown,not_delivering,ad,1,1,1,,0.05,,,,,50,,,,,,,,,2026-01-01,2026-05-25
"[C] [LM - RMKT] [ADV. ABO]","AD - JADE TOFU 19-05 BM JADE + DENA — Cópia — Cópia — Cópia","[RMKT LARANJA MORO-REATIVAÇÃO BASE QUENTE]",unknown,inactive,ad,1,1,0,,0,,,,,0,,,,,,,,,2026-01-01,2026-05-25
"[C] [VARIOS PRODUTO] [ABO] [BID]","AD - PROMO BOFU","[VINAGRE] [RMKT]",unknown,inactive,ad,1,1,0,,1.07995835,,2,,,1079.9583455,,,,,,,,,2026-01-01,2026-05-25
"[C] [TONS] [PB DR]","ADS - DR 1","[PUBLICO ENG.] [DR]",unknown,inactive,ad,1,1,0,,0.0400048,,,,,40.00480471,,,,,,,,,2026-01-01,2026-05-25
"[C] [TONS] [PB DR]","AD - MOFU 7","TONS TESTE",existing,inactive,ad,1,1,0,,0.08,,,,,80,,,,,,,,,2026-01-01,2026-05-25
"[C] [TONS] [PB DR]","tons_dr-ursinho_video-reels_18-08-2026 — Cópia","LP NOVA",unknown,inactive,ad,1,1,1,,0,,,,,0,,,,,,,,,2026-01-01,2026-05-25
"[C] [LM - TESTE] [ABO]","AD3 — Cópia","[TOFU] [TIK + ORG ] [ABERTO]",unknown,inactive,ad,1,1,0,,0,,,,,0,,,,,,,,,2026-01-01,2026-05-25
"[C] [LM - TESTE] [ABO]","AD - MOFU ANA ELISA REFAÇÃO 17-05","[BM] [ANA ELISA]",unknown,inactive,ad,1,1,0,,0.00999955,,,,,9.99954686,,,,,,,,,2026-01-01,2026-05-25
"[C] [LM - TESTE] [ABO]","Criativo Versão 3 - Sabrina 29/12","Influ Sabrina - LM TESTE TRAVA DE CPA",existing,archived,ad,1,1,0,,0.01,,,,,10,,,,,,,,,2026-01-01,2026-05-25
"[C] [JEJOOM] [CBO]","AD - SABRINA","[CAMPANHA AQUISIÇÃO]",unknown,inactive,ad,1,1,0,,0.36,,,,,360,,,,,,,,,2026-01-01,2026-05-25
"[C] [JEJOOM] [CBO]","AD3 - ORGANICO","[CAMPANHA AQUISIÇÃO]",unknown,inactive,ad,1,1,0,,0.16000822,,,,,160.00821994,,,,,,,,,2026-01-01,2026-05-25
"[C] [JEJOOM] [CBO]","AD - RMKT PERFIL LARI + DENA",[RMK],uncategorized,active,ad,0,1,0,,0,,,,,0,,,,,,,,,2026-01-01,2026-05-25
"[C] [LM - TESTE] [ABO]",AD1,"Influ Adeli - Lm",unknown,not_delivering,ad,1,1,0,,0.11999531,,,,,119.99531287,,,,,,,,,2026-01-01,2026-05-25
"[C] [JEJOOM] [CBO]","AD - MORGANA TOFU",[RMK],unknown,inactive,ad,1,1,1,,0.01,,,,,10,,,,,,,,,2026-01-01,2026-05-25
"[C] [LM - RMKT] [ADV. ABO]","ADSS - ORGANICO 2","[RMKT LARANJA MORO-REATIVAÇÃO BASE QUENTE]",unknown,inactive,ad,1,1,0,,0.05000256,,,,,50.0025565,,,,,,,,,2026-01-01,2026-05-25
"[C] [LM - TESTE] [ABO]","CARROSSEL 1 - 18-02","Carrossel - Lm",unknown,not_delivering,ad,1,1,0,,0.03,,1,,,30,,,,,,,,,2026-01-01,2026-05-25
"[C] [LM - PRINCIPAL][EX. BASE] [ADV. +] [CBO]","CRIATIVO 2 RMKT — Cópia","LP - 2",engaged,archived,ad,1,1,0,,0,,,,,0,,,,,,,,,2026-01-01,2026-05-25
"[C] [LM - PRINCIPAL][EX. BASE] [ADV. +] [CBO]","AD - LEVE 3 PAGUE 2 — Cópia","[EXCLUSÃO BASE] [ADV. +]",unknown,inactive,ad,1,1,0,,0,,,,,0,,,,,,,,,2026-01-01,2026-05-25
"[C] [TONS] [PB DR]","AD- NIVER 4","TONS TESTE",unknown,not_delivering,ad,1,1,0,,0.02,,,,,20,,,,,,,,,2026-01-01,2026-05-25
"[C] [VARIOS PRODUTO] [ABO] [BID]",ADS,"[COENZIMA] [RMKT]",unknown,not_delivering,ad,1,1,2,,0.01,,,,,10,,,,,,,,,2026-01-01,2026-05-25
"[C] [LM - RMKT] [ADV. ABO]",04-04,"[RMKT LARANJA MORO-REATIVAÇÃO BASE QUENTE]",unknown,not_delivering,ad,1,1,0,,0,,,,,0,,,,,,,,,2026-01-01,2026-05-25
"[C] [LM - PRINCIPAL][EX. BASE] [ADV. +] [CBO]","CRIATIVO 2 RMKT — Cópia","LP - 2",prospecting,archived,ad,1,1,0,,0,,,,,0,,,,,,,,,2026-01-01,2026-05-25
"[C] [LM - TESTE] [ABO]","AD - 5","[MOFU] [TIK TOK] - TESTE ATÉ 20-05",unknown,not_delivering,ad,1,1,0,,0.06000853,,,,,60.00852878,,,,,,,,,2026-01-01,2026-05-25
"[C] [LM - TESTE] [ABO]","AD - MOFU ate 14-05 — Cópia","[TOFU] [TIK + ORG ] [ABERTO]",unknown,inactive,ad,1,1,0,,0.00999927,,,,,9.99927259,,,,,,,,,2026-01-01,2026-05-25
"[C] [LM - TESTE] [ABO]","ADS1 - 18-02 — Cópia","Carrossel - Lm",unknown,inactive,ad,1,1,0,,0.7500372,,,,,750.03720146,,,,,,,,,2026-01-01,2026-05-25
"[C] [LM - TESTE] [ABO]",AD1,"Influ Marcela Jacaré - Vm",unknown,archived,ad,1,1,0,,0.02998911,,,,,29.98911334,,,,,,,,,2026-01-01,2026-05-25
"[C] [LM - TESTE] [ABO]","ADS 1 - NOVO","Evelyn Regly BM - LM",unknown,not_delivering,ad,1,1,1,,0.029999,,,,,29.99900362,,,,,,,,,2026-01-01,2026-05-25
"[C] [LM - TESTE] [ABO]","ADS1 - VM","Arte Organica - VM",unknown,archived,ad,1,1,0,,0.14,,,,,140,,,,,,,,,2026-01-01,2026-05-25
"[C] [LM - TESTE] [ABO]","AD - BOFU","Conj. - Tipo 2",unknown,not_delivering,ad,1,1,0,,0.05,,,,,50,,,,,,,,,2026-01-01,2026-05-25
"[C] [LM - PRINCIPAL][EX. BASE] [ADV. +] [CBO]","ADS - LARISSA — Cópia","[AQUISIÇÃO]  [ADV. +]",unknown,inactive,ad,1,1,0,,0.07000079,,,,,70.00078912,,,,,,,,,2026-01-01,2026-05-25
"[C] [JEJOOM] [CBO]","ADS - LARI 6","[CAMPANHA AQUISIÇÃO]",unknown,inactive,ad,1,1,0,,0.06999884,,,,,69.99884283,,,,,,,,,2026-01-01,2026-05-25
"[C] [LM - TESTE] [ABO]","AD - NIVER","Conj. - Q10",unknown,not_delivering,ad,1,1,0,,0,,,,,0,,,,,,,,,2026-01-01,2026-05-25
"[C] [LM - PRINCIPAL][EX. BASE] [ADV. +] [CBO]","AD - TOFU","[AQUISIÇÃO]  [ADV. +]",unknown,inactive,ad,1,1,1,,0.06,,1,,,60,,,,,,,,,2026-01-01,2026-05-25
"[C] [LM - TESTE] [ABO]","ADS 3- SABRINA","Influ Sabrina - Tons",unknown,not_delivering,ad,1,1,0,,0.12,,,,,120,,,,,,,,,2026-01-01,2026-05-25
"[C] [TONS] [PB DR]",tons_dr-ursinho_video-reels_10-07-2025_mais-qual-usar,"LP NOVA",unknown,inactive,ad,1,1,0,,0.04,,,,,40,,,,,,,,,2026-01-01,2026-05-25
"[C] [LM - TESTE] [ABO]",AD4,"Arte - Organica Lm",unknown,not_delivering,ad,1,1,0,,0.07,,,,,70,,,,,,,,,2026-01-01,2026-05-25
"[C] [LM - PRINCIPAL][EX. BASE] [ADV. +] [CBO]","AD - JADE TOFU — Cópia","[EXCLUSÃO BASE] [ADV. +]",unknown,inactive,ad,1,1,0,,0,,,,,0,,,,,,,,,2026-01-01,2026-05-25
"[C] [LM - RMKT] [ADV. ABO]","ADS - RAIZA VM","[RMKT LARANJA MORO-REATIVAÇÃO BASE QUENTE]",unknown,inactive,ad,1,1,0,,0.24,,,,,240,,,,,,,,,2026-01-01,2026-05-25
"[C] [VARIOS PRODUTO] [ABO] [BID]","AD - ORG 2 TOFU/MOFU","[VINAGRE] [RMKT]",unknown,inactive,ad,1,1,0,,0,,,,,0,,,,,,,,,2026-01-01,2026-05-25
"[C] [TONS] [PB DR]","AD5 — Cópia","[PUBLICO ENG.] [DR]",unknown,inactive,ad,1,1,0,,0,,,,,0,,,,,,,,,2026-01-01,2026-05-25
"[C] [LM - TESTE] [ABO]","ADS - INFLU ANA ELISA","teste aquisição ate dia 15  - Lm",unknown,inactive,ad,1,1,1,,0.01,1,,0.01,,10,,,,0,,,,,2026-01-01,2026-05-25
"[C] [LM - PRINCIPAL][EX. BASE] [ADV. +] [CBO]",AD3,"TESTE RACHEL ATE 21-03",unknown,archived,ad,1,1,0,,0.04,,,,,40,,,,,,,,,2026-01-01,2026-05-25
"[C] [LM - TESTE] [ABO]","AD - DANI TOFU 3","[BOFU] [ADV+ ABERTO] [ESTATICO]",unknown,not_delivering,ad,1,1,1,,0,,,,,0,,,,,,,,,2026-01-01,2026-05-25
"[C] [LM - TESTE] [ABO]","AD - NIVER 4","[HIBRIDO] [ESTATICO ORG.] [BID 60]",unknown,inactive,ad,1,1,0,,0.05999447,,,,,59.99447234,,,,,,,,,2026-01-01,2026-05-25
"[C] [LM - PRINCIPAL][EX. BASE] [ADV. +] [CBO]","Rmkt Dani 2 — Cópia","LP - 1",unknown,archived,ad,1,1,0,,0.11998073,,,,,119.98072645,,,,,,,,,2026-01-01,2026-05-25
"[C] [VARIOS PRODUTO] [ABO] [BID]","AD - BOFU RMKT4 17-05","[INOSITOL] [RMKT]",unknown,not_delivering,ad,1,1,0,,0.01,,,,,10,,,,,,,,,2026-01-01,2026-05-25
"[C] [VARIOS PRODUTO] [ABO] [BID]","ADS 3 - NOVO VM — Cópia","[VINAGRE] [RMKT]",unknown,inactive,ad,1,1,0,,0.04,,,,,40,,,,,,,,,2026-01-01,2026-05-25
"[C] [LM - TESTE] [ABO]","Criativo 2 - Versão 2 Reduzida","Influ Djeeny Kock",existing,archived,ad,1,1,0,,0.04,,,,,40,,,,,,,,,2026-01-01,2026-05-25
"[C] [LM - TESTE] [ABO]","AD4 — Cópia","[TOFU] [TIK + ORG ] [ABERTO]",unknown,inactive,ad,1,1,0,,0.01,,,,,10,,,,,,,,,2026-01-01,2026-05-25
"[C] [LM - TESTE] [ABO]","AD - 3","[TOFU] [TIK TOK] [EXCLUSAÕ BASE] [BID 60] - TESTE ATÉ 20-05",unknown,not_delivering,ad,1,1,0,,0.01,,,,,10,,,,,,,,,2026-01-01,2026-05-25
"[C] [LM - TESTE] [ABO]","AD1 — Cópia","[TOFU] [TIK + ORG ] [ABERTO]",unknown,inactive,ad,1,1,0,,0.06,,,,,60,,,,,,,,,2026-01-01,2026-05-25
"[C] [LM - TESTE] [ABO]","CARROSSEL 3 - 18-02","Carrossel - Lm",prospecting,not_delivering,ad,1,1,0,,0,,,,,0,,,,,,,,,2026-01-01,2026-05-25
"[C] [TONS] [PB DR]","AD - BOFU — Cópia","LP NOVA",unknown,not_delivering,ad,1,1,0,,0.06,,,,,60,,,,,,,,,2026-01-01,2026-05-25
"[C] [JEJOOM] [CBO]","AD - RMKT PERFIL DENA + JEJOOM",[RMK],unknown,active,ad,1,1,0,,0.22007449,,,,,220.0744921,,,,,,,,,2026-01-01,2026-05-25
"[C] [LM - PRINCIPAL][EX. BASE] [ADV. +] [CBO]","AD - TOFU","[MI RUBACK]",unknown,inactive,ad,1,1,0,,0,,,,,0,,,,,,,,,2026-01-01,2026-05-25
"[C] [VARIOS PRODUTO] [ABO] [BID]","AD - TOFU","[VINAGRE] [RMKT]",unknown,inactive,ad,1,1,1,,0.01,,,,,10,,,,,,,,,2026-01-01,2026-05-25
"[C] [LM - TESTE] [ABO]","ADS2- SABRINA","Conj. - Q10",unknown,inactive,ad,1,1,0,,0.01999965,,,,,19.99964634,,,,,,,,,2026-01-01,2026-05-25
"[C] [VARIOS PRODUTO] [ABO] [BID]","AD - RMKT","[COENZIMA] [RMKT]",unknown,inactive,ad,1,1,0,,0.09,,,,,90,,,,,,,,,2026-01-01,2026-05-25
"[C] [LM - RMKT] [ADV. ABO]","AD - MOFU EVELYN  REFAÇÃO 17-05","[RMKT LARANJA MORO-REATIVAÇÃO BASE QUENTE]",unknown,active,ad,1,1,1,,0.03,1,,0.03,,30,,,,0,,,,,2026-01-01,2026-05-25
"[C] [LM - TESTE] [ABO]","AD 1 DAI","[DAI - DUDA - ANA]",unknown,active,ad,1,1,0,,0.02999402,,,,,29.99401985,,,,,,,,,2026-01-01,2026-05-25
"[C] [LM - TESTE] [ABO]","EDITAR PARA CYBER","[BM] [ANA ELISA]",unknown,inactive,ad,1,1,1,,0.11,,,,,110,,,,,,,,,2026-01-01,2026-05-25
"[C] [LM - TESTE] [ABO]","AD - 1 — Cópia","Influ Sabrina - LM TESTE TRAVA DE CPA",unknown,archived,ad,1,1,0,,0.01000106,,,,,10.00106462,,,,,,,,,2026-01-01,2026-05-25
"[C] [LM - RMKT] [ADV. ABO]","laranja-moro_mi-ruback_02-07-2025_junto-com-cafe — Cópia — Cópia","[RMKT LARANJA MORO-REATIVAÇÃO BASE QUENTE]",unknown,inactive,ad,1,1,0,,0.03,,,,,30,,,,,,,,,2026-01-01,2026-05-25
"[C] [LM - TESTE] [ABO]",AD3,"Influ Ingrid - Vm",unknown,archived,ad,1,1,1,,0.1,,,,,100,,,,,,,,,2026-01-01,2026-05-25
"[C] [LM - PRINCIPAL][EX. BASE] [ADV. +] [CBO]","ADS - DANI","[AQUISIÇÃO]  [ADV. +]",unknown,inactive,ad,1,1,1,,0.04000021,,1,,,40.00021481,,,,,,,,,2026-01-01,2026-05-25
"[C] [LM - TESTE] [ABO]","AD -  EVELYN","[TESTE PB FECHADO]",unknown,active,ad,1,1,1,,0,,,,,0,,,,,,,,,2026-01-01,2026-05-25
"[C] [TONS] [PB DR]","ADS - 2025","[PUBLICO ENG.] [DR]",unknown,archived,ad,1,1,0,,0.05,,,,,50,,,,,,,,,2026-01-01,2026-05-25
"[C] [LM - RMKT] [ADV. ABO]","AD - MOFU ANA ELISA — Cópia","[RMKT LARANJA MORO-REATIVAÇÃO BASE QUENTE]",unknown,inactive,ad,1,1,0,,0,,,,,0,,,,,,,,,2026-01-01,2026-05-25
"[C] [LM - TESTE] [ABO]","ADS 2","Varias Influs - VM",unknown,inactive,ad,1,1,0,,0.13,,,,,130,,,,,,,,,2026-01-01,2026-05-25
"[C] [LM - TESTE] [ABO]","AD - NIVER 5","[HIBRIDO] [ESTATICO ORG.] [BID 60]",unknown,inactive,ad,1,1,0,,0,,,,,0,,,,,,,,,2026-01-01,2026-05-25
"[C] [LM - PRINCIPAL][EX. BASE] [ADV. +] [CBO]",AD2,"TESTE RACHEL ATE 21-03",unknown,archived,ad,1,1,1,,0.05998927,,,,,59.98926655,,,,,,,,,2026-01-01,2026-05-25
"[C] [LM - TESTE] [ABO]","AD - MARCELA TOFU","[BM] [MARCELA/PRI]",unknown,not_delivering,ad,1,1,0,,0.02,,1,,,20,,,,,,,,,2026-01-01,2026-05-25
"[C] [LM - TESTE] [ABO]","AD - RMK NIVER","[BM] [ANA ELISA]",unknown,inactive,ad,1,1,0,,0.03999093,,,,,39.99092747,,,,,,,,,2026-01-01,2026-05-25
"[C] [LM - PRINCIPAL][EX. BASE] [ADV. +] [CBO]","AD - ISA MOFU","[EXCLUSÃO BASE] [ADV. +]",unknown,inactive,ad,1,1,0,,0.55997781,,,,,559.97781124,,,,,,,,,2026-01-01,2026-05-25
"[C] [VARIOS PRODUTO] [ABO] [BID]","AD - IA",Nac,unknown,not_delivering,ad,1,1,1,,0.11,,,,,110,,,,,,,,,2026-01-01,2026-05-25
"[C] [LM - TESTE] [ABO]","ADS 1","Influ Jessica - Lm",unknown,not_delivering,ad,1,1,0,,0.0700247,,,,,70.02469717,,,,,,,,,2026-01-01,2026-05-25
"[C] [LM - PRINCIPAL][EX. BASE] [ADV. +] [CBO]","AD - ISA MOFU — Cópia — Cópia","[EXCLUSÃO BASE] [ADV. +]",unknown,inactive,ad,1,1,2,,0.00999951,,,,,9.99951099,,,,,,,,,2026-01-01,2026-05-25
"[C] [LM - TESTE] [ABO]","ADS 2 - NOVO VM","Evelyn Regly BM - LM",unknown,not_delivering,ad,1,1,0,,0.16999601,,,,,169.99601098,,,,,,,,,2026-01-01,2026-05-25
"[C] [LM - TESTE] [ABO]",AD3,"Arte - Organica Lm",unknown,not_delivering,ad,1,1,0,,0.15,,,,,150,,,,,,,,,2026-01-01,2026-05-25
"[C] [LM - PRINCIPAL][EX. BASE] [ADV. +] [CBO]",AD1,"ESTUDOS CLINICOS",unknown,archived,ad,1,1,0,,0.13,,,,,130,,,,,,,,,2026-01-01,2026-05-25
"[C] [VARIOS PRODUTO] [ABO] [BID]","ADS2- SABRINA","[COENZIMA] [RMKT]",unknown,inactive,ad,1,1,0,,0.04,,,,,40,,,,,,,,,2026-01-01,2026-05-25
"[C] [LM - PRINCIPAL][EX. BASE] [ADV. +] [CBO]","AD2 — DANI","[AQUISIÇÃO]  [ADV. +]",unknown,inactive,ad,1,1,0,,0.15,,,,,150,,,,,,,,,2026-01-01,2026-05-25
"[C] [LM - TESTE] [ABO]","AD -  EVELYN",EVELIN,unknown,inactive,ad,1,1,0,,0,,,,,0,,,,,,,,,2026-01-01,2026-05-25
"[C] [JEJOOM] [CBO]","ADS - LARI 1 24-12","[CAMPANHA AQUISIÇÃO]",unknown,inactive,ad,1,1,0,,0.09000405,,3,,,90.00404532,,,,,,,,,2026-01-01,2026-05-25
"[C] [LM - TESTE] [ABO]",AD1,"Influ Vitoria - Lm",unknown,not_delivering,ad,1,1,1,,0.05,,,,,50,,,,,,,,,2026-01-01,2026-05-25
"[C] [VARIOS PRODUTO] [ABO] [BID]","AD - MOFU MARCELA 17-05","[VINAGRE] [RMKT]",unknown,inactive,ad,1,1,1,,0.14,,,,,140,,,,,,,,,2026-01-01,2026-05-25
"[C] [LM - TESTE] [ABO]",AD3,"Arte - Organica Tons ###",engaged,not_delivering,ad,1,1,0,,0,,,,,0,,,,,,,,,2026-01-01,2026-05-25
"[C] [LM - TESTE] [ABO]","AD - JADE TOFU 19-05 BM JADE + DENA — Cópia — Cópia","[BM JADE]",unknown,inactive,ad,1,1,2,,0.00999935,,,,,9.99935309,,,,,,,,,2026-01-01,2026-05-25
"[C] [LM - TESTE] [ABO]","AD -  EVELYN","[TESTE PB FECHADO]",unknown,active,ad,1,1,0,,0,,,,,0,,,1,,,,,,2026-01-01,2026-05-25
"[C] [LM - RMKT] [ADV. ABO]","ADS 1","[RMKT LARANJA MORO-REATIVAÇÃO BASE QUENTE]",unknown,not_delivering,ad,1,1,0,,0.14,,,,,140,,,,,,,,,2026-01-01,2026-05-25
"[C] [LM - PRINCIPAL][EX. BASE] [ADV. +] [CBO]","AD - ANA MOFU","[EXCLUSÃO BASE] [ADV. +]",unknown,inactive,ad,1,1,0,,0,,,,,0,,,,,,,,,2026-01-01,2026-05-25
"[C] [LM - PRINCIPAL][EX. BASE] [ADV. +] [CBO]","AD - 5 — Cópia","[EXCLUSÃO BASE] [ADV. +]",unknown,inactive,ad,1,1,0,,0.01,,,,,10,,,,,,,,,2026-01-01,2026-05-25
"[C] [LM - RMKT] [ADV. ABO]","AD - RMKT DANI","[RMKT LARANJA MORO-REATIVAÇÃO BASE QUENTE]",uncategorized,active,ad,0,1,0,,0.01999856,,,,,19.99856377,,,,,,,,,2026-01-01,2026-05-25
"[C] [LM - PRINCIPAL][EX. BASE] [ADV. +] [CBO]","Rmkt Dani 2 — Cópia","LP - 2",unknown,archived,ad,1,1,0,,0.15999123,,,,,159.99122933,,,,,,,,,2026-01-01,2026-05-25
"[C] [JEJOOM] [CBO]","AD - MORGANA","[CAMPANHA AQUISIÇÃO]",unknown,inactive,ad,1,1,1,,0,,,,,0,,,,,,,,,2026-01-01,2026-05-25
"[C] [LM - PRINCIPAL][EX. BASE] [ADV. +] [CBO]","ADS - SABRINA TOPO","[AQUISIÇÃO]  [ADV. +]",unknown,inactive,ad,1,1,1,,0.14,,,,,140,,,,,,,,,2026-01-01,2026-05-25
"[C] [TONS] [PB DR]","tons2_rmkt_20-10-2025-pagdenavita — Cópia","[PUBLICO ENG.] [DR]",unknown,archived,ad,1,1,0,,0.07,,,,,70,,,,,,,,,2026-01-01,2026-05-25
"[C] [LM - TESTE] [ABO]",AD1,"[TOFU] [TIK TOK] [EXCLUSAÕ BASE] [BID 60] - TESTE ATÉ 20-05",unknown,inactive,ad,1,1,0,,0.00999977,,1,,,9.99977356,,,,,,,,,2026-01-01,2026-05-25
"[C] [LM - TESTE] [ABO]",24-12,"Influ Maritza 1 - LM TESTE TRAVA DE CPA",unknown,archived,ad,1,1,0,,0.0600056,,1,,,60.00560329,,,,,,,,,2026-01-01,2026-05-25
"[C] [LM - TESTE] [ABO]",AD3,"Influ Vitoria - Lm",unknown,inactive,ad,1,1,1,,0.3,,,,,300,,,,,,,,,2026-01-01,2026-05-25
"[C] [JEJOOM] [CBO]","AD - RMKT PERFIL JEJOOM",[RMK],unknown,inactive,ad,1,1,0,,0.01999874,,,,,19.99873801,,,,,,,,,2026-01-01,2026-05-25
"[C] [LM - TESTE] [ABO]","ADS 1","Evelyn Regly - LM",unknown,not_delivering,ad,0,0,,,0,,,,,,,,1,,,,,,2026-01-01,2026-05-25
"[C] [LM - PRINCIPAL][EX. BASE] [ADV. +] [CBO]","AD - LEMOS TOFU","[AQUISIÇÃO]  [ADV. +]",unknown,inactive,ad,0,0,,,0,,1,,,,,,,,,,,,2026-01-01,2026-05-25
"[C] [JEJOOM] [CBO]","AD - INGRID 1","[CAMPANHA AQUISIÇÃO]",unknown,inactive,ad,0,0,,,0,,,,,,"Compras no site",0,,,1,,"Valor de conversão da compra no site",215.39,2026-01-01,2026-05-25
"[C] [JEJOOM] [CBO]","AD - MORGANA TOFU","[CAMPANHA AQUISIÇÃO]",unknown,inactive,ad,0,0,,,0,,1,,,,,,,,,,,,2026-01-01,2026-05-25
"[C] [LM - TESTE] [ABO]","AD - MOFU ANA ELISA — Cópia","[TESTE PB FECHADO ANA ELISA]",unknown,active,ad,0,0,,,0,,1,,,,,,,,,,,,2026-01-01,2026-05-25
"[C] [TONS] [PB DR]",tons3_rmkt_01-09-2025,rmkt_tons_estáticos_visitantes-engajado-compradores_max-conv_cpa35_02-09-2025_7,unknown,not_delivering,ad,0,0,,,0,,5,,,,,,,,,,,,2026-01-01,2026-05-25
"[C] [LM - RMKT] [ADV. ABO]","AD -  TOFU","[RMKT LARANJA MORO-REATIVAÇÃO BASE QUENTE]",unknown,inactive,ad,0,0,,,0,,1,,,,,,,,,,,,2026-01-01,2026-05-25
"[C] [TONS] [PB DR]",tons3_rmkt_20-10-2025,rmkt_tons_estáticos_visitantes-engajado-compradores_max-conv_cpa35_02-09-2025_7,unknown,not_delivering,ad,0,0,,,0,,1,,,,,,,,,,,,2026-01-01,2026-05-25
"[C] [LM - TESTE] [ABO]","Criativo 1 29/12","Influ Maritza 0",unknown,archived,ad,0,0,,,0,,,,,,,,1,,,,,,2026-01-01,2026-05-25
"[C] [LM - RMKT] [ADV. ABO]","AD - JESSICA MOFU NIVER — Cópia","[RMKT LARANJA MORO-REATIVAÇÃO BASE QUENTE]",unknown,not_delivering,ad,0,0,,,0,,1,,,,,,,,,,,,2026-01-01,2026-05-25
"[C] [LM - PRINCIPAL][EX. BASE] [ADV. +] [CBO]","Video-Rmkt-DaniWinits — Cópia","LP - 1",unknown,archived,ad,0,0,,,0,,,,,,,,1,,,,,,2026-01-01,2026-05-25
"[C] [LM - PRINCIPAL][EX. BASE] [ADV. +] [CBO]","AD - MOFU ANA ELISA REFAÇÃO 17-05 — Cópia","[AQUISIÇÃO]  [ADV. +]",unknown,inactive,ad,0,0,,,0,,1,,,,,,,,,,,,2026-01-01,2026-05-25
"[C] [TONS] [PB DR]",tons2_rmkt_01-09-2025,rmkt_tons_estáticos_visitantes-engajado-compradores_max-conv_cpa35_02-09-2025_7,unknown,not_delivering,ad,0,0,,,0,,1,,,,,,,,,,,,2026-01-01,2026-05-25
"[C] [LM - TESTE] [ABO]","ADS 2","Evelyn Regly BM - LM",unknown,not_delivering,ad,0,0,,,0,,2,,,,,,,,,,,,2026-01-01,2026-05-25
"[C] [LM - TESTE] [ABO]","ADS 3","Influ Evelyn BM -VM",unknown,inactive,ad,0,0,,,0,,3,,,,,,,,,,,,2026-01-01,2026-05-25
"[C] [TONS] [PB DR]",tons1_rmkt_20-10-2025,rmkt_tons_estáticos_visitantes-engajado-compradores_max-conv_cpa35_02-09-2025_7,unknown,not_delivering,ad,0,0,,,0,,4,,,,"Compras no site",0,1,,1,,"Valor de conversão da compra no site",232.37,2026-01-01,2026-05-25
"[C] [LM - TESTE] [ABO]","AD - TOFU","[HIBRIDO] [ESTATICO ORG.] [BID 60]",unknown,inactive,ad,0,0,,,0,,,,,,,,1,,,,,,2026-01-01,2026-05-25
"[C] [LM - TESTE] [ABO]","AD - PROMO — Cópia","Conj - Vm",unknown,inactive,ad,0,0,,,0,,1,,,,,,,,,,,,2026-01-01,2026-05-25
"[C] [VARIOS PRODUTO] [ABO] [BID]","AD - MI RUBACK MOFU","[VINAGRE] [RMKT]",unknown,inactive,ad,0,0,,,0,1,1,0,,,,,,0,,,,,2026-01-01,2026-05-25
"[C] [JEJOOM] [CBO]","AD5 - ORGANICO","[CAMPANHA AQUISIÇÃO]",unknown,inactive,ad,0,0,,,0,,,,,,,,1,,,,,,2026-01-01,2026-05-25
"[C] [LM - TESTE] [ABO]","AD - 5 — Cópia","[TOFU] [TIK]",unknown,active,ad,0,0,,,0,,1,,,,,,,,,,,,2026-01-01,2026-05-25
"[C] [TONS] [PB DR]",tons_dr-ursinho-melasma3-13-10-2025,"[PUBLICO ENG.] [DR]",unknown,inactive,ad,0,0,,,0,,2,,,,,,,,,,,,2026-01-01,2026-05-25
"[C] [LM - TESTE] [ABO]","AD - NIVER","Conj. - Q10",unknown,not_delivering,ad,0,0,,,0,1,2,0,,,,,,0,,,,,2026-01-01,2026-05-25
"[C] [JEJOOM] [CBO]","AD - RMKT",[RMK],unknown,inactive,ad,0,0,,,0,,,,,,,,1,,,,,,2026-01-01,2026-05-25
"[C] [LM - TESTE] [ABO]","ADS 3","Influ Leka - LM TESTE TRAVA DE CPA",unknown,archived,ad,0,0,,,0,,1,,,,,,,,,,,,2026-01-01,2026-05-25
"[C] [LM - TESTE] [ABO]","AD -1 — Cópia","[TOFU] [TIK]",uncategorized,active,ad,0,0,,,0,2,,0,,,,,,0,,,,,2026-01-01,2026-05-25
"[C] [TONS] [PB DR]","AD - SHOOTING BOFU","[PUBLICO ENG.] [DR]",uncategorized,active,ad,0,0,,,0,1,,0,,,,,,0,,,,,2026-01-01,2026-05-25
"[C] [JEJOOM] [CBO]","AD - MORGANA TOFU","[CAMPANHA AQUISIÇÃO]",uncategorized,active,ad,0,0,,,0,1,,0,,,,,,0,,,,,2026-01-01,2026-05-25
"[C] [TONS] [PB DR]","AD - TOFU 3","TONS TESTE",unknown,not_delivering,ad,0,0,,,0,,1,,,,,,,,,,,,2026-01-01,2026-05-25
"[C] [TONS] [PB DR]","ADS - ORGANICO","[PUBLICO ABERTO]",unknown,not_delivering,ad,0,0,,,0,,1,,,,,,,,,,,,2026-01-01,2026-05-25
"[C] [LM - TESTE] [ABO]","AD - JADE TOFU — Cópia","Lm Perfil Novo",unknown,not_delivering,ad,0,0,,,0,7,,0,,,,,,0,,,,,2026-01-01,2026-05-25
"[C] [LM - TESTE] [ABO]",AD2,"Arte - Organica Lm",unknown,not_delivering,ad,0,0,,,0,,3,,,,,,1,,,,,,2026-01-01,2026-05-25
"[C] [TONS] [PB DR]",AD8,"[PUBLICO ABERTO]",unknown,inactive,ad,0,0,,,0,,1,,,,,,1,,,,,,2026-01-01,2026-05-25
"[C] [LM - TESTE] [ABO]","AD - MOFU ate 14-05 — Cópia","[TOFU] [TIK + ORG ] [ABERTO]",unknown,active,ad,0,0,,,0,,1,,,,,,,,,,,,2026-01-01,2026-05-25
"[C] [LM - TESTE] [ABO]","Teste - ADS 2","Evelyn Regly BM - LM",unknown,not_delivering,ad,0,0,,,0,,1,,,,,,,,,,,,2026-01-01,2026-05-25
"[C] [LM - TESTE] [ABO]","AD1 - 07/12","Influ Larissa L 2",unknown,archived,ad,0,0,,,0,,3,,,,,,1,,,,,,2026-01-01,2026-05-25
"[C] [LM - TESTE] [ABO]","AD - JADE TOFU — Cópia — Cópia","[TESTE PB FECHADO JADE]",uncategorized,active,ad,0,0,,,0,,1,,,,,,,,,,,,2026-01-01,2026-05-25
"[C] [LM - TESTE] [ABO]","ADS 3","Influ Raiza 3 - LM TESTE TRAVA DE CPA",unknown,archived,ad,0,0,,,0,,,,,,,,1,,,,,,2026-01-01,2026-05-25
"[C] [LM - TESTE] [ABO]","ADS - ART 1","Evelyn Regly BM - LM",unknown,not_delivering,ad,0,0,,,0,,1,,,,,,,,,,,,2026-01-01,2026-05-25
"[C] [TONS] [PB DR]","TESTE VIDEO COMENTARIO","[PUBLICO ENG.] [DR]",unknown,inactive,ad,0,0,,,0,,3,,,,,,,,,,,,2026-01-01,2026-05-25
"[C] [LM - PRINCIPAL][EX. BASE] [ADV. +] [CBO]","V - LUCIANA MOFU LP OLD","[EXCLUSÃO BASE] [ADV. +]",unknown,active,ad,0,0,,,0,,,,,,,,1,,,,,,2026-01-01,2026-05-25
"[C] [LM - TESTE] [ABO]","ADS 1","Influ Raiza",unknown,archived,ad,0,0,,,0,,1,,,,,,,,,,,,2026-01-01,2026-05-25
