"Nome do conjunto de anúncios","Nome da campanha","Nome do anúncio","Segmentos de público","Veiculação do anúncio",Alcance,Impressões,Frequência,"Tipo de resultado",Resultados,"Custo por resultado","Valor usado (BRL)",Início,Término,"CPM (custo por 1.000 impressões)","Cliques no link","CPC (custo por clique no link)","CTR (taxa de cliques no link)","Início dos relatórios","Encerramento dos relatórios"
"[PUBLICO ENG.] [DR]","[C] [TONS] [PB DR]","AD - CAMPEÃO TOFU",prospecting,active,1035460,1953158,1.88627084,"Compras no site",978,78.17060755,76450.85417937,2025-06-20,Contínuo,39.14217599,80300,0.95206543,4.11129054,2026-01-01,2026-05-25
"[AQUISIÇÃO]  [ADV. +]","[C] [LM - PRINCIPAL][EX. BASE] [ADV. +] [CBO]","ADS - TOFU",prospecting,inactive,1321272,3289252,2.48945864,"Compras no site",1002,72.90489006,73050.69983843,2026-01-23,Contínuo,22.20890945,32050,2.27927301,0.97438567,2026-01-01,2026-05-25
"[PUBLICO ENG.] [DR]","[C] [TONS] [PB DR]","AD - MOFU",prospecting,active,1036392,2464790,2.37824105,"Compras no site",854,78.27047469,66842.9853866,2025-06-20,Contínuo,27.11914012,58774,1.13728835,2.38454392,2026-01-01,2026-05-25
"[RMKT LARANJA MORO-REATIVAÇÃO BASE QUENTE]","[C] [LM - RMKT] [ADV. ABO]","AD - LEVE 3 PAGUE 2",existing,active,104213,1796698,17.24063217,"Compras no site",1189,53.28562198,63356.60453767,2025-10-13,Contínuo,35.26280128,25389,2.49543521,1.41309224,2026-01-01,2026-05-25
"[RMKT LARANJA MORO-REATIVAÇÃO BASE QUENTE]","[C] [LM - RMKT] [ADV. ABO]","AD - LEVE 3 PAGUE 2",engaged,active,247381,2143043,8.6629248,"Compras no site",1112,52.63993135,58535.60366422,2025-10-13,Contínuo,27.31424599,29334,1.99548659,1.36880128,2026-01-01,2026-05-25
"[PUBLICO ABERTO]","[C] [LM - PRINCIPAL] [PLANO B] 1 TESTE","Rmkt Dani 2 — Cópia",prospecting,not_delivering,937398,3887241,4.14684158,"Compras no site",944,61.85871531,58394.6272489,2025-12-10,Contínuo,15.02212681,21296,2.74204673,0.54784357,2026-01-01,2026-05-25
"[RMKT LARANJA MORO-REATIVAÇÃO BASE QUENTE]","[C] [LM - RMKT] [ADV. ABO]","AD - LUCIANA MOFU",prospecting,inactive,1135962,2543286,2.23888299,"Compras no site",927,62.16708053,57628.88364782,2025-10-13,Contínuo,22.65922262,27739,2.07754006,1.09067561,2026-01-01,2026-05-25
"[RMKT LARANJA MORO-REATIVAÇÃO BASE QUENTE]","[C] [LM - RMKT] [ADV. ABO]","AD - LEVE 3 PAGUE 2",prospecting,active,498801,1975737,3.96097241,"Compras no site",802,60.63492804,48629.21228925,2025-10-13,Contínuo,24.61320119,25297,1.9223312,1.28038297,2026-01-01,2026-05-25
"[AQUISIÇÃO]  [ADV. +]","[C] [LM - PRINCIPAL][EX. BASE] [ADV. +] [CBO]","ADS - LARI TOFU",prospecting,inactive,1465199,2655989,1.81271554,"Compras no site",608,76.13212427,46288.331556,2026-01-23,Contínuo,17.42790786,18330,2.52527723,0.6901384,2026-01-01,2026-05-25
"[AQUISIÇÃO]  [ADV. +]","[C] [LM - PRINCIPAL][EX. BASE] [ADV. +] [CBO]","AD - BOFU",prospecting,inactive,598682,1929934,3.22363792,"Compras no site",681,62.41941969,42507.62480606,2026-01-23,Contínuo,22.02542927,17161,2.47698997,0.88920139,2026-01-01,2026-05-25
"[AQUISIÇÃO]  [ADV. +]","[C] [LM - PRINCIPAL][EX. BASE] [ADV. +] [CBO]","ADS - MES CONSUMIDOR STORIE",prospecting,inactive,927631,1374252,1.48146407,"Compras no site",408,78.81820932,32157.82940059,2026-01-23,Contínuo,23.40024202,17890,1.79753099,1.30179909,2026-01-01,2026-05-25
"[HIBRIDO] [ESTATICO ORG.] [BID 60]","[C] [LM - TESTE] [ABO]",AD2,prospecting,active,907536,3987027,4.3932439,"Compras no site",554,57.77524555,32007.48603651,2026-03-20,Contínuo,8.02790802,18805,1.70207317,0.47165469,2026-01-01,2026-05-25
"[RMKT LARANJA MORO-REATIVAÇÃO BASE QUENTE]","[C] [LM - RMKT] [ADV. ABO]","AD - RMKT DANI",prospecting,active,348917,1017218,2.91535809,"Compras no site",533,57.12812989,30449.29323162,2025-10-13,Contínuo,29.93389149,11381,2.67544972,1.11883588,2026-01-01,2026-05-25
"[PUBLICO ENG.] [DR]","[C] [TONS] [PB DR]","ADS - ASIATICA",prospecting,active,366047,765524,2.09132707,"Compras no site",284,107.06749048,30407.16729517,2025-06-20,Contínuo,39.72072371,27686,1.09828676,3.61660771,2026-01-01,2026-05-25
"[TOFU] [TIK + ORG ] [ABERTO]","[C] [LM - TESTE] [ABO]",AD3,prospecting,inactive,470456,1497376,3.18281837,"Compras no site",587,47.57293982,27925.31567185,2026-02-11,Contínuo,18.64950131,12045,2.31841558,0.80440718,2026-01-01,2026-05-25
"[AQUISIÇÃO]  [ADV. +]","[C] [LM - PRINCIPAL][EX. BASE] [ADV. +] [CBO]","[0 (0,00) | 7 (806,90) | 0 (0,00)] ADS - LM",prospecting,inactive,336177,1103881,3.28363035,"Compras no site",479,57.50719945,27545.94853802,2026-01-23,Contínuo,24.9537301,6919,3.98120372,0.62678858,2026-01-01,2026-05-25
"[VINAGRE] [RMKT]","[C] [VARIOS PRODUTO] [ABO] [BID]","AD - ORG TOFU",prospecting,inactive,479246,1052259,2.19565526,"Compras no site",256,103.78692704,26569.45332129,2026-01-20,Contínuo,25.24991786,15922,1.66872587,1.51312557,2026-01-01,2026-05-25
"[AQUISIÇÃO]  [ADV. +]","[C] [LM - PRINCIPAL][EX. BASE] [ADV. +] [CBO]","ADS - JESSICA",prospecting,inactive,244989,655158,2.67423435,"Compras no site",402,62.40351509,25086.21306763,2026-01-23,Contínuo,38.29032549,8578,2.92448275,1.30930249,2026-01-01,2026-05-25
"[AQUISIÇÃO]  [ADV. +]","[C] [LM - PRINCIPAL][EX. BASE] [ADV. +] [CBO]","ADS - LARISSA",prospecting,inactive,611129,1041283,1.70386776,"Compras no site",301,82.34827765,24786.83157278,2026-01-23,Contínuo,23.80412585,9433,2.62767217,0.90590166,2026-01-01,2026-05-25
"[EXCLUSÃO BASE] [ADV. +]","[C] [LM - PRINCIPAL][EX. BASE] [ADV. +] [CBO]","AD - BOFU ANA ELISA 22K",prospecting,active,477077,1478552,3.09918944,"Compras no site",314,77.89092421,24457.75020194,2026-03-17,Contínuo,16.54169093,13337,1.83382696,0.90203118,2026-01-01,2026-05-25
"[BM JADE]","[C] [LM - TESTE] [ABO]","AD - JADE TOFU",prospecting,inactive,787270,1413249,1.7951262,"Compras no site",398,59.19778948,23560.72021149,2026-04-17,Contínuo,16.67131568,14760,1.59625476,1.04440194,2026-01-01,2026-05-25
"[RMKT LARANJA MORO-REATIVAÇÃO BASE QUENTE]","[C] [LM - RMKT] [ADV. ABO]","AD - LUCIANA TOFU",prospecting,active,456603,719213,1.57513858,"Compras no site",322,72.68216459,23403.65699783,2025-10-13,Contínuo,32.5406479,15173,1.54245416,2.10966709,2026-01-01,2026-05-25
"[PUBLICO ABERTO]","[C] [LM - PRINCIPAL] [PLANO B] 1 TESTE","ADS - RAIZA 3",prospecting,inactive,539343,1025222,1.90087199,"Compras no site",276,84.35475489,23281.9123504,2025-12-10,Contínuo,22.70914236,10344,2.25076492,1.00895221,2026-01-01,2026-05-25
"[AQUISIÇÃO]  [ADV. +]","[C] [LM - PRINCIPAL][EX. BASE] [ADV. +] [CBO]","ADS - RAIZA 3",prospecting,inactive,464656,1195528,2.57293137,"Compras no site",339,68.11179873,23089.89976908,2026-01-23,Contínuo,19.31355833,8613,2.68081966,0.72043482,2026-01-01,2026-05-25
"[PUBLICO ABERTO]","[C] [LM - PRINCIPAL] [PLANO B] 1 TESTE","Video-Rmkt-DaniWinits — Cópia",prospecting,inactive,629064,1439359,2.28809628,"Compras no site",344,66.05029864,22721.30273301,2025-12-10,Contínuo,15.78570929,8349,2.72144002,0.58004987,2026-01-01,2026-05-25
"[TOFU] [TIK + ORG ] [ABERTO]","[C] [LM - TESTE] [ABO]",AD1,prospecting,inactive,717656,1957456,2.72756864,"Compras no site",383,58.04815581,22232.44367629,2026-02-11,Contínuo,11.3578255,13561,1.63943984,0.69278696,2026-01-01,2026-05-25
adv-engajado-laranja-mouro-sudeste-sul-centro,"[C][LM - COST CAP WINNERS] [ [CBO]","[1] — Cópia",prospecting,not_delivering,614895,1167520,1.89873068,"Compras no site",275,77.87961592,21416.89437887,2025-08-27,Contínuo,18.34392077,8180,2.61820225,0.7006304,2026-01-01,2026-05-25
"[RMKT LARANJA MORO-REATIVAÇÃO BASE QUENTE]","[C] [LM - RMKT] [ADV. ABO]","AD - BOFU",prospecting,active,270040,974056,3.60708043,"Compras no site",381,55.64447033,21200.54319411,2025-10-13,Contínuo,21.76522006,5666,3.74171253,0.5816914,2026-01-01,2026-05-25
"[PUBLICO ABERTO]","[C] [LM - PRINCIPAL] [PLANO B] 1 TESTE","CRIATIVO 2 RMKT — Cópia",prospecting,inactive,438032,1493632,3.4098696,"Compras no site",330,63.9157533,21092.19858967,2025-12-10,Contínuo,14.12141584,6875,3.06795616,0.46028741,2026-01-01,2026-05-25
"[RMKT LARANJA MORO-REATIVAÇÃO BASE QUENTE]","[C] [LM - RMKT] [ADV. ABO]","AD - RMKT DANI",existing,active,73280,474019,6.46859989,"Compras no site",408,51.11973561,20856.85212928,2025-10-13,Contínuo,44.00003403,7654,2.72496108,1.61470321,2026-01-01,2026-05-25
"[PUBLICO ENG.] [DR]","[C] [TONS] [PB DR]","AD - BOFU",prospecting,active,204059,776574,3.80563464,"Compras no site",330,63.05615925,20808.53255306,2025-06-20,Contínuo,26.79529904,9272,2.24423345,1.1939622,2026-01-01,2026-05-25
"[AQUISIÇÃO]  [ADV. +]","[C] [LM - PRINCIPAL][EX. BASE] [ADV. +] [CBO]","AD - EVELYN TOFU",prospecting,inactive,927276,1373083,1.48077056,"Compras no site",275,75.27127373,20699.60027558,2026-01-23,Contínuo,15.07527242,14886,1.39054147,1.08412966,2026-01-01,2026-05-25
"[AQUISIÇÃO]  [ADV. +]","[C] [LM - PRINCIPAL][EX. BASE] [ADV. +] [CBO]","ADS - ORGANICO LM 2",prospecting,inactive,397165,936458,2.35785631,"Compras no site",315,64.42611163,20294.2251638,2026-01-23,Contínuo,21.67126039,5830,3.48099917,0.62255862,2026-01-01,2026-05-25
"[PUBLICO ABERTO]","[C] [LM - PRINCIPAL] [PLANO B] 1 TESTE","Rmkt Dani 2 — Cópia",engaged,not_delivering,100035,972027,9.7168691,"Compras no site",410,47.49208733,19471.75580469,2025-12-10,Contínuo,20.03211413,8862,2.19721912,0.91170307,2026-01-01,2026-05-25
"[RMKT LARANJA MORO-REATIVAÇÃO BASE QUENTE]","[C] [LM - RMKT] [ADV. ABO]","AD - RMKT DANI",engaged,active,129929,528794,4.06986893,"Compras no site",372,51.46039031,19143.26519348,2025-10-13,Contínuo,36.20174433,8717,2.19608411,1.64846802,2026-01-01,2026-05-25
"[PUBLICO ABERTO]","[C] [LM - PRINCIPAL] [PLANO B] 1 TESTE","ADS - ORGANICO LM",prospecting,inactive,701079,1463909,2.08807995,"Compras no site",209,91.34008405,19090.07756714,2025-12-10,Contínuo,13.04048105,8053,2.37055477,0.5501025,2026-01-01,2026-05-25
"[AQUISIÇÃO]  [ADV. +]","[C] [LM - PRINCIPAL][EX. BASE] [ADV. +] [CBO]","ADS - MES CONSUMIDOR",prospecting,inactive,202969,722146,3.55791278,"Compras no site",313,58.62092859,18348.35064895,2026-01-23,Contínuo,25.40809012,5999,3.0585682,0.83071844,2026-01-01,2026-05-25
"[RMKT LARANJA MORO-REATIVAÇÃO BASE QUENTE]","[C] [LM - RMKT] [ADV. ABO]","laranja-moro_mi-ruback_02-07-2025_junto-com-cafe — Cópia",engaged,inactive,179440,892763,4.97527307,"Compras no site",290,63.25932095,18345.20307681,2025-10-13,Contínuo,20.54879411,7829,2.34323708,0.87694046,2026-01-01,2026-05-25
"[AQUISIÇÃO]  [ADV. +]","[C] [LM - PRINCIPAL][EX. BASE] [ADV. +] [CBO]","AD - BOFU",existing,inactive,79584,554827,6.97158977,"Compras no site",399,44.14874626,17615.34975889,2026-01-23,Contínuo,31.74926555,6326,2.78459528,1.14017523,2026-01-01,2026-05-25
"[RMKT LARANJA MORO-REATIVAÇÃO BASE QUENTE]","[C] [LM - RMKT] [ADV. ABO]","AD - RMKT",existing,inactive,80758,538793,6.67169816,"Compras no site",273,62.63867214,17100.35749432,2025-10-13,Contínuo,31.7382696,5757,2.97035913,1.06849941,2026-01-01,2026-05-25
"[RMKT LARANJA MORO-REATIVAÇÃO BASE QUENTE]","[C] [LM - RMKT] [ADV. ABO]","AD - EVELYN",prospecting,not_delivering,176927,587682,3.32160722,"Compras no site",315,53.21133741,16761.5712843,2025-10-13,Contínuo,28.5214985,4852,3.45456951,0.82561657,2026-01-01,2026-05-25
"[AQUISIÇÃO]  [ADV. +]","[C] [LM - PRINCIPAL][EX. BASE] [ADV. +] [CBO]","AD - DANI TOFU",prospecting,inactive,405601,850368,2.09656288,"Compras no site",234,70.55197966,16509.16324075,2026-01-23,Contínuo,19.41413981,6788,2.43211008,0.79824264,2026-01-01,2026-05-25
"[VINAGRE] [RMKT]","[C] [VARIOS PRODUTO] [ABO] [BID]",AD7,prospecting,inactive,274962,811105,2.94988035,"Compras no site",211,76.64132431,16171.31943032,2026-01-20,Contínuo,19.93739335,7898,2.04752082,0.97373336,2026-01-01,2026-05-25
adv-engajado-laranja-mouro-sudeste-sul-centro,"[C][LM - COST CAP WINNERS] [ [CBO]","Video 3 Larissa Lemos - 13-10-2025 — Cópia",prospecting,not_delivering,496614,849163,1.70990548,"Compras no site",266,59.91053056,15936.20112929,2025-08-27,Contínuo,18.76695184,7877,2.02313078,0.92761931,2026-01-01,2026-05-25
"[ADV ABER.]","[C] [LM - PRINCIPAL] - [PLANO B] 2 TESTE","[ADS] - [RMKT] [25-02]",prospecting,not_delivering,772296,1992194,2.57957312,"Compras no site",190,83.26050448,15819.49585097,2026-02-25,Contínuo,7.94074064,7648,2.06844873,0.38389836,2026-01-01,2026-05-25
"[PUBLICO ABERTO]","[C] [TONS] [PB DR]","Novo anúncio de Vendas",prospecting,inactive,618958,827597,1.33708103,"Compras no site",153,102.63139975,15702.60416175,2025-12-10,Contínuo,18.97373258,20752,0.75667907,2.50750063,2026-01-01,2026-05-25
"[RMKT LARANJA MORO-REATIVAÇÃO BASE QUENTE]","[C] [LM - RMKT] [ADV. ABO]","AD - LUCIANA MOFU",engaged,inactive,102715,457028,4.44947671,"Compras no site",323,48.53977365,15678.3468876,2025-10-13,Contínuo,34.30500295,7979,1.96495136,1.74584489,2026-01-01,2026-05-25
"[RMKT LARANJA MORO-REATIVAÇÃO BASE QUENTE]","[C] [LM - RMKT] [ADV. ABO]","AD - RMKT",engaged,inactive,117718,485272,4.12232624,"Compras no site",251,61.4449416,15422.68034222,2025-10-13,Contínuo,31.78151705,4309,3.57917854,0.88795562,2026-01-01,2026-05-25
"[PUBLICO ABERTO]","[C] [LM - PRINCIPAL] [PLANO B] 1 TESTE","Rmkt Dani 2 — Cópia",existing,not_delivering,45318,566590,12.50253762,"Compras no site",315,46.39538711,14614.54693937,2025-12-10,Contínuo,25.79386671,4265,3.42662296,0.7527489,2026-01-01,2026-05-25
"Influ Larissa L 2","[C] [LM - TESTE] [ABO]","AD1 - 07/12",prospecting,archived,649220,1175341,1.81038939,"Compras no site",293,49.41952213,14479.91998512,2026-01-07,Contínuo,12.31976081,14093,1.02745476,1.19905627,2026-01-01,2026-05-25
"[AQUISIÇÃO]  [ADV. +]","[C] [LM - PRINCIPAL][EX. BASE] [ADV. +] [CBO]","ADS - TOFU",engaged,inactive,112164,427253,3.8091812,"Compras no site",237,60.86670601,14425.40932466,2026-01-23,Contínuo,33.76315514,5475,2.63477796,1.28144214,2026-01-01,2026-05-25
"[RMKT LARANJA MORO-REATIVAÇÃO BASE QUENTE]","[C] [LM - RMKT] [ADV. ABO]","AD - BOFU",existing,active,78293,500744,6.39576974,"Compras no site",304,47.32121166,14385.64834312,2025-10-13,Contínuo,28.72854861,3478,4.13618411,0.69456649,2026-01-01,2026-05-25
"[HIBRIDO] [ESTATICO ORG.] [BID 60]","[C] [LM - TESTE] [ABO]","AD - BOFU 1 — Cópia",prospecting,active,849050,2249932,2.64994052,"Compras no site",160,89.66897834,14347.03653444,2026-03-20,Contínuo,6.3766534,6435,2.22953171,0.28600864,2026-01-01,2026-05-25
"[PUBLICO ABERTO]","[C] [TONS] [PB DR]","AD7 - BOFU",prospecting,not_delivering,396518,972310,2.45212071,"Compras no site",161,88.89870841,14312.69205372,2025-12-10,Contínuo,14.72029708,7534,1.89974676,0.77485576,2026-01-01,2026-05-25
"Influ Isadora N. - Lm","[C] [LM - TESTE] [ABO]","ADS 2",prospecting,archived,322923,626648,1.9405493,"Compras no site",241,58.38920868,14071.79929156,2026-01-23,Contínuo,22.45566776,6713,2.09620129,1.07125531,2026-01-01,2026-05-25
"[RMKT LARANJA MORO-REATIVAÇÃO BASE QUENTE]","[C] [LM - RMKT] [ADV. ABO]","AD - RMKT",existing,active,63723,421938,6.62143967,"Compras no site",244,56.96419316,13899.26313144,2025-10-13,Contínuo,32.94148224,4026,3.45237534,0.95416862,2026-01-01,2026-05-25
"[RMKT LARANJA MORO-REATIVAÇÃO BASE QUENTE]","[C] [LM - RMKT] [ADV. ABO]","AD - RMKT",prospecting,inactive,161371,589200,3.65121366,"Compras no site",160,85.5338316,13685.41305626,2025-10-13,Contínuo,23.22710974,5088,2.68974313,0.86354379,2026-01-01,2026-05-25
"[RMKT LARANJA MORO-REATIVAÇÃO BASE QUENTE]","[C] [LM - RMKT] [ADV. ABO]","AD - RMKT",prospecting,active,165027,546595,3.31215498,"Compras no site",190,71.63834047,13611.2846886,2025-10-13,Contínuo,24.90195609,4563,2.98296837,0.83480456,2026-01-01,2026-05-25
"[PUBLICO ENG.] [DR]","[C] [TONS] [PB DR]","AD - SHOOTING BOFU",prospecting,active,96486,331202,3.43264308,"Compras no site",180,75.04783493,13508.61028738,2025-06-20,Contínuo,40.78662051,6185,2.1840922,1.86744041,2026-01-01,2026-05-25
"[EXCLUSÃO BASE] [ADV. +]","[C] [LM - PRINCIPAL][EX. BASE] [ADV. +] [CBO]","AD - LUCIANA  TOFU",prospecting,inactive,438814,796369,1.81482131,"Compras no site",220,61.08716833,13439.17703266,2026-03-17,Contínuo,16.87556526,13642,0.98513246,1.71302499,2026-01-01,2026-05-25
"[PUBLICO ENG.] [DR]","[C] [TONS] [PB DR]","AD - MOFU",engaged,active,112435,366315,3.25801574,"Compras no site",225,59.57283365,13403.8875702,2025-06-20,Contínuo,36.59115125,9084,1.47554905,2.47983293,2026-01-01,2026-05-25
"[RMKT LARANJA MORO-REATIVAÇÃO BASE QUENTE]","[C] [LM - RMKT] [ADV. ABO]","AD - EVELYN",prospecting,inactive,206489,465471,2.25421693,"Compras no site",230,57.83826207,13302.80027571,2025-10-13,Contínuo,28.57922465,4298,3.09511407,0.9233658,2026-01-01,2026-05-25
"Lm Perfil Novo","[C] [LM - TESTE] [ABO]","Criativo 1 - Brenda 29/12",prospecting,not_delivering,399483,1148876,2.87590711,"Compras no site",231,57.33190057,13243.6690317,2025-11-03,Contínuo,11.52750082,9669,1.36970411,0.84160519,2026-01-01,2026-05-25
"[PUBLICO ENG.] [DR]","[C] [TONS] [PB DR]","AD - BOFU",existing,active,51919,403398,7.76975674,"Compras no site",359,36.880064,13239.9429764,2025-06-20,Contínuo,32.82104268,4642,2.85220659,1.15072459,2026-01-01,2026-05-25
"[RMKT LARANJA MORO-REATIVAÇÃO BASE QUENTE]","[C] [LM - RMKT] [ADV. ABO]","laranja-moro_mi-ruback_02-07-2025_junto-com-cafe — Cópia",prospecting,inactive,573878,1181118,2.05813431,"Compras no site",190,69.45960107,13197.32420358,2025-10-13,Contínuo,11.17358655,5170,2.55267393,0.43772087,2026-01-01,2026-05-25
"[EXCLUSÃO BASE] [ADV. +]","[C] [LM - PRINCIPAL][EX. BASE] [ADV. +] [CBO]","AD - BOFU ANA ELISA 22K",existing,active,70957,589684,8.31044154,"Compras no site",230,57.35708786,13192.13020804,2026-03-17,Contínuo,22.37152476,13496,0.97748446,2.28868343,2026-01-01,2026-05-25
"[AQUISIÇÃO]  [ADV. +]","[C] [LM - PRINCIPAL][EX. BASE] [ADV. +] [CBO]","ADS - JESSICA",existing,inactive,56875,254630,4.47701099,"Compras no site",252,50.80872189,12803.79791663,2026-01-23,Contínuo,50.28393322,5072,2.52440811,1.99190983,2026-01-01,2026-05-25
"[EXCLUSÃO BASE] [ADV. +]","[C] [LM - PRINCIPAL][EX. BASE] [ADV. +] [CBO]","AD - BOFU ANA ELISA 22K",engaged,active,77932,499457,6.4088821,"Compras no site",223,56.71524938,12647.50061236,2026-03-17,Contínuo,25.32250146,15216,0.83119746,3.04650851,2026-01-01,2026-05-25
"[AQUISIÇÃO]  [ADV. +]","[C] [LM - PRINCIPAL][EX. BASE] [ADV. +] [CBO]","ADS - ORGANICO LM 2",prospecting,inactive,483940,961118,1.98602719,"Compras no site",163,77.01171694,12552.90986132,2026-01-23,Contínuo,13.06073746,5841,2.14910287,0.60772975,2026-01-01,2026-05-25
"[AQUISIÇÃO]  [ADV. +]","[C] [LM - PRINCIPAL][EX. BASE] [ADV. +] [CBO]","AD - BOFU",engaged,inactive,89706,420353,4.68589615,"Compras no site",250,49.06846303,12267.11575793,2026-01-23,Contínuo,29.18289095,6330,1.93793298,1.5058772,2026-01-01,2026-05-25
"[TOFU] [TIK + ORG ] [ABERTO]","[C] [LM - TESTE] [ABO]",AD3,engaged,inactive,91867,540403,5.88244963,"Compras no site",290,41.83702796,12132.73810703,2026-02-11,Contínuo,22.45127823,5189,2.33816498,0.96020933,2026-01-01,2026-05-25
"[HIBRIDO] [ESTATICO ORG.] [BID 60]","[C] [LM - TESTE] [ABO]",AD2,existing,active,96189,1074856,11.17441703,"Compras no site",307,39.20941533,12037.29050494,2026-03-20,Contínuo,11.19897968,6756,1.78171855,0.62854931,2026-01-01,2026-05-25
"[RMKT LARANJA MORO-REATIVAÇÃO BASE QUENTE]","[C] [LM - RMKT] [ADV. ABO]","AD - RMKT",prospecting,inactive,167367,374377,2.2368627,"Compras no site",200,60.01793292,12003.58658346,2025-10-13,Contínuo,32.06283127,2787,4.30699196,0.74443676,2026-01-01,2026-05-25
"[PUBLICO ENG.] [DR]","[C] [TONS] [PB DR]","AD - BOFU",prospecting,active,138723,453662,3.27027241,"Compras no site",220,54.22715425,11929.97393404,2025-06-20,Contínuo,26.29705361,4538,2.62890567,1.00030419,2026-01-01,2026-05-25
"[PUBLICO ABERTO]","[C] [LM - PRINCIPAL] [PLANO B] 1 TESTE","ADS - SABRINA 2",prospecting,inactive,216858,451061,2.07998321,"Compras no site",148,79.57946839,11777.76132138,2025-12-10,Contínuo,26.11123844,5281,2.23021422,1.17079508,2026-01-01,2026-05-25
"[PUBLICO ENG.] [DR]","[C] [TONS] [PB DR]",tons_dr-ursinho_video-reels_10-07-2025_nao-tem-clareador-oral-barra,prospecting,inactive,163749,488249,2.98169149,"Compras no site",167,69.74985555,11648.22587758,2025-06-20,Contínuo,23.85714231,5703,2.04247341,1.16805155,2026-01-01,2026-05-25
"[PUBLICO ENG.] [DR]","[C] [TONS] [PB DR]","AD - CAMPEÃO TOFU",existing,active,87126,182023,2.08919266,"Compras no site",159,73.23108412,11643.7423748,2025-06-20,Contínuo,63.96852252,6029,1.93128916,3.31221879,2026-01-01,2026-05-25
"[RMKT LARANJA MORO-REATIVAÇÃO BASE QUENTE]","[C] [LM - RMKT] [ADV. ABO]","AD - RMKT",existing,inactive,54562,309220,5.66731425,"Compras no site",202,57.51095599,11617.21310939,2025-10-13,Contínuo,37.56941048,2466,4.71095422,0.79749046,2026-01-01,2026-05-25
"[RMKT LARANJA MORO-REATIVAÇÃO BASE QUENTE]","[C] [LM - RMKT] [ADV. ABO]","AD - LUCIANA MOFU 2 — Cópia",prospecting,inactive,242448,400529,1.65202023,"Compras no site",185,62.19604768,11506.2688209,2025-10-13,Contínuo,28.7276797,7691,1.49606928,1.92021052,2026-01-01,2026-05-25
"[VINAGRE] [RMKT]","[C] [VARIOS PRODUTO] [ABO] [BID]","AD - RAIZA TOFU",prospecting,active,194852,430176,2.20770636,"Compras no site",137,83.06848033,11380.38180473,2026-01-20,Contínuo,26.45517603,4792,2.37487099,1.11396266,2026-01-01,2026-05-25
"[PUBLICO ENG.] [DR]","[C] [TONS] [PB DR]","AD - DR URSINHO 18-05",prospecting,active,223902,347238,1.55084814,"Compras no site",124,89.91903429,11149.96025136,2025-06-20,Contínuo,32.11042643,10317,1.08073667,2.97116099,2026-01-01,2026-05-25
"[EXCLUSÃO BASE] [ADV. +]","[C] [LM - PRINCIPAL][EX. BASE] [ADV. +] [CBO]","AD - JADE MOFU",prospecting,inactive,539456,768190,1.42400863,"Compras no site",157,70.88000623,11128.16097887,2026-03-17,Contínuo,14.48620911,12355,0.90070101,1.60832607,2026-01-01,2026-05-25
"[RMKT LARANJA MORO-REATIVAÇÃO BASE QUENTE]","[C] [LM - RMKT] [ADV. ABO]","AD - BOFU",engaged,active,68650,447870,6.52396213,"Compras no site",236,46.73912451,11030.4333851,2025-10-13,Contínuo,24.6286498,3749,2.9422335,0.83707326,2026-01-01,2026-05-25
"[PUBLICO ENG.] [DR]","[C] [TONS] [PB DR]","AD - RMKT",prospecting,inactive,164437,516184,3.13909886,"Compras no site",172,62.89996813,10818.79451788,2025-06-20,Contínuo,20.95918223,5958,1.81584332,1.15423957,2026-01-01,2026-05-25
"[TOFU] [TIK + ORG ] [ABERTO]","[C] [LM - TESTE] [ABO]",AD3,existing,inactive,78351,453488,5.78790315,"Compras no site",254,42.52146169,10800.45126841,2026-02-11,Contínuo,23.81639926,3225,3.34897714,0.71115443,2026-01-01,2026-05-25
"[PUBLICO ABERTO]","[C] [TONS] [PB DR]","AD5 - TOFU",prospecting,not_delivering,197679,484299,2.4499264,"Compras no site",183,58.61990294,10727.44223771,2025-12-10,Contínuo,22.150453,4505,2.38123024,0.93021047,2026-01-01,2026-05-25
"[PUBLICO ENG.] [DR]","[C] [TONS] [PB DR]","AD - CAMPEÃO TOFU",engaged,active,111384,226514,2.0336314,"Compras no site",138,77.61432228,10710.7764742,2025-06-20,Contínuo,47.28527364,9943,1.07721779,4.38957415,2026-01-01,2026-05-25
"[ADV ABER.]","[C] [LM - PRINCIPAL] - [PLANO B] 2 TESTE","[ADS] - [RMKT] [25-02]",existing,not_delivering,74344,590638,7.94466265,"Compras no site",199,53.52616185,10651.70620718,2026-02-25,Contínuo,18.0342379,3666,2.90553906,0.62068475,2026-01-01,2026-05-25
"[PUBLICO ABERTO]","[C] [LM - PRINCIPAL] [PLANO B] 1 TESTE","ADS - ANA ELISA 2",prospecting,inactive,307261,747155,2.43166233,"Compras no site",139,74.24395286,10319.90944718,2025-12-10,Contínuo,13.81227382,4046,2.55064494,0.54152084,2026-01-01,2026-05-25
"[PUBLICO ABERTO]","[C] [TONS] [PB DR]","tons_sabrina_video-reels_23-09-2025 — Cópia",prospecting,inactive,182458,400771,2.19651098,"Compras no site",125,81.58111435,10197.63929323,2025-12-10,Contínuo,25.44505289,4806,2.12185587,1.19918856,2026-01-01,2026-05-25
"[BOFU] [ADV+ ABERTO] [ESTATICO]","[C] [LM - TESTE] [ABO]","ADS - DANI — Cópia",prospecting,not_delivering,412077,1212293,2.94190892,"Compras no site",143,70.94028138,10144.46023779,2026-02-25,Contínuo,8.36799374,6464,1.56937813,0.53320443,2026-01-01,2026-05-25
"[PUBLICO ENG.] [DR]","[C] [TONS] [PB DR]","AD - TOFU",prospecting,inactive,129179,186359,1.44264161,"Compras no site",84,120.26412011,10102.18608936,2025-06-20,Contínuo,54.20820078,4736,2.13306294,2.54133152,2026-01-01,2026-05-25
"[RMKT LARANJA MORO-REATIVAÇÃO BASE QUENTE]","[C] [LM - RMKT] [ADV. ABO]","AD - LUCIANA MOFU",existing,inactive,74320,229753,3.09140205,"Compras no site",165,60.02473934,9904.08199083,2025-10-13,Contínuo,43.10751977,3722,2.66095701,1.62000061,2026-01-01,2026-05-25
"[BOFU] [ADV+ ABERTO] [ESTATICO]","[C] [LM - TESTE] [ABO]",AD5,prospecting,not_delivering,441949,998970,2.26037393,"Compras no site",131,73.86876183,9676.80780037,2026-02-25,Contínuo,9.68678519,3676,2.63242867,0.36797902,2026-01-01,2026-05-25
"TONS TESTE","[C] [TONS] [PB DR]","AD- NIVER 2",prospecting,inactive,151543,368104,2.42903994,"Compras no site",95,101.22663423,9616.53025165,2026-04-06,Contínuo,26.12449268,4464,2.15424065,1.21270076,2026-01-01,2026-05-25
"[AQUISIÇÃO]  [ADV. +]","[C] [LM - PRINCIPAL][EX. BASE] [ADV. +] [CBO]","ADS - TOFU",existing,inactive,86872,272626,3.13824938,"Compras no site",167,56.59653447,9451.6212568,2026-01-23,Contínuo,34.6688183,2672,3.5372834,0.98009728,2026-01-01,2026-05-25
adv-aqui-rmtk_coezima-q10_engajado-existente_5-existentes_max-conv_26-05-2025,"[C] [COQ.10][PRINCIPAL]",coenzima-14-10-estático-dani,prospecting,not_delivering,119104,245286,2.05942706,"Compras no site",136,68.93820394,9375.59573617,2025-01-20,Contínuo,38.22311806,3030,3.09425602,1.23529268,2026-01-01,2026-05-25
"[AQUISIÇÃO]  [ADV. +]","[C] [LM - PRINCIPAL][EX. BASE] [ADV. +] [CBO]","ADS - JESSICA",engaged,inactive,57166,205616,3.59682329,"Compras no site",155,59.50399305,9223.11892323,2026-01-23,Contínuo,44.85603709,5178,1.78121262,2.51828651,2026-01-01,2026-05-25
"Evelyn Regly BM - LM","[C] [LM - TESTE] [ABO]","ADS 6",prospecting,not_delivering,431468,805412,1.86667841,"Compras no site",158,58.05339459,9172.43634499,2026-02-04,Contínuo,11.38850221,5157,1.77863803,0.64029342,2026-01-01,2026-05-25
"teste aquisição ate dia 15  - Lm","[C] [LM - TESTE] [ABO]","AD - ANA MOFU",prospecting,inactive,206392,608234,2.94698438,"Compras no site",129,70.89343955,9145.25370221,2026-02-04,Contínuo,15.03574891,4614,1.98206626,0.75858962,2026-01-01,2026-05-25
"[PUBLICO ENG.] [DR]","[C] [TONS] [PB DR]","AD - BOFU",engaged,active,66435,304493,4.58332204,"Compras no site",173,52.78170976,9131.23578823,2025-06-20,Contínuo,29.98832744,4656,1.96117607,1.52909919,2026-01-01,2026-05-25
"[BM JADE]","[C] [LM - TESTE] [ABO]","AD - JADE TOFU — Cópia",prospecting,not_delivering,327548,482426,1.47284062,"Compras no site",127,71.61965464,9095.69613965,2026-04-17,Contínuo,18.85407532,4066,2.23701332,0.84282356,2026-01-01,2026-05-25
"[PUBLICO ABERTO]","[C] [LM - PRINCIPAL] [PLANO B] 1 TESTE","Criativo 1 - Brenda 29/12 — Cópia",prospecting,inactive,251540,507186,2.01632345,"Compras no site",119,76.38084148,9089.32013576,2025-12-10,Contínuo,17.92107853,4834,1.88028964,0.95310202,2026-01-01,2026-05-25
"[TOFU] [TIK + ORG ] [ABERTO]","[C] [LM - TESTE] [ABO]",AD2,prospecting,inactive,366375,691446,1.88726305,"Compras no site",126,71.48781136,9007.46423092,2026-02-11,Contínuo,13.02699593,4507,1.99854986,0.65182241,2026-01-01,2026-05-25
"[PUBLICO ENG.] [DR]","[C] [TONS] [PB DR]","AD - SHOOTING BOFU",existing,active,32821,175624,5.35096432,"Compras no site",191,46.82245306,8943.08853381,2025-06-20,Contínuo,50.92179049,4359,2.05163765,2.48200701,2026-01-01,2026-05-25
"Conj - Vm","[C] [LM - TESTE] [ABO]","ADS 1",prospecting,not_delivering,214002,707112,3.3042308,"Compras no site",129,68.1367559,8789.64151101,2026-01-30,Contínuo,12.43033849,3719,2.36344219,0.52594214,2026-01-01,2026-05-25
"[EXCLUSÃO BASE] [ADV. +]","[C] [LM - PRINCIPAL][EX. BASE] [ADV. +] [CBO]","AD - LUCIANA MOFU 2",prospecting,inactive,260213,446989,1.7177812,"Compras no site",137,63.48643196,8697.64117809,2026-03-17,Contínuo,19.45828908,9002,0.96618987,2.01391981,2026-01-01,2026-05-25
"[PUBLICO ABERTO]","[C] [TONS] [PB DR]","ADS - DR 2 — Cópia",prospecting,inactive,195783,393502,2.0098885,"Compras no site",81,106.86779239,8656.29118341,2025-12-10,Contínuo,21.99808688,4889,1.77056477,1.24243333,2026-01-01,2026-05-25
"[BM] [ANA ELISA]","[C] [LM - TESTE] [ABO]","AD - ANA ELISA MOFU",prospecting,not_delivering,202218,498168,2.46351957,"Compras no site",136,63.52500498,8639.40067772,2025-10-01,Contínuo,17.3423437,4565,1.89253027,0.91635753,2026-01-01,2026-05-25
"Conj - Vm","[C] [LM - TESTE] [ABO]","ADS 2",existing,inactive,36286,182542,5.03064543,"Compras no site",118,73.08912563,8624.51682405,2026-01-30,Contínuo,47.24675321,3039,2.83794565,1.66482234,2026-01-01,2026-05-25
adv-aqui-rmtk_coezima-q10_engajado-existente_5-existentes_max-conv_26-05-2025,"[C] [COQ.10][PRINCIPAL]","AD1 ANIVERSARIO",prospecting,not_delivering,252726,460332,1.82146673,"Compras no site",91,94.33569221,8584.54799075,2025-01-20,Contínuo,18.64860142,2175,3.94691862,0.47248508,2026-01-01,2026-05-25
adv-engajado-laranja-mouro-sudeste-sul-centro,"[C][LM - COST CAP WINNERS] [ [CBO]","Estático 4 - Laranja Mouro",prospecting,not_delivering,302650,918126,3.033623,"Compras no site",118,72.61118262,8568.11954887,2025-08-27,Contínuo,9.33218267,4131,2.07410301,0.44993824,2026-01-01,2026-05-25
"[PUBLICO ENG.] [DR]","[C] [TONS] [PB DR]","ADS - ESPINHA",prospecting,inactive,235540,365885,1.55338796,"Compras no site",92,92.84597123,8541.8293528,2025-06-20,Contínuo,23.34566695,7872,1.08509011,2.15149569,2026-01-01,2026-05-25
"[RMKT LARANJA MORO-REATIVAÇÃO BASE QUENTE]","[C] [LM - RMKT] [ADV. ABO]","laranja-moro_mi-ruback_02-07-2025_junto-com-cafe — Cópia",existing,inactive,49799,336879,6.76477439,"Compras no site",155,54.97879134,8521.7126576,2025-10-13,Contínuo,25.29606374,6118,1.3928919,1.81608233,2026-01-01,2026-05-25
"[BM] [ANA ELISA]","[C] [LM - TESTE] [ABO]","AD - ANA MOFU",prospecting,inactive,126742,384450,3.03332755,"Compras no site",164,51.85084698,8503.53890528,2025-10-01,Contínuo,22.1187122,3090,2.75195434,0.80374561,2026-01-01,2026-05-25
"[PUBLICO ABERTO]","[C] [LM - PRINCIPAL] [PLANO B] 1 TESTE","ADS - LARISSA 2",prospecting,inactive,284090,427678,1.50543138,"Compras no site",96,88.0906162,8456.6991552,2025-12-10,Contínuo,19.77351923,5006,1.68931266,1.17050678,2026-01-01,2026-05-25
"[RMKT LARANJA MORO-REATIVAÇÃO BASE QUENTE]","[C] [LM - RMKT] [ADV. ABO]","AD - EVELYN",engaged,not_delivering,45590,236581,5.18931783,"Compras no site",201,41.91234359,8424.38106163,2025-10-13,Contínuo,35.60886572,2831,2.97576159,1.19663033,2026-01-01,2026-05-25
"[AQUISIÇÃO]  [ADV. +]","[C] [LM - PRINCIPAL][EX. BASE] [ADV. +] [CBO]","[0 (0,00) | 7 (806,90) | 0 (0,00)] ADS - LM",engaged,inactive,64433,274447,4.25941676,"Compras no site",148,56.77043109,8402.02380129,2026-01-23,Contínuo,30.61437655,2428,3.46047109,0.88468812,2026-01-01,2026-05-25
adv-engajado-laranja-mouro-sudeste-sul-centro,"[C][LM - COST CAP WINNERS] [ [CBO]","Estático 5 - Laranja Mouro",prospecting,not_delivering,286916,676090,2.35640396,"Compras no site",133,62.88838127,8364.1547083,2025-08-27,Contínuo,12.37136285,3664,2.28279332,0.54193968,2026-01-01,2026-05-25
"[AQUISIÇÃO]  [ADV. +]","[C] [LM - PRINCIPAL][EX. BASE] [ADV. +] [CBO]","ADS - LARI TOFU",engaged,inactive,96526,282548,2.92716988,"Compras no site",148,56.45941257,8355.99306007,2026-01-23,Contínuo,29.57371158,3192,2.61779231,1.12971955,2026-01-01,2026-05-25
"[HIBRIDO] [ESTATICO ORG.] [BID 60]","[C] [LM - TESTE] [ABO]",AD2,engaged,active,90159,730382,8.10104371,"Compras no site",165,50.44054133,8322.68931968,2026-03-20,Contínuo,11.39498142,6539,1.27277708,0.89528493,2026-01-01,2026-05-25
"Conj - Vm","[C] [LM - TESTE] [ABO]","ADS 1",existing,not_delivering,54912,482932,8.79465326,"Compras no site",143,57.75414189,8258.84228982,2026-01-30,Contínuo,17.10146002,9277,0.89024925,1.92097438,2026-01-01,2026-05-25
"[PUBLICO ENG.] [DR]","[C] [TONS] [PB DR]","AD - MOFU",existing,active,61219,174859,2.85628645,"Compras no site",159,51.8882243,8250.2276637,2025-06-20,Contínuo,47.18217343,3200,2.57819614,1.83004592,2026-01-01,2026-05-25
"[VINAGRE] [RMKT]","[C] [VARIOS PRODUTO] [ABO] [BID]",AD7,existing,inactive,46026,299594,6.50923391,"Compras no site",149,55.25769778,8233.39696923,2026-01-20,Contínuo,27.48184867,3670,2.24343242,1.22499115,2026-01-01,2026-05-25
"[PUBLICO ABERTO]","[C] [TONS] [PB DR]",AD8,prospecting,inactive,169928,194784,1.14627372,"Compras no site",101,81.26220688,8207.48289522,2025-12-10,Contínuo,42.13632996,7086,1.15826741,3.6378758,2026-01-01,2026-05-25
"[RMKT LARANJA MORO-REATIVAÇÃO BASE QUENTE]","[C] [LM - RMKT] [ADV. ABO]","AD - EVELYN",existing,not_delivering,42525,220904,5.19468548,"Compras no site",158,51.069099,8068.91764127,2025-10-13,Contínuo,36.5268064,1929,4.18295368,0.87323,2026-01-01,2026-05-25
"[VINAGRE] [RMKT]","[C] [VARIOS PRODUTO] [ABO] [BID]","AD - RAIZA TOFU",existing,active,64731,228926,3.53657444,"Compras no site",125,63.46270842,7932.83855304,2026-01-20,Contínuo,34.65241411,3047,2.60349148,1.33099779,2026-01-01,2026-05-25
"[PUBLICO ENG.] [DR]","[C] [TONS] [PB DR]","TESTE CRIATIVOS COMENTARIOS",prospecting,inactive,306467,435922,1.4224109,"Compras no site",120,65.97262808,7916.71536992,2025-06-20,Contínuo,18.16085302,8783,0.90136803,2.01480999,2026-01-01,2026-05-25
"[AQUISIÇÃO]  [ADV. +]","[C] [LM - PRINCIPAL][EX. BASE] [ADV. +] [CBO]","ADS - MES CONSUMIDOR",engaged,inactive,45659,220697,4.8335925,"Compras no site",174,45.02300883,7834.00353719,2026-01-23,Contínuo,35.49664716,3021,2.59318224,1.36884507,2026-01-01,2026-05-25
"[RMKT LARANJA MORO-REATIVAÇÃO BASE QUENTE]","[C] [LM - RMKT] [ADV. ABO]","AD - EVELYN",engaged,inactive,68361,342606,5.01171721,"Compras no site",148,52.65332526,7792.69213827,2025-10-13,Contínuo,22.74534637,3154,2.47073308,0.920591,2026-01-01,2026-05-25
"Evelyn Regly BM - LM","[C] [LM - TESTE] [ABO]","Teste - ADS 2",prospecting,not_delivering,360810,852157,2.36178875,"Compras no site",133,58.37701623,7764.14315911,2026-02-04,Contínuo,9.11116515,5884,1.31953487,0.69048309,2026-01-01,2026-05-25
"[AQUISIÇÃO]  [ADV. +]","[C] [LM - PRINCIPAL][EX. BASE] [ADV. +] [CBO]","[0 (0,00) | 7 (806,90) | 0 (0,00)] ADS - LM",existing,inactive,59579,244812,4.10903171,"Compras no site",125,61.59502132,7699.37766481,2026-01-23,Contínuo,31.45016447,1554,4.95455448,0.63477281,2026-01-01,2026-05-25
"[AQUISIÇÃO]  [ADV. +]","[C] [LM - PRINCIPAL][EX. BASE] [ADV. +] [CBO]","ADS - MES CONSUMIDOR",existing,inactive,40207,222268,5.52809212,"Compras no site",184,41.63236901,7660.35589703,2026-01-23,Contínuo,34.46450185,2222,3.4475049,0.99969406,2026-01-01,2026-05-25
"[HIBRIDO] [ESTATICO ORG.] [BID 60]","[C] [LM - TESTE] [ABO]","AD - BOFU 1 — Cópia",existing,active,74302,603059,8.11632258,"Compras no site",160,47.7642363,7642.27780799,2026-03-20,Contínuo,12.67252094,2945,2.59500095,0.48834359,2026-01-01,2026-05-25
"[PUBLICO ABERTO]","[C] [LM - PRINCIPAL] [PLANO B] 1 TESTE","ADS -  ANA ELISA 1",prospecting,inactive,269135,575247,2.13739202,"Compras no site",100,76.09205188,7609.20518751,2025-12-10,Contínuo,13.22771816,3665,2.0761815,0.63711762,2026-01-01,2026-05-25
"[BM] [ANA ELISA]","[C] [LM - TESTE] [ABO]","AD - RMK ANA ELISA NIVER 3",prospecting,not_delivering,155564,482828,3.1037258,"Compras no site",132,56.93983804,7516.058621,2025-10-01,Contínuo,15.56674141,2326,3.23132357,0.48174505,2026-01-01,2026-05-25
"[PUBLICO ABERTO]","[C] [LM - PRINCIPAL] [PLANO B] 1 TESTE","ADS - KAMILI  29/12 — Cópia",prospecting,inactive,267064,716378,2.68242069,"Compras no site",102,72.80935317,7426.55402321,2025-12-10,Contínuo,10.36680918,2956,2.51236604,0.41263132,2026-01-01,2026-05-25
"[PUBLICO ENG.] [DR]","[C] [TONS] [PB DR]","ADS - ASIATICA",existing,active,45289,125062,2.7614211,"Compras no site",147,50.29458496,7393.30398895,2025-06-20,Contínuo,59.11710983,3955,1.86935626,3.16243143,2026-01-01,2026-05-25
"Arte - Organica Tons ###","[C] [LM - TESTE] [ABO]",AD4,prospecting,not_delivering,83436,305544,3.6620164,"Compras no site",171,42.67724156,7297.80830761,2026-01-26,Contínuo,23.88463955,2474,2.94980126,0.80970335,2026-01-01,2026-05-25
"[PUBLICO ABERTO]","[C] [LM - PRINCIPAL] [PLANO B] 1 TESTE","Video-Rmkt-DaniWinits — Cópia",engaged,inactive,66240,298886,4.51216787,"Compras no site",147,49.58961507,7289.67341463,2025-12-10,Contínuo,24.38947764,3540,2.05922978,1.18439806,2026-01-01,2026-05-25
"[RMKT LARANJA MORO-REATIVAÇÃO BASE QUENTE]","[C] [LM - RMKT] [ADV. ABO]","AD - RMKT",engaged,inactive,51867,273516,5.27341084,"Compras no site",94,76.57129254,7197.70149886,2025-10-13,Contínuo,26.31546783,3336,2.15758438,1.21967271,2026-01-01,2026-05-25
"[PUBLICO ABERTO]","[C] [LM - PRINCIPAL] [PLANO B] 1 TESTE","CRIATIVO 2 RMKT — Cópia",existing,inactive,43477,371171,8.53718058,"Compras no site",163,44.1498037,7196.41800252,2025-12-10,Contínuo,19.38841667,1663,4.32737102,0.44804147,2026-01-01,2026-05-25
"[EXCLUSÃO BASE] [ADV. +]","[C] [LM - PRINCIPAL][EX. BASE] [ADV. +] [CBO]","ADS - 4",prospecting,inactive,152370,289956,1.90297303,"Compras no site",119,60.09872781,7151.7486088,2026-03-17,Contínuo,24.66494437,2888,2.47636725,0.99601319,2026-01-01,2026-05-25
"TONS TESTE","[C] [TONS] [PB DR]","AD- NIVER 2",existing,inactive,37748,160557,4.25339091,"Compras no site",147,48.25444222,7093.40300643,2026-04-06,Contínuo,44.17996728,3011,2.35582963,1.87534645,2026-01-01,2026-05-25
"[PUBLICO ENG.] [DR]","[C] [TONS] [PB DR]","ADS 3 - MES DO CLIENTE — Cópia",prospecting,inactive,72255,239089,3.30896132,"Compras no site",101,69.98973038,7068.96276868,2025-06-20,Contínuo,29.56624006,2445,2.89119132,1.02263174,2026-01-01,2026-05-25
"[PUBLICO ENG.] [DR]","[C] [TONS] [PB DR]","ADS - ASIATICA",engaged,active,56127,148915,2.6531794,"Compras no site",80,88.27836478,7062.26918255,2025-06-20,Contínuo,47.42483418,5020,1.40682653,3.3710506,2026-01-01,2026-05-25
"Lm Perfil Novo","[C] [LM - TESTE] [ABO]",ADS,prospecting,inactive,353888,955832,2.70094493,"Compras no site",121,57.94474064,7011.31361763,2025-11-03,Contínuo,7.33529911,8956,0.78286217,0.93698474,2026-01-01,2026-05-25
"[AQUISIÇÃO]  [ADV. +]","[C] [LM - PRINCIPAL][EX. BASE] [ADV. +] [CBO]","ADS - MES CONSUMIDOR STORIE",engaged,inactive,82854,191578,2.31223598,"Compras no site",107,65.18959502,6975.28666668,2026-01-23,Contínuo,36.40964342,4084,1.70795462,2.13176878,2026-01-01,2026-05-25
"Evelyn Regly BM - LM","[C] [LM - TESTE] [ABO]","ADS 4 - NOVO VM",prospecting,not_delivering,175670,331393,1.88645187,"Compras no site",114,60.69132878,6918.81148071,2026-02-04,Contínuo,20.87796508,3366,2.05549955,1.01571246,2026-01-01,2026-05-25
"[PUBLICO ABERTO]","[C] [LM - PRINCIPAL] [PLANO B] 1 TESTE","CRIATIVO 2 RMKT — Cópia",engaged,inactive,79773,438698,5.49932935,"Compras no site",125,55.28378704,6910.47338019,2025-12-10,Contínuo,15.75223361,2686,2.5727749,0.6122663,2026-01-01,2026-05-25
"[AQUISIÇÃO]  [ADV. +]","[C] [LM - PRINCIPAL][EX. BASE] [ADV. +] [CBO]","ADS - MES CONSUMIDOR STORIE",existing,inactive,66558,160028,2.40433907,"Compras no site",140,49.28959864,6900.54380924,2026-01-23,Contínuo,43.12085266,2645,2.60890125,1.65283575,2026-01-01,2026-05-25
"[BOFU] [ADV+ ABERTO] [ESTATICO]","[C] [LM - TESTE] [ABO]","ADS - DANI — Cópia",existing,not_delivering,70139,496171,7.07410998,"Compras no site",169,40.71231783,6880.38171381,2026-02-25,Contínuo,13.86695658,4228,1.62733721,0.85212558,2026-01-01,2026-05-25
"[RMKT LARANJA MORO-REATIVAÇÃO BASE QUENTE]","[C] [LM - RMKT] [ADV. ABO]","AD - RMKT",engaged,active,44346,233753,5.27111803,"Compras no site",140,48.53703151,6795.18441155,2025-10-13,Contínuo,29.06993455,2921,2.32632126,1.24960963,2026-01-01,2026-05-25
"[TOFU] [TIK + ORG ] [ABERTO]","[C] [LM - TESTE] [ABO]",AD1,engaged,inactive,93840,444555,4.73737212,"Compras no site",122,55.68790912,6793.92491286,2026-02-11,Contínuo,15.28252952,3411,1.99176925,0.76728414,2026-01-01,2026-05-25
"Influ Sabrina - LM TESTE TRAVA DE CPA","[C] [LM - TESTE] [ABO]","Criativo Versão 2 - Sabrina 29/12",prospecting,archived,240542,571945,2.37773445,"Compras no site",92,73.22016447,6736.25513085,2025-10-22,Contínuo,11.77780229,3055,2.2049935,0.53414227,2026-01-01,2026-05-25
"[PUBLICO ABERTO]","[C] [LM - PRINCIPAL] [PLANO B] 1 TESTE","AD1 - 07/12 — Cópia",prospecting,inactive,504999,561488,1.11185963,"Compras no site",91,73.88106591,6723.17699815,2025-12-10,Contínuo,11.97385696,4984,1.34895205,0.88764141,2026-01-01,2026-05-25
"[Publico Quente] [TESTE]","[C] [DIGESTINO] [PRINCIPAL]","[Criativo 2 Digestino]",prospecting,not_delivering,173924,414993,2.38605943,"Compras no site",82,81.49051992,6682.22263358,2025-12-24,Contínuo,16.10201289,4335,1.54145851,1.04459593,2026-01-01,2026-05-25
"[TOFU] - [EX. PURCHASE]","[C] [LM - PRINCIPAL] - [PLANO B] 2 TESTE","ADS - DANI",prospecting,not_delivering,233364,676451,2.89869474,"Compras no site",74,90.18917119,6673.99866834,2026-03-25,Contínuo,9.86619677,3574,1.86737512,0.52834573,2026-01-01,2026-05-25
"[CAMPANHA AQUISIÇÃO]","[C] [JEJOOM] [CBO]","AD - LARISSA TOFU",prospecting,inactive,83174,187140,2.24998197,"Compras no site",75,88.88629864,6666.47239785,2025-10-13,Contínuo,35.62291545,3174,2.10033787,1.69605643,2026-01-01,2026-05-25
"Conj - Vm","[C] [LM - TESTE] [ABO]","ADS 2",prospecting,inactive,82953,195252,2.35376659,"Compras no site",86,77.50669472,6665.57574634,2026-01-30,Contínuo,34.13832251,1357,4.91199392,0.69499928,2026-01-01,2026-05-25
"[ANA ELISA]","[C] [LM - PRINCIPAL] - [PLANO B] 2 TESTE",AD1,prospecting,not_delivering,299724,572959,1.91162203,"Compras no site",64,103.5445386,6626.85047025,2026-03-17,Contínuo,11.56601165,3765,1.76011965,0.65711508,2026-01-01,2026-05-25
"[RMKT LARANJA MORO-REATIVAÇÃO BASE QUENTE]","[C] [LM - RMKT] [ADV. ABO]","AD - EVELYN",engaged,inactive,55350,202415,3.6570009,"Compras no site",128,51.7490696,6623.8809089,2025-10-13,Contínuo,32.72425912,3871,1.71115498,1.91240768,2026-01-01,2026-05-25
"[PUBLICO ENG.] [DR]","[C] [TONS] [PB DR]",AD10,prospecting,inactive,115733,181784,1.57071881,"Compras no site",66,99.0956865,6540.31530889,2025-06-20,Contínuo,35.97849816,3120,2.09625491,1.71632267,2026-01-01,2026-05-25
"Arte - Organica Tons ###","[C] [LM - TESTE] [ABO]",AD1,prospecting,not_delivering,132019,345027,2.61346473,"Compras no site",101,64.73880104,6538.61890489,2026-01-26,Contínuo,18.95103544,3182,2.05487709,0.92224666,2026-01-01,2026-05-25
"[TOFU] [TIK + ORG ] [ABERTO]","[C] [LM - TESTE] [ABO]",AD1,existing,inactive,75729,381497,5.03766061,"Compras no site",139,46.58310516,6475.05161734,2026-02-11,Contínuo,16.97274583,2185,2.96341035,0.57274369,2026-01-01,2026-05-25
"[PUBLICO ENG.] [DR]","[C] [TONS] [PB DR]","AD - BOFU",existing,active,42266,217057,5.13549898,"Compras no site",176,36.70990409,6460.94312059,2025-06-20,Contínuo,29.76611268,2178,2.9664569,1.00342306,2026-01-01,2026-05-25
"[ADV ABER.]","[C] [LM - PRINCIPAL] - [PLANO B] 2 TESTE","[ADS] - [RMKT] [25-02]",engaged,not_delivering,68674,396986,5.78073215,"Compras no site",109,58.40658684,6366.31796504,2026-02-25,Contínuo,16.03663093,3398,1.87354855,0.85594958,2026-01-01,2026-05-25
"[RMKT LARANJA MORO-REATIVAÇÃO BASE QUENTE]","[C] [LM - RMKT] [ADV. ABO]","ADS1 - EVELYN",prospecting,inactive,143168,288564,2.01556214,"Compras no site",101,62.69789477,6332.48737176,2025-10-13,Contínuo,21.94482809,2657,2.38332231,0.92076628,2026-01-01,2026-05-25
"[RMKT LARANJA MORO-REATIVAÇÃO BASE QUENTE]","[C] [LM - RMKT] [ADV. ABO]","AD - EVELYN",prospecting,inactive,97406,272382,2.79635751,"Compras no site",113,55.05916867,6221.68605918,2025-10-13,Contínuo,22.84176656,2372,2.62297051,0.87083581,2026-01-01,2026-05-25
"teste aquisição ate dia 15  - Lm","[C] [LM - TESTE] [ABO]","AD - EVELYN MOFU",prospecting,inactive,343873,678702,1.97369959,"Compras no site",71,87.4312114,6207.61600975,2026-02-04,Contínuo,9.14630576,3500,1.77360457,0.51569024,2026-01-01,2026-05-25
"[PUBLICO ENG.] [DR]","[C] [TONS] [PB DR]","AD - SHOOTING BOFU",engaged,active,32405,139318,4.2992748,"Compras no site",118,52.36056133,6178.54623713,2025-06-20,Contínuo,44.34851374,3793,1.62893389,2.72254841,2026-01-01,2026-05-25
"[PUBLICO ENG.] [DR]","[C] [TONS] [PB DR]","AD1 - VERAO — Cópia",prospecting,inactive,110264,297628,2.69923094,"Compras no site",104,59.38281001,6175.81224084,2025-06-20,Contínuo,20.75010497,2081,2.96771371,0.69919497,2026-01-01,2026-05-25
"[PUBLICO ENG.] [DR]","[C] [TONS] [PB DR]","AD1 — Cópia",prospecting,active,93266,277041,2.97043939,"Compras no site",72,85.59086521,6162.54229507,2025-06-20,Contínuo,22.24415265,3090,1.99435026,1.11535838,2026-01-01,2026-05-25
"[RMKT LARANJA MORO-REATIVAÇÃO BASE QUENTE]","[C] [LM - RMKT] [ADV. ABO]","AD - EVELYN",existing,inactive,47635,154574,3.24496694,"Compras no site",123,49.62195153,6103.50003774,2025-10-13,Contínuo,39.48594225,3418,1.7856934,2.21123863,2026-01-01,2026-05-25
"[RMKT LARANJA MORO-REATIVAÇÃO BASE QUENTE]","[C] [LM - RMKT] [ADV. ABO]","AD - LUCIANA TOFU",existing,active,54774,118609,2.1654252,"Compras no site",108,56.50975817,6103.05388212,2025-10-13,Contínuo,51.45523427,2363,2.58275662,1.99226028,2026-01-01,2026-05-25
"[RMKT LARANJA MORO-REATIVAÇÃO BASE QUENTE]","[C] [LM - RMKT] [ADV. ABO]","AD - RMKT",prospecting,inactive,97468,285074,2.92479583,"Compras no site",99,60.36689635,5976.32273832,2025-10-13,Contínuo,20.96411015,2519,2.37249811,0.88363022,2026-01-01,2026-05-25
adv-aqui-rmtk_coezima-q10_engajado-existente_5-existentes_max-conv_26-05-2025,"[C] [COQ.10][PRINCIPAL]","AD1 - 07/01",prospecting,not_delivering,135795,266121,1.95972606,"Compras no site",54,110.6511413,5975.16163025,2025-01-20,Contínuo,22.45280016,2008,2.9756781,0.75454399,2026-01-01,2026-05-25
"[AQUISIÇÃO]  [ADV. +]","[C] [LM - PRINCIPAL][EX. BASE] [ADV. +] [CBO]","AD - MOFU",prospecting,active,159091,311086,1.9553966,"Compras no site",139,42.89398926,5962.26450685,2026-01-23,Contínuo,19.1659686,2061,2.89289884,0.66251776,2026-01-01,2026-05-25
"[AQUISIÇÃO]  [ADV. +]","[C] [LM - PRINCIPAL][EX. BASE] [ADV. +] [CBO]","ADS - RAIZA 3",engaged,inactive,57621,255852,4.44025616,"Compras no site",122,48.44669904,5910.49728275,2026-01-23,Contínuo,23.10123541,2700,2.18907307,1.05529759,2026-01-01,2026-05-25
"[RMKT LARANJA MORO-REATIVAÇÃO BASE QUENTE]","[C] [LM - RMKT] [ADV. ABO]","AD - LUCIANA TOFU",engaged,active,68671,162953,2.37295219,"Compras no site",95,62.02666914,5892.53356813,2025-10-13,Contínuo,36.16093946,3203,1.83969203,1.96559744,2026-01-01,2026-05-25
"[CAMPANHA AQUISIÇÃO]","[C] [JEJOOM] [CBO]","AD2 - ORGANICO",prospecting,inactive,121578,251721,2.0704486,"Compras no site",69,84.77388383,5849.39798405,2025-10-13,Contínuo,23.23762413,3516,1.6636513,1.39678454,2026-01-01,2026-05-25
"[RMKT LARANJA MORO-REATIVAÇÃO BASE QUENTE]","[C] [LM - RMKT] [ADV. ABO]","AD - RMKT",existing,inactive,43561,214254,4.91848213,"Compras no site",105,55.52325654,5829.94193644,2025-10-13,Contínuo,27.21042285,1903,3.0635533,0.88819812,2026-01-01,2026-05-25
"[VINAGRE] [RMKT]","[C] [VARIOS PRODUTO] [ABO] [BID]","ADS2 - VM — Cópia",prospecting,inactive,108666,191851,1.76551083,"Compras no site",62,93.71883642,5810.56785795,2026-01-20,Contínuo,30.28687814,2075,2.80027367,1.08156851,2026-01-01,2026-05-25
"[RMKT LARANJA MORO-REATIVAÇÃO BASE QUENTE]","[C] [LM - RMKT] [ADV. ABO]","CRIATIVO 3 RMKT",engaged,inactive,75425,250152,3.31656613,"Compras no site",101,56.84838851,5741.68723923,2025-10-13,Contínuo,22.95279366,3051,1.88190339,1.21965845,2026-01-01,2026-05-25
"[VINAGRE] [RMKT]","[C] [VARIOS PRODUTO] [ABO] [BID]","AD - ORG TOFU",existing,inactive,43717,141449,3.23556054,"Compras no site",92,62.40458723,5741.22202525,2026-01-20,Contínuo,40.58863637,2287,2.51037255,1.61683716,2026-01-01,2026-05-25
"[PUBLICO ENG.] [DR]","[C] [TONS] [PB DR]","tons 3 - 25-11",prospecting,inactive,179567,227643,1.26773294,"Compras no site",73,78.2104993,5709.36644863,2025-06-20,Contínuo,25.08035147,5380,1.06122053,2.36334963,2026-01-01,2026-05-25
"[PUBLICO ENG.] [DR]","[C] [TONS] [PB DR]",tons_dr-ursinho-melasma4-13-10-2025,prospecting,inactive,68162,120185,1.76322584,"Compras no site",68,83.66209475,5689.02244286,2025-06-20,Contínuo,47.33554473,2327,2.44478833,1.93618172,2026-01-01,2026-05-25
"[CAMPANHA AQUISIÇÃO]","[C] [JEJOOM] [CBO]","AD - RMKT",existing,inactive,32481,233687,7.19457529,"Compras no site",131,43.21306944,5660.91209701,2025-10-13,Contínuo,24.22433467,2908,1.94666853,1.24439956,2026-01-01,2026-05-25
"[RMKT LARANJA MORO-REATIVAÇÃO BASE QUENTE]","[C] [LM - RMKT] [ADV. ABO]","AD - EVELYN",existing,inactive,35871,223191,6.22204566,"Compras no site",106,53.35728187,5655.87187775,2025-10-13,Contínuo,25.34094958,1670,3.38674963,0.74823806,2026-01-01,2026-05-25
"[PUBLICO ABERTO]","[C] [TONS] [PB DR]","AD2 - MOFU",prospecting,not_delivering,172415,256298,1.48651799,"Compras no site",60,92.69929049,5561.95742952,2025-12-10,Contínuo,21.70113473,2878,1.93257729,1.12291161,2026-01-01,2026-05-25
"[TOFU][PERFIL NOVO]  TESTE","[C] [LM - PRINCIPAL] - [PLANO B] 2 TESTE",AD2,prospecting,not_delivering,315569,675106,2.13932928,"Compras no site",60,92.63803406,5558.2820435,2026-03-16,Contínuo,8.233199,3232,1.71976548,0.47873963,2026-01-01,2026-05-25
"[AQUISIÇÃO]  [ADV. +]","[C] [LM - PRINCIPAL][EX. BASE] [ADV. +] [CBO]","ADS - LARI TOFU",existing,inactive,68097,167442,2.45887484,"Compras no site",88,63.12199303,5554.73538661,2026-01-23,Contínuo,33.17408647,1670,3.32618885,0.99736028,2026-01-01,2026-05-25
"[PUBLICO ENG.] [DR]","[C] [TONS] [PB DR]","AD1 — Cópia",existing,active,41529,168493,4.05723711,"Compras no site",97,57.06785193,5535.58163754,2025-06-20,Contínuo,32.85348138,1899,2.91499823,1.12704979,2026-01-01,2026-05-25
"[AQUISIÇÃO]  [ADV. +]","[C] [LM - PRINCIPAL][EX. BASE] [ADV. +] [CBO]","ADS - LARISSA MES CLIENTE",prospecting,active,110334,274050,2.48382185,"Compras no site",104,52.92284029,5503.97539011,2026-01-23,Contínuo,20.08383649,2336,2.35615385,0.8523992,2026-01-01,2026-05-25
"[CAMPANHA AQUISIÇÃO]","[C] [JEJOOM] [CBO]","AD - MORGANA TOFU",prospecting,inactive,71650,170829,2.38421493,"Compras no site",68,80.62555474,5482.53772212,2025-10-13,Contínuo,32.09371782,2826,1.94003458,1.65428586,2026-01-01,2026-05-25
"teste publico novo - bid","[C] [LM - TESTE] [ABO]","ADS 3",prospecting,not_delivering,223409,385332,1.7247828,"Compras no site",73,74.88824382,5466.84179881,2026-02-19,Contínuo,14.1873548,2916,1.87477428,0.75675002,2026-01-01,2026-05-25
"[PUBLICO ENG.] [DR]","[C] [TONS] [PB DR]","AD - BOFU",engaged,active,53098,184034,3.46593092,"Compras no site",111,49.10318371,5450.45339229,2025-06-20,Contínuo,29.61655668,2639,2.06534801,1.43397416,2026-01-01,2026-05-25
"[PUBLICO ABERTO]","[C] [LM - PRINCIPAL] [PLANO B] 1 TESTE","ADS - RAIZA 3",engaged,inactive,75815,202794,2.67485326,"Compras no site",102,53.34852152,5441.54919454,2025-12-10,Contínuo,26.83289049,2891,1.8822377,1.42558458,2026-01-01,2026-05-25
"teste aquisição ate dia 15  - Lm","[C] [LM - TESTE] [ABO]","AD -  ANA ELISA TOFU",prospecting,not_delivering,153724,278874,1.81412141,"Compras no site",86,63.24795744,5439.32433987,2026-02-04,Contínuo,19.50459469,2303,2.36184296,0.82582098,2026-01-01,2026-05-25
"Lm Perfil Novo","[C] [LM - TESTE] [ABO]","Criativo 1 - Brenda 29/12",existing,not_delivering,62266,406367,6.52630649,"Compras no site",134,40.57429868,5436.95602378,2025-11-03,Contínuo,13.37942309,3707,1.46667279,0.91222959,2026-01-01,2026-05-25
"[BM] [ANA ELISA]","[C] [LM - TESTE] [ABO]","AD - RMK ANA ELISA NIVER 3",existing,not_delivering,61029,336480,5.51344443,"Compras no site",110,49.21220364,5413.34240073,2025-10-01,Contínuo,16.08815502,1785,3.03268482,0.53049215,2026-01-01,2026-05-25
"Influ Larissa L. 1 - LM TESTE TRAVA DE CPA","[C] [LM - TESTE] [ABO]",29/12,prospecting,archived,191390,405315,2.11774387,"Compras no site",98,54.98567886,5388.59652822,2025-11-27,Contínuo,13.29483618,3084,1.74727514,0.76088968,2026-01-01,2026-05-25
"[VINAGRE] [RMKT]","[C] [VARIOS PRODUTO] [ABO] [BID]","AD - TOFU",prospecting,inactive,119443,225203,1.88544327,"Compras no site",65,81.70884813,5311.07512821,2026-01-20,Contínuo,23.58350079,2172,2.44524638,0.96446317,2026-01-01,2026-05-25
adv-engajado-laranja-mouro-sudeste-sul-centro,"[C][LM - COST CAP WINNERS] [ [CBO]","[1] — Cópia",engaged,not_delivering,68233,195426,2.86409802,"Compras no site",85,61.85196462,5257.41699289,2025-08-27,Contínuo,26.90234151,2162,2.43173774,1.10630111,2026-01-01,2026-05-25
"[AQUISIÇÃO]  [ADV. +]","[C] [LM - PRINCIPAL][EX. BASE] [ADV. +] [CBO]","ADS - DANI",prospecting,inactive,270677,388362,1.4347802,"Compras no site",10,519.21478829,5192.14788294,2026-01-23,Contínuo,13.36935097,1514,3.42942396,0.38984247,2026-01-01,2026-05-25
"[PUBLICO LARISSA]","[C] [JEJOOM] [CBO]","ADS - LARISSA 1 24-12",prospecting,archived,71409,182856,2.56068563,"Compras no site",59,87.93842699,5188.36719253,2025-10-13,Contínuo,28.37406042,2522,2.05724314,1.37922737,2026-01-01,2026-05-25
adv-engajado-laranja-mouro-sudeste-sul-centro,"[C][LM - COST CAP WINNERS] [ [CBO]","Estático 2 - Laranja Mouro",prospecting,not_delivering,86246,244510,2.83503003,"Compras no site",94,54.68868926,5140.73679006,2025-08-27,Contínuo,21.02464844,1397,3.67984022,0.57134678,2026-01-01,2026-05-25
"[PUBLICO ABERTO]","[C] [TONS] [PB DR]","AD7 - BOFU",engaged,not_delivering,57265,266607,4.655671,"Compras no site",76,67.25522571,5111.39715402,2025-12-10,Contínuo,19.17202907,2691,1.89944153,1.00935084,2026-01-01,2026-05-25
"[RMKT LARANJA MORO-REATIVAÇÃO BASE QUENTE]","[C] [LM - RMKT] [ADV. ABO]","CRIATIVO 3 RMKT",existing,inactive,27843,150309,5.39844844,"Compras no site",84,60.84855806,5111.2788772,2025-10-13,Contínuo,34.00514192,1823,2.80377338,1.21283489,2026-01-01,2026-05-25
"teste aquisição ate dia 15  - Lm","[C] [LM - TESTE] [ABO]","AD - ANA MOFU",existing,inactive,45719,284856,6.23058247,"Compras no site",95,53.76216949,5107.40610187,2026-02-04,Contínuo,17.92978242,3271,1.56142039,1.14829949,2026-01-01,2026-05-25
"[PUBLICO ABERTO]","[C] [TONS] [PB DR]","AD3 - MOFU",prospecting,inactive,151222,244791,1.61875256,"Compras no site",65,78.37281129,5094.23273367,2025-12-10,Contínuo,20.81053933,2346,2.1714547,0.95836857,2026-01-01,2026-05-25
"Lm Perfil Novo","[C] [LM - TESTE] [ABO]","Criativo 1 - Brenda 29/12",engaged,not_delivering,76040,360800,4.74487112,"Compras no site",100,50.70454944,5070.45494363,2025-11-03,Contínuo,14.05336736,4001,1.26729691,1.10892461,2026-01-01,2026-05-25
"[CAMPANHA AQUISIÇÃO]","[C] [JEJOOM] [CBO]","AD - LARISSA TOFU",existing,inactive,35487,138651,3.90709274,"Compras no site",84,59.23644816,4975.86164579,2025-10-13,Contínuo,35.88767225,2103,2.36607782,1.5167579,2026-01-01,2026-05-25
"[PUBLICO ENG.] [DR]","[C] [TONS] [PB DR]","AD - DR URSINHO 18-05",existing,active,47903,91637,1.91296996,"Compras no site",84,59.19015743,4971.97322432,2025-06-20,Contínuo,54.25726753,2900,1.71447353,3.16466056,2026-01-01,2026-05-25
"[TOFU][PERFIL NOVO]  TESTE","[C] [LM - PRINCIPAL] - [PLANO B] 2 TESTE",AD2,prospecting,not_delivering,472519,828518,1.75340674,"Compras no site",62,79.19101288,4909.84279863,2026-03-16,Contínuo,5.92605447,3252,1.50979176,0.39250807,2026-01-01,2026-05-25
"[BM] [ANA ELISA]","[C] [LM - TESTE] [ABO]","AD - ANA ELISA MOFU",existing,not_delivering,40225,239375,5.95090118,"Compras no site",88,55.49215257,4883.30942579,2025-10-01,Contínuo,20.40024825,4233,1.1536285,1.76835509,2026-01-01,2026-05-25
"Influ Evelyn - Vm","[C] [LM - TESTE] [ABO]","ADS 4",prospecting,not_delivering,140968,189086,1.34133988,"Compras no site",60,81.30364837,4878.21890234,2026-01-29,Contínuo,25.79894282,3106,1.57057917,1.6426388,2026-01-01,2026-05-25
"Evelyn Regly BM - LM","[C] [LM - TESTE] [ABO]","ADS 2",prospecting,not_delivering,210243,549078,2.61163511,"Compras no site",85,57.3131828,4871.62053769,2026-02-04,Contínuo,8.8723652,3019,1.61365371,0.54983081,2026-01-01,2026-05-25
"[PUBLICO ENG.] [DR]","[C] [TONS] [PB DR]","ADS 3 - MES DO CLIENTE — Cópia",existing,inactive,22799,130436,5.72112812,"Compras no site",136,35.72064432,4858.0076274,2025-06-20,Contínuo,37.24437753,1697,2.86270338,1.30102119,2026-01-01,2026-05-25
"[BM] [ANA ELISA]","[C] [LM - TESTE] [ABO]","AD - ANA ELISA MOFU",engaged,not_delivering,69642,252663,3.62802619,"Compras no site",79,61.29254039,4842.11069097,2025-10-01,Contínuo,19.16430459,4247,1.14012496,1.68089511,2026-01-01,2026-05-25
"[AQUISIÇÃO]  [ADV. +]","[C] [LM - PRINCIPAL][EX. BASE] [ADV. +] [CBO]","AD - JADE TOFU LP LM1",prospecting,active,116683,251897,2.15881491,"Compras no site",86,56.22492423,4835.34348348,2026-01-23,Contínuo,19.19571683,1870,2.58574518,0.74236692,2026-01-01,2026-05-25
"[VINAGRE] [RMKT]","[C] [VARIOS PRODUTO] [ABO] [BID]","ADS 1 — Cópia",prospecting,inactive,50435,75239,1.49180133,"Compras no site",54,89.23507966,4818.6943018,2026-01-20,Contínuo,64.04516676,1749,2.75511395,2.3245923,2026-01-01,2026-05-25
"[BM] [MARCELA/PRI]","[C] [LM - TESTE] [ABO]","AD - PRI TOFU",prospecting,not_delivering,187009,408060,2.18203402,"Compras no site",54,89.20619824,4817.13470519,2026-05-07,Contínuo,11.80496668,5148,0.93572935,1.26157918,2026-01-01,2026-05-25
"[BOFU] [ADV+ ABERTO] [ESTATICO]","[C] [LM - TESTE] [ABO]","AD - BOFU",prospecting,not_delivering,268938,625877,2.32721668,"Compras no site",56,85.73007971,4800.88446401,2026-02-25,Contínuo,7.67065168,1851,2.5936707,0.29574501,2026-01-01,2026-05-25
"[AQUISIÇÃO]  [ADV. +]","[C] [LM - PRINCIPAL][EX. BASE] [ADV. +] [CBO]","AD - EVELYN TOFU",existing,inactive,78383,155766,1.98724213,"Compras no site",83,57.75617956,4793.76290353,2026-01-23,Contínuo,30.7754125,2083,2.30137441,1.3372623,2026-01-01,2026-05-25
"[PUBLICO ABERTO]","[C] [LM - PRINCIPAL] [PLANO B] 1 TESTE","[2] 29/12 — Cópia",prospecting,inactive,227298,379871,1.67124656,"Compras no site",52,92.05682671,4786.95498893,2025-12-10,Contínuo,12.60152786,2416,1.98135554,0.63600538,2026-01-01,2026-05-25
"[PUBLICO ENG.] [DR]","[C] [TONS] [PB DR]","AD1 - VERAO — Cópia",existing,inactive,34482,145961,4.23296213,"Compras no site",108,44.18664071,4772.15719681,2025-06-20,Contínuo,32.69474172,1455,3.27983312,0.99684162,2026-01-01,2026-05-25
"[PUBLICO ENG.] [DR]","[C] [TONS] [PB DR]",tons_dr-ursinho_video-reels_10-07-2025_nao-tem-clareador-oral-barra,engaged,inactive,44932,172760,3.84492121,"Compras no site",71,67.03010948,4759.13777292,2025-06-20,Contínuo,27.54768333,3208,1.48352175,1.85691132,2026-01-01,2026-05-25
"[PUBLICO ENG.] [DR]","[C] [TONS] [PB DR]","AD - RMKT",existing,inactive,31637,183715,5.80696653,"Compras no site",112,41.97246277,4700.91583043,2025-06-20,Contínuo,25.58808933,1485,3.16559989,0.80831723,2026-01-01,2026-05-25
"[VINAGRE] [RMKT]","[C] [VARIOS PRODUTO] [ABO] [BID]",AD2,existing,active,39642,151843,3.83035669,"Compras no site",65,71.56784071,4651.90964626,2026-01-20,Contínuo,30.63631281,2489,1.8689874,1.63919311,2026-01-01,2026-05-25
"[AQUISIÇÃO]  [ADV. +]","[C] [LM - PRINCIPAL][EX. BASE] [ADV. +] [CBO]","ADS - LARISSA",engaged,inactive,65939,140791,2.13517038,"Compras no site",78,59.60334484,4649.06089715,2026-01-23,Contínuo,33.02100914,1729,2.6888727,1.22806145,2026-01-01,2026-05-25
"[AQUISIÇÃO]  [ADV. +]","[C] [LM - PRINCIPAL][EX. BASE] [ADV. +] [CBO]","ADS - RAIZA 3",existing,inactive,35667,198781,5.57324698,"Compras no site",76,61.11477489,4644.7228917,2026-01-23,Contínuo,23.36603041,1931,2.40534588,0.97142081,2026-01-01,2026-05-25
"[PUBLICO ENG.] [DR]","[C] [TONS] [PB DR]","AD - BOFU",prospecting,active,59954,173054,2.88644628,"Compras no site",76,61.09925807,4643.54361309,2025-06-20,Contínuo,26.83291697,1531,3.03301346,0.88469495,2026-01-01,2026-05-25
"Conj - Vm","[C] [LM - TESTE] [ABO]","ADS 1",engaged,not_delivering,53155,289121,5.4392061,"Compras no site",80,57.73257764,4618.60621115,2026-01-30,Contínuo,15.97464802,6831,0.67612446,2.3626786,2026-01-01,2026-05-25
"[RMKT LARANJA MORO-REATIVAÇÃO BASE QUENTE]","[C] [LM - RMKT] [ADV. ABO]","ADSS - ORGANICO 2",prospecting,inactive,78903,136816,1.73397716,"Compras no site",61,74.25107476,4529.31556029,2025-10-13,Contínuo,33.10515992,988,4.58432749,0.72213776,2026-01-01,2026-05-25
"[AQUISIÇÃO]  [ADV. +]","[C] [LM - PRINCIPAL][EX. BASE] [ADV. +] [CBO]","AD - DANI TOFU",engaged,inactive,61301,172435,2.81292312,"Compras no site",84,53.91081126,4528.50814592,2026-01-23,Contínuo,26.26211701,2035,2.22531113,1.18015484,2026-01-01,2026-05-25
"[ANA ELISA]","[C] [LM - PRINCIPAL] - [PLANO B] 2 TESTE",AD1,existing,not_delivering,40950,185571,4.53164835,"Compras no site",73,61.79620672,4511.12309075,2026-03-17,Contínuo,24.30941845,2829,1.59459989,1.52448389,2026-01-01,2026-05-25
"LP - ATUAL","[C] [LM - PRINCIPAL][EX. BASE] [ADV. +] [CBO]","ADS - RAIZA 3",prospecting,archived,94755,194829,2.05613424,"Compras no site",56,80.33781997,4498.91791811,2026-01-19,Contínuo,23.09162352,1690,2.66208161,0.86742733,2026-01-01,2026-05-25
"[PUBLICO ENG.] [DR]","[C] [TONS] [PB DR]","AD - TOFU",prospecting,inactive,53896,95790,1.77731186,"Compras no site",62,71.64953225,4442.2709997,2025-06-20,Contínuo,46.37510178,1559,2.84943618,1.62751853,2026-01-01,2026-05-25
"[VINAGRE] [RMKT]","[C] [VARIOS PRODUTO] [ABO] [BID]","AD - ORG TOFU",engaged,inactive,35763,125044,3.49646282,"Compras no site",60,72.50057621,4350.03457241,2026-01-20,Contínuo,34.78803119,2411,1.80424495,1.9281213,2026-01-01,2026-05-25
"[CAMPANHA AQUISIÇÃO]","[C] [JEJOOM] [CBO]","AD - MORGANA TOFU",existing,inactive,34191,128224,3.75022667,"Compras no site",82,52.77063923,4327.19241678,2025-10-13,Contínuo,33.74713327,2953,1.4653547,2.303001,2026-01-01,2026-05-25
"[PUBLICO ENG.] [DR]","[C] [TONS] [PB DR]","AD - RMKT",engaged,inactive,48501,184549,3.80505557,"Compras no site",69,62.56057438,4316.67963232,2025-06-20,Contínuo,23.39042548,2387,1.80841208,1.29342343,2026-01-01,2026-05-25
"[PUBLICO ABERTO]","[C] [LM - PRINCIPAL] [PLANO B] 1 TESTE","ADS - RAIZA 1",prospecting,inactive,82971,142718,1.72009497,"Compras no site",66,65.14645793,4299.66622368,2025-12-10,Contínuo,30.12700727,2257,1.90503599,1.58144032,2026-01-01,2026-05-25
"[AQUISIÇÃO]  [ADV. +]","[C] [LM - PRINCIPAL][EX. BASE] [ADV. +] [CBO]","ADS - ORGANICO LM 2",engaged,inactive,49890,153254,3.07183804,"Compras no site",77,55.53533835,4276.22105294,2026-01-23,Contínuo,27.90283486,1316,3.24940809,0.85870516,2026-01-01,2026-05-25
"Evelyn Regly BM - LM","[C] [LM - TESTE] [ABO]","ADS - ART 2",prospecting,not_delivering,117957,364426,3.08948176,"Compras no site",75,56.88201643,4266.15123213,2026-02-04,Contínuo,11.70649523,1582,2.69668219,0.43410734,2026-01-01,2026-05-25
"[CAMPANHA AQUISIÇÃO]","[C] [JEJOOM] [CBO]","AD - RMKT",prospecting,inactive,62755,205216,3.27011394,"Compras no site",70,60.2455995,4217.19196486,2025-10-13,Contínuo,20.55001542,2621,1.60900113,1.27719086,2026-01-01,2026-05-25
"[PUBLICO ABERTO]","[C] [TONS] [PB DR]","AD7 - BOFU",existing,not_delivering,26786,210514,7.8591055,"Compras no site",83,50.53844292,4194.6907626,2025-12-10,Contínuo,19.92594679,1479,2.83616684,0.7025661,2026-01-01,2026-05-25
"[PUBLICO ABERTO]","[C] [LM - PRINCIPAL] [PLANO B] 1 TESTE","ADS - SABRINA 2",existing,inactive,30561,104290,3.41251922,"Compras no site",58,72.17329849,4186.05131243,2025-12-10,Contínuo,40.13856853,1902,2.2008682,1.82376067,2026-01-01,2026-05-25
"[PUBLICO ABERTO]","[C] [TONS] [PB DR]","tons_dr-ursinho_video-reels_10-07-2025_esse-foi-produto-que-a-mamae — Cópia",prospecting,not_delivering,137090,174312,1.27151506,"Compras no site",57,73.19448642,4172.08572609,2025-12-10,Contínuo,23.93458698,2775,1.50345432,1.59197301,2026-01-01,2026-05-25
"Arte - Organica Lm","[C] [LM - TESTE] [ABO]",AD2,prospecting,not_delivering,214925,540253,2.51368152,"Compras no site",63,66.00639657,4158.40298415,2026-01-26,Contínuo,7.69714001,2461,1.68972084,0.45552732,2026-01-01,2026-05-25
"[TOFU][PERFIL NOVO]  TESTE","[C] [LM - PRINCIPAL] - [PLANO B] 2 TESTE",AD3,prospecting,not_delivering,343267,745704,2.17237311,"Compras no site",64,64.74069264,4143.40432914,2026-03-16,Contínuo,5.55636597,2189,1.89282975,0.29354811,2026-01-01,2026-05-25
"teste aquisição ate dia 15  - Lm","[C] [LM - TESTE] [ABO]","AD - ANA MOFU",engaged,inactive,43241,206731,4.78090238,"Compras no site",68,60.81206169,4135.22019512,2026-02-04,Contínuo,20.00290327,2941,1.40605923,1.42262167,2026-01-01,2026-05-25
"[CAMPANHA AQUISIÇÃO]","[C] [JEJOOM] [CBO]","AD2 - ORGANICO",existing,inactive,43967,124414,2.82971319,"Compras no site",54,76.19524058,4114.54299152,2025-10-13,Contínuo,33.07138257,1892,2.1747056,1.52072918,2026-01-01,2026-05-25
"teste publico novo - bid","[C] [LM - TESTE] [ABO]","ADS 4",prospecting,not_delivering,148382,298409,2.01108625,"Compras no site",79,51.65952414,4081.10240723,2026-02-19,Contínuo,13.67620416,1495,2.72983439,0.50099025,2026-01-01,2026-05-25
"[RMKT LARANJA MORO-REATIVAÇÃO BASE QUENTE]","[C] [LM - RMKT] [ADV. ABO]","AD - LUCIANA MOFU 2 — Cópia",engaged,inactive,44185,116057,2.62661537,"Compras no site",70,57.9687324,4057.81126793,2025-10-13,Contínuo,34.96395106,2590,1.5667225,2.23166203,2026-01-01,2026-05-25
[EVELIN],"[C] [LM - PRINCIPAL][EX. BASE] [ADV. +] [CBO]","AD- MOFU",prospecting,inactive,208543,300987,1.44328508,"Compras no site",46,86.8365428,3994.48096864,2026-03-31,Contínuo,13.27127407,2800,1.42660035,0.93027274,2026-01-01,2026-05-25
"[AQUISIÇÃO]  [ADV. +]","[C] [LM - PRINCIPAL][EX. BASE] [ADV. +] [CBO]","ADS - ORGANICO LM 2",existing,inactive,44161,144965,3.28264758,"Compras no site",67,59.32304179,3974.64379965,2026-01-23,Contínuo,27.41795468,871,4.56331091,0.60083468,2026-01-01,2026-05-25
"[CAMPANHA AQUISIÇÃO]","[C] [JEJOOM] [CBO]","AD - LARISSA TOFU",prospecting,active,96136,169760,1.76583174,"Compras no site",35,112.89500886,3951.32531021,2025-10-13,Contínuo,23.27595023,2030,1.94646567,1.19580584,2026-01-01,2026-05-25
"[PUBLICO ENG.] [DR]","[C] [TONS] [PB DR]","AD - BOFU",existing,active,24538,117468,4.78718722,"Compras no site",107,36.86900473,3944.9835064,2025-06-20,Contínuo,33.58347385,1197,3.29572557,1.01900092,2026-01-01,2026-05-25
"[AQUISIÇÃO]  [ADV. +]","[C] [LM - PRINCIPAL][EX. BASE] [ADV. +] [CBO]","ADS - ANA ELISA 2",prospecting,inactive,104960,208843,1.98973895,"Compras no site",91,42.88332528,3902.38260022,2026-01-23,Contínuo,18.68572373,1146,3.40522042,0.54873757,2026-01-01,2026-05-25
"Evelyn Regly BM - LM","[C] [LM - TESTE] [ABO]","ADS 4 - NOVO VM",engaged,not_delivering,48900,117735,2.40766871,"Compras no site",68,57.33792018,3898.97857209,2026-02-04,Contínuo,33.11656323,2164,1.80174611,1.83802608,2026-01-01,2026-05-25
"[TOFU] - [EX. PURCHASE]","[C] [LM - PRINCIPAL] - [PLANO B] 2 TESTE","ADS - LARISSA",prospecting,not_delivering,461280,583203,1.26431452,"Compras no site",17,229.18439165,3896.13465811,2026-03-25,Contínuo,6.68058062,2065,1.88674802,0.35407911,2026-01-01,2026-05-25
"Influ Sabrina - LM TESTE TRAVA DE CPA","[C] [LM - TESTE] [ABO]","Criativo Versão 2 - Sabrina 29/12",existing,archived,50663,250883,4.95199653,"Compras no site",96,40.47948194,3886.03026639,2025-10-22,Contínuo,15.48941246,2250,1.72712456,0.89683239,2026-01-01,2026-05-25
"TONS TESTE","[C] [TONS] [PB DR]","AD- NIVER 2",engaged,inactive,32410,103613,3.19694539,"Compras no site",60,64.58511379,3875.10682727,2026-04-06,Contínuo,37.39981303,2577,1.50372791,2.48713964,2026-01-01,2026-05-25
"[AQUISIÇÃO]  [ADV. +]","[C] [LM - PRINCIPAL][EX. BASE] [ADV. +] [CBO]","AD - ISA MOFU LP DANI",prospecting,inactive,109219,157245,1.43972203,"Compras no site",51,75.9315271,3872.50788216,2026-01-23,Contínuo,24.62722428,2250,1.72111461,1.4308881,2026-01-01,2026-05-25
"[PUBLICO ABERTO]","[C] [LM - PRINCIPAL] [PLANO B] 1 TESTE","ADS - RAIZA 3",existing,inactive,34130,118365,3.46806329,"Compras no site",80,48.22785908,3858.22872607,2025-12-10,Contínuo,32.59602692,1267,3.04516869,1.07041778,2026-01-01,2026-05-25
"[RMKT LARANJA MORO-REATIVAÇÃO BASE QUENTE]","[C] [LM - RMKT] [ADV. ABO]","ADS1 - EVELYN",engaged,inactive,49626,146373,2.94952243,"Compras no site",77,49.90469121,3842.66122319,2025-10-13,Contínuo,26.25252761,1713,2.24323481,1.1702978,2026-01-01,2026-05-25
"[PUBLICO ABERTO]","[C] [LM - PRINCIPAL] [PLANO B] 1 TESTE","ADS - ORGANICO LM",engaged,inactive,69825,244891,3.50721088,"Compras no site",63,60.27497696,3797.32354858,2025-12-10,Contínuo,15.50617846,1666,2.27930585,0.68030267,2026-01-01,2026-05-25
"[AQUISIÇÃO]  [ADV. +]","[C] [LM - PRINCIPAL][EX. BASE] [ADV. +] [CBO]","ADS - ANA ELISA 3",prospecting,inactive,72514,141460,1.95079571,"Compras no site",57,66.54659511,3793.15592145,2026-01-23,Contínuo,26.81433565,1422,2.66747955,1.00523116,2026-01-01,2026-05-25
"[PUBLICO ENG.] [DR]","[C] [TONS] [PB DR]","AD - SHOOTING MOFU",prospecting,active,60484,123863,2.0478639,"Compras no site",37,101.60669405,3759.44767969,2025-06-20,Contínuo,30.35166014,2663,1.41173401,2.149956,2026-01-01,2026-05-25
"[VINAGRE] [RMKT]","[C] [VARIOS PRODUTO] [ABO] [BID]","AD - RAIZA TOFU",engaged,active,47655,121386,2.54718288,"Compras no site",65,57.63045527,3745.97959272,2026-01-20,Contínuo,30.86006288,1986,1.88619315,1.63610301,2026-01-01,2026-05-25
"[EXCLUSÃO BASE] [ADV. +]","[C] [LM - PRINCIPAL][EX. BASE] [ADV. +] [CBO]","AD - LUCIANA  TOFU",engaged,inactive,60415,158861,2.62949599,"Compras no site",79,47.15773093,3725.46074318,2026-03-17,Contínuo,23.45107196,3886,0.95868779,2.44616363,2026-01-01,2026-05-25
adv-aqui-rmtk_coezima-q10_engajado-existente_5-existentes_max-conv_26-05-2025,"[C] [COQ.10][PRINCIPAL]",coenzima-14-10-estático-dani,engaged,not_delivering,29221,81237,2.78008966,"Compras no site",61,60.8992578,3714.8547257,2025-01-20,Contínuo,45.72860551,1725,2.15353897,2.12341667,2026-01-01,2026-05-25
"[PUBLICO ENG.] [DR]","[C] [TONS] [PB DR]","TESTE VIDEO COMENTARIO",prospecting,inactive,95569,181764,1.9019138,"Compras no site",41,90.38577189,3705.81664762,2025-06-20,Contínuo,20.38806721,2103,1.76215723,1.15699478,2026-01-01,2026-05-25
"[PUBLICO ABERTO]","[C] [LM - PRINCIPAL] [PLANO B] 1 TESTE","ADS - SABRINA 2",engaged,inactive,50155,122614,2.44470143,"Compras no site",57,64.98363762,3704.06734446,2025-12-10,Contínuo,30.20917142,2227,1.66325431,1.81626894,2026-01-01,2026-05-25
"[BM JADE]","[C] [LM - TESTE] [ABO]","AD - JADE MOFU 3",prospecting,inactive,124784,312398,2.50351007,"Compras no site",63,58.63183111,3693.80536011,2026-04-17,Contínuo,11.82403652,1616,2.28577064,0.51728884,2026-01-01,2026-05-25
"[PUBLICO ABERTO]","[C] [LM - PRINCIPAL] [PLANO B] 1 TESTE","Video-Rmkt-DaniWinits — Cópia",existing,inactive,28302,139348,4.92360964,"Compras no site",75,49.16125085,3687.09381397,2025-12-10,Contínuo,26.45961057,1236,2.98308561,0.88698797,2026-01-01,2026-05-25
"[BM JADE]","[C] [LM - TESTE] [ABO]","AD - JADE TOFU",engaged,inactive,61334,194963,3.17871001,"Compras no site",85,43.06247693,3660.31053934,2026-04-17,Contínuo,18.7743856,2736,1.3378328,1.4033432,2026-01-01,2026-05-25
"Conj - Vm","[C] [LM - TESTE] [ABO]","ADS 2",engaged,inactive,22936,78889,3.43952738,"Compras no site",61,59.3178263,3618.38740407,2026-01-30,Contínuo,45.86681799,2427,1.49088892,3.07647454,2026-01-01,2026-05-25
"[VINAGRE] [RMKT]","[C] [VARIOS PRODUTO] [ABO] [BID]","AD - RAIZA MOFU",prospecting,inactive,53437,89253,1.67024721,"Compras no site",48,74.88107706,3594.29169882,2026-01-20,Contínuo,40.27082226,1488,2.41551861,1.66717085,2026-01-01,2026-05-25
"[AQUISIÇÃO]  [ADV. +]","[C] [LM - PRINCIPAL][EX. BASE] [ADV. +] [CBO]","ADS - JESSICA 2",prospecting,inactive,85893,113078,1.31649843,"Compras no site",47,76.36492363,3589.15141075,2026-01-23,Contínuo,31.7404925,896,4.00574934,0.79237341,2026-01-01,2026-05-25
"[VINAGRE] [RMKT]","[C] [VARIOS PRODUTO] [ABO] [BID]",AD7,engaged,inactive,49025,175133,3.57232024,"Compras no site",44,81.17735483,3571.80361235,2026-01-20,Contínuo,20.3948063,2389,1.49510407,1.36410614,2026-01-01,2026-05-25
"[BM] [ANA ELISA]","[C] [LM - TESTE] [ABO]","AD - ANA MOFU",engaged,inactive,37598,133224,3.54337997,"Compras no site",90,39.64798004,3568.31820396,2025-10-01,Contínuo,26.7843497,1711,2.08551619,1.28430313,2026-01-01,2026-05-25
"[PUBLICO ENG.] [DR]","[C] [TONS] [PB DR]","AD - TOFU",prospecting,inactive,45058,76574,1.69945404,"Compras no site",50,71.07153899,3553.57694975,2025-06-20,Contínuo,46.40709575,1203,2.9539293,1.57102933,2026-01-01,2026-05-25
adv-engajado-laranja-mouro-sudeste-sul-centro,"[C][LM - COST CAP WINNERS] [ [CBO]","[1] — Cópia",existing,not_delivering,32890,100569,3.05773791,"Compras no site",61,58.03702589,3540.25857959,2025-08-27,Contínuo,35.2022848,1089,3.25092615,1.08283865,2026-01-01,2026-05-25
rmkt_tons_estáticos_visitantes-engajado-compradores_max-conv_cpa35_02-09-2025_7,"[C] [TONS] [PB DR]","AD1 - VERAO",prospecting,not_delivering,56193,155216,2.76219458,"Compras no site",44,80.4586524,3540.18070565,2025-09-02,Contínuo,22.80809134,988,3.58317885,0.63653232,2026-01-01,2026-05-25
"[EXCLUSÃO BASE] [ADV. +]","[C] [LM - PRINCIPAL][EX. BASE] [ADV. +] [CBO]","AD - BOFU — Cópia",prospecting,inactive,206159,446844,2.16747268,"Compras no site",44,79.36641895,3492.12243361,2026-03-17,Contínuo,7.81508185,1348,2.59059528,0.30167128,2026-01-01,2026-05-25
"Conj - Vm","[C] [LM - TESTE] [ABO]","AD - RAIZA TOFU — Cópia",existing,inactive,30873,81537,2.64104557,"Compras no site",46,75.67172901,3480.89953463,2026-01-30,Contínuo,42.69104253,1171,2.97258713,1.43615782,2026-01-01,2026-05-25
"[RMKT LARANJA MORO-REATIVAÇÃO BASE QUENTE]","[C] [LM - RMKT] [ADV. ABO]","AD - MOFU ANA ELISA — Cópia",existing,active,27803,62807,2.25900083,"Compras no site",59,58.92348778,3476.48577898,2025-10-13,Contínuo,55.35188401,1662,2.09174836,2.64620186,2026-01-01,2026-05-25
"Influ Isadora N. - Lm","[C] [LM - TESTE] [ABO]","ADS 2",engaged,archived,52039,132197,2.54034474,"Compras no site",71,48.72335728,3459.35836678,2026-01-23,Contínuo,26.16820629,1625,2.12883592,1.22922608,2026-01-01,2026-05-25
"LP - 2","[C] [LM - PRINCIPAL][EX. BASE] [ADV. +] [CBO]","ADS - RAIZA 3",prospecting,archived,77873,169145,2.1720622,"Compras no site",51,67.19297885,3426.84192136,2026-01-19,Contínuo,20.25978847,1296,2.64416815,0.76620651,2026-01-01,2026-05-25
"[VINAGRE] [RMKT]","[C] [VARIOS PRODUTO] [ABO] [BID]","AD - TOFU",existing,inactive,38992,103403,2.65190295,"Compras no site",48,71.27399901,3421.15195262,2026-01-20,Contínuo,33.08561601,1757,1.94715535,1.69917701,2026-01-01,2026-05-25
"[CAMPANHA AQUISIÇÃO]","[C] [JEJOOM] [CBO]","AD - LARISSA TOFU",existing,active,32651,130491,3.99653916,"Compras no site",70,48.49902699,3394.9318894,2025-10-13,Contínuo,26.016598,2000,1.69746594,1.53267275,2026-01-01,2026-05-25
"[AQUISIÇÃO]  [ADV. +]","[C] [LM - PRINCIPAL][EX. BASE] [ADV. +] [CBO]","AD - DANI TOFU",existing,inactive,42928,114669,2.67119363,"Compras no site",46,73.4308395,3377.81861704,2026-01-23,Contínuo,29.45712108,1096,3.08195129,0.9557945,2026-01-01,2026-05-25
"[PUBLICO ABERTO]","[C] [TONS] [PB DR]","tons_sabrina_video-reels_23-09-2025 — Cópia",existing,inactive,25169,86354,3.43096667,"Compras no site",45,74.82483125,3367.11740611,2025-12-10,Contínuo,38.99202592,1075,3.13220224,1.24487574,2026-01-01,2026-05-25
"Arte - Organica Lm","[C] [LM - TESTE] [ABO]",AD1,prospecting,not_delivering,141999,347849,2.4496581,"Compras no site",49,68.60884018,3361.83316897,2026-01-26,Contínuo,9.6646337,1633,2.05868535,0.46945657,2026-01-01,2026-05-25
"[PUBLICO ABERTO]","[C] [TONS] [PB DR]","AD5 - TOFU",engaged,not_delivering,39062,130262,3.33474988,"Compras no site",76,43.96913796,3341.65448515,2025-12-10,Contínuo,25.65333317,1728,1.93382783,1.32655725,2026-01-01,2026-05-25
"Evelyn Regly BM - LM","[C] [LM - TESTE] [ABO]","ADS 4 - NOVO VM",existing,not_delivering,36882,91619,2.48411149,"Compras no site",61,54.47704947,3323.10001791,2026-02-04,Contínuo,36.27086104,1483,2.2407957,1.61865988,2026-01-01,2026-05-25
"[PUBLICO ABERTO]","[C] [TONS] [PB DR]","AD5 - TOFU",existing,not_delivering,22385,144987,6.47697119,"Compras no site",68,48.81857752,3319.66327107,2025-12-10,Contínuo,22.89628223,1148,2.89169274,0.79179513,2026-01-01,2026-05-25
adv-engajado-laranja-mouro-sudeste-sul-centro,"[C][LM - COST CAP WINNERS] [ [CBO]","Video 3 Larissa Lemos - 13-10-2025 — Cópia",engaged,not_delivering,52446,118911,2.26730351,"Compras no site",45,73.39354916,3302.70971199,2025-08-27,Contínuo,27.77463575,1561,2.11576535,1.31274651,2026-01-01,2026-05-25
"[PUBLICO LARISSA]","[C] [JEJOOM] [CBO]","ADS - LARISSA 1 24-12",existing,archived,18844,120276,6.38272129,"Compras no site",72,45.84986149,3301.19002708,2025-10-13,Contínuo,27.44678928,2154,1.5325859,1.79088097,2026-01-01,2026-05-25
"[BOFU] [ADV+ ABERTO] [ESTATICO]","[C] [LM - TESTE] [ABO]","AD - BOFU",existing,not_delivering,49323,229563,4.65427894,"Compras no site",52,62.82914233,3267.11540121,2026-02-25,Contínuo,14.23189016,1999,1.63437489,0.87078493,2026-01-01,2026-05-25
"[PUBLICO ENG.] [DR]","[C] [TONS] [PB DR]",tons_dr-ursinho_video-reels_10-07-2025_nao-tem-clareador-oral-barra,existing,inactive,25202,106157,4.21224506,"Compras no site",67,48.553378,3253.07632572,2025-06-20,Contínuo,30.64401147,2005,1.62248196,1.888712,2026-01-01,2026-05-25
"[PUBLICO ENG.] [DR]","[C] [TONS] [PB DR]",tons_dr-ursinho-melasma1-13-10-2025,prospecting,inactive,93912,128266,1.36581055,"Compras no site",43,75.27610348,3236.87244974,2025-06-20,Contínuo,25.23562323,3211,1.00805744,2.50339139,2026-01-01,2026-05-25
"[BM JADE]","[C] [LM - TESTE] [ABO]","AD - JADE TOFU",existing,inactive,53101,178244,3.35669761,"Compras no site",73,44.15747993,3223.49603517,2026-04-17,Contínuo,18.08473797,2008,1.60532671,1.12654563,2026-01-01,2026-05-25
"[AQUISIÇÃO]  [ADV. +]","[C] [LM - PRINCIPAL][EX. BASE] [ADV. +] [CBO]","ADS - DANI",prospecting,inactive,102112,186678,1.82816907,"Compras no site",49,65.71364891,3219.96879648,2026-01-23,Contínuo,17.24878559,931,3.4586131,0.49871972,2026-01-01,2026-05-25
[EVELIN],"[C] [LM - PRINCIPAL][EX. BASE] [ADV. +] [CBO]","AD - EVELYN",prospecting,inactive,240969,396746,1.64646075,"Compras no site",47,68.49758569,3219.38652732,2026-03-31,Contínuo,8.11447759,1774,1.81476129,0.44713746,2026-01-01,2026-05-25
"[VINAGRE] [RMKT]","[C] [VARIOS PRODUTO] [ABO] [BID]",AD8,prospecting,inactive,101537,194967,1.92015718,"Compras no site",32,99.9981769,3199.94166078,2026-01-20,Contínuo,16.41273477,1617,1.97893733,0.82937112,2026-01-01,2026-05-25
"[BM] [ANA ELISA]","[C] [LM - TESTE] [ABO]","AD - RMK ANA ELISA NIVER 3",engaged,not_delivering,43457,210038,4.83323745,"Compras no site",62,51.57015021,3197.34931329,2025-10-01,Contínuo,15.22271833,1449,2.20659028,0.68987517,2026-01-01,2026-05-25
"Evelyn Regly BM - LM","[C] [LM - TESTE] [ABO]","ADS - ART 1",prospecting,not_delivering,101403,318524,3.14116939,"Compras no site",56,56.84017857,3183.05,2026-02-04,Contínuo,9.99312454,1477,2.15507786,0.46370132,2026-01-01,2026-05-25
"[AQUISIÇÃO]  [ADV. +]","[C] [LM - PRINCIPAL][EX. BASE] [ADV. +] [CBO]","ADS - ORGANICO LM 2",engaged,inactive,61355,182148,2.9687556,"Compras no site",48,66.08459383,3172.060504,2026-01-23,Contínuo,17.41474243,1465,2.16522901,0.80429102,2026-01-01,2026-05-25
"[TOFU][PERFIL NOVO]  TESTE","[C] [LM - PRINCIPAL] - [PLANO B] 2 TESTE",AD2,existing,not_delivering,59345,212849,3.58663746,"Compras no site",45,69.88770394,3144.94667744,2026-03-16,Contínuo,14.77548251,1681,1.87087845,0.78976176,2026-01-01,2026-05-25
"[AQUISIÇÃO]  [ADV. +]","[C] [LM - PRINCIPAL][EX. BASE] [ADV. +] [CBO]","AD - MOFU teste ate 08-05 — Cópia — Cópia",prospecting,inactive,156961,208081,1.325686,"Compras no site",37,84.8784157,3140.5013809,2026-01-23,Contínuo,15.09268689,1945,1.61465367,0.93473215,2026-01-01,2026-05-25
"Evelyn Regly BM - LM","[C] [LM - TESTE] [ABO]","ADS - ART 2",engaged,not_delivering,32050,132360,4.12979719,"Compras no site",64,48.95617858,3133.19542883,2026-02-04,Contínuo,23.67176963,966,3.24347353,0.72982774,2026-01-01,2026-05-25
"[AQUISIÇÃO]  [ADV. +]","[C] [LM - PRINCIPAL][EX. BASE] [ADV. +] [CBO]","ADS - ORGANICO LM 2",existing,inactive,50920,155096,3.04587588,"Compras no site",67,46.52014366,3116.84962496,2026-01-23,Contínuo,20.09626054,996,3.12936709,0.64218291,2026-01-01,2026-05-25
"[RMKT LARANJA MORO-REATIVAÇÃO BASE QUENTE]","[C] [LM - RMKT] [ADV. ABO]","ADS 3 — Cópia",prospecting,not_delivering,112189,147554,1.31522698,"Compras no site",38,81.23737281,3087.02016689,2025-10-13,Contínuo,20.92129096,1546,1.99677889,1.04775201,2026-01-01,2026-05-25
"[PUBLICO ENG.] [DR]","[C] [TONS] [PB DR]","ADS 3 - MES DO CLIENTE — Cópia",engaged,inactive,22868,86563,3.78533322,"Compras no site",49,62.98529935,3086.27966834,2025-06-20,Contínuo,35.6535664,1253,2.46311227,1.44750066,2026-01-01,2026-05-25
"[AQUISIÇÃO]  [ADV. +]","[C] [LM - PRINCIPAL][EX. BASE] [ADV. +] [CBO]","AD - EVELYN TOFU",engaged,inactive,62435,122763,1.9662529,"Compras no site",40,77.11342067,3084.53682691,2026-01-23,Contínuo,25.12594859,1819,1.69573218,1.4817168,2026-01-01,2026-05-25
"[VINAGRE] [RMKT]","[C] [VARIOS PRODUTO] [ABO] [BID]",AD2,prospecting,active,65476,153668,2.34693628,"Compras no site",40,76.79292881,3071.71715245,2026-01-20,Contínuo,19.98930911,1351,2.27366184,0.87916808,2026-01-01,2026-05-25
adv-aqui-rmtk_coezima-q10_engajado-existente_5-existentes_max-conv_26-05-2025,"[C] [COQ.10][PRINCIPAL]","VDS05 DANI",prospecting,inactive,56692,98859,1.74379101,"Compras no site",16,191.74084052,3067.85344832,2025-01-20,Contínuo,31.03261664,971,3.15947832,0.98220698,2026-01-01,2026-05-25
"[PUBLICO ABERTO]","[C] [LM - PRINCIPAL] [PLANO B] 1 TESTE","ADS - ISA NOGUEIRA",prospecting,inactive,125398,167031,1.33200689,"Compras no site",42,72.99328262,3065.71787011,2025-12-10,Contínuo,18.35418497,1543,1.98685539,0.92378062,2026-01-01,2026-05-25
rmkt_tons_estáticos_visitantes-engajado-compradores_max-conv_cpa35_02-09-2025_7,"[C] [TONS] [PB DR]",tons3_rmkt_01-09-2025,prospecting,not_delivering,94938,184669,1.94515368,"Compras no site",35,87.45866681,3061.05333845,2025-09-02,Contínuo,16.57589167,1868,1.63867952,1.01153957,2026-01-01,2026-05-25
"LP - 1","[C] [LM - PRINCIPAL][EX. BASE] [ADV. +] [CBO]","ADS - RAIZA 3",prospecting,archived,77503,147885,1.90811969,"Compras no site",58,52.62550876,3052.27950826,2026-01-19,Contínuo,20.63954768,1131,2.69874404,0.76478345,2026-01-01,2026-05-25
"[TOFU] - [EX. PURCHASE]","[C] [LM - PRINCIPAL] - [PLANO B] 2 TESTE","ADS - DANI",existing,not_delivering,43474,197047,4.53252519,"Compras no site",55,55.35045148,3044.27483118,2026-03-25,Contínuo,15.44948581,1261,2.41417512,0.63994884,2026-01-01,2026-05-25
"[TOFU] [TIK TOK] [EXCLUSAÕ BASE] [BID 60] - TESTE ATÉ 20-05","[C] [LM - TESTE] [ABO]","AD - ALESSANDRA",prospecting,not_delivering,131530,375968,2.85842013,"Compras no site",46,66.12899589,3041.93381109,2026-03-12,Contínuo,8.09093809,2127,1.43015224,0.56573964,2026-01-01,2026-05-25
"[RMKT LARANJA MORO-REATIVAÇÃO BASE QUENTE]","[C] [LM - RMKT] [ADV. ABO]","[VERÃO 3] [BOFU]",engaged,not_delivering,31333,97553,3.11342674,"Compras no site",48,61.32401922,2943.55292241,2025-10-13,Contínuo,30.17388417,924,3.18566334,0.94717743,2026-01-01,2026-05-25
"TONS TESTE","[C] [TONS] [PB DR]","AD- NIVER 3",prospecting,inactive,46108,109296,2.37043463,"Compras no site",25,117.68381564,2942.09539111,2026-04-06,Contínuo,26.91860078,1017,2.89291582,0.93050066,2026-01-01,2026-05-25
"[PUBLICO ABERTO]","[C] [LM - PRINCIPAL] [PLANO B] 1 TESTE","ADS - ANA ELISA 2",engaged,inactive,45723,168063,3.67567745,"Compras no site",57,51.54931011,2938.31067611,2025-12-10,Contínuo,17.48338823,1552,1.89324142,0.92346323,2026-01-01,2026-05-25
"[PUBLICO ABERTO]","[C] [TONS] [PB DR]","tons_sabrina_video-reels_23-09-2025 — Cópia",engaged,inactive,34224,92725,2.70935601,"Compras no site",29,100.05079972,2901.47319191,2025-12-10,Contínuo,31.29116411,1479,1.96178039,1.59503909,2026-01-01,2026-05-25
"[PUBLICO ABERTO]","[C] [TONS] [PB DR]","ADS - DR 2 — Cópia",engaged,inactive,44606,114824,2.57418285,"Compras no site",43,67.31985592,2894.75380447,2025-12-10,Contínuo,25.21035502,1929,1.50064998,1.67996238,2026-01-01,2026-05-25
"teste aquisição ate dia 15  - Lm","[C] [LM - TESTE] [ABO]","ADS 6 — Cópia",prospecting,inactive,248626,360189,1.44871815,"Compras no site",37,78.10633678,2889.93446071,2026-02-04,Contínuo,8.02338345,1844,1.56720958,0.51195345,2026-01-01,2026-05-25
"[TOFU] [TIK + ORG ] [ABERTO]","[C] [LM - TESTE] [ABO]","AD - MOFU teste ate 08-05 — Cópia",prospecting,active,75300,135440,1.79867198,"Compras no site",30,95.93342368,2878.00271044,2026-02-11,Contínuo,21.24928168,1256,2.29140343,0.9273479,2026-01-01,2026-05-25
rmkt_tons_estáticos_visitantes-engajado-compradores_max-conv_cpa35_02-09-2025_7,"[C] [TONS] [PB DR]",tons1_rmkt_20-10-2025,prospecting,not_delivering,42675,116701,2.73464558,"Compras no site",41,70.12356807,2875.06629098,2025-09-02,Contínuo,24.63617528,1014,2.8353711,0.86888716,2026-01-01,2026-05-25
"[RMKT LARANJA MORO-REATIVAÇÃO BASE QUENTE]","[C] [LM - RMKT] [ADV. ABO]","AD - JADE TOFU",prospecting,inactive,81619,101887,1.24832453,"Compras no site",38,75.52920614,2870.10983335,2025-10-13,Contínuo,28.16953913,990,2.89910084,0.97166469,2026-01-01,2026-05-25
"[EXCLUSÃO BASE] [ADV. +]","[C] [LM - PRINCIPAL][EX. BASE] [ADV. +] [CBO]","AD - LUCIANA  TOFU",existing,inactive,45956,131942,2.87105057,"Compras no site",47,61.01750916,2867.82293033,2026-03-17,Contínuo,21.73548173,2486,1.15358927,1.88416122,2026-01-01,2026-05-25
"[RMKT LARANJA MORO-REATIVAÇÃO BASE QUENTE]","[C] [LM - RMKT] [ADV. ABO]","AD - BOFU — Cópia — Cópia",prospecting,active,70939,118813,1.6748615,"Compras no site",39,73.51610687,2867.12816801,2025-10-13,Contínuo,24.13143484,675,4.24759729,0.56811965,2026-01-01,2026-05-25
"[RMKT LARANJA MORO-REATIVAÇÃO BASE QUENTE]","[C] [LM - RMKT] [ADV. ABO]","AD - BOFU — Cópia — Cópia",existing,active,34361,78743,2.29163878,"Compras no site",53,53.98763894,2861.34486365,2025-10-13,Contínuo,36.33776797,727,3.93582512,0.92325667,2026-01-01,2026-05-25
"[PUBLICO ABERTO]","[C] [CATALAGO]",[CATALAGO],prospecting,not_delivering,125137,447779,3.57831017,"Compras no site",35,81.68082134,2858.82874674,2026-03-04,Contínuo,6.38446365,4591,0.62270284,1.02528256,2026-01-01,2026-05-25
"[AQUISIÇÃO]  [ADV. +]","[C] [LM - PRINCIPAL][EX. BASE] [ADV. +] [CBO]","ADS - LARISSA",existing,inactive,42089,75932,1.80408183,"Compras no site",40,71.3206899,2852.82759606,2026-01-23,Contínuo,37.57082121,804,3.54829303,1.05884212,2026-01-01,2026-05-25
"[BM] [ANA ELISA]","[C] [LM - TESTE] [ABO]","AD - ANA MOFU",existing,inactive,20173,99139,4.91444009,"Compras no site",54,52.55672031,2838.062897,2025-10-01,Contínuo,28.62710837,1344,2.11165394,1.35567234,2026-01-01,2026-05-25
"Evelyn Regly BM - LM","[C] [LM - TESTE] [ABO]","ADS 6",engaged,not_delivering,51242,131838,2.5728504,"Compras no site",37,76.03433382,2813.27035126,2026-02-04,Contínuo,21.33884276,1150,2.44632204,0.87228265,2026-01-01,2026-05-25
"[VINAGRE] [RMKT]","[C] [VARIOS PRODUTO] [ABO] [BID]","AD - RAIZA MOFU",existing,inactive,20882,57246,2.74140408,"Compras no site",48,58.51261874,2808.60569933,2026-01-20,Contínuo,49.06204275,1193,2.3542378,2.0839884,2026-01-01,2026-05-25
"[PUBLICO LARISSA]","[C] [JEJOOM] [CBO]","ADS - LARISSA 07/01",prospecting,archived,46302,95364,2.05960866,"Compras no site",42,66.76664008,2804.19888338,2025-10-13,Contínuo,29.40521458,1178,2.38047443,1.23526698,2026-01-01,2026-05-25
"Influ Sabrina - LM TESTE TRAVA DE CPA","[C] [LM - TESTE] [ABO]","Criativo Versão 2 - Sabrina 29/12",engaged,archived,51165,192899,3.77013584,"Compras no site",42,66.63772848,2798.78459619,2025-10-22,Contínuo,14.50906742,1923,1.45542621,0.99689475,2026-01-01,2026-05-25
"[RMKT LARANJA MORO-REATIVAÇÃO BASE QUENTE]","[C] [LM - RMKT] [ADV. ABO]","AD - RMKT",engaged,inactive,32304,118831,3.67852278,"Compras no site",44,63.58034829,2797.53532491,2025-10-13,Contínuo,23.542134,1475,1.89663412,1.24125859,2026-01-01,2026-05-25
"[VINAGRE] [RMKT]","[C] [VARIOS PRODUTO] [ABO] [BID]",AD1,prospecting,inactive,75634,143107,1.89209879,"Compras no site",40,69.89458063,2795.78322538,2026-01-20,Contínuo,19.53631357,1031,2.71171991,0.72043995,2026-01-01,2026-05-25
"[RMKT LARANJA MORO-REATIVAÇÃO BASE QUENTE]","[C] [LM - RMKT] [ADV. ABO]","AD3 — Cópia",prospecting,inactive,63476,119983,1.89021047,"Compras no site",47,59.45282474,2794.28276268,2025-10-13,Contínuo,23.28898896,1144,2.44255486,0.95346841,2026-01-01,2026-05-25
"TONS TESTE","[C] [TONS] [PB DR]","AD- NIVER 3",existing,inactive,16772,64080,3.82065347,"Compras no site",64,43.47557385,2782.43672656,2026-04-06,Contínuo,43.42129723,1116,2.49322287,1.74157303,2026-01-01,2026-05-25
"[PUBLICO ENG.] [DR]","[C] [TONS] [PB DR]","AD1 — Cópia",engaged,active,28627,101189,3.53473993,"Compras no site",47,58.85328034,2766.10417599,2025-06-20,Contínuo,27.33601652,1502,1.84161397,1.48435107,2026-01-01,2026-05-25
"[PUBLICO ENG.] [DR]","[C] [TONS] [PB DR]","AD - TOFU",prospecting,inactive,36533,66265,1.81383954,"Compras no site",31,88.78858576,2752.44615858,2025-06-20,Contínuo,41.53695252,1002,2.74695225,1.51211047,2026-01-01,2026-05-25
"[HIBRIDO] [ESTATICO ORG.] [BID 60]","[C] [LM - TESTE] [ABO]","AD - BOFU 1 — Cópia",engaged,active,42988,224125,5.21366428,"Compras no site",60,45.60608495,2736.36509682,2026-03-20,Contínuo,12.2091025,1642,1.66648301,0.73262688,2026-01-01,2026-05-25
"[RMKT LARANJA MORO-REATIVAÇÃO BASE QUENTE]","[C] [LM - RMKT] [ADV. ABO]","AD - MOFU teste ate 08-05 — Cópia — Cópia — Cópia",prospecting,not_delivering,112375,171054,1.5221713,"Compras no site",26,105.19037603,2734.94977675,2025-10-13,Contínuo,15.98880925,1102,2.48180561,0.644241,2026-01-01,2026-05-25
"[EXCLUSÃO BASE] [ADV. +]","[C] [LM - PRINCIPAL][EX. BASE] [ADV. +] [CBO]","V - EVELYN TOFU LP OLD",prospecting,active,152686,231917,1.51891464,"Compras no site",28,97.62612202,2733.53141665,2026-03-17,Contínuo,11.78667979,2112,1.29428571,0.91067063,2026-01-01,2026-05-25
"[PUBLICO ENG.] [DR]","[C] [TONS] [PB DR]",tons_dr-ursinho_video-reels_10-07-2025_esse-foi-produto-que-a-mamae,prospecting,inactive,51344,87580,1.70574945,"Compras no site",48,56.45044277,2709.62125312,2025-06-20,Contínuo,30.93881312,1277,2.12186472,1.45809546,2026-01-01,2026-05-25
"[PUBLICO ENG.] [DR]","[C] [TONS] [PB DR]",tons_dr-ursinho-melasma4-13-10-2025,engaged,inactive,26901,55891,2.07765511,"Compras no site",31,87.21586627,2703.69185446,2025-06-20,Contínuo,48.37436894,1826,1.48066367,3.26707341,2026-01-01,2026-05-25
"[BOFU] [ADV+ ABERTO] [ESTATICO]","[C] [LM - TESTE] [ABO]","ADS - DANI — Cópia",engaged,not_delivering,49003,198048,4.04154848,"Compras no site",59,45.79811017,2702.08850015,2026-02-25,Contínuo,13.64360408,2245,1.2036029,1.13356358,2026-01-01,2026-05-25
"[EXCLUSÃO BASE] [ADV. +]","[C] [LM - PRINCIPAL][EX. BASE] [ADV. +] [CBO]","ADS 4",prospecting,inactive,97528,223562,2.29228529,"Compras no site",35,77.17565549,2701.1479421,2026-03-17,Contínuo,12.08232142,1061,2.54585103,0.4745887,2026-01-01,2026-05-25
adv-engajado-laranja-mouro-sudeste-sul-centro,"[C][LM - COST CAP WINNERS] [ [CBO]","Estático 5 - Laranja Mouro",engaged,not_delivering,44290,164381,3.71146986,"Compras no site",62,43.25700281,2681.934174,2025-08-27,Contínuo,16.31535381,1182,2.26897984,0.71906121,2026-01-01,2026-05-25
"[PUBLICO ABERTO]","[C] [LM - PRINCIPAL] [PLANO B] 1 TESTE","ADS -  ANA ELISA 1",engaged,inactive,48992,162706,3.32107283,"Compras no site",38,70.25349164,2669.63268228,2025-12-10,Contínuo,16.40770889,1702,1.56852684,1.04605854,2026-01-01,2026-05-25
"Arte - Organica Tons ###","[C] [LM - TESTE] [ABO]",AD4,existing,not_delivering,18102,94536,5.22240636,"Compras no site",59,45.11382602,2661.71573546,2026-01-26,Contínuo,28.15557814,889,2.99405595,0.9403825,2026-01-01,2026-05-25
"Conj - Vm","[C] [LM - TESTE] [ABO]","AD - ORG 2 TOFU",prospecting,inactive,123337,180136,1.46051874,"Compras no site",20,132.76619497,2655.32389932,2026-01-30,Contínuo,14.74066205,1449,1.83252167,0.80439224,2026-01-01,2026-05-25
"Influ Larissa Lemos - Lm","[C] [LM - TESTE] [ABO]","Video 3 Larissa Lemos - 29/12",prospecting,archived,82169,172469,2.09895459,"Compras no site",41,64.39389883,2640.14985184,2025-10-13,Contínuo,15.30796753,1154,2.28782483,0.66910575,2026-01-01,2026-05-25
"[TOFU] [TIK + ORG ] [ABERTO]","[C] [LM - TESTE] [ABO]",AD2,engaged,inactive,53159,150604,2.83308565,"Compras no site",54,48.66763855,2628.05248152,2026-02-11,Contínuo,17.4500842,1306,2.01229133,0.86717484,2026-01-01,2026-05-25
"Influ Kamili","[C] [LM - TESTE] [ABO]","ADS - KAMILI 29/12",prospecting,archived,87546,224991,2.56997464,"Compras no site",42,62.0003873,2604.01626654,2025-12-29,Contínuo,11.57386858,1122,2.32087011,0.49868661,2026-01-01,2026-05-25
"[RMKT LARANJA MORO-REATIVAÇÃO BASE QUENTE]","[C] [LM - RMKT] [ADV. ABO]","AD - LUCIANA MOFU 2 — Cópia",existing,inactive,25975,52666,2.02756497,"Compras no site",45,57.71247115,2597.06120171,2025-10-13,Contínuo,49.31191284,1369,1.89704982,2.59939999,2026-01-01,2026-05-25
"Lm Perfil Novo","[C] [LM - TESTE] [ABO]",ADS,existing,inactive,50715,293470,5.78665089,"Compras no site",55,46.99569841,2584.76341262,2025-11-03,Contínuo,8.80758992,3788,0.68235571,1.29076226,2026-01-01,2026-05-25
adv-engajado-laranja-mouro-sudeste-sul-centro,"[C][LM - COST CAP WINNERS] [ [CBO]","Estático 4 - Laranja Mouro",engaged,not_delivering,43940,205389,4.67430587,"Compras no site",54,47.57147727,2568.85977277,2025-08-27,Contínuo,12.50728994,1107,2.32055987,0.53897726,2026-01-01,2026-05-25
"[BOFU] [ADV+ ABERTO] [ESTATICO]","[C] [LM - TESTE] [ABO]",AD5,existing,not_delivering,51526,222542,4.31902341,"Compras no site",50,51.33439317,2566.71965828,2026-02-25,Contínuo,11.53364155,1921,1.33613725,0.86320784,2026-01-01,2026-05-25
"Conj - Vm","[C] [LM - TESTE] [ABO]","AD - RAIZA TOFU — Cópia",prospecting,inactive,40714,70529,1.73230338,"Compras no site",17,150.43664253,2557.422923,2026-01-30,Contínuo,36.26058675,1054,2.42639746,1.49442073,2026-01-01,2026-05-25
"TONS TESTE","[C] [TONS] [PB DR]","AD - BOFU 5",prospecting,not_delivering,35072,53173,1.51610972,"Compras no site",21,121.69215785,2555.53531494,2026-04-06,Contínuo,48.06076984,1430,1.78708763,2.68933481,2026-01-01,2026-05-25
"teste aquisição ate dia 15  - Lm","[C] [LM - TESTE] [ABO]","ADS 4 — Cópia",prospecting,not_delivering,141566,284898,2.01247475,"Compras no site",41,62.30285593,2554.41709304,2026-02-04,Contínuo,8.9660759,1213,2.10586735,0.42576641,2026-01-01,2026-05-25
"[RMKT LARANJA MORO-REATIVAÇÃO BASE QUENTE]","[C] [LM - RMKT] [ADV. ABO]","CRIATIVO 3 RMKT",prospecting,inactive,99110,160185,1.61623449,"Compras no site",31,81.74173575,2533.99380813,2025-10-13,Contínuo,15.81917039,1601,1.58275691,0.99946936,2026-01-01,2026-05-25
"[PUBLICO ENG.] [DR]","[C] [TONS] [PB DR]","AD - TOFU",prospecting,inactive,106898,129319,1.209742,"Compras no site",18,140.70362564,2532.66526145,2025-06-20,Contínuo,19.58463382,3042,0.83256583,2.35232255,2026-01-01,2026-05-25
"Arte - Organica Tons ###","[C] [LM - TESTE] [ABO]",AD4,engaged,not_delivering,22716,89892,3.95721078,"Compras no site",54,46.72251773,2523.01595768,2026-01-26,Contínuo,28.06719127,1068,2.36237449,1.18809238,2026-01-01,2026-05-25
"[RMKT LARANJA MORO-REATIVAÇÃO BASE QUENTE]","[C] [LM - RMKT] [ADV. ABO]","AD - MOFU ANA ELISA — Cópia",prospecting,active,31674,54523,1.72138031,"Compras no site",26,96.96562989,2521.10637717,2025-10-13,Contínuo,46.23931877,1025,2.45961598,1.87994058,2026-01-01,2026-05-25
"[PUBLICO ENG.] [DR]","[C] [TONS] [PB DR]","AD1 - VERAO — Cópia",engaged,inactive,30453,92277,3.03014481,"Compras no site",45,55.92246303,2516.51083629,2025-06-20,Contínuo,27.27126842,992,2.53680528,1.07502411,2026-01-01,2026-05-25
"[CAMPANHA AQUISIÇÃO]","[C] [JEJOOM] [CBO]","AD - LARISSA TOFU",engaged,inactive,27941,79818,2.85666225,"Compras no site",35,71.67531299,2508.63595458,2025-10-13,Contínuo,31.42945143,1425,1.76044628,1.78531158,2026-01-01,2026-05-25
"[VINAGRE] [RMKT]","[C] [VARIOS PRODUTO] [ABO] [BID]",AD1,existing,inactive,20876,80352,3.84901322,"Compras no site",52,48.09735221,2501.06231466,2026-01-20,Contínuo,31.12632311,941,2.65787706,1.17109717,2026-01-01,2026-05-25
"[CAMPANHA AQUISIÇÃO]","[C] [JEJOOM] [CBO]","AD - MORGANA TOFU",engaged,inactive,29285,89776,3.06559672,"Compras no site",46,54.2284753,2494.50986375,2025-10-13,Contínuo,27.78593236,2205,1.13129699,2.45611299,2026-01-01,2026-05-25
"[PUBLICO ENG.] [DR]","[C] [TONS] [PB DR]","AD - DR URSINHO 18-05",engaged,active,33390,59730,1.78885894,"Compras no site",30,83.04388469,2491.31654057,2025-06-20,Contínuo,41.7096357,2145,1.16145293,3.59116022,2026-01-01,2026-05-25
"[CAMPANHA AQUISIÇÃO]","[C] [JEJOOM] [CBO]","AD - RMKT",engaged,inactive,26682,120118,4.50183644,"Compras no site",45,54.99279877,2474.6759446,2025-10-13,Contínuo,20.60204086,1742,1.42059469,1.4502406,2026-01-01,2026-05-25
"[PUBLICO ENG.] [DR]","[C] [TONS] [PB DR]","AD - BOFU — Cópia",prospecting,active,34871,81164,2.32755011,"Compras no site",48,51.25618112,2460.29669368,2025-06-20,Contínuo,30.31265948,842,2.92196757,1.03740575,2026-01-01,2026-05-25
"[PUBLICO ABERTO]","[C] [CATALAGO]",[CATALAGO],existing,not_delivering,24968,178530,7.15035245,"Compras no site",43,57.195794,2459.41914207,2026-03-04,Contínuo,13.77594321,3260,0.75442305,1.82602364,2026-01-01,2026-05-25
"Arte - Organica Lm","[C] [LM - TESTE] [ABO]",AD3,prospecting,not_delivering,109091,249079,2.28322226,"Compras no site",33,74.24030303,2449.93,2026-01-26,Contínuo,9.83595566,1437,1.70489214,0.57692539,2026-01-01,2026-05-25
"[PUBLICO ENG.] [DR]","[C] [TONS] [PB DR]","AD - TOFU",engaged,inactive,27596,42937,1.5559139,"Compras no site",28,87.37283751,2446.43945032,2025-06-20,Contínuo,56.97741925,1123,2.17848571,2.61545986,2026-01-01,2026-05-25
"Influ Mi Ruback - Vm","[C] [LM - TESTE] [ABO]",AD3,prospecting,archived,23991,39633,1.6519945,"Compras no site",27,90.14199424,2433.83384461,2026-01-22,Contínuo,61.40927622,841,2.89397603,2.12196907,2026-01-01,2026-05-25
"Influ Nutri- Lm","[C] [LM - TESTE] [ABO]","ADS 1",prospecting,not_delivering,123702,238225,1.92579748,"Compras no site",29,83.32080672,2416.30339475,2026-02-24,Contínuo,10.14294635,1936,1.2480906,0.81267709,2026-01-01,2026-05-25
"[VINAGRE] [RMKT]","[C] [VARIOS PRODUTO] [ABO] [BID]","AD11 - EVELYN",prospecting,inactive,48998,66490,1.35699416,"Compras no site",22,109.60136364,2411.23,2026-01-20,Contínuo,36.26455106,975,2.47305641,1.46638592,2026-01-01,2026-05-25
"[ADV ABER.]","[C] [LM - PRINCIPAL] - [PLANO B] 2 TESTE","AD - LUCIANA TOFU — Cópia — Cópia",prospecting,not_delivering,101484,139565,1.37524142,"Compras no site",30,80.23962441,2407.18873242,2026-02-25,Contínuo,17.2477966,1188,2.02625314,0.85121628,2026-01-01,2026-05-25
"[RMKT LARANJA MORO-REATIVAÇÃO BASE QUENTE]","[C] [LM - RMKT] [ADV. ABO]","ADSS - ORGANICO 2",engaged,inactive,30119,72953,2.42215877,"Compras no site",41,58.69325023,2406.42325925,2025-10-13,Contínuo,32.9859397,578,4.16336204,0.79229093,2026-01-01,2026-05-25
"[PUBLICO ABERTO]","[C] [LM - PRINCIPAL] [PLANO B] 1 TESTE","Criativo 1 - Brenda 29/12 — Cópia",engaged,inactive,44870,121019,2.69710274,"Compras no site",29,82.96077229,2405.86239655,2025-12-10,Contínuo,19.88003864,1299,1.85208807,1.07338517,2026-01-01,2026-05-25
"[PUBLICO ABERTO]","[C] [TONS] [PB DR]","AD2 - MOFU",engaged,not_delivering,20558,63347,3.08137951,"Compras no site",38,62.77651311,2385.50749827,2025-12-10,Contínuo,37.65778171,2877,0.82916493,4.54165154,2026-01-01,2026-05-25
"[RMKT LARANJA MORO-REATIVAÇÃO BASE QUENTE]","[C] [LM - RMKT] [ADV. ABO]","[VERÃO 3] [BOFU]",existing,not_delivering,13754,61672,4.48393195,"Compras no site",43,55.25783286,2376.0868129,2025-10-13,Contínuo,38.52780537,760,3.12643002,1.23232585,2026-01-01,2026-05-25
"[BM] [ANA ELISA]","[C] [LM - TESTE] [ABO]","AD - RMK NIVER",prospecting,inactive,62917,156516,2.48765834,"Compras no site",37,64.0984313,2371.64195824,2025-10-01,Contínuo,15.15271255,1038,2.28481884,0.66319098,2026-01-01,2026-05-25
"[TOFU] [TIK + ORG ] [ABERTO]","[C] [LM - TESTE] [ABO]",AD2,existing,inactive,48473,121326,2.50296041,"Compras no site",56,41.89505872,2346.12328807,2026-02-11,Contínuo,19.33734969,754,3.11156935,0.62146613,2026-01-01,2026-05-25
"ESTUDOS CLINICOS","[C] [LM - PRINCIPAL][EX. BASE] [ADV. +] [CBO]",AD2,prospecting,archived,141407,235194,1.66324157,"Compras no site",20,116.46751605,2329.35032099,2026-03-20,Contínuo,9.903953,1107,2.10420083,0.47067527,2026-01-01,2026-05-25
"[PUBLICO ABERTO]","[C] [LM - PRINCIPAL] [PLANO B] 1 TESTE","ADS - KAMILI  29/12 — Cópia",engaged,inactive,42495,177131,4.16827862,"Compras no site",32,72.62536881,2324.01180178,2025-12-10,Contínuo,13.12029968,1974,1.17731094,1.11442943,2026-01-01,2026-05-25
"TONS TESTE","[C] [TONS] [PB DR]","AD - BOFU 5",engaged,not_delivering,21170,45531,2.15073217,"Compras no site",24,96.67864422,2320.28746134,2026-04-06,Contínuo,50.96060841,1213,1.91285034,2.66411895,2026-01-01,2026-05-25
adv-aqui-rmtk_coezima-q10_engajado-existente_5-existentes_max-conv_26-05-2025,"[C] [COQ.10][PRINCIPAL]","AD1 ANIVERSARIO",engaged,not_delivering,25643,70183,2.73692626,"Compras no site",52,44.48513698,2313.22712289,2025-01-20,Contínuo,32.95993507,751,3.0801959,1.0700597,2026-01-01,2026-05-25
"[PUBLICO ABERTO]","[C] [LM - PRINCIPAL] [PLANO B] 1 TESTE","ADS -  ANA ELISA 1",existing,inactive,25996,124788,4.80027697,"Compras no site",55,41.99731101,2309.85210562,2025-12-10,Contínuo,18.51021016,1128,2.04774123,0.90393307,2026-01-01,2026-05-25
"[PUBLICO ENG.] [DR]","[C] [TONS] [PB DR]","tons_dr-ursinho-bruna2-06-11-2025 — Cópia",prospecting,inactive,61868,73196,1.1830995,"Compras no site",28,82.03808833,2297.06647328,2025-06-20,Contínuo,31.38240441,1356,1.69400182,1.85256025,2026-01-01,2026-05-25
"Evelyn Regly BM - LM","[C] [LM - TESTE] [ABO]","Teste - ADS 2",engaged,not_delivering,36991,132080,3.57059825,"Compras no site",51,45.03832553,2296.9546019,2026-02-04,Contínuo,17.39063145,1295,1.77371012,0.98046638,2026-01-01,2026-05-25
"[EXCLUSÃO BASE] [ADV. +]","[C] [LM - PRINCIPAL][EX. BASE] [ADV. +] [CBO]","ADS - 4",engaged,inactive,32294,75599,2.34096117,"Compras no site",31,74.06822113,2296.11485513,2026-03-17,Contínuo,30.37229137,1151,1.99488693,1.52250691,2026-01-01,2026-05-25
"[ANA ELISA]","[C] [LM - PRINCIPAL] - [PLANO B] 2 TESTE",AD1,engaged,not_delivering,25970,85998,3.31143627,"Compras no site",38,59.78253813,2271.73644889,2026-03-17,Contínuo,26.41615443,1803,1.25997585,2.09656039,2026-01-01,2026-05-25
"[PUBLICO ENG.] [DR]","[C] [TONS] [PB DR]","AD - BOFU",engaged,active,25355,77801,3.06846776,"Compras no site",38,59.70876696,2268.93314438,2025-06-20,Contínuo,29.16329025,926,2.45025178,1.19021606,2026-01-01,2026-05-25
"[AQUISIÇÃO]  [ADV. +]","[C] [LM - PRINCIPAL][EX. BASE] [ADV. +] [CBO]","ADS - ORGANICO LM 2",prospecting,inactive,86313,118758,1.37589934,"Compras no site",26,87.24346154,2268.33,2026-01-23,Contínuo,19.10043955,766,2.96126632,0.64500918,2026-01-01,2026-05-25
"[ADV ABER.]","[C] [LM - PRINCIPAL] - [PLANO B] 2 TESTE","ADS 2 — Cópia",prospecting,inactive,116127,202638,1.74496887,"Compras no site",24,93.57034965,2245.68839156,2026-02-25,Contínuo,11.08226686,942,2.38395795,0.46486839,2026-01-01,2026-05-25
"[PUBLICO ABERTO]","[C] [LM - PRINCIPAL] [PLANO B] 1 TESTE","ADS - ANA ELISA 2",existing,inactive,23210,113813,4.90361913,"Compras no site",49,45.61734363,2235.24983779,2025-12-10,Contínuo,19.63967067,1262,1.77119638,1.10883642,2026-01-01,2026-05-25
"[RMKT LARANJA MORO-REATIVAÇÃO BASE QUENTE]","[C] [LM - RMKT] [ADV. ABO]","ADS1 - EVELYN",existing,inactive,22467,93057,4.14194151,"Compras no site",36,62.01698281,2232.61138114,2025-10-13,Contínuo,23.9918693,1226,1.82105333,1.31747209,2026-01-01,2026-05-25
"Arte - Organica Tons ###","[C] [LM - TESTE] [ABO]",AD1,engaged,not_delivering,35082,106995,3.04985463,"Compras no site",41,54.38598277,2229.82529343,2026-01-26,Contínuo,20.84046258,1254,1.77817009,1.17201738,2026-01-01,2026-05-25
"[AQUISIÇÃO]  [ADV. +]","[C] [LM - PRINCIPAL][EX. BASE] [ADV. +] [CBO]","AD - MOFU",existing,active,30813,84015,2.7266089,"Compras no site",42,52.75664542,2215.77910757,2026-01-23,Contínuo,26.37361314,1149,1.92844135,1.36761293,2026-01-01,2026-05-25
"Arte - Organica Tons ###","[C] [LM - TESTE] [ABO]",AD1,existing,not_delivering,23800,95877,4.02844538,"Compras no site",48,45.92407925,2204.35580408,2026-01-26,Contínuo,22.99149748,748,2.94699974,0.78016625,2026-01-01,2026-05-25
rmkt_tons_estáticos_visitantes-engajado-compradores_max-conv_cpa35_02-09-2025_7,"[C] [TONS] [PB DR]",tons2_rmkt_01-09-2025,prospecting,not_delivering,51960,90132,1.73464203,"Compras no site",25,87.38953588,2184.7383969,2025-09-02,Contínuo,24.23932007,979,2.23160204,1.08618471,2026-01-01,2026-05-25
"[RMKT LARANJA MORO-REATIVAÇÃO BASE QUENTE]","[C] [LM - RMKT] [ADV. ABO]","ADSS - ORGANICO 2",existing,inactive,22273,58945,2.6464778,"Compras no site",28,77.06468527,2157.81118748,2025-10-13,Contínuo,36.60719633,418,5.16222772,0.70913563,2026-01-01,2026-05-25
"[AQUISIÇÃO]  [ADV. +]","[C] [LM - PRINCIPAL][EX. BASE] [ADV. +] [CBO]","ADS - LARISSA MES CLIENTE",existing,active,26959,75947,2.81712972,"Compras no site",52,41.35199666,2150.30382628,2026-01-23,Contínuo,28.31321614,994,2.16328353,1.30880746,2026-01-01,2026-05-25
adv-engajado-laranja-mouro-sudeste-sul-centro,"[C][LM - COST CAP WINNERS] [ [CBO]","Estático 2 - Laranja Mouro",engaged,not_delivering,26672,93576,3.50839832,"Compras no site",35,61.36796562,2147.87879668,2025-08-27,Contínuo,22.95330851,686,3.13101865,0.73309396,2026-01-01,2026-05-25
adv-aqui-rmtk_coezima-q10_engajado-existente_5-existentes_max-conv_26-05-2025,"[C] [COQ.10][PRINCIPAL]",coenzima-23-10-video-sabrina,prospecting,not_delivering,28716,50173,1.7472141,"Compras no site",20,107.246,2144.92,2025-01-20,Contínuo,42.75048333,768,2.79286458,1.53070376,2026-01-01,2026-05-25
[RMK],"[C] [JEJOOM] [CBO]","AD - MORGANA TOFU",existing,active,32555,176171,5.41148825,"Compras no site",36,59.13456251,2128.84425031,2026-04-17,Contínuo,12.0839653,4009,0.53101628,2.27562993,2026-01-01,2026-05-25
"[Publico Quente] [TESTE]","[C] [DIGESTINO] [PRINCIPAL]","[Criativo 2 Digestino]",existing,not_delivering,20243,72980,3.60519686,"Compras no site",46,46.12654924,2121.82126495,2025-12-24,Contínuo,29.07401021,839,2.5289884,1.14963004,2026-01-01,2026-05-25
"[PUBLICO ENG.] [DR]","[C] [TONS] [PB DR]",AD10,engaged,inactive,28309,54961,1.94146738,"Compras no site",24,88.17997332,2116.31935979,2025-06-20,Contínuo,38.50583795,1382,1.53134541,2.51451029,2026-01-01,2026-05-25
"[BOFU] [ADV+ ABERTO] [ESTATICO]","[C] [LM - TESTE] [ABO]",AD5,engaged,not_delivering,55878,181661,3.25102903,"Compras no site",40,52.85057863,2114.02314504,2026-02-25,Contínuo,11.63718765,1824,1.15900392,1.00406802,2026-01-01,2026-05-25
"Influ Isadora N. - Lm","[C] [LM - TESTE] [ABO]","ADS 2",existing,archived,27538,68270,2.47911976,"Compras no site",35,60.37721001,2113.2023504,2026-01-23,Contínuo,30.95360115,789,2.67832998,1.15570529,2026-01-01,2026-05-25
"[VINAGRE] [RMKT]","[C] [VARIOS PRODUTO] [ABO] [BID]","ADS2 - VM — Cópia",existing,inactive,20850,53656,2.57342926,"Compras no site",31,68.04598684,2109.42559204,2026-01-20,Contínuo,39.31388087,637,3.31150014,1.18719249,2026-01-01,2026-05-25
"[TOFU] [TIK + ORG ] [ABERTO]","[C] [LM - TESTE] [ABO]","AD - MOFU teste ate 08-05 — Cópia",existing,active,30615,75367,2.46176711,"Compras no site",27,78.10274092,2108.7740048,2026-02-11,Contínuo,27.98007092,1249,1.6883699,1.65722398,2026-01-01,2026-05-25
"Evelyn Regly BM - LM","[C] [LM - TESTE] [ABO]","AD - EVELYN TOFU",prospecting,inactive,155018,169610,1.094131,"Compras no site",29,72.63115245,2106.30342112,2026-02-04,Contínuo,12.41850965,2129,0.98933932,1.25523259,2026-01-01,2026-05-25
"[RMKT LARANJA MORO-REATIVAÇÃO BASE QUENTE]","[C] [LM - RMKT] [ADV. ABO]","AD - BOFU 1",existing,inactive,22161,55318,2.496187,"Compras no site",36,58.39837576,2102.34152743,2025-10-13,Contínuo,38.0046554,438,4.7998665,0.79178568,2026-01-01,2026-05-25
"[PUBLICO ENG.] [DR]","[C] [TONS] [PB DR]","tons 3 - 25-11 — Cópia",prospecting,active,54843,66009,1.20359937,"Compras no site",31,67.45720717,2091.17342228,2025-06-20,Contínuo,31.68012577,1506,1.38856137,2.28150707,2026-01-01,2026-05-25
"[PUBLICO ABERTO]","[C] [TONS] [PB DR]","Novo anúncio de Vendas",engaged,inactive,49546,77056,1.55524159,"Compras no site",40,52.16485672,2086.59426871,2025-12-10,Contínuo,27.0789331,1883,1.10812229,2.44367733,2026-01-01,2026-05-25
adv-engajado-laranja-mouro-sudeste-sul-centro,"[C][LM - COST CAP WINNERS] [ [CBO]","Estático 4 - Laranja Mouro",existing,not_delivering,23590,125700,5.32852904,"Compras no site",48,43.11522209,2069.53066028,2025-08-27,Contínuo,16.46404662,622,3.32721971,0.49482896,2026-01-01,2026-05-25
"[TOFU] - [EX. PURCHASE]","[C] [LM - PRINCIPAL] - [PLANO B] 2 TESTE","ADS - DANI",engaged,not_delivering,37182,157338,4.23156366,"Compras no site",38,54.23201318,2060.81650098,2026-03-25,Contínuo,13.09802146,1174,1.75538032,0.74616431,2026-01-01,2026-05-25
"[TOFU] [TIK TOK] [EXCLUSAÕ BASE] [BID 60] - TESTE ATÉ 20-05","[C] [LM - TESTE] [ABO]","AD - ALESSANDRA",engaged,not_delivering,42021,224726,5.34794508,"Compras no site",30,68.43819244,2053.1457732,2026-03-12,Contínuo,9.13621821,2153,0.95362089,0.95805559,2026-01-01,2026-05-25
"[PUBLICO ABERTO]","[C] [TONS] [PB DR]","AD3 - MOFU",engaged,inactive,24079,60369,2.50712239,"Compras no site",29,70.5826058,2046.89556808,2025-12-10,Contínuo,33.90640176,1493,1.37099502,2.47312362,2026-01-01,2026-05-25
"[RMKT LARANJA MORO-REATIVAÇÃO BASE QUENTE]","[C] [LM - RMKT] [ADV. ABO]",04-04,existing,not_delivering,17055,51198,3.00193492,"Compras no site",48,42.61454022,2045.49793079,2025-10-13,Contínuo,39.95269211,703,2.90966989,1.37310051,2026-01-01,2026-05-25
rmkt_tons_estáticos_visitantes-engajado-compradores_max-conv_cpa35_02-09-2025_7,"[C] [TONS] [PB DR]","AD1 - VERAO",existing,not_delivering,15258,62841,4.11856076,"Compras no site",45,45.36173298,2041.27798388,2025-09-02,Contínuo,32.4832193,557,3.66477196,0.886364,2026-01-01,2026-05-25
"[PUBLICO ENG.] [DR]","[C] [TONS] [PB DR]","AD - TOFU",existing,inactive,15302,25102,1.64043916,"Compras no site",20,102.01622409,2040.32448179,2025-06-20,Contínuo,81.28135136,572,3.56700084,2.27870289,2026-01-01,2026-05-25
"Conj - Vm","[C] [LM - TESTE] [ABO]","AD - PROMO — Cópia",existing,inactive,19133,60662,3.17054304,"Compras no site",36,56.58322674,2036.99616253,2026-01-30,Contínuo,33.57944286,989,2.05965234,1.63034519,2026-01-01,2026-05-25
"Influ Larissa L 2","[C] [LM - TESTE] [ABO]","AD1 - 07/12",engaged,archived,48802,109215,2.23792058,"Compras no site",62,32.73966081,2029.85897025,2026-01-07,Contínuo,18.5858991,1713,1.18497313,1.56846587,2026-01-01,2026-05-25
"[PUBLICO ENG.] [DR]","[C] [TONS] [PB DR]","AD - BOFU — Cópia",existing,active,19613,56358,2.87350227,"Compras no site",49,40.99983384,2008.99185819,2025-06-20,Contínuo,35.64696863,612,3.28266643,1.08591504,2026-01-01,2026-05-25
"[PUBLICO ENG.] [DR]","[C] [TONS] [PB DR]","AD - REFAÇAO",prospecting,active,41806,56442,1.35009329,"Compras no site",16,125.12677449,2002.02839183,2025-06-20,Contínuo,35.47054307,1067,1.87631527,1.8904362,2026-01-01,2026-05-25
adv-engajado-laranja-mouro-sudeste-sul-centro,"[C][LM - COST CAP WINNERS] [ [CBO]","Estático 5 - Laranja Mouro",existing,not_delivering,23194,91654,3.95162542,"Compras no site",41,48.57173467,1991.44112162,2025-08-27,Contínuo,21.72781462,498,3.99887775,0.54334781,2026-01-01,2026-05-25
"[RMKT LARANJA MORO-REATIVAÇÃO BASE QUENTE]","[C] [LM - RMKT] [ADV. ABO]","AD - RMKT DANI 2",engaged,inactive,21402,47743,2.23077282,"Compras no site",31,63.87387097,1980.09,2025-10-13,Contínuo,41.47393335,590,3.35608475,1.23578326,2026-01-01,2026-05-25
"[PUBLICO ENG.] [DR]","[C] [TONS] [PB DR]","AD - TOFU",prospecting,inactive,20327,39286,1.93270035,"Compras no site",30,65.96916212,1979.07486372,2025-06-20,Contínuo,50.37608471,757,2.61436574,1.92689508,2026-01-01,2026-05-25
adv-engajado-laranja-mouro-sudeste-sul-centro,"[C][LM - COST CAP WINNERS] [ [CBO]","Estático  - Laranja Mouro -compre2-leve3",prospecting,not_delivering,57739,105999,1.8358302,"Compras no site",44,44.62677346,1963.57803235,2025-08-27,Contínuo,18.52449582,811,2.4211813,0.76510156,2026-01-01,2026-05-25
"[PUBLICO ABERTO]","[C] [LM - PRINCIPAL] [PLANO B] 1 TESTE","ADS - RAIZA 1",existing,inactive,18557,43545,2.34655386,"Compras no site",38,51.65232871,1962.78849088,2025-12-10,Contínuo,45.07494525,756,2.59628107,1.73613503,2026-01-01,2026-05-25
"Lm Perfil Novo","[C] [LM - TESTE] [ABO]",ADS,engaged,inactive,51635,205584,3.98148543,"Compras no site",43,45.53682705,1958.08356308,2025-11-03,Contínuo,9.52449394,4626,0.4232779,2.25017511,2026-01-01,2026-05-25
adv-engajado-laranja-mouro-sudeste-sul-centro,"[C][LM - COST CAP WINNERS] [ [CBO]","Estático 2 - Laranja Mouro",existing,not_delivering,16878,70319,4.16631117,"Compras no site",42,46.54534316,1954.90441258,2025-08-27,Contínuo,27.80051498,404,4.83887231,0.57452467,2026-01-01,2026-05-25
"[PUBLICO ENG.] [DR]","[C] [TONS] [PB DR]","tons1_rmkt_20-10-2025 — Cópia",prospecting,inactive,28122,82415,2.93062371,"Compras no site",29,67.18255189,1948.29400477,2025-06-20,Contínuo,23.64004131,647,3.01127358,0.78505126,2026-01-01,2026-05-25
[MOFU],"[C] [LM - PRINCIPAL] - [PLANO B] 2 TESTE","ADS 4",prospecting,not_delivering,119734,142412,1.18940318,"Compras no site",28,68.87219931,1928.42158075,2026-03-31,Contínuo,13.54114527,1241,1.55392553,0.87141533,2026-01-01,2026-05-25
[RMK],"[C] [JEJOOM] [CBO]","AD - RMKT",existing,active,24816,140582,5.66497421,"Compras no site",36,53.46608749,1924.77914973,2026-04-17,Contínuo,13.69150496,1485,1.29614758,1.056323,2026-01-01,2026-05-25
"[PUBLICO ENG.] [DR]","[C] [TONS] [PB DR]","AD - SHOOTING TOFU 2",prospecting,inactive,45288,66384,1.46581876,"Compras no site",8,240.28779113,1922.30232903,2025-06-20,Contínuo,28.95731395,1448,1.32755686,2.18124849,2026-01-01,2026-05-25
"[PUBLICO ENG.] [DR]","[C] [TONS] [PB DR]","AD - TOFU",engaged,inactive,18567,38301,2.06285345,"Compras no site",38,50.10346983,1903.93185338,2025-06-20,Contínuo,49.70971654,1554,1.22518137,4.05733532,2026-01-01,2026-05-25
"[CAMPANHA AQUISIÇÃO]","[C] [JEJOOM] [CBO]","ADS - LARI 1 24-12",prospecting,inactive,40576,70033,1.72597102,"Compras no site",24,78.25185044,1878.04441054,2025-10-13,Contínuo,26.81656377,665,2.82412693,0.94955235,2026-01-01,2026-05-25
"[RMKT LARANJA MORO-REATIVAÇÃO BASE QUENTE]","[C] [LM - RMKT] [ADV. ABO]","AD - RMKT DANI 2",prospecting,inactive,30803,52514,1.70483394,"Compras no site",31,60.46483871,1874.41,2025-10-13,Contínuo,35.69352934,463,4.04840173,0.88166965,2026-01-01,2026-05-25
"[PUBLICO ENG.] [DR]","[C] [TONS] [PB DR]","tons 3 - 25-11",engaged,inactive,35103,52462,1.49451614,"Compras no site",32,58.55202892,1873.66492554,2025-06-20,Contínuo,35.71470637,1603,1.16884899,3.05554497,2026-01-01,2026-05-25
"[PUBLICO ENG.] [DR]","[C] [TONS] [PB DR]","ADS - ESPINHA",engaged,inactive,32121,53313,1.6597553,"Compras no site",16,117.05564301,1872.89028813,2025-06-20,Contínuo,35.13008625,1464,1.27929664,2.74604693,2026-01-01,2026-05-25
"Lm Perfil Novo","[C] [LM - TESTE] [ABO]","AD - LARI MOFU",prospecting,not_delivering,98992,165550,1.67235736,"Compras no site",19,98.3320679,1868.3092901,2025-11-03,Contínuo,11.28546838,1849,1.0104431,1.11688312,2026-01-01,2026-05-25
"Evelyn Regly - LM","[C] [LM - TESTE] [ABO]","ADS 2",prospecting,not_delivering,60008,129566,2.15914545,"Compras no site",23,81.19,1867.37,2026-02-01,Contínuo,14.41250019,530,3.52333962,0.40905793,2026-01-01,2026-05-25
"[VINAGRE] [RMKT]","[C] [VARIOS PRODUTO] [ABO] [BID]","AD - TOFU",engaged,inactive,25621,57321,2.2372663,"Compras no site",30,62.20676282,1866.20288472,2026-01-20,Contínuo,32.55705387,1231,1.51600559,2.147555,2026-01-01,2026-05-25
"[RMKT LARANJA MORO-REATIVAÇÃO BASE QUENTE]","[C] [LM - RMKT] [ADV. ABO]","ADS - RMKT",engaged,not_delivering,15675,40812,2.60363636,"Compras no site",38,48.94255087,1859.81693314,2025-10-13,Contínuo,45.57034532,715,2.60114256,1.75193571,2026-01-01,2026-05-25
"[PUBLICO ENG.] [DR]","[C] [TONS] [PB DR]",tons_dr-ursinho-melasma4-13-10-2025,existing,inactive,14489,31289,2.15950031,"Compras no site",27,68.76207893,1856.57613113,2025-06-20,Contínuo,59.33638439,962,1.92991282,3.07456295,2026-01-01,2026-05-25
"[BM JADE]","[C] [LM - TESTE] [ABO]","AD - JADE TOFU — Cópia",existing,not_delivering,38718,94821,2.44901596,"Compras no site",25,73.79715734,1844.92893345,2026-04-17,Contínuo,19.45696558,1668,1.1060725,1.759104,2026-01-01,2026-05-25
"[AQUISIÇÃO]  [ADV. +]","[C] [LM - PRINCIPAL][EX. BASE] [ADV. +] [CBO]","ADS - DANI",existing,inactive,28096,74109,2.63770644,"Compras no site",28,65.42186602,1831.81224859,2026-01-23,Contínuo,24.71781091,556,3.29462635,0.75024626,2026-01-01,2026-05-25
"[PUBLICO ABERTO]","[C] [TONS] [PB DR]","ADS - DR 2 — Cópia",existing,inactive,17842,61382,3.44030938,"Compras no site",19,96.04236873,1824.80500595,2025-12-10,Contínuo,29.72866648,755,2.41696027,1.23000228,2026-01-01,2026-05-25
"teste aquisição ate dia 15  - Lm","[C] [LM - TESTE] [ABO]","ADS. VIDEO INFLU — Cópia",prospecting,inactive,71113,100482,1.41299059,"Compras no site",14,130.25445458,1823.56236419,2026-02-04,Contínuo,18.14814956,1696,1.07521366,1.68786449,2026-01-01,2026-05-25
"[EXCLUSÃO BASE] [ADV. +]","[C] [LM - PRINCIPAL][EX. BASE] [ADV. +] [CBO]","AD - LUCIANA MOFU 2",engaged,inactive,29575,69935,2.3646661,"Compras no site",34,53.50705825,1819.23998065,2026-03-17,Contínuo,26.01329779,2426,0.74989282,3.46893544,2026-01-01,2026-05-25
"teste aquisição ate dia 15  - Lm","[C] [LM - TESTE] [ABO]","AD -  ANA ELISA TOFU",existing,not_delivering,29668,79257,2.6714642,"Compras no site",44,41.26018228,1815.44802052,2026-02-04,Contínuo,22.90583823,770,2.3577247,0.97152302,2026-01-01,2026-05-25
"[ANA ELISA]","[C] [LM - PRINCIPAL] - [PLANO B] 2 TESTE",ADS2,prospecting,inactive,38985,59372,1.52294472,"Compras no site",20,90.73604668,1814.72093368,2026-03-17,Contínuo,30.56526534,841,2.15781324,1.41649262,2026-01-01,2026-05-25
"Conj - Vm","[C] [LM - TESTE] [ABO]","ADS 3",prospecting,inactive,36475,60326,1.65389993,"Compras no site",18,100.24065161,1804.33172897,2026-01-30,Contínuo,29.90968619,764,2.36169074,1.26645228,2026-01-01,2026-05-25
"teste publico novo - bid","[C] [LM - TESTE] [ABO]","ADS 4",engaged,not_delivering,39461,99712,2.52684929,"Compras no site",33,54.57357042,1800.92782374,2026-02-19,Contínuo,18.06129477,726,2.48061684,0.72809692,2026-01-01,2026-05-25
"[PUBLICO ABERTO]","[C] [LM - PRINCIPAL] [PLANO B] 1 TESTE","Criativo 1 - Brenda 29/12 — Cópia",existing,inactive,25437,69491,2.73188662,"Compras no site",31,57.80572606,1791.97750773,2025-12-10,Contínuo,25.78718838,880,2.03633808,1.26635104,2026-01-01,2026-05-25
"[PUBLICO ENG.] [DR]","[C] [TONS] [PB DR]","AD - SHOOTING MOFU",existing,active,16699,43800,2.62291155,"Compras no site",29,61.50816161,1783.73668682,2025-06-20,Contínuo,40.72458189,1270,1.40451708,2.89954338,2026-01-01,2026-05-25
"teste aquisição ate dia 15  - Lm","[C] [LM - TESTE] [ABO]","AD - EVELYN MOFU",existing,inactive,36856,120794,3.27745822,"Compras no site",44,40.49945203,1781.97588952,2026-02-04,Contínuo,14.75218876,664,2.68369863,0.54969618,2026-01-01,2026-05-25
"[RMKT LARANJA MORO-REATIVAÇÃO BASE QUENTE]","[C] [LM - RMKT] [ADV. ABO]","ADS 3 — Cópia",engaged,not_delivering,37592,63981,1.70198446,"Compras no site",21,83.86211383,1761.10439034,2025-10-13,Contínuo,27.52542771,1182,1.48993603,1.84742345,2026-01-01,2026-05-25
"[RMKT LARANJA MORO-REATIVAÇÃO BASE QUENTE]","[C] [LM - RMKT] [ADV. ABO]","ADS - RMKT",prospecting,not_delivering,27016,47315,1.75136956,"Compras no site",38,46.3251137,1760.35432053,2025-10-13,Contínuo,37.20499462,646,2.72500669,1.36531755,2026-01-01,2026-05-25
"[VINAGRE] [RMKT]","[C] [VARIOS PRODUTO] [ABO] [BID]","ADS1 - VM — Cópia",prospecting,inactive,24990,51946,2.07867147,"Compras no site",28,62.82528462,1759.10796946,2026-01-20,Contínuo,33.86416605,503,3.49723254,0.96831325,2026-01-01,2026-05-25
"[PUBLICO ENG.] [DR]","[C] [TONS] [PB DR]","AD - TOFU",existing,inactive,12463,30486,2.44612052,"Compras no site",21,83.56605658,1754.88718808,2025-06-20,Contínuo,57.56370754,1719,1.02087678,5.63865381,2026-01-01,2026-05-25
"Conj. - Q10","[C] [LM - TESTE] [ABO]","AD - NIVER",existing,not_delivering,23920,105974,4.43035117,"Compras no site",32,54.37276379,1739.92844113,2026-02-20,Contínuo,16.41844642,818,2.12705188,0.77188744,2026-01-01,2026-05-25
"Influ Evelyn - Vm 2","[C] [LM - TESTE] [ABO]","ADS 3",prospecting,not_delivering,50462,67767,1.34293131,"Compras no site",18,96.40666667,1735.32,2026-02-02,Contínuo,25.60715392,718,2.41688022,1.05951274,2026-01-01,2026-05-25
adv-aqui-rmtk_coezima-q10_engajado-existente_5-existentes_max-conv_26-05-2025,"[C] [COQ.10][PRINCIPAL]","ADS2 - ORGANICO",prospecting,not_delivering,39028,82640,2.11745414,"Compras no site",15,115.55581991,1733.33729869,2025-01-20,Contínuo,20.97455589,672,2.57937098,0.81316554,2026-01-01,2026-05-25
"TONS TESTE","[C] [TONS] [PB DR]","AD - BOFU 5",existing,not_delivering,12561,30325,2.41421861,"Compras no site",31,55.28023259,1713.68721037,2026-04-06,Contínuo,56.51070768,595,2.88014657,1.96207749,2026-01-01,2026-05-25
"[RMKT LARANJA MORO-REATIVAÇÃO BASE QUENTE]","[C] [LM - RMKT] [ADV. ABO]","AD - RMKT DANI 2",existing,inactive,17286,43731,2.52985075,"Compras no site",27,63.44740741,1713.08,2025-10-13,Contínuo,39.17312661,489,3.50323108,1.1181999,2026-01-01,2026-05-25
"[BM JADE]","[C] [LM - TESTE] [ABO]","AD - JADE MOFU 3",existing,inactive,30595,130388,4.26174211,"Compras no site",29,58.76155933,1704.08522054,2026-04-17,Contínuo,13.06934089,1934,0.88111956,1.48326533,2026-01-01,2026-05-25
"[RMKT LARANJA MORO-REATIVAÇÃO BASE QUENTE]","[C] [LM - RMKT] [ADV. ABO]","AD - BOFU 1",prospecting,inactive,30601,56921,1.86010261,"Compras no site",18,94.52067866,1701.37221588,2025-10-13,Contínuo,29.89006194,422,4.03168772,0.7413784,2026-01-01,2026-05-25
"Evelyn Regly BM - LM","[C] [LM - TESTE] [ABO]","Teste - ADS 2",prospecting,not_delivering,63775,128391,2.01318699,"Compras no site",35,48.45458895,1695.91061335,2026-02-04,Contínuo,13.20895244,941,1.80224295,0.73291742,2026-01-01,2026-05-25
"Conj. - Q10","[C] [LM - TESTE] [ABO]","ADS1 - Q10",existing,inactive,29727,96897,3.25956201,"Compras no site",23,73.5845233,1692.44403582,2026-02-20,Contínuo,17.46642348,882,1.91887079,0.9102449,2026-01-01,2026-05-25
"TESTE RACHEL ATE 21-03","[C] [LM - PRINCIPAL][EX. BASE] [ADV. +] [CBO]",AD3,prospecting,archived,93302,159961,1.71444342,"Compras no site",15,112.14066667,1682.11,2026-03-17,Contínuo,10.51575071,555,3.03082883,0.34695957,2026-01-01,2026-05-25
"[AQUISIÇÃO]  [ADV. +]","[C] [LM - PRINCIPAL][EX. BASE] [ADV. +] [CBO]","ADS - LARISSA MES CLIENTE",engaged,active,24443,63656,2.60426298,"Compras no site",33,50.75184148,1674.81076889,2026-01-23,Contínuo,26.31033632,1091,1.53511528,1.71389971,2026-01-01,2026-05-25
rmkt_tons_estáticos_visitantes-engajado-compradores_max-conv_cpa35_02-09-2025_7,"[C] [TONS] [PB DR]",tons1_rmkt_20-10-2025,existing,not_delivering,14499,52948,3.65183806,"Compras no site",32,52.31362707,1674.03606639,2025-09-02,Contínuo,31.61660622,567,2.95244456,1.07086198,2026-01-01,2026-05-25
"[RMKT LARANJA MORO-REATIVAÇÃO BASE QUENTE]","[C] [LM - RMKT] [ADV. ABO]","AD - ISA MOFU",prospecting,inactive,41420,48611,1.17361178,"Compras no site",17,97.74910145,1661.73472464,2025-10-13,Contínuo,34.18433533,772,2.15250612,1.58811792,2026-01-01,2026-05-25
"[VINAGRE] [RMKT]","[C] [VARIOS PRODUTO] [ABO] [BID]","ADS2 - VM — Cópia",engaged,inactive,15631,42749,2.7348858,"Compras no site",27,61.10246491,1649.76655257,2026-01-20,Contínuo,38.5919332,634,2.60215545,1.48307563,2026-01-01,2026-05-25
"LP - ATUAL","[C] [LM - PRINCIPAL][EX. BASE] [ADV. +] [CBO]","Rmkt Dani 2 — Cópia",prospecting,archived,39324,68294,1.73670023,"Compras no site",38,43.3543411,1647.46496182,2026-01-19,Contínuo,24.12312885,627,2.62753582,0.91808944,2026-01-01,2026-05-25
"[AQUISIÇÃO]  [ADV. +]","[C] [LM - PRINCIPAL][EX. BASE] [ADV. +] [CBO]","AD - ISA MOFU LP DANI",engaged,inactive,34349,54130,1.57588285,"Compras no site",27,60.93582521,1645.2672808,2026-01-23,Contínuo,30.39474009,921,1.78639227,1.70145945,2026-01-01,2026-05-25
"[BM] [ANA ELISA]","[C] [LM - TESTE] [ABO]","AD - MOFU ANA ELISA",existing,not_delivering,33030,65444,1.98135029,"Compras no site",22,74.48389028,1638.64558613,2025-10-01,Contínuo,25.03889717,901,1.81869654,1.37674959,2026-01-01,2026-05-25
"[BM] [ANA ELISA]","[C] [LM - TESTE] [ABO]","AD - MOFU ANA ELISA",existing,not_delivering,32555,90972,2.79440946,"Compras no site",27,60.5057586,1633.65548219,2025-10-01,Contínuo,17.95778352,1606,1.0172201,1.76537836,2026-01-01,2026-05-25
"[EXCLUSÃO BASE] [ADV. +]","[C] [LM - PRINCIPAL][EX. BASE] [ADV. +] [CBO]","AD - JADE MOFU",engaged,inactive,38574,79107,2.0507855,"Compras no site",33,49.34381844,1628.34600848,2026-03-17,Contínuo,20.58409507,1395,1.16727312,1.76343434,2026-01-01,2026-05-25
adv-engajado-laranja-mouro-sudeste-sul-centro,"[C][LM - COST CAP WINNERS] [ [CBO]","Video 3 Larissa Lemos - 13-10-2025 — Cópia",existing,not_delivering,20622,47670,2.31160896,"Compras no site",32,50.85559788,1627.37913215,2025-08-27,Contínuo,34.13843365,544,2.99150576,1.14117894,2026-01-01,2026-05-25
"[RMKT LARANJA MORO-REATIVAÇÃO BASE QUENTE]","[C] [LM - RMKT] [ADV. ABO]","Rmkt Dani - 1",engaged,not_delivering,18272,39029,2.13600044,"Compras no site",28,57.97909414,1623.41463579,2025-10-13,Contínuo,41.59508662,287,5.65649699,0.73535064,2026-01-01,2026-05-25
"[PUBLICO ENG.] [DR]","[C] [TONS] [PB DR]","AD - TOFU",engaged,inactive,18254,34053,1.86550893,"Compras no site",27,59.96368512,1619.01949824,2025-06-20,Contínuo,47.54410766,814,1.98896744,2.39039145,2026-01-01,2026-05-25
"teste aquisição ate dia 15  - Lm","[C] [LM - TESTE] [ABO]","AD - EVELYN MOFU",engaged,inactive,31875,96157,3.0166902,"Compras no site",26,62.24454243,1618.3581033,2026-02-04,Contínuo,16.83037224,793,2.04080467,0.82469295,2026-01-01,2026-05-25
"teste publico novo - bid","[C] [LM - TESTE] [ABO]","ADS 3",engaged,not_delivering,38580,83741,2.17058061,"Compras no site",19,85.17382616,1618.302697,2026-02-19,Contínuo,19.325094,1091,1.48332053,1.30282657,2026-01-01,2026-05-25
"[RMKT LARANJA MORO-REATIVAÇÃO BASE QUENTE]","[C] [LM - RMKT] [ADV. ABO]","AD - MOFU teste ate 08-05 — Cópia — Cópia — Cópia",existing,not_delivering,39154,68541,1.75054911,"Compras no site",15,107.71156654,1615.67349814,2025-10-13,Contínuo,23.57236542,599,2.69728464,0.87392947,2026-01-01,2026-05-25
"[PUBLICO ENG.] [DR]","[C] [TONS] [PB DR]","ADS - DR 2",prospecting,inactive,37036,58794,1.58748245,"Compras no site",24,67.05677939,1609.36270536,2025-06-20,Contínuo,27.37290719,806,1.99672792,1.37088819,2026-01-01,2026-05-25
"Influ Evelyn BM -VM","[C] [LM - TESTE] [ABO]","ADS 3",prospecting,inactive,134898,227082,1.68336076,"Compras no site",19,84.49600579,1605.4241101,2026-02-04,Contínuo,7.06979906,2515,0.63833961,1.10752944,2026-01-01,2026-05-25
adv-aqui-rmtk_coezima-q10_engajado-existente_5-existentes_max-conv_26-05-2025,"[C] [COQ.10][PRINCIPAL]","AD1 - 07/01",engaged,not_delivering,18941,56715,2.99429808,"Compras no site",26,61.73861039,1605.20387027,2025-01-20,Contínuo,28.30298634,768,2.09010921,1.35413912,2026-01-01,2026-05-25
"[VINAGRE] [RMKT]","[C] [VARIOS PRODUTO] [ABO] [BID]",AD8,existing,inactive,20787,62061,2.9855679,"Compras no site",30,53.47019226,1604.10576793,2026-01-20,Contínuo,25.84724332,675,2.37645299,1.08763958,2026-01-01,2026-05-25
"[PUBLICO ABERTO]","[C] [TONS] [PB DR]","AD2 - MOFU",existing,not_delivering,10280,41242,4.0118677,"Compras no site",35,45.55900187,1594.56506529,2025-12-10,Contínuo,38.66362119,3600,0.44293474,8.72896562,2026-01-01,2026-05-25
"Conj. - Q10","[C] [LM - TESTE] [ABO]",ADS,existing,not_delivering,21570,78452,3.63708855,"Compras no site",25,63.63366471,1590.84161779,2026-02-20,Contínuo,20.27789754,556,2.86122593,0.70871361,2026-01-01,2026-05-25
"[TOFU] - [EX. PURCHASE]","[C] [LM - PRINCIPAL] - [PLANO B] 2 TESTE","ADS - ANA ELISA 2",prospecting,not_delivering,242168,294982,1.21808827,"Compras no site",19,83.15368421,1579.92,2026-03-25,Contínuo,5.35598782,544,2.90426471,0.18441803,2026-01-01,2026-05-25
"teste aquisição ate dia 15  - Lm","[C] [LM - TESTE] [ABO]","AD -  ANA ELISA TOFU",engaged,not_delivering,28016,63450,2.26477727,"Compras no site",34,46.24787223,1572.42765587,2026-02-04,Contínuo,24.78215376,721,2.18089827,1.13632782,2026-01-01,2026-05-25
"teste aquisição ate dia 15  - Lm","[C] [LM - TESTE] [ABO]","AD - ISA MOFU",prospecting,inactive,72415,113749,1.57079334,"Compras no site",18,87.33629075,1572.05323343,2026-02-04,Contínuo,13.8203697,646,2.43351894,0.56791708,2026-01-01,2026-05-25
"[VINAGRE] [RMKT]","[C] [VARIOS PRODUTO] [ABO] [BID]","ADS 1 — Cópia",existing,inactive,12488,26090,2.08920564,"Compras no site",28,56.1268829,1571.55272123,2026-01-20,Contínuo,60.2358268,920,1.70820948,3.52625527,2026-01-01,2026-05-25
"[AQUISIÇÃO]  [ADV. +]","[C] [LM - PRINCIPAL][EX. BASE] [ADV. +] [CBO]","ADS. VIDEO INFLU — Cópia — Cópia",prospecting,inactive,31254,38006,1.21603635,"Compras no site",13,120.69058321,1568.97758173,2026-01-23,Contínuo,41.28236546,1161,1.35140188,3.05478082,2026-01-01,2026-05-25
"[EXCLUSÃO BASE] [ADV. +]","[C] [LM - PRINCIPAL][EX. BASE] [ADV. +] [CBO]","AD - BOFU — Cópia",existing,inactive,39776,123105,3.09495676,"Compras no site",27,58.0984679,1568.65863321,2026-03-17,Contínuo,12.74244452,1350,1.16196936,1.09662483,2026-01-01,2026-05-25
"[AQUISIÇÃO]  [ADV. +]","[C] [LM - PRINCIPAL][EX. BASE] [ADV. +] [CBO]","AD - MOFU",engaged,active,26500,60779,2.29354717,"Compras no site",33,47.08231474,1553.71638628,2026-01-23,Contínuo,25.56337528,1166,1.33251834,1.91842577,2026-01-01,2026-05-25
"[AQUISIÇÃO]  [ADV. +]","[C] [LM - PRINCIPAL][EX. BASE] [ADV. +] [CBO]","AD - JADE TOFU LP LM1",engaged,active,24834,68353,2.75239591,"Compras no site",37,41.89566694,1550.13967681,2026-01-23,Contínuo,22.67844391,673,2.3033279,0.98459468,2026-01-01,2026-05-25
"Conj - Vm","[C] [LM - TESTE] [ABO]","AD - RAIZA TOFU — Cópia",engaged,inactive,19399,48829,2.51708851,"Compras no site",15,103.07783893,1546.16758398,2026-01-30,Contínuo,31.66494468,855,1.80838314,1.75100862,2026-01-01,2026-05-25
"Evelyn Regly BM - LM","[C] [LM - TESTE] [ABO]","ADS - ART 2",existing,not_delivering,18033,74551,4.13414296,"Compras no site",28,55.20619082,1545.77334297,2026-02-04,Contínuo,20.73444143,394,3.9232826,0.52849727,2026-01-01,2026-05-25
"Evelyn Regly BM - LM","[C] [LM - TESTE] [ABO]","ADS 6",existing,not_delivering,32793,74328,2.26658128,"Compras no site",35,44.07068502,1542.47397576,2026-02-04,Contínuo,20.75225993,534,2.88852804,0.7184372,2026-01-01,2026-05-25
"[PUBLICO ENG.] [DR]","[C] [TONS] [PB DR]","TESTE CRIATIVOS COMENTARIOS",engaged,inactive,38697,55213,1.42680311,"Compras no site",26,59.29697754,1541.72141595,2025-06-20,Contínuo,27.92315969,1469,1.04950403,2.66060529,2026-01-01,2026-05-25
"TESTE RACHEL ATE 21-03","[C] [LM - PRINCIPAL][EX. BASE] [ADV. +] [CBO]",AD2,prospecting,archived,53131,79368,1.49381717,"Compras no site",11,139.42959831,1533.7255814,2026-03-17,Contínuo,19.32423119,419,3.66044292,0.52792057,2026-01-01,2026-05-25
"[EXCLUSÃO BASE] [ADV. +]","[C] [LM - PRINCIPAL][EX. BASE] [ADV. +] [CBO]","AD - JADE MOFU",existing,inactive,34564,77999,2.25665432,"Compras no site",21,72.77585774,1528.29301264,2026-03-17,Contínuo,19.59375136,1300,1.17561001,1.66668803,2026-01-01,2026-05-25
"[PUBLICO ENG.] [DR]","[C] [TONS] [PB DR]","AD - TOFU — Cópia",prospecting,active,57622,82260,1.42757974,"Compras no site",23,66.1349259,1521.10329565,2025-06-20,Contínuo,18.49140889,2209,0.68859362,2.68538779,2026-01-01,2026-05-25
"[PUBLICO ABERTO]","[C] [LM - PRINCIPAL] [PLANO B] 1 TESTE","ADS - SABRINA 1",prospecting,inactive,36626,64795,1.76909845,"Compras no site",12,126.159702,1513.91642396,2025-12-10,Contínuo,23.36471061,739,2.04860139,1.1405201,2026-01-01,2026-05-25
"teste publico novo - bid","[C] [LM - TESTE] [ABO]","ADS 4",existing,not_delivering,33077,73624,2.22583668,"Compras no site",22,68.76408053,1512.80977173,2026-02-19,Contínuo,20.54778023,393,3.84938873,0.53379333,2026-01-01,2026-05-25
"[PUBLICO ENG.] [DR]","[C] [TONS] [PB DR]","ADS - ESPINHA",existing,inactive,21677,37221,1.7170734,"Compras no site",29,51.79276997,1501.99032926,2025-06-20,Contínuo,40.35330403,886,1.69524868,2.38037667,2026-01-01,2026-05-25
"Conj - Vm","[C] [LM - TESTE] [ABO]","ADS 3",existing,inactive,18920,39851,2.10628964,"Compras no site",20,74.91099592,1498.21991833,2026-01-30,Contínuo,37.59554135,916,1.63561126,2.29856214,2026-01-01,2026-05-25
"[PUBLICO ENG.] [DR]","[C] [TONS] [PB DR]","AD - TOFU",existing,inactive,10652,25685,2.41128427,"Compras no site",28,53.32942534,1493.22390964,2025-06-20,Contínuo,58.13602919,376,3.97134019,1.46388943,2026-01-01,2026-05-25
"[PUBLICO ENG.] [DR]","[C] [TONS] [PB DR]","TESTE VIDEO COMENTARIO",engaged,inactive,26257,62360,2.37498572,"Compras no site",21,70.9982004,1490.96220849,2025-06-20,Contínuo,23.90895139,943,1.581084,1.5121873,2026-01-01,2026-05-25
"[PUBLICO ABERTO] — Cópia","[C] [LM - PRINCIPAL] [PLANO B] 1 TESTE","ADS - RAIZA 3",prospecting,archived,84496,84496,1,,,,1490.52,2026-01-08,Contínuo,17.64012498,595,2.50507563,0.70417535,2026-01-01,2026-05-25
rmkt_tons_estáticos_visitantes-engajado-compradores_max-conv_cpa35_02-09-2025_7,"[C] [TONS] [PB DR]","AD1 - VERAO",engaged,not_delivering,17220,54534,3.16689895,"Compras no site",37,40.12570999,1484.65126971,2025-09-02,Contínuo,27.22432372,549,2.70428282,1.00671141,2026-01-01,2026-05-25
"[BM JADE]","[C] [LM - TESTE] [ABO]","AD - JADE MOFU 3",engaged,inactive,25905,98464,3.80096506,"Compras no site",27,54.762272,1478.58134403,2026-04-17,Contínuo,15.01646636,1267,1.16699396,1.28676471,2026-01-01,2026-05-25
adv-engajado-laranja-mouro-sudeste-sul-centro,"[C][LM - COST CAP WINNERS] [ [CBO]","Criativo Ana Elisa 1 - 12-11-2025 — Cópia",prospecting,not_delivering,48114,86696,1.80188718,"Compras no site",38,38.89844502,1478.14091077,2025-08-27,Contínuo,17.04970138,845,1.74927918,0.97467011,2026-01-01,2026-05-25
"[RMKT LARANJA MORO-REATIVAÇÃO BASE QUENTE]","[C] [LM - RMKT] [ADV. ABO]","AD - NIVER 4",existing,not_delivering,13154,26602,2.02235062,"Compras no site",20,73.3775,1467.55,2025-10-13,Contínuo,55.16690474,567,2.5882716,2.13141869,2026-01-01,2026-05-25
"[BOFU] [ADV+ ABERTO] [ESTATICO]","[C] [LM - TESTE] [ABO]","AD - BOFU",engaged,not_delivering,29320,105453,3.59662347,"Compras no site",25,58.19920553,1454.98013833,2026-02-25,Contínuo,13.79742765,1393,1.044494,1.32096763,2026-01-01,2026-05-25
"[VINAGRE] [RMKT]","[C] [VARIOS PRODUTO] [ABO] [BID]","AD - RAIZA MOFU",engaged,inactive,13995,31844,2.27538407,"Compras no site",17,85.36544769,1451.21261081,2026-01-20,Contínuo,45.57256032,857,1.69336361,2.69124482,2026-01-01,2026-05-25
"Influ Larissa L. 1 - LM TESTE TRAVA DE CPA","[C] [LM - TESTE] [ABO]",29/12,engaged,archived,31666,86755,2.73968926,"Compras no site",27,53.72091944,1450.46482491,2025-11-27,Contínuo,16.71909198,818,1.77318438,0.94288514,2026-01-01,2026-05-25
"TONS TESTE","[C] [TONS] [PB DR]","AD- NIVER 3",engaged,inactive,12668,36333,2.86809283,"Compras no site",17,85.20164028,1448.42788476,2026-04-06,Contínuo,39.86535339,917,1.57952877,2.52387637,2026-01-01,2026-05-25
"[AQUISIÇÃO]  [ADV. +]","[C] [LM - PRINCIPAL][EX. BASE] [ADV. +] [CBO]","ADS - ANA ELISA 2",engaged,inactive,24850,63260,2.54567404,"Compras no site",32,45.15226406,1444.87245004,2026-01-23,Contínuo,22.8402221,520,2.77860087,0.82200443,2026-01-01,2026-05-25
"[PUBLICO ABERTO]","[C] [LM - PRINCIPAL] [PLANO B] 1 TESTE","ADS - LARISSA 2",engaged,inactive,30628,58656,1.91511036,"Compras no site",26,55.40808589,1440.61023311,2025-12-10,Contínuo,24.56032176,821,1.75470187,1.39968631,2026-01-01,2026-05-25
"TONS TESTE","[C] [TONS] [PB DR]","AD- NIVER",existing,inactive,14443,37944,2.62715502,"Compras no site",25,57.59480202,1439.87005061,2026-04-06,Contínuo,37.94723937,765,1.88218307,2.01612903,2026-01-01,2026-05-25
"Conj - Vm","[C] [LM - TESTE] [ABO]","AD - NURR 2",existing,inactive,10781,21462,1.99072442,"Compras no site",16,89.93277954,1438.92447271,2026-01-30,Contínuo,67.04521819,420,3.42601065,1.95694716,2026-01-01,2026-05-25
"[CAMPANHA AQUISIÇÃO]","[C] [JEJOOM] [CBO]","AD2 - ORGANICO",engaged,inactive,27403,58611,2.13885341,"Compras no site",21,68.43090408,1437.04898569,2025-10-13,Contínuo,24.5184178,1061,1.35442883,1.8102404,2026-01-01,2026-05-25
"[EXCLUSÃO BASE] [ADV. +]","[C] [LM - PRINCIPAL][EX. BASE] [ADV. +] [CBO]","ADS - 4",existing,inactive,22893,53308,2.32857205,"Compras no site",27,53.21290441,1436.74841906,2026-03-17,Contínuo,26.95183498,678,2.11909796,1.27185413,2026-01-01,2026-05-25
"teste publico novo - bid","[C] [LM - TESTE] [ABO]","ADS 3",existing,not_delivering,31908,63736,1.99749279,"Compras no site",21,68.17168876,1431.60546389,2026-02-19,Contínuo,22.46148902,781,1.83304157,1.22536714,2026-01-01,2026-05-25
"[BM JADE]","[C] [LM - TESTE] [ABO]","AD - LUCIANA MOFU",prospecting,inactive,72748,96373,1.3247512,"Compras no site",26,55.02014742,1430.52383289,2026-04-17,Contínuo,14.84361629,1157,1.23640781,1.20054372,2026-01-01,2026-05-25
"[RMKT LARANJA MORO-REATIVAÇÃO BASE QUENTE]","[C] [LM - RMKT] [ADV. ABO]","ADS 3 — Cópia",existing,not_delivering,30139,46039,1.52755566,"Compras no site",10,142.92854473,1429.28544729,2025-10-13,Contínuo,31.04510192,749,1.90825827,1.62688156,2026-01-01,2026-05-25
"[PUBLICO ABERTO]","[C] [LM - PRINCIPAL] [PLANO B] 1 TESTE","ADS - RAIZA 1",engaged,inactive,23226,43948,1.89218979,"Compras no site",16,89.13220202,1426.11523232,2025-12-10,Contínuo,32.4500599,918,1.55350243,2.08883226,2026-01-01,2026-05-25
adv-aqui-rmtk_coezima-q10_engajado-existente_5-existentes_max-conv_26-05-2025,"[C] [COQ.10][PRINCIPAL]","VDS05 DANI",engaged,inactive,19482,36245,1.86043527,"Compras no site",6,237.43693752,1424.62162513,2025-01-20,Contínuo,39.30532832,461,3.09028552,1.27189957,2026-01-01,2026-05-25
"[BOFU] [ADV+ ABERTO] [ESTATICO]","[C] [LM - TESTE] [ABO]",AD4,prospecting,inactive,140985,233739,1.65789978,"Compras no site",18,78.84585714,1419.22542847,2026-02-25,Contínuo,6.07183837,605,2.34582715,0.25883571,2026-01-01,2026-05-25
"[TOFU][PERFIL NOVO]  TESTE","[C] [LM - PRINCIPAL] - [PLANO B] 2 TESTE",AD3,existing,not_delivering,40981,142973,3.48876309,"Compras no site",33,42.89083535,1415.39756667,2026-03-16,Contínuo,9.89975427,534,2.65055724,0.37349709,2026-01-01,2026-05-25
"[AQUISIÇÃO]  [ADV. +]","[C] [LM - PRINCIPAL][EX. BASE] [ADV. +] [CBO]","ADS - ISA 2",prospecting,inactive,42984,54560,1.26930951,"Compras no site",14,101.05177114,1414.72479602,2026-01-23,Contínuo,25.92970667,447,3.16493243,0.81928152,2026-01-01,2026-05-25
"[Publico Quente] [TESTE]","[C] [DIGESTINO] [PRINCIPAL]","AD1 - 07/01",prospecting,inactive,33384,69899,2.09378744,"Compras no site",24,58.83950755,1412.14818131,2025-12-24,Contínuo,20.20269505,531,2.65941277,0.75966752,2026-01-01,2026-05-25
"[PUBLICO ABERTO]","[C] [LM - PRINCIPAL] [PLANO B] 1 TESTE","ADS - ORGANICO LM 2",prospecting,inactive,203038,300828,1.48163398,"Compras no site",23,61.15884594,1406.6534567,2025-12-10,Contínuo,4.67593926,781,1.80109277,0.25961679,2026-01-01,2026-05-25
"[PUBLICO LARISSA]","[C] [JEJOOM] [CBO]","ADS - LARISSA 1 24-12",engaged,archived,18368,63600,3.46254355,"Compras no site",26,54.02895298,1404.7527774,2025-10-13,Contínuo,22.08730782,991,1.41751037,1.5581761,2026-01-01,2026-05-25
"[TOFU] [TIK TOK] [EXCLUSAÕ BASE] [BID 60] - TESTE ATÉ 20-05","[C] [LM - TESTE] [ABO]","AD - MOFU teste ate 08-05",prospecting,inactive,116134,168531,1.45117709,"Compras no site",14,100.19086402,1402.67209629,2026-03-12,Contínuo,8.32293226,1198,1.17084482,0.71084845,2026-01-01,2026-05-25
"[PUBLICO ENG.] [DR]","[C] [TONS] [PB ABERTO] [TESTE BID CAP]","AD - MES DO CLIENTE",prospecting,inactive,50232,98646,1.96380793,"Compras no site",17,82.3709352,1400.30589835,2026-03-16,Contínuo,14.19526284,551,2.54139002,0.55856294,2026-01-01,2026-05-25
"[PUBLICO LARISSA]","[C] [JEJOOM] [CBO]","ADS - LARISSA 07/01",existing,archived,12838,39442,3.0722854,"Compras no site",21,66.2309069,1390.84904497,2025-10-13,Contínuo,35.26314703,497,2.79848902,1.26007809,2026-01-01,2026-05-25
"[PUBLICO ABERTO]","[C] [TONS] [PB DR]","AD3 - MOFU",existing,inactive,12351,44528,3.60521415,"Compras no site",27,51.48302559,1390.04169102,2025-12-10,Contínuo,31.21724962,1523,0.91269973,3.4203198,2026-01-01,2026-05-25
"[RMKT LARANJA MORO-REATIVAÇÃO BASE QUENTE]","[C] [LM - RMKT] [ADV. ABO]","AD3 — Cópia",engaged,inactive,22568,55823,2.47354661,"Compras no site",16,86.47323501,1383.57176021,2025-10-13,Contínuo,24.78497681,570,2.42731888,1.0210845,2026-01-01,2026-05-25
"[AQUISIÇÃO]  [ADV. +]","[C] [LM - PRINCIPAL][EX. BASE] [ADV. +] [CBO]","ADS - ANA ELISA 3",engaged,inactive,22029,52844,2.3988379,"Compras no site",16,86.37638484,1382.02215746,2026-01-23,Contínuo,26.15286802,642,2.15268249,1.21489668,2026-01-01,2026-05-25
"Conj - Vm","[C] [LM - TESTE] [ABO]","AD - ORG 2 TOFU",existing,inactive,29134,57392,1.96993204,"Compras no site",17,81.11000567,1378.87009635,2026-01-30,Contínuo,24.02547561,547,2.52078628,0.95309451,2026-01-01,2026-05-25
[RMK],"[C] [JEJOOM] [CBO]","AD - RMKT",prospecting,active,38833,121211,3.1213401,"Compras no site",17,80.74105883,1372.59800006,2026-04-17,Contínuo,11.32403825,1151,1.1925265,0.94958378,2026-01-01,2026-05-25
"Evelyn Regly BM - LM","[C] [LM - TESTE] [ABO]","ADS 1 - NOVO",prospecting,not_delivering,79296,98394,1.24084443,"Compras no site",11,124.65585971,1371.21445681,2026-02-04,Contínuo,13.93595602,471,2.91128335,0.47868772,2026-01-01,2026-05-25
"[PUBLICO ENG.] [DR]","[C] [TONS] [PB DR]","AD - TOFU",engaged,inactive,14931,29693,1.98868127,"Compras no site",22,62.17184295,1367.7805449,2025-06-20,Contínuo,46.06407385,522,2.62026924,1.7579901,2026-01-01,2026-05-25
"[PUBLICO ABERTO]","[C] [TONS] [PB DR]",AD10,prospecting,not_delivering,50337,61860,1.2289171,"Compras no site",21,64.96646706,1364.29580832,2025-12-10,Contínuo,22.05457175,438,3.11483061,0.70805044,2026-01-01,2026-05-25
"Arte - Organica Lm","[C] [LM - TESTE] [ABO]",AD2,existing,not_delivering,24919,124912,5.01272122,"Compras no site",39,34.98166385,1364.28489034,2026-01-26,Contínuo,10.92196819,500,2.72856978,0.4002818,2026-01-01,2026-05-25
"Influ Evelyn - Vm","[C] [LM - TESTE] [ABO]","ADS 4",existing,not_delivering,23056,43304,1.87820958,"Compras no site",23,59.28002451,1363.44056383,2026-01-29,Contínuo,31.48532616,973,1.40127499,2.2469056,2026-01-01,2026-05-25
"Conj - Vm","[C] [LM - TESTE] [ABO]","AD - LIS TOFU",prospecting,inactive,20160,28294,1.40347222,"Compras no site",11,123.78359086,1361.61949943,2026-01-30,Contínuo,48.12396619,600,2.26936583,2.12059094,2026-01-01,2026-05-25
"[CAMPANHA AQUISIÇÃO]","[C] [JEJOOM] [CBO]","AD - LARISSA TOFU",engaged,active,23507,65250,2.77576892,"Compras no site",16,84.93517373,1358.96277964,2025-10-13,Contínuo,20.82701578,1289,1.05427679,1.97547893,2026-01-01,2026-05-25
[EVELIN],"[C] [LM - PRINCIPAL][EX. BASE] [ADV. +] [CBO]","AD- MOFU",existing,inactive,30806,60065,1.94978251,"Compras no site",15,90.54187526,1358.12812896,2026-03-31,Contínuo,22.61097359,883,1.53808395,1.47007409,2026-01-01,2026-05-25
"[PUBLICO ENG.] [DR]","[C] [TONS] [PB DR]","AD - SHOOTING MOFU",engaged,active,16727,39858,2.38285407,"Compras no site",22,61.49802455,1352.95654,2025-06-20,Contínuo,33.94441618,1154,1.17240601,2.89527824,2026-01-01,2026-05-25
"[PUBLICO ENG.] [DR]","[C] [TONS] [PB ABERTO] [TESTE BID CAP]","AD - MES DO CLIENTE",existing,inactive,20728,68545,3.30687958,"Compras no site",17,79.4080027,1349.93604589,2026-03-16,Contínuo,19.69415779,494,2.73266406,0.72069443,2026-01-01,2026-05-25
"[PUBLICO ABERTO]","[C] [LM - PRINCIPAL] [PLANO B] 1 TESTE","ADS - LEKA",prospecting,inactive,38666,50357,1.30235866,"Compras no site",14,96.32928571,1348.61,2025-12-10,Contínuo,26.78098378,313,4.30865815,0.62156205,2026-01-01,2026-05-25
"TONS TESTE","[C] [TONS] [PB DR]","AD - TOFU 3",prospecting,not_delivering,24388,30650,1.25676562,"Compras no site",14,96.23685788,1347.31601036,2026-04-06,Contínuo,43.95810801,923,1.45971399,3.01141925,2026-01-01,2026-05-25
"[HIBRIDO] [ESTATICO ORG.] [BID 60]","[C] [LM - TESTE] [ABO]","AD - NIVER 1",prospecting,inactive,169398,242310,1.4304183,"Compras no site",11,122.080877,1342.88964702,2026-03-20,Contínuo,5.54203148,791,1.69771131,0.32644134,2026-01-01,2026-05-25
"[BM JADE]","[C] [LM - TESTE] [ABO]","AD - JADE MOFU 2",prospecting,inactive,52106,92668,1.77845162,"Compras no site",22,60.81092945,1337.84044781,2026-04-17,Contínuo,14.43691941,583,2.29475205,0.62912764,2026-01-01,2026-05-25
"[PUBLICO ABERTO]","[C] [LM - PRINCIPAL] [PLANO B] 1 TESTE","AD4 - RAIZA",prospecting,inactive,32230,51278,1.59100217,"Compras no site",14,95.55737356,1337.80322988,2025-12-10,Contínuo,26.08922403,247,5.41620741,0.48168805,2026-01-01,2026-05-25
[RMK],"[C] [JEJOOM] [CBO]","AD - MORGANA TOFU",prospecting,active,75485,190923,2.52928396,"Compras no site",15,89.04534122,1335.68011832,2026-04-17,Contínuo,6.99590997,3292,0.40573515,1.72425533,2026-01-01,2026-05-25
"Influ Nutri- Lm","[C] [LM - TESTE] [ABO]","ADS 1",existing,not_delivering,26579,96248,3.62120471,"Compras no site",25,53.0863898,1327.15974491,2026-02-24,Contínuo,13.7889592,1427,0.93003486,1.48262821,2026-01-01,2026-05-25
"[BM JADE]","[C] [LM - TESTE] [ABO]","AD - JADE TOFU — Cópia",engaged,not_delivering,26607,60958,2.29105123,"Compras no site",21,62.84975853,1319.84492918,2026-04-17,Contínuo,21.65170985,1294,1.0199729,2.12277306,2026-01-01,2026-05-25
"[PUBLICO ABERTO]","[C] [LM - PRINCIPAL] [PLANO B] 1 TESTE","ADS - EVELYN",prospecting,inactive,38865,56005,1.44101377,"Compras no site",11,119.88363636,1318.72,2025-12-10,Contínuo,23.54646907,349,3.77856734,0.62315865,2026-01-01,2026-05-25
"[RMKT LARANJA MORO-REATIVAÇÃO BASE QUENTE]","[C] [LM - RMKT] [ADV. ABO]","AD - BOFU — Cópia — Cópia",engaged,active,20077,44433,2.21312945,"Compras no site",14,93.36120018,1307.05680255,2025-10-13,Contínuo,29.41635277,509,2.56789156,1.14554498,2026-01-01,2026-05-25
"[EXCLUSÃO BASE] [ADV. +]","[C] [LM - PRINCIPAL][EX. BASE] [ADV. +] [CBO]","AD - EVELYN TOFU",prospecting,inactive,86759,93247,1.07478187,"Compras no site",5,261.37937408,1306.89687041,2026-03-17,Contínuo,14.01543074,1048,1.247039,1.12389675,2026-01-01,2026-05-25
"[AQUISIÇÃO]  [ADV. +]","[C] [LM - PRINCIPAL][EX. BASE] [ADV. +] [CBO]","AD - ISA MOFU LP DANI",existing,inactive,29063,44907,1.54516051,"Compras no site",15,87.06896948,1306.0345422,2026-01-23,Contínuo,29.08309489,598,2.18400425,1.33164095,2026-01-01,2026-05-25
"[BM] [ANA ELISA]","[C] [LM - TESTE] [ABO]","AD - RMK NIVER",existing,inactive,23204,79767,3.43764006,"Compras no site",26,49.75717339,1293.68650824,2025-10-01,Contínuo,16.2183172,570,2.26962545,0.71458122,2026-01-01,2026-05-25
"[AQUISIÇÃO]  [ADV. +]","[C] [LM - PRINCIPAL][EX. BASE] [ADV. +] [CBO]","[ADS] - [TOPO 2] [27-02]",prospecting,inactive,37792,57676,1.5261431,"Compras no site",10,128.12926568,1281.29265685,2026-01-23,Contínuo,22.21535226,429,2.98669617,0.74381025,2026-01-01,2026-05-25
"[VINAGRE] [RMKT]","[C] [VARIOS PRODUTO] [ABO] [BID]","AD - TOFU — Cópia",existing,active,19214,30872,1.60674508,"Compras no site",19,66.95809124,1272.2037336,2026-01-20,Contínuo,41.20898334,846,1.50378692,2.74034724,2026-01-01,2026-05-25
"Conj - Vm","[C] [LM - TESTE] [ABO]","AD - LIS TOFU",existing,inactive,13372,23889,1.78649417,"Compras no site",23,54.98311619,1264.61167243,2026-01-30,Contínuo,52.93698658,360,3.5128102,1.50696974,2026-01-01,2026-05-25
adv-aqui-rmtk_coezima-q10_engajado-existente_5-existentes_max-conv_26-05-2025,"[C] [COQ.10][PRINCIPAL]","ADS1 - ORGANICO",prospecting,inactive,26682,55671,2.08646278,"Compras no site",11,114.94363636,1264.38,2025-01-20,Contínuo,22.7116452,499,2.53382766,0.89633741,2026-01-01,2026-05-25
"Conj - Vm","[C] [LM - TESTE] [ABO]","AD - NURR 2",prospecting,inactive,12026,18975,1.57783137,"Compras no site",12,105.2119937,1262.54392445,2026-01-30,Contínuo,66.53722922,310,4.07272234,1.63372859,2026-01-01,2026-05-25
"[Publico Quente] [TESTE]","[C] [DIGESTINO] [PRINCIPAL]","[Criativo 2 Digestino]",engaged,not_delivering,20851,62008,2.97386216,"Compras no site",20,62.96480581,1259.29611622,2025-12-24,Contínuo,20.30860722,873,1.44249269,1.40788285,2026-01-01,2026-05-25
"[TOFU][PERFIL NOVO]  TESTE","[C] [LM - PRINCIPAL] - [PLANO B] 2 TESTE",AD2,engaged,not_delivering,36244,103193,2.8471747,"Compras no site",13,95.57086777,1242.42128103,2026-03-16,Contínuo,12.03978255,938,1.32454294,0.90897638,2026-01-01,2026-05-25
EVELIN,"[C] [LM - TESTE] [ABO]","AD - EVELYN TOFU",prospecting,inactive,42803,54195,1.26614957,"Compras no site",17,73.07008551,1242.19145375,2026-05-18,Contínuo,22.92077597,757,1.64093983,1.39680782,2026-01-01,2026-05-25
"Conj. - Q10","[C] [LM - TESTE] [ABO]","ADS DANI",existing,not_delivering,18313,93089,5.08321957,"Compras no site",20,61.94228199,1238.84563971,2026-02-20,Contínuo,13.30818507,472,2.62467297,0.50704165,2026-01-01,2026-05-25
"[AQUISIÇÃO]  [ADV. +]","[C] [LM - PRINCIPAL][EX. BASE] [ADV. +] [CBO]","ADS - ANA ELISA 2",existing,inactive,17585,59249,3.36929201,"Compras no site",30,41.27516532,1238.2549597,2026-01-23,Contínuo,20.89917061,469,2.64020247,0.79157454,2026-01-01,2026-05-25
"[VINAGRE] [RMKT]","[C] [VARIOS PRODUTO] [ABO] [BID]","ADS 1 — Cópia",engaged,inactive,9701,20474,2.11050407,"Compras no site",23,53.73230063,1235.84291443,2026-01-20,Contínuo,60.36157636,885,1.39643267,4.32255544,2026-01-01,2026-05-25
"[PUBLICO ABERTO]","[C] [LM - PRINCIPAL] [PLANO B] 1 TESTE","ADS - ORGANICO LM 2",prospecting,inactive,125503,154905,1.23427328,"Compras no site",13,94.89076923,1233.58,2025-12-10,Contínuo,7.96346148,636,1.93959119,0.41057422,2026-01-01,2026-05-25
"[AQUISIÇÃO]  [ADV. +]","[C] [LM - PRINCIPAL][EX. BASE] [ADV. +] [CBO]","ADS - ANA ELISA 3",existing,inactive,17472,45687,2.61486951,"Compras no site",36,34.17644224,1230.35192069,2026-01-23,Contínuo,26.93002212,507,2.42672963,1.10972487,2026-01-01,2026-05-25
"[VINAGRE] [RMKT]","[C] [VARIOS PRODUTO] [ABO] [BID]","AD12 - PAULA",prospecting,inactive,21698,30246,1.39395336,"Compras no site",8,153.27295362,1226.18362892,2026-01-20,Contínuo,40.54035671,503,2.43774081,1.66302982,2026-01-01,2026-05-25
"LP - ATUAL","[C] [LM - PRINCIPAL][EX. BASE] [ADV. +] [CBO]","ADS - RAIZA 3",engaged,archived,20704,55066,2.65967929,"Compras no site",33,37.06684362,1223.20583951,2026-01-19,Contínuo,22.21345003,606,2.01849148,1.10049758,2026-01-01,2026-05-25
"[AQUISIÇÃO]  [ADV. +]","[C] [LM - PRINCIPAL][EX. BASE] [ADV. +] [CBO]","AD - MOFU teste ate 08-05 — Cópia — Cópia",existing,inactive,29939,45897,1.53301713,"Compras no site",18,67.76272084,1219.72897512,2026-01-23,Contínuo,26.57535297,632,1.92995091,1.37699632,2026-01-01,2026-05-25
"LP - ATUAL","[C] [LM - PRINCIPAL][EX. BASE] [ADV. +] [CBO]","Rmkt Dani 2 — Cópia",existing,archived,13823,40880,2.95738986,"Compras no site",25,48.61616603,1215.40415087,2026-01-19,Contínuo,29.7310213,356,3.4140566,0.87084149,2026-01-01,2026-05-25
"[CAMPANHA AQUISIÇÃO]","[C] [JEJOOM] [CBO]","AD - INGRID 1",existing,inactive,18177,32475,1.78659845,"Compras no site",22,55.13397361,1212.94741943,2025-10-13,Contínuo,37.35018997,580,2.09128865,1.78598922,2026-01-01,2026-05-25
"Evelyn Regly BM - LM","[C] [LM - TESTE] [ABO]","ADS 2",engaged,not_delivering,22431,86690,3.86474076,"Compras no site",20,60.53201563,1210.64031257,2026-02-04,Contínuo,13.96516683,683,1.7725334,0.78786481,2026-01-01,2026-05-25
"Arte - Organica Tons ###","[C] [LM - TESTE] [ABO]",AD3,prospecting,inactive,29251,60916,2.08252709,"Compras no site",11,109.86922123,1208.56143354,2026-01-26,Contínuo,19.8398029,381,3.17207725,0.62545144,2026-01-01,2026-05-25
"[TOFU][PERFIL NOVO]  TESTE","[C] [LM - PRINCIPAL] - [PLANO B] 2 TESTE",AD2,existing,not_delivering,43048,123041,2.85822802,"Compras no site",24,50.35534281,1208.52822743,2026-03-16,Contínuo,9.82215869,511,2.36502589,0.41530872,2026-01-01,2026-05-25
rmkt_tons_estáticos_visitantes-engajado-compradores_max-conv_cpa35_02-09-2025_7,"[C] [TONS] [PB DR]",tons2_rmkt_20-10-2025-pagdenavita,prospecting,not_delivering,24339,55879,2.29586261,"Compras no site",17,70.96319258,1206.37427392,2025-09-02,Contínuo,21.58904551,435,2.77327419,0.77846776,2026-01-01,2026-05-25
"Conj. - Q10","[C] [LM - TESTE] [ABO]","ADS DANI",prospecting,not_delivering,58777,147560,2.51050581,"Compras no site",5,240.9631519,1204.81575948,2026-02-20,Contínuo,8.16492111,308,3.91173948,0.20872865,2026-01-01,2026-05-25
"[PUBLICO ENG.] [DR]","[C] [TONS] [PB DR]",tons_sabrina_video-reels_23-09-2025,prospecting,archived,30286,41574,1.37271346,"Compras no site",17,70.65358842,1201.11100321,2025-06-20,Contínuo,28.89091748,434,2.76753687,1.04392168,2026-01-01,2026-05-25
"teste publico novo - bid","[C] [LM - TESTE] [ABO]","ADS 4",prospecting,not_delivering,53548,65848,1.22970046,"Compras no site",41,29.24707415,1199.13003995,2026-02-19,Contínuo,18.21057648,657,1.82515988,0.9977524,2026-01-01,2026-05-25
"[DIGESTINO] [RMKT]","[C] [VARIOS PRODUTO] [ABO] [BID]","[Criativo 2 Digestino] — Cópia",existing,not_delivering,37768,108153,2.8636147,"Compras no site",11,108.92318442,1198.15502864,2026-05-10,Contínuo,11.07833374,698,1.71655448,0.64538201,2026-01-01,2026-05-25
"[BM] [ANA ELISA]","[C] [LM - TESTE] [ABO]","AD - MOFU ANA ELISA",prospecting,not_delivering,47490,95305,2.00684355,"Compras no site",14,85.52876508,1197.40271108,2025-10-01,Contínuo,12.56390232,553,2.16528519,0.58024238,2026-01-01,2026-05-25
"[BM JADE]","[C] [LM - TESTE] [ABO]","AD - RMK  EVELYN 18-05 PERFIL DENA — Cópia",prospecting,inactive,128357,183725,1.43135941,"Compras no site",3,398.14666471,1194.43999414,2026-04-17,Contínuo,6.50123823,632,1.8899367,0.34399238,2026-01-01,2026-05-25
"[PUBLICO ENG.] [DR]","[C] [TONS] [PB DR]","tons 3 - 25-11",existing,inactive,20874,27956,1.33927374,"Compras no site",25,47.74862443,1193.7156107,2025-06-20,Contínuo,42.69980007,516,2.31340235,1.84575762,2026-01-01,2026-05-25
"Influ Mi Ruback - Vm","[C] [LM - TESTE] [ABO]",AD3,existing,archived,10236,21160,2.06721376,"Compras no site",21,56.7841421,1192.46698414,2026-01-22,Contínuo,56.35477241,502,2.37543224,2.37240076,2026-01-01,2026-05-25
"[PUBLICO ABERTO]","[C] [TONS] [PB DR]","tons_dr-ursinho_video-reels_10-07-2025_esse-foi-produto-que-a-mamae — Cópia",engaged,not_delivering,20667,35260,1.70610151,"Compras no site",15,79.49772802,1192.46592023,2025-12-10,Contínuo,33.81922633,786,1.51713221,2.22915485,2026-01-01,2026-05-25
"[AQUISIÇÃO]  [ADV. +]","[C] [LM - PRINCIPAL][EX. BASE] [ADV. +] [CBO]","ADS - SABRINA",prospecting,inactive,23986,31321,1.30580339,"Compras no site",11,108.24336602,1190.67702619,2026-01-23,Contínuo,38.01529409,290,4.10578285,0.92589636,2026-01-01,2026-05-25
"[PUBLICO ABERTO]","[C] [LM - PRINCIPAL] [PLANO B] 1 TESTE","ADS - RAIZA 4",prospecting,inactive,56493,71922,1.27311348,"Compras no site",13,91.42230769,1188.49,2025-12-10,Contínuo,16.52470732,557,2.13373429,0.7744501,2026-01-01,2026-05-25
"LP - ATUAL","[C] [LM - PRINCIPAL][EX. BASE] [ADV. +] [CBO]","ADS - RAIZA 3",existing,archived,15007,50051,3.33517692,"Compras no site",33,35.99624995,1187.87624851,2026-01-19,Contínuo,23.73331699,418,2.84180921,0.83514815,2026-01-01,2026-05-25
"[VINAGRE] [RMKT]","[C] [VARIOS PRODUTO] [ABO] [BID]",AD1,engaged,inactive,15278,38341,2.50955622,"Compras no site",20,59.32572216,1186.51444318,2026-01-20,Contínuo,30.94636142,504,2.35419532,1.3145197,2026-01-01,2026-05-25
rmkt_tons_estáticos_visitantes-engajado-compradores_max-conv_cpa35_02-09-2025_7,"[C] [TONS] [PB DR]",tons3_rmkt_01-09-2025,engaged,not_delivering,25511,56335,2.2082631,"Compras no site",19,61.82257662,1174.62895575,2025-09-02,Contínuo,20.85078469,695,1.69011361,1.23369131,2026-01-01,2026-05-25
"[RMKT LARANJA MORO-REATIVAÇÃO BASE QUENTE]","[C] [LM - RMKT] [ADV. ABO]","Rmkt Dani - 1",existing,not_delivering,8344,22458,2.69151486,"Compras no site",15,77.90619111,1168.59286664,2025-10-13,Contínuo,52.03459198,184,6.35104819,0.81930715,2026-01-01,2026-05-25
"[VINAGRE] [RMKT]","[C] [VARIOS PRODUTO] [ABO] [BID]",AD2,engaged,active,19403,50805,2.61840952,"Compras no site",12,96.25609561,1155.07314731,2026-01-20,Contínuo,22.73542264,932,1.23934887,1.83446511,2026-01-01,2026-05-25
"[PUBLICO ABERTO]","[C] [LM - PRINCIPAL] [PLANO B] 1 TESTE","[2] 29/12 — Cópia",engaged,inactive,30991,63246,2.04078603,"Compras no site",13,88.73118601,1153.50541816,2025-12-10,Contínuo,18.23839323,613,1.88173804,0.96923126,2026-01-01,2026-05-25
"[BOFU] [ADV+ ABERTO] [ESTATICO]","[C] [LM - TESTE] [ABO]",AD1,prospecting,inactive,79673,154449,1.93853627,"Compras no site",12,95.71914889,1148.62978667,2026-02-25,Contínuo,7.43695192,555,2.06960322,0.35934192,2026-01-01,2026-05-25
"[RMKT LARANJA MORO-REATIVAÇÃO BASE QUENTE]","[C] [LM - RMKT] [ADV. ABO]","AD - MOFU teste ate 08-05 — Cópia — Cópia — Cópia",engaged,not_delivering,30051,60884,2.02602243,"Compras no site",17,67.43274544,1146.35667246,2025-10-13,Contínuo,18.82853742,509,2.25217421,0.83601603,2026-01-01,2026-05-25
"[VINAGRE] [RMKT]","[C] [VARIOS PRODUTO] [ABO] [BID]","AD11 - EVELYN",existing,inactive,14898,25921,1.73989797,"Compras no site",18,63.60666667,1144.92,2026-01-20,Contínuo,44.16959222,871,1.31448909,3.36020987,2026-01-01,2026-05-25
"[VINAGRE] [RMKT]","[C] [VARIOS PRODUTO] [ABO] [BID]","AD - PROMO BOFU",existing,inactive,8046,19738,2.45314442,"Compras no site",25,45.7058371,1142.64592761,2026-01-20,Contínuo,57.89066408,828,1.38000716,4.1949539,2026-01-01,2026-05-25
"Evelyn Regly BM - LM","[C] [LM - TESTE] [ABO]","Teste - ADS 2",existing,not_delivering,19645,73340,3.73326546,"Compras no site",20,57.12411184,1142.48223674,2026-02-04,Contínuo,15.57788706,465,2.45695105,0.63403327,2026-01-01,2026-05-25
"[AQUISIÇÃO]  [ADV. +]","[C] [LM - PRINCIPAL][EX. BASE] [ADV. +] [CBO]","ADS - DANI",engaged,inactive,20463,47581,2.32522113,"Compras no site",27,42.2081095,1139.61895638,2026-01-23,Contínuo,23.95113504,432,2.63800684,0.90792543,2026-01-01,2026-05-25
"[CAMPANHA AQUISIÇÃO]","[C] [JEJOOM] [CBO]","ADS - LARI 1 24-12",existing,inactive,12920,29419,2.27701238,"Compras no site",20,56.94505945,1138.90118902,2025-10-13,Contínuo,38.713117,360,3.16361441,1.22369897,2026-01-01,2026-05-25
"[EXCLUSÃO BASE] [ADV. +]","[C] [LM - PRINCIPAL][EX. BASE] [ADV. +] [CBO]","AD - LUCIANA MOFU 2",existing,inactive,21960,53438,2.43342441,"Compras no site",24,47.3512112,1136.42906875,2026-03-17,Contínuo,21.26630991,1467,0.77466194,2.74523747,2026-01-01,2026-05-25
"[RMKT LARANJA MORO-REATIVAÇÃO BASE QUENTE]","[C] [LM - RMKT] [ADV. ABO]",04-04,prospecting,not_delivering,16164,37467,2.31792873,"Compras no site",25,45.37830701,1134.45767523,2025-10-13,Contínuo,30.27885006,287,3.9528142,0.76600742,2026-01-01,2026-05-25
"Conj. - Q10","[C] [LM - TESTE] [ABO]","ADS1 - Q10",prospecting,inactive,71609,118089,1.64908042,"Compras no site",4,281.8156766,1127.2627064,2026-02-20,Contínuo,9.54587393,870,1.29570426,0.73673246,2026-01-01,2026-05-25
"[RMKT LARANJA MORO-REATIVAÇÃO BASE QUENTE]","[C] [LM - RMKT] [ADV. ABO]","AD - EVELYN NIVER 2 — Cópia",prospecting,not_delivering,38356,50195,1.30866097,"Compras no site",15,75.12770325,1126.91554876,2025-10-13,Contínuo,22.45075304,336,3.35391532,0.66938938,2026-01-01,2026-05-25
"[ADV ABER.]","[C] [LM - PRINCIPAL] - [PLANO B] 2 TESTE","AD - LUCIANA TOFU — Cópia — Cópia",existing,not_delivering,22303,38366,1.72021701,"Compras no site",11,102.38315713,1126.21472841,2026-02-25,Contínuo,29.35449952,371,3.03561921,0.96700203,2026-01-01,2026-05-25
"LP - 1","[C] [LM - PRINCIPAL][EX. BASE] [ADV. +] [CBO]","Rmkt Dani 2 — Cópia",prospecting,archived,25786,44927,1.74230202,"Compras no site",26,43.26843403,1124.97928474,2026-01-19,Contínuo,25.04016037,418,2.691338,0.9303982,2026-01-01,2026-05-25
rmkt_tons_estáticos_visitantes-engajado-compradores_max-conv_cpa35_02-09-2025_7,"[C] [TONS] [PB DR]",tons1_rmkt_20-10-2025,engaged,not_delivering,15375,41778,2.71726829,"Compras no site",19,59.15461277,1123.93764263,2025-09-02,Contínuo,26.90261962,565,1.98927016,1.35238642,2026-01-01,2026-05-25
"[PUBLICO ENG.] [DR]","[C] [TONS] [PB DR]","AD - TOFU",engaged,inactive,10206,23465,2.29913776,"Compras no site",26,43.19301671,1123.01843436,2025-06-20,Contínuo,47.85929829,1606,0.69926428,6.8442361,2026-01-01,2026-05-25
"[TOFU] [TIK + ORG ] [ABERTO]","[C] [LM - TESTE] [ABO]","AD - MOFU teste ate 08-05 — Cópia",engaged,active,18724,45596,2.43516343,"Compras no site",12,92.84190495,1114.10285937,2026-02-11,Contínuo,24.4342236,1025,1.08692962,2.24800421,2026-01-01,2026-05-25
"teste aquisição ate dia 15  - Lm","[C] [LM - TESTE] [ABO]","AD - ISA MOFU",prospecting,inactive,51785,83345,1.60944289,"Compras no site",10,111.34247164,1113.4247164,2026-02-04,Contínuo,13.35922631,390,2.85493517,0.46793449,2026-01-01,2026-05-25
"[VINAGRE] [RMKT]","[C] [VARIOS PRODUTO] [ABO] [BID]","ADS1 - VM — Cópia",existing,inactive,10418,27139,2.60501056,"Compras no site",18,61.8423895,1113.16301106,2026-01-20,Contínuo,41.01709757,318,3.50051261,1.17174546,2026-01-01,2026-05-25
"[RMKT LARANJA MORO-REATIVAÇÃO BASE QUENTE]","[C] [LM - RMKT] [ADV. ABO]","ADS2- EVELYN",engaged,inactive,17367,37795,2.17625381,"Compras no site",18,61.68867611,1110.39616992,2025-10-13,Contínuo,29.37944622,608,1.82630949,1.6086784,2026-01-01,2026-05-25
rmkt_tons_estáticos_visitantes-engajado-compradores_max-conv_cpa35_02-09-2025_7,"[C] [TONS] [PB DR]","AD2 - VERAO",prospecting,inactive,29482,53052,1.79947086,"Compras no site",11,100.72360538,1107.95965913,2025-09-02,Contínuo,20.88440887,458,2.41912589,0.86330393,2026-01-01,2026-05-25
"[CAMPANHA AQUISIÇÃO]","[C] [JEJOOM] [CBO]","AD - MORGANA TOFU",existing,active,24317,69020,2.83834355,"Compras no site",19,57.54093641,1093.27779177,2025-10-13,Contínuo,15.84001437,2461,0.44424128,3.56563315,2026-01-01,2026-05-25
"[RMKT LARANJA MORO-REATIVAÇÃO BASE QUENTE]","[C] [LM - RMKT] [ADV. ABO]","AD - MOFU ANA ELISA — Cópia",engaged,active,13341,28306,2.12173001,"Compras no site",14,77.8262003,1089.56680423,2025-10-13,Contínuo,38.49243285,779,1.39867369,2.7520667,2026-01-01,2026-05-25
[RMK],"[C] [JEJOOM] [CBO]","AD - RMKT",existing,active,22714,99823,4.39477855,"Compras no site",19,57.14782458,1085.80866702,2026-04-17,Contínuo,10.87733956,866,1.25382063,0.86753554,2026-01-01,2026-05-25
"[AQUISIÇÃO]  [ADV. +]","[C] [LM - PRINCIPAL][EX. BASE] [ADV. +] [CBO]","AD - MOFU teste ate 08-05",prospecting,inactive,48401,57388,1.18567798,"Compras no site",9,120.52505757,1084.72551815,2026-01-23,Contínuo,18.90160867,546,1.98667677,0.95141841,2026-01-01,2026-05-25
"[BOFU] [ADV+ ABERTO] [ESTATICO]","[C] [LM - TESTE] [ABO]",AD2,prospecting,inactive,56100,112135,1.99884135,"Compras no site",14,77.39209518,1083.48933249,2026-02-25,Contínuo,9.6623653,557,1.94522322,0.4967227,2026-01-01,2026-05-25
"Arte - Organica Lm","[C] [LM - TESTE] [ABO]",AD2,engaged,not_delivering,36852,127582,3.4620102,"Compras no site",21,51.57819645,1083.14212551,2026-01-26,Contínuo,8.48977227,630,1.71927322,0.49380007,2026-01-01,2026-05-25
"[CAMPANHA AQUISIÇÃO]","[C] [JEJOOM] [CBO]","ADS - MORGANA",prospecting,inactive,9839,15214,1.54629536,"Compras no site",6,180.47665357,1082.8599214,2025-10-13,Contínuo,71.17522817,320,3.38393725,2.10332588,2026-01-01,2026-05-25
"Evelyn Regly BM - LM","[C] [LM - TESTE] [ABO]","ADS 4",prospecting,inactive,61378,98237,1.60052462,"Compras no site",13,82.8,1076.4,2026-02-04,Contínuo,10.957175,1224,0.87941176,1.24596639,2026-01-01,2026-05-25
"[RMKT LARANJA MORO-REATIVAÇÃO BASE QUENTE]","[C] [LM - RMKT] [ADV. ABO]","ADS - ISA NOGUEIRA",engaged,inactive,21904,32858,1.50009131,"Compras no site",9,119.56520315,1076.08682839,2025-10-13,Contínuo,32.74961435,460,2.33931919,1.39996348,2026-01-01,2026-05-25
rmkt_tons_estáticos_visitantes-engajado-compradores_max-conv_cpa35_02-09-2025_7,"[C] [TONS] [PB DR]",tons2_rmkt_01-09-2025,engaged,not_delivering,15555,35751,2.29836066,"Compras no site",14,76.76598625,1074.72380757,2025-09-02,Contínuo,30.06136353,492,2.18439798,1.37618528,2026-01-01,2026-05-25
EVELIN,"[C] [LM - TESTE] [ABO]","AD - EVELYN TOFU",existing,inactive,22374,30380,1.35782605,"Compras no site",18,59.52345844,1071.42225183,2026-05-18,Contínuo,35.26735523,465,2.30413387,1.53061224,2026-01-01,2026-05-25
[RMK],"[C] [JEJOOM] [CBO]","AD - RMKT",engaged,active,17302,82423,4.76378453,"Compras no site",19,56.28225581,1069.3628603,2026-04-17,Contínuo,12.97408321,1075,0.99475615,1.3042476,2026-01-01,2026-05-25
"Conj - Vm","[C] [LM - TESTE] [ABO]","AD - PROMO — Cópia",prospecting,inactive,18976,39629,2.08837479,"Compras no site",15,71.22989851,1068.4484776,2026-01-30,Contínuo,26.96127779,412,2.59332155,1.03964269,2026-01-01,2026-05-25
"Arte - Organica Lm","[C] [LM - TESTE] [ABO]",AD1,existing,not_delivering,21848,77120,3.52984255,"Compras no site",21,50.84970058,1067.84371208,2026-01-26,Contínuo,13.84652116,354,3.01650766,0.4590249,2026-01-01,2026-05-25
"[CAMPANHA AQUISIÇÃO]","[C] [JEJOOM] [CBO]","AD - INGRID 1",prospecting,inactive,28747,38693,1.34598393,"Compras no site",12,88.56688276,1062.80259308,2025-10-13,Contínuo,27.4675676,617,1.72253257,1.59460368,2026-01-01,2026-05-25
"[PUBLICO ENG.] [DR]","[C] [TONS] [PB DR]",tons_dr-ursinho_video-reels_10-07-2025_esse-foi-produto-que-a-mamae,engaged,inactive,17014,31885,1.8740449,"Compras no site",11,95.96408228,1055.60490512,2025-06-20,Contínuo,33.10663024,511,2.06576302,1.60263447,2026-01-01,2026-05-25
"[TOFU] [TIK TOK] [EXCLUSAÕ BASE] [BID 60] - TESTE ATÉ 20-05","[C] [LM - TESTE] [ABO]","AD - MOFU ate 14-05",prospecting,not_delivering,77917,119734,1.53668647,"Compras no site",13,81.0889108,1054.15584036,2026-03-12,Contínuo,8.80414786,505,2.08743731,0.42176825,2026-01-01,2026-05-25
"[PUBLICO ENG.] [DR]","[C] [TONS] [PB DR]","AD - REFAÇAO",existing,active,13006,20538,1.57911733,"Compras no site",18,58.3377826,1050.08008676,2025-06-20,Contínuo,51.12864382,426,2.46497673,2.07420391,2026-01-01,2026-05-25
"Evelyn Regly BM - LM","[C] [LM - TESTE] [ABO]","ADS - ART 1",engaged,not_delivering,17960,80113,4.46063474,"Compras no site",16,65.61,1049.76,2026-02-04,Contínuo,13.10349132,463,2.26730022,0.57793367,2026-01-01,2026-05-25
"[PUBLICO ENG.] [DR]","[C] [TONS] [PB DR]",tons_dr-ursinho-melasma1-13-10-2025,engaged,inactive,21839,33349,1.52703878,"Compras no site",12,87.47453835,1049.69446016,2025-06-20,Contínuo,31.47604007,984,1.06676266,2.95061321,2026-01-01,2026-05-25
"[PUBLICO ENG.] [DR]","[C] [TONS] [PB DR]","ADS 3 - 18-02",prospecting,archived,19874,35718,1.7972225,"Compras no site",15,69.92328481,1048.84927221,2025-06-20,Contínuo,29.36472569,281,3.73255969,0.78671818,2026-01-01,2026-05-25
EVELIN,"[C] [LM - TESTE] [ABO]","AD -  EVELYN",prospecting,active,68468,87358,1.27589531,"Compras no site",12,87.24675634,1046.96107611,2026-05-18,Contínuo,11.98471893,725,1.44408424,0.82991827,2026-01-01,2026-05-25
"Arte - Organica Tons ###","[C] [LM - TESTE] [ABO]",AD5,prospecting,inactive,54580,74769,1.3698974,"Compras no site",5,209.33545807,1046.67729036,2026-01-26,Contínuo,13.99881355,689,1.51912524,0.9215049,2026-01-01,2026-05-25
"[RMKT LARANJA MORO-REATIVAÇÃO BASE QUENTE]","[C] [LM - RMKT] [ADV. ABO]","AD - BOFU 1",engaged,inactive,14400,34871,2.42159722,"Compras no site",11,94.46967119,1039.1663831,2025-10-13,Contínuo,29.80030349,299,3.47547285,0.85744602,2026-01-01,2026-05-25
"[PUBLICO ENG.] [DR]","[C] [TONS] [PB ABERTO] [TESTE BID CAP]","AD - TOFU 1",prospecting,not_delivering,25867,36546,1.41284262,"Compras no site",8,129.75563131,1038.04505046,2026-03-16,Contínuo,28.40379386,615,1.68787813,1.6828107,2026-01-01,2026-05-25
rmkt_tons_estáticos_visitantes-engajado-compradores_max-conv_cpa35_02-09-2025_7,"[C] [TONS] [PB DR]",tons4_rmkt_20-10-2025,prospecting,not_delivering,21190,31697,1.4958471,"Compras no site",16,64.71186447,1035.38983152,2025-09-02,Contínuo,32.66523114,471,2.1982799,1.48594504,2026-01-01,2026-05-25
"Influ Evelyn - Vm 2","[C] [LM - TESTE] [ABO]","ADS 3",existing,not_delivering,16558,30925,1.86767726,"Compras no site",15,68.80133333,1032.02,2026-02-02,Contínuo,33.37170574,737,1.40029851,2.38318513,2026-01-01,2026-05-25
"[PUBLICO ABERTO]","[C] [TONS] [PB DR]","Novo anúncio de Vendas",existing,inactive,17213,33505,1.94649393,"Compras no site",20,51.45307797,1029.06155944,2025-12-10,Contínuo,30.71367138,709,1.45142674,2.11610207,2026-01-01,2026-05-25
"Arte - Organica Lm","[C] [LM - TESTE] [ABO]",AD1,engaged,not_delivering,31398,95363,3.03723167,"Compras no site",13,78.58870146,1021.65311895,2026-01-26,Contínuo,10.71330725,532,1.9204006,0.55786836,2026-01-01,2026-05-25
"[TOFU] - [EX. PURCHASE]","[C] [LM - PRINCIPAL] - [PLANO B] 2 TESTE","ADS - JESSICA",prospecting,inactive,35472,49815,1.40434709,"Compras no site",13,78.17335247,1016.25358207,2026-03-25,Contínuo,20.40055369,336,3.02456423,0.67449563,2026-01-01,2026-05-25
"[ADV ABER.]","[C] [LM - PRINCIPAL] - [PLANO B] 2 TESTE","AD1 — Cópia",prospecting,inactive,72093,125468,1.74036314,"Compras no site",7,144.99242669,1014.94698681,2026-02-25,Contínuo,8.08928959,392,2.58915048,0.31243026,2026-01-01,2026-05-25
"[PUBLICO ENG.] [DR]","[C] [TONS] [PB DR]",AD10,existing,inactive,10245,21210,2.07027818,"Compras no site",28,36.12947692,1011.62535362,2025-06-20,Contínuo,47.6956791,792,1.27730474,3.73408769,2026-01-01,2026-05-25
rmkt_tons_estáticos_visitantes-engajado-compradores_max-conv_cpa35_02-09-2025_7,"[C] [TONS] [PB DR]",tons3_rmkt_01-09-2025,existing,not_delivering,16126,42142,2.6132953,"Compras no site",22,45.94035026,1010.68770581,2025-09-02,Contínuo,23.98290793,428,2.36141987,1.01561388,2026-01-01,2026-05-25
"[EXCLUSÃO BASE] [ADV. +]","[C] [LM - PRINCIPAL][EX. BASE] [ADV. +] [CBO]","ADS 4",engaged,inactive,19453,52820,2.71526243,"Compras no site",16,62.90664669,1006.50634708,2026-03-17,Contínuo,19.05540225,2518,0.39972452,4.76713366,2026-01-01,2026-05-25
"Influ Evelyn BM -VM","[C] [LM - TESTE] [ABO]","ADS 4 — Cópia",prospecting,inactive,92956,126401,1.35979388,"Compras no site",14,71.79812394,1005.17373514,2026-02-04,Contínuo,7.95226094,1316,0.76380983,1.041131,2026-01-01,2026-05-25
"LP NOVA","[C] [TONS] [PB DR]",tons_dr-ursinho_video-reels_10-07-2025_nao-tem-clareador-oral-barra,prospecting,inactive,22954,40164,1.74976039,"Compras no site",6,166.56090231,999.36541385,2026-02-09,Contínuo,24.88211866,430,2.32410561,1.0706105,2026-01-01,2026-05-25
"[AQUISIÇÃO]  [ADV. +]","[C] [LM - PRINCIPAL][EX. BASE] [ADV. +] [CBO]","ADS - JESSICA 2",engaged,inactive,16859,26215,1.55495581,"Compras no site",14,71.3724795,999.21471303,2026-01-23,Contínuo,38.11614393,250,3.99685885,0.95365249,2026-01-01,2026-05-25
"[PUBLICO ENG.] [DR]","[C] [TONS] [PB DR]","AD - TOFU",existing,inactive,11040,21932,1.9865942,"Compras no site",17,58.39962119,992.79356025,2025-06-20,Contínuo,45.26689587,549,1.80836714,2.50319168,2026-01-01,2026-05-25
"[Publico Quente] [TESTE]","[C] [DIGESTINO] [PRINCIPAL]","Lis 3",prospecting,not_delivering,11557,20771,1.79726573,"Compras no site",8,123.62132714,988.97061715,2025-12-24,Contínuo,47.61304786,423,2.337992,2.03649319,2026-01-01,2026-05-25
"[AQUISIÇÃO]  [ADV. +]","[C] [LM - PRINCIPAL][EX. BASE] [ADV. +] [CBO]","AD - JADE TOFU LP LM1",existing,active,18067,43266,2.39475286,"Compras no site",15,65.74513935,986.17709022,2026-01-23,Contínuo,22.79335021,341,2.89201493,0.78814774,2026-01-01,2026-05-25
"[AQUISIÇÃO]  [ADV. +]","[C] [LM - PRINCIPAL][EX. BASE] [ADV. +] [CBO]","ADS. VIDEO INFLU — Cópia — Cópia",existing,inactive,13831,19085,1.3798713,"Compras no site",15,65.72050633,985.8075949,2026-01-23,Contínuo,51.65352868,629,1.56726168,3.29578203,2026-01-01,2026-05-25
"[TESTE PB FECHADO JADE]","[C] [LM - TESTE] [ABO]","AD - JADE TOFU — Cópia — Cópia",prospecting,active,28590,35422,1.23896467,"Compras no site",12,82.04379543,984.52554517,2026-05-23,Contínuo,27.79418286,332,2.96543839,0.93727062,2026-01-01,2026-05-25
"[PUBLICO ENG.] [DR]","[C] [TONS] [PB ABERTO] [TESTE BID CAP]","ADS - ASIATICA | Reativado ROAS bom hoje",prospecting,archived,25728,32172,1.25046642,"Compras no site",11,89.20322054,981.23542595,2026-03-16,Contínuo,30.49967133,926,1.05964949,2.87827925,2026-01-01,2026-05-25
"Influ Sabrina - Vm [Teste até 13-03]","[C] [LM - TESTE] [ABO]",ADS78,prospecting,archived,10064,13526,1.34399841,"Compras no site",3,326.50412202,979.51236606,2026-02-05,Contínuo,72.41700178,322,3.04196387,2.38060033,2026-01-01,2026-05-25
"[BM] [ANA ELISA]","[C] [LM - TESTE] [ABO]","AD - MOFU ANA ELISA",prospecting,not_delivering,41128,70913,1.72420249,"Compras no site",8,122.35666711,978.8533369,2025-10-01,Contínuo,13.80358096,469,2.08710733,0.6613738,2026-01-01,2026-05-25
"[PUBLICO ENG.] [DR]","[C] [TONS] [PB DR]","AD - BOFU — Cópia",engaged,active,12669,28076,2.21611808,"Compras no site",21,46.55629416,977.68217732,2025-06-20,Contínuo,34.82270186,414,2.36155115,1.47456903,2026-01-01,2026-05-25
"Evelyn Regly BM - LM","[C] [LM - TESTE] [ABO]","ADS 5",prospecting,not_delivering,31884,50056,1.56994104,"Compras no site",18,54.1323199,974.38175816,2026-02-04,Contínuo,19.46583343,316,3.08348658,0.63129295,2026-01-01,2026-05-25
"Conj. - Q10","[C] [LM - TESTE] [ABO]",ADS,prospecting,not_delivering,40592,78275,1.92833563,"Compras no site",8,121.44721253,971.57770021,2026-02-20,Contínuo,12.41236283,417,2.32992254,0.53273714,2026-01-01,2026-05-25
"[PUBLICO ENG.] [DR]","[C] [TONS] [PB DR]","tons1_rmkt_20-10-2025 — Cópia",existing,inactive,9721,36715,3.77687481,"Compras no site",18,53.60400436,964.87207853,2025-06-20,Contínuo,26.28005117,317,3.0437605,0.86340733,2026-01-01,2026-05-25
"[BM] [ANA ELISA]","[C] [LM - TESTE] [ABO]","AD - RMK NIVER",engaged,inactive,18125,53387,2.94548966,"Compras no site",21,45.85435917,962.94154259,2025-10-01,Contínuo,18.03700419,551,1.7476253,1.03208646,2026-01-01,2026-05-25
"Conj. - Q10","[C] [LM - TESTE] [ABO]","AD - NIVER",prospecting,not_delivering,44803,131891,2.94379841,"Compras no site",10,96.11936145,961.1936145,2026-02-20,Contínuo,7.28778775,629,1.52812975,0.47690896,2026-01-01,2026-05-25
"LP NOVA","[C] [TONS] [PB DR]","tons3_rmkt_01-09-2025 — Cópia",prospecting,inactive,24473,45614,1.86384996,"Compras no site",15,63.07945589,946.19183836,2026-02-09,Contínuo,20.74345241,480,1.971233,1.0523085,2026-01-01,2026-05-25
"[PUBLICO ENG.] [DR]","[C] [TONS] [PB DR]","AD - SHOOTING TOFU",prospecting,inactive,16306,23050,1.41359009,"Compras no site",6,157.15305801,942.91834809,2025-06-20,Contínuo,40.90752052,322,2.92831785,1.39696312,2026-01-01,2026-05-25
"[PUBLICO MORNO]","[C] [VM] [CAPTAÇÃO LEAD] [LANÇAMENTO]",AD3,unknown,not_delivering,69067,78476,1.13623004,"Leads no site",241,3.90385892,940.83,2026-01-14,Contínuo,11.9887609,1088,0.86473346,1.38641113,2026-01-01,2026-05-25
"[RMKT LARANJA MORO-REATIVAÇÃO BASE QUENTE]","[C] [LM - RMKT] [ADV. ABO]","AD - ISA MOFU",engaged,inactive,20209,27011,1.33658271,"Compras no site",9,104.50807491,940.57267423,2025-10-13,Contínuo,34.8218383,471,1.99696958,1.74373403,2026-01-01,2026-05-25
"Influ Evelyn BM -VM","[C] [LM - TESTE] [ABO]","AD - EVELYN",prospecting,not_delivering,65976,90707,1.37484843,"Compras no site",6,156.71666667,940.3,2026-02-04,Contínuo,10.36634438,720,1.30597222,0.79376454,2026-01-01,2026-05-25
"LP - 2","[C] [LM - PRINCIPAL][EX. BASE] [ADV. +] [CBO]","Rmkt Dani 2 — Cópia",prospecting,archived,18266,32736,1.7921822,"Compras no site",16,58.27618032,932.4188851,2026-01-19,Contínuo,28.48298158,341,2.73436623,1.04166667,2026-01-01,2026-05-25
"[RMKT LARANJA MORO-REATIVAÇÃO BASE QUENTE]","[C] [LM - RMKT] [ADV. ABO]","AD - RMK NIVER 3 — Cópia",prospecting,inactive,19861,32727,1.64780223,"Compras no site",23,40.4706839,930.8257297,2025-10-13,Contínuo,28.44213431,252,3.6937529,0.77000642,2026-01-01,2026-05-25
"Influ Larissa L. 1 - LM TESTE TRAVA DE CPA","[C] [LM - TESTE] [ABO]",29/12,existing,archived,16337,44639,2.73238661,"Compras no site",15,61.79790979,926.96864687,2025-11-27,Contínuo,20.76589186,362,2.56068687,0.81095007,2026-01-01,2026-05-25
"[PUBLICO ENG.] [DR]","[C] [TONS] [PB DR]","AD - SHOOTING TOFU 2",existing,inactive,10787,18722,1.73560768,"Compras no site",13,70.93820963,922.19672525,2025-06-20,Contínuo,49.25738304,336,2.74463311,1.79468006,2026-01-01,2026-05-25
"[BM] [MARCELA/PRI]","[C] [LM - TESTE] [ABO]","AD - PRI TOFU",engaged,not_delivering,11644,41439,3.55882858,"Compras no site",18,50.98280052,917.69040935,2026-05-07,Contínuo,22.14557324,788,1.16458174,1.90159029,2026-01-01,2026-05-25
"Influ Leka - LM TESTE TRAVA DE CPA","[C] [LM - TESTE] [ABO]","ADS 3",prospecting,archived,54178,69624,1.28509727,"Compras no site",8,114.5725,916.58,2026-01-14,Contínuo,13.16471332,519,1.7660501,0.74543261,2026-01-01,2026-05-25
"[PUBLICO ABERTO]","[C] [CATALAGO]",[CATALAGO],engaged,not_delivering,15548,70835,4.55589143,"Compras no site",11,83.30018495,916.30203447,2026-03-04,Contínuo,12.93572435,1525,0.60085379,2.15289052,2026-01-01,2026-05-25
"[BM JADE]","[C] [LM - TESTE] [ABO]","AD - JADE TOFU",prospecting,inactive,45738,67914,1.48484848,"Compras no site",11,83.28909091,916.18,2026-04-17,Contínuo,13.49029655,409,2.2400489,0.60223223,2026-01-01,2026-05-25
"Influ Sabrina - Vm [Teste até 13-03]","[C] [LM - TESTE] [ABO]",ADS4,prospecting,archived,15595,22295,1.42962488,"Compras no site",11,83.27957313,916.0753044,2026-02-05,Contínuo,41.0888228,352,2.60248666,1.57882933,2026-01-01,2026-05-25
"[RMKT LARANJA MORO-REATIVAÇÃO BASE QUENTE]","[C] [LM - RMKT] [ADV. ABO]","AD - RMKT DANI — Cópia",existing,active,10707,20163,1.88316055,"Compras no site",17,53.8140621,914.83905575,2025-10-13,Contínuo,45.3721696,301,3.03933241,1.49283341,2026-01-01,2026-05-25
"Lm Perfil Novo","[C] [LM - TESTE] [ABO]","AD - LARI MOFU",existing,not_delivering,28046,69963,2.49458033,"Compras no site",17,53.7483564,913.72205882,2025-11-03,Contínuo,13.06007545,818,1.11701963,1.16918943,2026-01-01,2026-05-25
"[RMKT LARANJA MORO-REATIVAÇÃO BASE QUENTE]","[C] [LM - RMKT] [ADV. ABO]","AD - ISA MOFU",existing,inactive,17320,22244,1.28429561,"Compras no site",16,56.93328687,910.93258996,2025-10-13,Contínuo,40.95183375,355,2.5660073,1.59593598,2026-01-01,2026-05-25
"[RMKT LARANJA MORO-REATIVAÇÃO BASE QUENTE]","[C] [LM - RMKT] [ADV. ABO]","AD - BOFU 3",existing,not_delivering,17372,29563,1.70176146,"Compras no site",12,75.89688815,910.76265784,2025-10-13,Contínuo,30.80751811,198,4.5998114,0.66975611,2026-01-01,2026-05-25
"[PUBLICO ABERTO]","[C] [TONS] [PB DR]",AD8,engaged,inactive,21206,25963,1.2243233,"Compras no site",13,69.84754674,908.01810765,2025-12-10,Contínuo,34.97354341,886,1.02485114,3.41254863,2026-01-01,2026-05-25
"[AQUISIÇÃO]  [ADV. +]","[C] [LM - PRINCIPAL][EX. BASE] [ADV. +] [CBO]","AD - LEMOS TOFU",prospecting,inactive,46058,56441,1.22543315,"Compras no site",10,90.7742847,907.74284699,2026-01-23,Contínuo,16.08303976,361,2.51452312,0.63960596,2026-01-01,2026-05-25
"[TESTE PB FECHADO]","[C] [LM - TESTE] [ABO]","AD -  EVELYN",prospecting,active,60901,69001,1.13300274,"Compras no site",9,100.5521384,904.96924563,2026-05-22,Contínuo,13.11530624,555,1.63057522,0.80433617,2026-01-01,2026-05-25
"[TOFU] [TIK + ORG ] [ABERTO]","[C] [LM - TESTE] [ABO]","AD3 — Cópia",prospecting,inactive,35152,42954,1.22195039,"Compras no site",5,179.50522588,897.52612939,2026-02-11,Contínuo,20.89505353,353,2.54256694,0.82180938,2026-01-01,2026-05-25
"teste aquisição ate dia 15  - Lm","[C] [LM - TESTE] [ABO]","ADS 4 — Cópia",engaged,not_delivering,32322,77934,2.41117505,"Compras no site",24,37.29572685,895.09744432,2026-02-04,Contínuo,11.48532661,528,1.69526031,0.67749634,2026-01-01,2026-05-25
"[RMKT LARANJA MORO-REATIVAÇÃO BASE QUENTE]","[C] [LM - RMKT] [ADV. ABO]","ADSS - ORGANICO",engaged,inactive,16276,36148,2.22093881,"Compras no site",13,68.78673219,894.22751852,2025-10-13,Contínuo,24.73795282,237,3.77311189,0.65563793,2026-01-01,2026-05-25
"Conj - Vm","[C] [LM - TESTE] [ABO]","AD - NIVER — Cópia",existing,inactive,10094,25789,2.55488409,"Compras no site",21,42.55760922,893.70979364,2026-01-30,Contínuo,34.65468974,287,3.11397141,1.11287758,2026-01-01,2026-05-25
"Conj. - Q10","[C] [LM - TESTE] [ABO]","AD - NIVER",existing,not_delivering,17697,51068,2.88568684,"Compras no site",17,52.56594418,893.62105113,2026-02-20,Contínuo,17.49864986,554,1.61303439,1.08482807,2026-01-01,2026-05-25
"[PUBLICO ENG.] [DR]","[C] [TONS] [PB DR]","AD - TOFU",existing,inactive,7186,19000,2.64403006,"Compras no site",12,74.27805786,891.33669433,2025-06-20,Contínuo,46.9124576,1804,0.49408908,9.49473684,2026-01-01,2026-05-25
"Arte - Organica Tons ###","[C] [LM - TESTE] [ABO]",AD6,prospecting,inactive,49592,73016,1.47233425,"Compras no site",10,89.10772794,891.07727945,2026-01-26,Contínuo,12.20386326,589,1.51286465,0.80667251,2026-01-01,2026-05-25
[MOFU],"[C] [LM - PRINCIPAL] - [PLANO B] 2 TESTE","ADS 4",prospecting,inactive,49632,75765,1.5265353,"Compras no site",10,88.97675605,889.76756047,2026-03-31,Contínuo,11.74378091,316,2.81572013,0.41707913,2026-01-01,2026-05-25
"[AQUISIÇÃO]  [ADV. +]","[C] [LM - PRINCIPAL][EX. BASE] [ADV. +] [CBO]","ADS - LARISSA — Cópia",prospecting,inactive,25274,41532,1.64326976,"Compras no site",9,98.80889165,889.28002486,2026-01-23,Contínuo,21.41192393,481,1.84881502,1.15814312,2026-01-01,2026-05-25
"[PUBLICO ENG.] [DR]","[C] [TONS] [PB DR]",tons_dr-ursinho-melasma1-13-10-2025,existing,inactive,16540,25476,1.54026602,"Compras no site",16,55.45042489,887.20679821,2025-06-20,Contínuo,34.82520012,548,1.61899051,2.15104412,2026-01-01,2026-05-25
"[PUBLICO ENG.]","[C] [VM] [CAPTAÇÃO LEAD] [LANÇAMENTO]",AD2,unknown,not_delivering,67532,85961,1.27289285,"Leads no site",351,2.52683761,886.92,2026-01-14,Contínuo,10.31770221,1674,0.52982079,1.94739475,2026-01-01,2026-05-25
"[PERFIL NOVO]","[C] [LM - PRINCIPAL] - [PLANO B] 2 TESTE","Teste - ADS 2",prospecting,inactive,60535,107906,1.78253903,"Compras no site",15,59.12359504,886.85392553,2026-03-25,Contínuo,8.21876379,561,1.58084479,0.51989695,2026-01-01,2026-05-25
adv-engajado-laranja-mouro-sudeste-sul-centro,"[C][LM - COST CAP WINNERS] [ [CBO]","Estático  - Laranja Mouro -compre2-leve3",existing,not_delivering,10969,29053,2.64864618,"Compras no site",21,42.00997866,882.20955177,2025-08-27,Contínuo,30.36552341,220,4.01004342,0.75723677,2026-01-01,2026-05-25
"[RMKT LARANJA MORO-REATIVAÇÃO BASE QUENTE]","[C] [LM - RMKT] [ADV. ABO]","AD - JESSICA MOFU NIVER — Cópia",engaged,not_delivering,10860,18279,1.68314917,"Compras no site",17,51.61694918,877.48813613,2025-10-13,Contínuo,48.00525938,275,3.19086595,1.50445867,2026-01-01,2026-05-25
"TONS TESTE","[C] [TONS] [PB DR]","AD - TOFU 3",engaged,not_delivering,11623,16995,1.46218704,"Compras no site",4,219.32359483,877.29437933,2026-04-06,Contínuo,51.62073429,452,1.94091677,2.65960577,2026-01-01,2026-05-25
"[RMKT LARANJA MORO-REATIVAÇÃO BASE QUENTE]","[C] [LM - RMKT] [ADV. ABO]","ADS - JESSICA",existing,inactive,8519,14196,1.66639277,"Compras no site",18,48.45955579,872.27200429,2025-10-13,Contínuo,61.44491436,420,2.07683811,2.95857988,2026-01-01,2026-05-25
"[RMKT LARANJA MORO-REATIVAÇÃO BASE QUENTE]","[C] [LM - RMKT] [ADV. ABO]","AD3 — Cópia",existing,inactive,16310,33845,2.0751073,"Compras no site",13,66.6298067,866.18748715,2025-10-13,Contínuo,25.59277551,249,3.47866461,0.7357069,2026-01-01,2026-05-25
"Influ Larissa L 2","[C] [LM - TESTE] [ABO]","AD1 - 07/12",existing,archived,18421,36515,1.98224852,"Compras no site",16,54.02506529,864.40104463,2026-01-07,Contínuo,23.67249198,467,1.85096583,1.27892647,2026-01-01,2026-05-25
"TONS TESTE","[C] [TONS] [PB DR]","AD- NIVER",prospecting,inactive,41028,59119,1.44094277,"Compras no site",4,215.9815076,863.92603039,2026-04-06,Contínuo,14.61333971,443,1.95017163,0.74933608,2026-01-01,2026-05-25
"[Publico Quente] [TESTE]","[C] [DIGESTINO] [PRINCIPAL]","AD3 - 07/01",prospecting,not_delivering,23117,38781,1.67759657,"Compras no site",10,86.211,862.11,2025-12-24,Contínuo,22.23021583,406,2.12342365,1.04690441,2026-01-01,2026-05-25
adv-aqui-rmtk_coezima-q10_engajado-existente_5-existentes_max-conv_26-05-2025,"[C] [COQ.10][PRINCIPAL]",coenzima-14-10-estático-dani,existing,not_delivering,6176,12375,2.00372409,"Compras no site",30,28.6139846,858.41953813,2025-01-20,Contínuo,69.3672354,316,2.71651753,2.55353535,2026-01-01,2026-05-25
"LP - 2","[C] [LM - PRINCIPAL][EX. BASE] [ADV. +] [CBO]","ADS - RAIZA 3",engaged,archived,16116,41773,2.59202035,"Compras no site",21,40.80323697,856.86797629,2026-01-19,Contínuo,20.51248357,445,1.92554601,1.0652814,2026-01-01,2026-05-25
"[PUBLICO ENG.] [DR]","[C] [TONS] [PB DR]","AD - TOFU",prospecting,inactive,21466,26734,1.24541135,"Compras no site",7,122.01765618,854.12359329,2025-06-20,Contínuo,31.94896362,396,2.15687776,1.48125982,2026-01-01,2026-05-25
"[HIBRIDO] [ESTATICO ORG.] [BID 60]","[C] [LM - TESTE] [ABO]","AD - BOFU — Cópia",prospecting,inactive,57353,105173,1.83378376,"Compras no site",20,42.70605247,854.12104939,2026-03-20,Contínuo,8.1211057,319,2.67749545,0.30330978,2026-01-01,2026-05-25
"[EXCLUSÃO BASE] [ADV. +]","[C] [LM - PRINCIPAL][EX. BASE] [ADV. +] [CBO]","ADS 4",existing,inactive,19623,63727,3.24756663,"Compras no site",20,42.69130602,853.82612035,2026-03-17,Contínuo,13.39818476,2312,0.36930196,3.62797558,2026-01-01,2026-05-25
"Conj. - Q10","[C] [LM - TESTE] [ABO]","AD - NIVER",prospecting,not_delivering,56143,102523,1.82610477,"Compras no site",4,212.66037038,850.64148153,2026-02-20,Contínuo,8.2970795,293,2.90321325,0.28578953,2026-01-01,2026-05-25
"[PUBLICO ENG.] [DR]","[C] [TONS] [PB DR]","ADS - DR 2",engaged,inactive,14007,27341,1.9519526,"Compras no site",15,56.525708,847.88561994,2025-06-20,Contínuo,31.01150726,482,1.7590988,1.76292016,2026-01-01,2026-05-25
"Influ Maritza 1 - LM TESTE TRAVA DE CPA","[C] [LM - TESTE] [ABO]",24-12,prospecting,archived,34225,52669,1.53890431,"Compras no site",12,70.39490677,844.73888121,2025-11-25,Contínuo,16.03863527,378,2.23475895,0.71768972,2026-01-01,2026-05-25
"Conj. - Q10","[C] [LM - TESTE] [ABO]",ADS,existing,not_delivering,16803,57738,3.43617211,"Compras no site",15,56.29912618,844.48689273,2026-02-20,Contínuo,14.62618887,882,0.95746813,1.52759015,2026-01-01,2026-05-25
"Arte - Organica Lm","[C] [LM - TESTE] [ABO]",AD3,engaged,not_delivering,26637,81848,3.0727184,"Compras no site",12,70.29,843.48,2026-01-26,Contínuo,10.30544424,487,1.73199179,0.59500538,2026-01-01,2026-05-25
"[PUBLICO ABERTO]","[C] [TONS] [PB ABERTO] [TESTE BID CAP]","AD - TOFU 1",prospecting,not_delivering,27407,38940,1.4208049,"Compras no site",10,84.00331598,840.03315975,2026-03-16,Contínuo,21.57250025,451,1.86260124,1.15819209,2026-01-01,2026-05-25
"Evelyn Regly BM - LM","[C] [LM - TESTE] [ABO]","ADS - ART 1",existing,not_delivering,13407,63429,4.73103603,"Compras no site",14,59.81642857,837.43,2026-02-04,Contínuo,13.20263602,263,3.18414449,0.41463684,2026-01-01,2026-05-25
[RMK],"[C] [JEJOOM] [CBO]","AD - RMKT PERFIL LARI + DENA",existing,active,21620,81273,3.75915819,"Compras no site",11,76.0285607,836.31416775,2026-04-17,Contínuo,10.29018454,731,1.14406863,0.8994377,2026-01-01,2026-05-25
"[PUBLICO ENG.] [DR]","[C] [TONS] [PB DR]","AD - TOFU",prospecting,inactive,7552,13158,1.74231992,"Compras no site",16,52.2575,836.12,2025-06-20,Contínuo,63.54461164,269,3.10825279,2.04438364,2026-01-01,2026-05-25
"[RMKT LARANJA MORO-REATIVAÇÃO BASE QUENTE]","[C] [LM - RMKT] [ADV. ABO]","ADS - RMKT",existing,not_delivering,8962,18579,2.07308636,"Compras no site",10,83.36290174,833.62901735,2025-10-13,Contínuo,44.8694234,248,3.36140733,1.33484041,2026-01-01,2026-05-25
"[RMKT LARANJA MORO-REATIVAÇÃO BASE QUENTE]","[C] [LM - RMKT] [ADV. ABO]","AD - RMKT DANI — Cópia",prospecting,active,14571,23468,1.61059639,"Compras no site",9,92.37181832,831.34636484,2025-10-13,Contínuo,35.42467892,249,3.33874042,1.06101926,2026-01-01,2026-05-25
"[BM] [ANA ELISA]","[C] [LM - TESTE] [ABO]","AD - MOFU ANA ELISA — Cópia",prospecting,not_delivering,65571,90013,1.37275625,,,,829.78450748,2025-10-01,Contínuo,9.2184963,541,1.53379761,0.6010243,2026-01-01,2026-05-25
"[BM] [ANA ELISA]","[C] [LM - TESTE] [ABO]","AD - MOFU ANA ELISA — Cópia",existing,not_delivering,26431,53320,2.01732814,"Compras no site",3,276.03490027,828.1047008,2025-10-01,Contínuo,15.53084585,1398,0.59234957,2.62190548,2026-01-01,2026-05-25
"[PUBLICO ABERTO]","[C] [LM - PRINCIPAL] [PLANO B] 1 TESTE","ADS - ISA NOGUEIRA",engaged,inactive,29402,42242,1.43670499,"Compras no site",16,51.71095655,827.37530475,2025-12-10,Contínuo,19.58655615,482,1.71654628,1.14104446,2026-01-01,2026-05-25
"[PUBLICO ENG.] [DR]","[C] [TONS] [PB DR]",tons_dr-ursinho-melasma3-13-10-2025,prospecting,inactive,23931,40280,1.68317245,"Compras no site",12,68.52452609,822.29431314,2025-06-20,Contínuo,20.41445663,431,1.90787544,1.07000993,2026-01-01,2026-05-25
"[AQUISIÇÃO]  [ADV. +]","[C] [LM - PRINCIPAL][EX. BASE] [ADV. +] [CBO]","ADS - ISA 2",existing,inactive,14481,21307,1.47137629,"Compras no site",12,68.07439744,816.89276933,2026-01-23,Contínuo,38.33917348,283,2.88654689,1.328202,2026-01-01,2026-05-25
"[PUBLICO ENG.] [DR]","[C] [TONS] [PB DR]","AD - TOFU — Cópia",existing,active,16729,31046,1.85581924,"Compras no site",12,68.04543876,816.54526509,2025-06-20,Contínuo,26.30114234,691,1.18168635,2.22572956,2026-01-01,2026-05-25
"[PUBLICO ABERTO] — Cópia","[C] [LM - PRINCIPAL] [PLANO B] 1 TESTE","ADS -  ANA ELISA 1",prospecting,archived,64672,64672,1,"Compras no site",1,816.11,816.11,2026-01-08,Contínuo,12.61921697,370,2.2057027,0.57211776,2026-01-01,2026-05-25
"[VINAGRE] [RMKT]","[C] [VARIOS PRODUTO] [ABO] [BID]",AD6,prospecting,inactive,16400,28363,1.72945122,"Compras no site",11,74.16594462,815.82539087,2026-01-20,Contínuo,28.76372002,222,3.67488915,0.78270987,2026-01-01,2026-05-25
"[VINAGRE] [RMKT]","[C] [VARIOS PRODUTO] [ABO] [BID]","AD11 - EVELYN",prospecting,inactive,25938,50843,1.96017426,"Compras no site",21,38.77885148,814.35588102,2026-01-20,Contínuo,16.01706982,641,1.27044599,1.26074386,2026-01-01,2026-05-25
"Arte - Organica Lm","[C] [LM - TESTE] [ABO]",AD4,prospecting,not_delivering,35756,76829,2.14870232,"Compras no site",12,67.75166667,813.02,2026-01-26,Contínuo,10.58220203,301,2.70106312,0.39177915,2026-01-01,2026-05-25
"[EXCLUSÃO BASE] [ADV. +]","[C] [LM - PRINCIPAL][EX. BASE] [ADV. +] [CBO]","AD - BOFU — Cópia",engaged,inactive,25553,62538,2.44738387,"Compras no site",24,33.84662231,812.31893536,2026-03-17,Contínuo,12.98920553,872,0.93155841,1.39435223,2026-01-01,2026-05-25
"LP NOVA","[C] [TONS] [PB DR]","tons_dr-ursinho_video-reels_18-08-2026 — Cópia",prospecting,inactive,22829,23943,1.04879758,"Compras no site",16,50.56,808.96,2026-02-09,Contínuo,33.78691058,837,0.9664994,3.49580253,2026-01-01,2026-05-25
"Conj - Vm","[C] [LM - TESTE] [ABO]","ADS 3",engaged,inactive,13203,23565,1.78482163,"Compras no site",3,269.50612327,808.51836982,2026-01-30,Contínuo,34.31013664,734,1.10152366,3.11478888,2026-01-01,2026-05-25
"[ANA ELISA]","[C] [LM - PRINCIPAL] - [PLANO B] 2 TESTE",ADS2,existing,inactive,14411,29198,2.02609118,"Compras no site",7,115.45529361,808.1870553,2026-03-17,Contínuo,27.67953474,366,2.20816135,1.25351051,2026-01-01,2026-05-25
"[RMKT LARANJA MORO-REATIVAÇÃO BASE QUENTE]","[C] [LM - RMKT] [ADV. ABO]","ADS - JESSICA",prospecting,inactive,11766,15558,1.32228455,"Compras no site",10,80.65303459,806.53034586,2025-10-13,Contínuo,51.84023305,260,3.10203979,1.67116596,2026-01-01,2026-05-25
adv-aqui-rmtk_coezima-q10_engajado-existente_5-existentes_max-conv_26-05-2025,"[C] [COQ.10][PRINCIPAL]",coenzima-23-10-video-sabrina,engaged,not_delivering,7242,16566,2.28748964,"Compras no site",11,73.19363636,805.13,2025-01-20,Contínuo,48.60135217,1172,0.68697099,7.07473138,2026-01-01,2026-05-25
"[PUBLICO ENG.] [DR]","[C] [TONS] [PB DR]","tons_dr-ursinho-bruna2-06-11-2025 — Cópia",engaged,inactive,17237,20570,1.19336311,"Compras no site",5,160.78895324,803.94476619,2025-06-20,Contínuo,39.08336248,490,1.6407036,2.38210987,2026-01-01,2026-05-25
rmkt_tons_estáticos_visitantes-engajado-compradores_max-conv_cpa35_02-09-2025_7,"[C] [TONS] [PB DR]",tons2_rmkt_01-09-2025,existing,not_delivering,9087,21016,2.31275448,"Compras no site",17,47.25457621,803.32779553,2025-09-02,Contínuo,38.22458106,312,2.57476858,1.48458317,2026-01-01,2026-05-25
rmkt_tons_estáticos_visitantes-engajado-compradores_max-conv_cpa35_02-09-2025_7,"[C] [TONS] [PB DR]",tons2_rmkt_20-10-2025-pagdenavita,existing,not_delivering,7120,22490,3.15870787,"Compras no site",23,34.89258676,802.52949559,2025-09-02,Contínuo,35.68383707,260,3.08665191,1.15606936,2026-01-01,2026-05-25
"[PUBLICO ENG.] [DR]","[C] [TONS] [PB ABERTO] [TESTE BID CAP]","AD - TOFU 1",existing,not_delivering,12164,25925,2.13128905,"Compras no site",14,57.2580722,801.6130108,2026-03-16,Contínuo,30.92046329,636,1.26039782,2.45323047,2026-01-01,2026-05-25
"[PUBLICO ENG.] [DR]","[C] [TONS] [PB ABERTO] [TESTE BID CAP]","ADS - MOFU",prospecting,inactive,37259,51248,1.37545291,"Compras no site",10,80.11437973,801.14379728,2026-03-16,Contínuo,15.63268415,725,1.10502593,1.41468935,2026-01-01,2026-05-25
"[PUBLICO ENG.] [DR]","[C] [TONS] [PB DR]","AD - TOFU — Cópia",engaged,active,19300,31979,1.65694301,"Compras no site",11,72.61487667,798.76364332,2025-06-20,Contínuo,24.97775551,832,0.96005246,2.60170737,2026-01-01,2026-05-25
"[TOFU] [TIK TOK] [EXCLUSAÕ BASE] [BID 60] - TESTE ATÉ 20-05","[C] [LM - TESTE] [ABO]","AD - FERNANDA",prospecting,inactive,42118,83091,1.97281447,"Compras no site",11,72.56513163,798.21644794,2026-03-12,Contínuo,9.60653317,592,1.34833859,0.71247187,2026-01-01,2026-05-25
"[RMKT LARANJA MORO-REATIVAÇÃO BASE QUENTE]","[C] [LM - RMKT] [ADV. ABO]","AD - JADE TOFU",existing,inactive,15254,20512,1.34469647,"Compras no site",9,88.52703308,796.74329772,2025-10-13,Contínuo,38.84278948,354,2.25068728,1.72581903,2026-01-01,2026-05-25
adv-aqui-rmtk_coezima-q10_engajado-existente_5-existentes_max-conv_26-05-2025,"[C] [COQ.10][PRINCIPAL]","ADS - THAIS 29/12",prospecting,inactive,24884,42861,1.72243208,"Compras no site",5,159.144,795.72,2025-01-20,Contínuo,18.56512914,377,2.11066313,0.8795875,2026-01-01,2026-05-25
"[RMKT LARANJA MORO-REATIVAÇÃO BASE QUENTE]","[C] [LM - RMKT] [ADV. ABO]","AD - JESSICA MOFU NIVER — Cópia",prospecting,not_delivering,11939,16844,1.41083843,"Compras no site",11,72.1745653,793.92021835,2025-10-13,Contínuo,47.13371042,158,5.02481151,0.93801947,2026-01-01,2026-05-25
"[PUBLICO ABERTO]","[C] [LM - PRINCIPAL] [PLANO B] 1 TESTE","[2] 29/12 — Cópia",existing,inactive,16821,35404,2.10475001,"Compras no site",11,71.46632881,786.12961687,2025-12-10,Contínuo,22.20454234,372,2.11325166,1.05072873,2026-01-01,2026-05-25
"[RMKT LARANJA MORO-REATIVAÇÃO BASE QUENTE]","[C] [LM - RMKT] [ADV. ABO]","AD - EVELYN NIVER 2 — Cópia",engaged,not_delivering,18821,29598,1.57260507,"Compras no site",19,41.26825805,784.09690287,2025-10-13,Contínuo,26.4915502,346,2.26617602,1.16899791,2026-01-01,2026-05-25
"[CAMPANHA AQUISIÇÃO]","[C] [JEJOOM] [CBO]","AD - MORGANA TOFU",existing,active,14013,48758,3.47948334,"Compras no site",22,35.62704044,783.79488967,2025-10-13,Contínuo,16.07520591,993,0.78932013,2.03658887,2026-01-01,2026-05-25
"[EXCLUSÃO BASE] [ADV. +]","[C] [LM - PRINCIPAL][EX. BASE] [ADV. +] [CBO]","AD - BOFU",prospecting,inactive,49317,77550,1.57248008,"Compras no site",9,87.04393769,783.39543919,2026-03-17,Contínuo,10.10181095,252,3.10871206,0.32495164,2026-01-01,2026-05-25
"[EXCLUSÃO BASE] [ADV. +]","[C] [LM - PRINCIPAL][EX. BASE] [ADV. +] [CBO]","AD - EVELYN MOFU",prospecting,inactive,64515,78410,1.21537627,"Compras no site",10,78.266,782.66,2026-03-17,Contínuo,9.981635,461,1.69774403,0.58793521,2026-01-01,2026-05-25
"[PUBLICO ABERTO]","[C] [LM - PRINCIPAL] [PLANO B] 1 TESTE","ADS - SABRINA 1",existing,inactive,10521,24034,2.28438361,"Compras no site",8,97.7250153,781.80012238,2025-12-10,Contínuo,32.52892246,350,2.23371464,1.45627028,2026-01-01,2026-05-25
"[BOFU] [ADV+ ABERTO] [ESTATICO]","[C] [LM - TESTE] [ABO]",AD4,existing,inactive,25629,86537,3.37652659,"Compras no site",18,43.33183241,779.97298336,2026-02-25,Contínuo,9.01317336,1181,0.66043436,1.36473416,2026-01-01,2026-05-25
"LP - 2","[C] [LM - PRINCIPAL][EX. BASE] [ADV. +] [CBO]","ADS - RAIZA 3",existing,archived,10845,34670,3.19686491,"Compras no site",13,59.55000787,774.15010235,2026-01-19,Contínuo,22.32910592,308,2.51347436,0.88837612,2026-01-01,2026-05-25
"Influ Kamili","[C] [LM - TESTE] [ABO]","ADS - KAMILI 29/12",existing,archived,12263,42524,3.46766697,"Compras no site",16,48.37601078,774.01617251,2025-12-29,Contínuo,18.20186653,267,2.89893698,0.62788073,2026-01-01,2026-05-25
"[PUBLICO ENG.] [DR]","[C] [TONS] [PB DR]",tons_dr-ursinho_video-reels_10-07-2025_esse-e-o-futuro-do-skin,prospecting,inactive,28194,33307,1.18135064,"Compras no site",7,109.69071046,767.83497319,2025-06-20,Contínuo,23.05326127,320,2.39948429,0.960759,2026-01-01,2026-05-25
"[PUBLICO ABERTO]","[C] [LM - PRINCIPAL] [PLANO B] 1 TESTE","AD1 - 07/12 — Cópia",engaged,inactive,28934,35801,1.23733324,"Compras no site",16,47.88914905,766.22638473,2025-12-10,Contínuo,21.40237381,520,1.47351228,1.45247339,2026-01-01,2026-05-25
[MOFU],"[C] [LM - PRINCIPAL] - [PLANO B] 2 TESTE","ADS 4",existing,not_delivering,19557,29562,1.51158153,"Compras no site",13,58.92560166,766.03282161,2026-03-31,Contínuo,25.91275359,408,1.87753143,1.38015019,2026-01-01,2026-05-25
"teste aquisição ate dia 15  - Lm","[C] [LM - TESTE] [ABO]","ADS 6 — Cópia",existing,inactive,23999,44234,1.84316013,"Compras no site",18,42.4167006,763.50061077,2026-02-04,Contínuo,17.26049217,309,2.47087576,0.69855767,2026-01-01,2026-05-25
"[PUBLICO ENG.] [DR]","[C] [TONS] [PB DR]",tons_sabrina_video-reels_23-09-2025,existing,archived,10549,18017,1.7079344,"Compras no site",15,50.77168492,761.57527373,2025-06-20,Contínuo,42.26981594,306,2.48880808,1.69839596,2026-01-01,2026-05-25
"[RMKT LARANJA MORO-REATIVAÇÃO BASE QUENTE]","[C] [LM - RMKT] [ADV. ABO]","ADSS - ORGANICO",existing,inactive,9919,27690,2.79161206,"Compras no site",12,63.41911481,761.02937768,2025-10-13,Contínuo,27.48390674,220,3.45922444,0.79451065,2026-01-01,2026-05-25
"[BOFU] [ADV+ ABERTO] [ESTATICO]","[C] [LM - TESTE] [ABO]",AD1,existing,inactive,26789,83355,3.11153832,"Compras no site",17,44.69861568,759.87646663,2026-02-25,Contínuo,9.1161474,376,2.02094805,0.45108272,2026-01-01,2026-05-25
"[RMKT LARANJA MORO-REATIVAÇÃO BASE QUENTE]","[C] [LM - RMKT] [ADV. ABO]","ADS - ISA NOGUEIRA",prospecting,inactive,22044,26826,1.21692978,"Compras no site",4,188.47219888,753.88879553,2025-10-13,Contínuo,28.10291492,316,2.38572404,1.17796168,2026-01-01,2026-05-25
"teste aquisição ate dia 15  - Lm","[C] [LM - TESTE] [ABO]","AD - ISA MOFU",existing,inactive,19541,43655,2.23402078,"Compras no site",5,150.28448885,751.42244424,2026-02-04,Contínuo,17.2127464,351,2.14080468,0.80403161,2026-01-01,2026-05-25
"[VINAGRE] [RMKT]","[C] [VARIOS PRODUTO] [ABO] [BID]","ADS1 - VM — Cópia",engaged,inactive,6668,18628,2.79364127,"Compras no site",13,57.76607815,750.959016,2026-01-20,Contínuo,40.31345373,241,3.11601251,1.29375134,2026-01-01,2026-05-25
"[TOFU][PERFIL NOVO]  TESTE","[C] [LM - PRINCIPAL] - [PLANO B] 2 TESTE",AD3,engaged,not_delivering,27574,79058,2.8671212,"Compras no site",18,41.69433917,750.49810499,2026-03-16,Contínuo,9.49300646,379,1.98020608,0.47939487,2026-01-01,2026-05-25
"[AQUISIÇÃO]  [ADV. +]","[C] [LM - PRINCIPAL][EX. BASE] [ADV. +] [CBO]","ADS - ORGANICO LM 2",existing,inactive,16453,25641,1.55843919,"Compras no site",13,57.70538462,750.17,2026-01-23,Contínuo,29.25665926,172,4.36145349,0.67080067,2026-01-01,2026-05-25
"[PUBLICO ENG.] [DR]","[C] [TONS] [PB DR]","AD - REFAÇAO",engaged,active,12299,17435,1.41759493,"Compras no site",6,124.28858636,745.73151817,2025-06-20,Contínuo,42.7720974,400,1.8643288,2.29423573,2026-01-01,2026-05-25
"[CAMPANHA AQUISIÇÃO]","[C] [JEJOOM] [CBO]","ADS - LARI 6",prospecting,inactive,15667,33520,2.13952895,"Compras no site",7,106.41966933,744.93768528,2025-10-13,Contínuo,22.22367796,281,2.65102379,0.83830549,2026-01-01,2026-05-25
"[PUBLICO ENG.] [DR]","[C] [TONS] [PB DR]","TESTE VIDEO COMENTARIO",existing,inactive,10640,25040,2.35338346,"Compras no site",9,82.74679377,744.72114389,2025-06-20,Contínuo,29.74125974,413,1.8031989,1.64936102,2026-01-01,2026-05-25
"LP - 1","[C] [LM - PRINCIPAL][EX. BASE] [ADV. +] [CBO]","ADS - RAIZA 3",engaged,archived,14735,35710,2.42348151,"Compras no site",12,61.90958436,742.91501238,2026-01-19,Contínuo,20.80411684,365,2.0353836,1.02212265,2026-01-01,2026-05-25
"[PUBLICO ENG.] [DR]","[C] [TONS] [PB DR]","tons1_rmkt_20-10-2025 — Cópia",engaged,inactive,10562,30897,2.92529824,"Compras no site",10,74.06639192,740.66391925,2025-06-20,Contínuo,23.97203351,347,2.13447815,1.12308638,2026-01-01,2026-05-25
"Evelyn Regly BM - LM","[C] [LM - TESTE] [ABO]","ADS 5",engaged,not_delivering,14487,27134,1.87298958,"Compras no site",13,56.91352118,739.87577532,2026-02-04,Contínuo,27.267479,298,2.48280462,1.09825311,2026-01-01,2026-05-25
"[ADV ABER.]","[C] [LM - PRINCIPAL] - [PLANO B] 2 TESTE","AD - LUCIANA TOFU — Cópia — Cópia",engaged,not_delivering,18813,31746,1.68745017,"Compras no site",9,82.10961566,738.98654095,2026-02-25,Contínuo,23.27809932,411,1.79802078,1.29465129,2026-01-01,2026-05-25
"[RMKT LARANJA MORO-REATIVAÇÃO BASE QUENTE]","[C] [LM - RMKT] [ADV. ABO]","AD - JESSICA MOFU NIVER — Cópia",existing,not_delivering,9154,15411,1.68352633,"Compras no site",17,43.3318615,736.64164552,2025-10-13,Contínuo,47.79973042,189,3.89757484,1.22639673,2026-01-01,2026-05-25
"[TESTE PB FECHADO]","[C] [LM - TESTE] [ABO]","AD - EVELYN TOFU",prospecting,active,24962,28304,1.1338835,"Compras no site",8,91.5081461,732.06516878,2026-05-22,Contínuo,25.86437142,445,1.64509027,1.57221594,2026-01-01,2026-05-25
adv-aqui-rmtk_coezima-q10_engajado-existente_5-existentes_max-conv_26-05-2025,"[C] [COQ.10][PRINCIPAL]","coenzima-23-10-video-sabrina 2",prospecting,inactive,11031,16358,1.48291179,"Compras no site",7,104.11,728.77,2025-01-20,Contínuo,44.55128989,232,3.14125,1.41826629,2026-01-01,2026-05-25
adv-engajado-laranja-mouro-sudeste-sul-centro,"[C][LM - COST CAP WINNERS] [ [CBO]","Estático  - Laranja Mouro -compre2-leve3",engaged,not_delivering,13490,28531,2.11497405,"Compras no site",13,55.6071084,722.89240916,2025-08-27,Contínuo,25.3370863,350,2.06540688,1.22673583,2026-01-01,2026-05-25
"teste aquisição ate dia 15  - Lm","[C] [LM - TESTE] [ABO]","AD - ISA MOFU",existing,inactive,19880,37059,1.86413481,"Compras no site",10,71.81949291,718.19492907,2026-02-04,Contínuo,19.37977088,236,3.04319885,0.63682236,2026-01-01,2026-05-25
"[AQUISIÇÃO]  [ADV. +]","[C] [LM - PRINCIPAL][EX. BASE] [ADV. +] [CBO]","ADS - ISA 2",engaged,inactive,14345,20211,1.40892297,"Compras no site",10,71.72324315,717.23243147,2026-01-23,Contínuo,35.48723128,344,2.084978,1.70204344,2026-01-01,2026-05-25
"ESTUDOS CLINICOS","[C] [LM - PRINCIPAL][EX. BASE] [ADV. +] [CBO]",AD2,existing,archived,22897,52902,2.31043368,"Compras no site",17,42.16846682,716.86393587,2026-03-20,Contínuo,13.55079082,384,1.86683317,0.72587048,2026-01-01,2026-05-25
"[RMKT LARANJA MORO-REATIVAÇÃO BASE QUENTE]","[C] [LM - RMKT] [ADV. ABO]","AD - BOFU 3",prospecting,not_delivering,22866,32133,1.40527421,"Compras no site",8,88.96646811,711.73174491,2025-10-13,Contínuo,22.14955793,214,3.32584928,0.66598201,2026-01-01,2026-05-25
"[PUBLICO ABERTO]","[C] [LM - PRINCIPAL] [PLANO B] 1 TESTE","ADS - LARISSA 2",existing,inactive,12552,22143,1.76410134,"Compras no site",8,88.49882843,707.99062745,2025-12-10,Contínuo,31.97356399,267,2.65165029,1.20579867,2026-01-01,2026-05-25
"[AQUISIÇÃO]  [ADV. +]","[C] [LM - PRINCIPAL][EX. BASE] [ADV. +] [CBO]","AD -TOFU PRI",prospecting,inactive,27306,39590,1.4498645,"Compras no site",3,235.29830161,705.89490483,2026-01-23,Contínuo,17.83013147,537,1.31451565,1.35640313,2026-01-01,2026-05-25
"[EXCLUSÃO BASE] [ADV. +]","[C] [LM - PRINCIPAL][EX. BASE] [ADV. +] [CBO]","AD - LUCIANA MOFU 2 — Cópia — Cópia",prospecting,inactive,24643,32712,1.32743578,"Compras no site",7,100.63146339,704.42024373,2026-03-17,Contínuo,21.53400109,416,1.69331789,1.27170457,2026-01-01,2026-05-25
"[RMKT LARANJA MORO-REATIVAÇÃO BASE QUENTE]","[C] [LM - RMKT] [ADV. ABO]","ADS2- EVELYN",prospecting,inactive,20657,28913,1.39967081,"Compras no site",11,63.98771768,703.86489444,2025-10-13,Contínuo,24.34423596,336,2.094836,1.16210701,2026-01-01,2026-05-25
[MOFU],"[C] [LM - PRINCIPAL] - [PLANO B] 2 TESTE","ADS 4",existing,inactive,20586,39142,1.90138929,"Compras no site",11,63.97565929,703.7322522,2026-03-31,Contínuo,17.97895489,375,1.87661934,0.95805018,2026-01-01,2026-05-25
"Arte - Organica Lm","[C] [LM - TESTE] [ABO]",AD3,existing,not_delivering,17230,54781,3.1793964,"Compras no site",11,63.96090909,703.57,2026-01-26,Contínuo,12.84332159,278,2.53082734,0.50747522,2026-01-01,2026-05-25
"[CAMPANHA AQUISIÇÃO]","[C] [JEJOOM] [CBO]","ADS - MORGANA",existing,inactive,4724,8961,1.8969094,"Compras no site",13,54.02411256,702.31346329,2025-10-13,Contínuo,78.37445188,155,4.5310546,1.72971767,2026-01-01,2026-05-25
"[VINAGRE] [RMKT]","[C] [VARIOS PRODUTO] [ABO] [BID]","AD - MI RUBACK MOFU — Cópia",existing,active,11299,17728,1.56898841,"Compras no site",2,350.44969745,700.8993949,2026-01-20,Contínuo,39.53629258,559,1.25384507,3.15320397,2026-01-01,2026-05-25
"[TOFU][PERFIL NOVO]  TESTE","[C] [LM - PRINCIPAL] - [PLANO B] 2 TESTE",AD2,engaged,not_delivering,31059,73600,2.36968351,"Compras no site",13,53.81222876,699.55897394,2026-03-16,Contínuo,9.50487736,399,1.75328064,0.54211957,2026-01-01,2026-05-25
"Influ Sabrina - Vm [Teste até 13-03]","[C] [LM - TESTE] [ABO]",ADS78,existing,archived,6036,9348,1.54870775,"Compras no site",20,34.94922524,698.9845047,2026-02-05,Contínuo,74.77369541,196,3.56624747,2.09670518,2026-01-01,2026-05-25
"[RMKT LARANJA MORO-REATIVAÇÃO BASE QUENTE]","[C] [LM - RMKT] [ADV. ABO]","ADS - JESSICA",engaged,inactive,7072,12510,1.76894796,"Compras no site",14,49.92197364,698.90763093,2025-10-13,Contínuo,55.86791614,583,1.1988124,4.66027178,2026-01-01,2026-05-25
adv-engajado-laranja-mouro-sudeste-sul-centro,"[C][LM - COST CAP WINNERS] [ [CBO]","Criativo Ana Elisa 1 - 12-11-2025 — Cópia",engaged,not_delivering,15077,35122,2.32950852,"Compras no site",18,38.67764047,696.1975285,2025-08-27,Contínuo,19.82226321,471,1.47812639,1.3410398,2026-01-01,2026-05-25
"[CAMPANHA AQUISIÇÃO]","[C] [JEJOOM] [CBO]","AD3 - ORGANICO",existing,inactive,15292,37287,2.43833377,"Compras no site",6,115.66760874,694.00565246,2025-10-13,Contínuo,18.61253661,289,2.40140364,0.77506906,2026-01-01,2026-05-25
"[PUBLICO ABERTO]","[C] [LM - PRINCIPAL] [PLANO B] 1 TESTE","ADS - SABRINA 1",engaged,inactive,14159,26100,1.84335052,"Compras no site",6,115.66389484,693.98336906,2025-12-10,Contínuo,26.58940111,407,1.70511884,1.55938697,2026-01-01,2026-05-25
"[Publico Quente] [TESTE]","[C] [DIGESTINO] [PRINCIPAL]","ADS - BRUNA 1",prospecting,inactive,12920,21028,1.62755418,"Compras no site",3,231.25,693.75,2025-12-24,Contínuo,32.99172532,354,1.95974576,1.68346966,2026-01-01,2026-05-25
"Influ Nutri- Lm","[C] [LM - TESTE] [ABO]","ADS 1",engaged,not_delivering,20188,55157,2.73216762,"Compras no site",5,138.4953653,692.47682652,2026-02-24,Contínuo,12.55464994,923,0.75024575,1.67340501,2026-01-01,2026-05-25
"[PUBLICO MORNO]","[C] [VM] [CAPTAÇÃO LEAD] [LANÇAMENTO]",AD1,unknown,not_delivering,45993,48958,1.06446633,"Leads no site",134,5.16768657,692.47,2026-01-14,Contínuo,14.14416439,990,0.69946465,2.02214143,2026-01-01,2026-05-25
"[RMKT LARANJA MORO-REATIVAÇÃO BASE QUENTE]","[C] [LM - RMKT] [ADV. ABO]","[VERÃO 3] [BOFU]",prospecting,not_delivering,14942,27925,1.86889305,"Compras no site",10,68.89202589,688.92025886,2025-10-13,Contínuo,24.67037632,207,3.32811719,0.74127126,2026-01-01,2026-05-25
"[VINAGRE] [RMKT]","[C] [VARIOS PRODUTO] [ABO] [BID]",AD6,existing,inactive,7352,19423,2.64186616,"Compras no site",11,62.60964628,688.70610905,2026-01-20,Contínuo,35.45827674,207,3.32708265,1.0657468,2026-01-01,2026-05-25
"Lm Perfil Novo","[C] [LM - TESTE] [ABO]","AD - LARI MOFU",engaged,not_delivering,27920,53733,1.92453438,"Compras no site",10,68.85786558,688.5786558,2025-11-03,Contínuo,12.81481875,642,1.07255242,1.19479649,2026-01-01,2026-05-25
"[AQUISIÇÃO]  [ADV. +]","[C] [LM - PRINCIPAL][EX. BASE] [ADV. +] [CBO]","ADS - EVELYN",prospecting,inactive,25892,53947,2.08353932,"Compras no site",8,85.92463245,687.39705962,2026-01-23,Contínuo,12.74208129,272,2.52719507,0.50419857,2026-01-01,2026-05-25
"[MOFU] [TIK TOK] - TESTE ATÉ 20-05","[C] [LM - TESTE] [ABO]","AD -1",existing,not_delivering,10384,18669,1.7978621,"Compras no site",10,68.67557341,686.75573407,2026-05-17,Contínuo,36.78588752,607,1.1313933,3.25137929,2026-01-01,2026-05-25
"[TESTE PB FECHADO ANA ELISA]","[C] [LM - TESTE] [ABO]","AD - MOFU ANA ELISA — Cópia",existing,active,11361,19480,1.7146378,"Compras no site",10,68.55344918,685.53449182,2026-05-23,Contínuo,35.19170903,259,2.64685132,1.32956879,2026-01-01,2026-05-25
"[BM] [ANA ELISA]","[C] [LM - TESTE] [ABO]","AD - RMK NIVER 4",prospecting,inactive,25526,49765,1.94958082,"Compras no site",15,45.54805616,683.22084246,2025-10-01,Contínuo,13.72894288,216,3.16305946,0.43403999,2026-01-01,2026-05-25
[EVELIN],"[C] [LM - PRINCIPAL][EX. BASE] [ADV. +] [CBO]","AD - TOFU/MOFU",prospecting,inactive,46649,72175,1.54719287,"Compras no site",11,62.02272727,682.25,2026-03-31,Contínuo,9.45271909,319,2.13871473,0.4419813,2026-01-01,2026-05-25
"[CAMPANHA AQUISIÇÃO]","[C] [JEJOOM] [CBO]","AD - RMKT",prospecting,inactive,18803,38089,2.02568739,"Compras no site",10,67.895413,678.95412999,2025-10-13,Contínuo,17.82546483,297,2.28604084,0.77975268,2026-01-01,2026-05-25
"[PUBLICO ENG.] [DR]","[C] [TONS] [PB DR]","tons_dr-ursinho-melasma1-13-10-2025 — Cópia",prospecting,active,16402,19844,1.20985246,"Compras no site",2,338.1846578,676.3693156,2025-06-20,Contínuo,34.0843235,376,1.79885456,1.89477928,2026-01-01,2026-05-25
"Conj - Vm","[C] [LM - TESTE] [ABO]","AD - PROMO — Cópia",engaged,inactive,9372,21590,2.30367051,"Compras no site",13,51.96271999,675.51535987,2026-01-30,Contínuo,31.2883446,511,1.32194787,2.3668365,2026-01-01,2026-05-25
"LP - 1","[C] [LM - PRINCIPAL][EX. BASE] [ADV. +] [CBO]","ADS - RAIZA 3",existing,archived,10528,28809,2.73641717,"Compras no site",14,48.08039149,673.12548091,2026-01-19,Contínuo,23.36511093,264,2.54971773,0.9163803,2026-01-01,2026-05-25
"Influ Evelyn - Vm","[C] [LM - TESTE] [ABO]","ADS 4",engaged,not_delivering,20722,29193,1.40879259,"Compras no site",11,61.13459538,672.48054916,2026-01-29,Contínuo,23.03567804,648,1.03777863,2.2197102,2026-01-01,2026-05-25
"[PUBLICO ABERTO]","[C] [LM - PRINCIPAL] [PLANO B] 1 TESTE","ADS - ISA NOGUEIRA",existing,inactive,17363,25080,1.44445084,"Compras no site",8,84.04335198,672.34681583,2025-12-10,Contínuo,26.80808676,230,2.92324703,0.91706539,2026-01-01,2026-05-25
"[PUBLICO ENG.] [DR]","[C] [TONS] - TESTE MAX. VALOR ATÉ 11-03","ADS 1 - 18-02",prospecting,not_delivering,13290,21723,1.63453725,"Compras no site",4,168.04416376,672.17665505,2026-03-04,Contínuo,30.9430859,258,2.60533587,1.18768126,2026-01-01,2026-05-25
"[PUBLICO ENG.] [DR]","[C] [TONS] [PB DR]","AD - TOFU",engaged,inactive,17800,24039,1.35050562,"Compras no site",5,133.7654118,668.827059,2025-06-20,Contínuo,27.82258243,519,1.28868412,2.15899164,2026-01-01,2026-05-25
"[DIGESTINO] [RMKT]","[C] [VARIOS PRODUTO] [ABO] [BID]","[Criativo 2 Digestino] — Cópia",prospecting,not_delivering,34878,91465,2.62242674,"Compras no site",6,110.96583503,665.79501016,2026-05-10,Contínuo,7.2792326,541,1.2306747,0.59148308,2026-01-01,2026-05-25
"[PUBLICO ENG.] [DR]","[C] [TONS] [PB ABERTO] [TESTE BID CAP]","AD - MES DO CLIENTE",engaged,inactive,14093,34643,2.45817072,"Compras no site",12,55.31400465,663.76805575,2026-03-16,Contínuo,19.160236,277,2.39627457,0.79958433,2026-01-01,2026-05-25
"Conj - Vm","[C] [LM - TESTE] [ABO]","AD - ORG 2 TOFU",engaged,inactive,16933,31112,1.837359,"Compras no site",3,220.95533658,662.86600975,2026-01-30,Contínuo,21.30579872,371,1.78670083,1.19246593,2026-01-01,2026-05-25
"[EXCLUSÃO BASE] [ADV. +]","[C] [LM - PRINCIPAL][EX. BASE] [ADV. +] [CBO]","V - EVELYN TOFU LP OLD",engaged,active,23239,39727,1.70949697,"Compras no site",13,50.93078496,662.10020452,2026-03-17,Contínuo,16.66625228,475,1.39389517,1.19566038,2026-01-01,2026-05-25
"[TOFU] [TIK TOK] [EXCLUSAÕ BASE] [BID 60] - TESTE ATÉ 20-05","[C] [LM - TESTE] [ABO]","AD - ALESSANDRA",engaged,inactive,20572,77731,3.77848532,"Compras no site",7,94.46421471,661.24950298,2026-03-12,Contínuo,8.50689561,1951,0.3389285,2.50993812,2026-01-01,2026-05-25
"[BOFU] [ADV+ ABERTO] [ESTATICO]","[C] [LM - TESTE] [ABO]",AD2,existing,inactive,19281,53172,2.75774078,"Compras no site",10,66.04352113,660.43521133,2026-02-25,Contínuo,12.42073293,313,2.11001665,0.58865568,2026-01-01,2026-05-25
"[PUBLICO ABERTO]","[C] [LM - PRINCIPAL] [PLANO B] 1 TESTE","ADS - ORGANICO LM",existing,inactive,13359,32502,2.43296654,"Compras no site",17,38.61581675,656.4688847,2025-12-10,Contínuo,20.19779966,170,3.86158167,0.52304474,2026-01-01,2026-05-25
"[PUBLICO ENG.] [DR]","[C] [TONS] [PB DR]","AD - TOFU",existing,inactive,16160,21492,1.3299505,"Compras no site",10,65.60676874,656.06768743,2025-06-20,Contínuo,30.52613472,500,1.31213537,2.32644705,2026-01-01,2026-05-25
"Evelyn Regly BM - LM","[C] [LM - TESTE] [ABO]","ADS 3 - NOVO VM — Cópia",prospecting,not_delivering,29018,45165,1.55644772,"Compras no site",13,50.21128678,652.7467282,2026-02-04,Contínuo,14.45249038,297,2.19780043,0.65758884,2026-01-01,2026-05-25
"[AQUISIÇÃO]  [ADV. +]","[C] [LM - PRINCIPAL][EX. BASE] [ADV. +] [CBO]","ADS - JESSICA 2",existing,inactive,9525,13554,1.42299213,"Compras no site",7,93.21055691,652.47389835,2026-01-23,Contínuo,48.1388445,130,5.01902999,0.95912646,2026-01-01,2026-05-25
"[RMKT LARANJA MORO-REATIVAÇÃO BASE QUENTE]","[C] [LM - RMKT] [ADV. ABO]","AD - NIVER 4",prospecting,not_delivering,8611,13727,1.5941238,"Compras no site",11,59.17545455,650.93,2025-10-13,Contínuo,47.41968383,197,3.3042132,1.43512785,2026-01-01,2026-05-25
"[PUBLICO ENG.] [DR]","[C] [TONS] [PB DR]","ADS 3 - 18-02",existing,archived,8362,22624,2.70557283,"Compras no site",9,72.11397085,649.02573762,2025-06-20,Contínuo,28.6874884,200,3.24512869,0.88401697,2026-01-01,2026-05-25
[EVELIN],"[C] [LM - PRINCIPAL][EX. BASE] [ADV. +] [CBO]","AD - EVELYN",existing,inactive,17830,45763,2.56662928,"Compras no site",14,46.32052555,648.48735777,2026-03-31,Contínuo,14.17056045,333,1.94740948,0.72766209,2026-01-01,2026-05-25
"[EXCLUSÃO BASE] [ADV. +]","[C] [LM - PRINCIPAL][EX. BASE] [ADV. +] [CBO]","AD - ANA MOFU",prospecting,inactive,19363,25832,1.33409079,"Compras no site",6,107.8990573,647.3943438,2026-03-17,Contínuo,25.06171972,350,1.84969813,1.35490864,2026-01-01,2026-05-25
[RMK],"[C] [JEJOOM] [CBO]","AD - RMKT",prospecting,active,41171,88992,2.16152146,"Compras no site",8,80.200469,641.60375201,2026-04-17,Contínuo,7.20967898,272,2.35883732,0.30564545,2026-01-01,2026-05-25
"Evelyn Regly BM - LM","[C] [LM - TESTE] [ABO]","Teste - ADS 2",engaged,not_delivering,12410,34022,2.74149879,"Compras no site",11,58.13216703,639.45383732,2026-02-04,Contínuo,18.79530414,325,1.96755027,0.95526424,2026-01-01,2026-05-25
"[PUBLICO ABERTO]","[C] [LM - PRINCIPAL] [PLANO B] 1 TESTE","ADS - EVELYN",engaged,inactive,13424,23797,1.7727205,"Compras no site",5,127.18,635.9,2025-12-10,Contínuo,26.7218557,493,1.28985801,2.07168971,2026-01-01,2026-05-25
"[TOFU] [TIK TOK] [EXCLUSAÕ BASE] [BID 60] - TESTE ATÉ 20-05","[C] [LM - TESTE] [ABO]","AD - ALESSANDRA",existing,inactive,16478,75367,4.57379536,"Compras no site",11,57.69999313,634.69992444,2026-03-12,Contínuo,8.42145666,949,0.66880919,1.25917179,2026-01-01,2026-05-25
"[PUBLICO ENG.] [DR]","[C] [TONS] [PB ABERTO] [TESTE BID CAP]","AD - TOFU 2",prospecting,not_delivering,26745,38382,1.43510937,"Compras no site",8,79.08205883,632.65647061,2026-03-16,Contínuo,16.4831554,1526,0.41458484,3.975822,2026-01-01,2026-05-25
"[PUBLICO ABERTO]","[C] [LM - PRINCIPAL] [PLANO B] 1 TESTE","ADS - KAMILI  29/12 — Cópia",existing,inactive,12575,36511,2.90345924,"Compras no site",15,42.0649466,630.97419906,2025-12-10,Contínuo,17.28175616,579,1.08976546,1.58582345,2026-01-01,2026-05-25
"[PUBLICO ENG.] [DR]","[C] [TONS] [PB DR]","AD - SHOOTING TOFU 2",engaged,inactive,10561,17966,1.70116466,"Compras no site",4,157.23773661,628.95094644,2025-06-20,Contínuo,35.00784518,394,1.5963222,2.19303128,2026-01-01,2026-05-25
"Conj - Vm","[C] [LM - TESTE] [ABO]","AD - NIVER — Cópia",prospecting,inactive,31180,48358,1.55093008,"Compras no site",7,89.7346895,628.14282647,2026-01-30,Contínuo,12.98942939,260,2.41593395,0.53765664,2026-01-01,2026-05-25
"Evelyn Regly BM - LM","[C] [LM - TESTE] [ABO]","ADS 5",existing,not_delivering,11248,20846,1.85330725,"Compras no site",6,104.60708064,627.64248385,2026-02-04,Contínuo,30.10853324,215,2.91926737,1.03137293,2026-01-01,2026-05-25
"[RMKT LARANJA MORO-REATIVAÇÃO BASE QUENTE]","[C] [LM - RMKT] [ADV. ABO]","AD - JADE TOFU",engaged,inactive,11609,16643,1.43362908,"Compras no site",6,104.38947833,626.33686998,2025-10-13,Contínuo,37.63365198,324,1.93313849,1.94676441,2026-01-01,2026-05-25
"[CAMPANHA AQUISIÇÃO]","[C] [JEJOOM] [CBO]","AD - RMKT",existing,inactive,9937,30905,3.11009359,"Compras no site",10,62.62938097,626.29380967,2025-10-13,Contínuo,20.26512893,202,3.1004644,0.65361592,2026-01-01,2026-05-25
"[BM JADE]","[C] [LM - TESTE] [ABO]","AD - JADE TOFU",prospecting,inactive,35234,57711,1.63793495,"Compras no site",10,62.62175902,626.21759021,2026-04-17,Contínuo,10.85092253,307,2.03979671,0.53196098,2026-01-01,2026-05-25
"[BM] [ANA ELISA]","[C] [LM - TESTE] [ABO]","ADS 1",prospecting,inactive,14144,39728,2.80882353,"Compras no site",6,104.31267109,625.87602654,2025-10-01,Contínuo,15.75402805,287,2.18075271,0.7224124,2026-01-01,2026-05-25
"[PUBLICO LARISSA]","[C] [JEJOOM] [CBO]","ADS - LARISSA 07/01",engaged,archived,10777,23035,2.13742229,"Compras no site",8,78.23150865,625.85206918,2025-10-13,Contínuo,27.16961446,401,1.56072835,1.74082917,2026-01-01,2026-05-25
"[CAMPANHA AQUISIÇÃO]","[C] [JEJOOM] [CBO]","ADS - MORGANA 1 24-12 — Cópia",prospecting,inactive,17239,25219,1.46290388,"Compras no site",16,39.0521822,624.83491524,2025-10-13,Contínuo,24.77635573,269,2.32280638,1.06665609,2026-01-01,2026-05-25
"[RMKT LARANJA MORO-REATIVAÇÃO BASE QUENTE]","[C] [LM - RMKT] [ADV. ABO]","AD - RMKT — Cópia",existing,inactive,11536,15831,1.37231276,"Compras no site",9,69.13777778,622.24,2025-10-13,Contínuo,39.30516076,250,2.48896,1.57918009,2026-01-01,2026-05-25
"Influ Larissa Lemos - Lm","[C] [LM - TESTE] [ABO]","[ADS] - [LARISSA] [TOPO] [27-02] — Cópia",prospecting,archived,19686,34554,1.75525754,"Compras no site",9,69.12821768,622.15395914,2025-10-13,Contínuo,18.00526594,373,1.66797308,1.07946982,2026-01-01,2026-05-25
"[PUBLICO ENG.] [DR]","[C] [TONS] [PB DR]","AD - SHOOTING TOFU",existing,inactive,7256,11624,1.60198456,"Compras no site",7,88.70444452,620.93111163,2025-06-20,Contínuo,53.41802406,168,3.69601852,1.44528562,2026-01-01,2026-05-25
"[RMKT LARANJA MORO-REATIVAÇÃO BASE QUENTE]","[C] [LM - RMKT] [ADV. ABO]","AD - EVELYN NIVER 2 — Cópia",existing,not_delivering,14182,21058,1.48483994,"Compras no site",7,88.65393554,620.57754876,2025-10-13,Contínuo,29.46991874,282,2.20062961,1.33915851,2026-01-01,2026-05-25
"[TOFU] [TIK TOK] [EXCLUSAÕ BASE] [BID 60] - TESTE ATÉ 20-05","[C] [LM - TESTE] [ABO]","AD - FERNANDA",engaged,inactive,17311,57465,3.31956559,"Compras no site",11,55.81395928,613.95355206,2026-03-12,Contínuo,10.68395636,1632,0.37619703,2.83998956,2026-01-01,2026-05-25
"[PUBLICO ABERTO] — Cópia","[C] [LM - PRINCIPAL] [PLANO B] 1 TESTE","ADS - SABRINA 1",prospecting,archived,55324,55882,1.01008604,"Compras no site",1,609.74832726,609.74832726,2026-01-08,Contínuo,10.91135477,362,1.68438764,0.64779357,2026-01-01,2026-05-25
adv-engajado-laranja-mouro-sudeste-sul-centro,"[C][LM - COST CAP WINNERS] [ [CBO]","Criativo Ana Elisa 1 - 12-11-2025 — Cópia",existing,not_delivering,9969,28425,2.85133915,"Compras no site",15,40.57343656,608.60154844,2025-08-27,Contínuo,21.41078447,302,2.01523692,1.06244503,2026-01-01,2026-05-25
"[RMKT LARANJA MORO-REATIVAÇÃO BASE QUENTE]","[C] [LM - RMKT] [ADV. ABO]","AD - LUCIANA MOFU — Cópia",prospecting,inactive,11611,13297,1.14520713,"Compras no site",8,76.05875,608.47,2025-10-13,Contínuo,45.75994585,182,3.34324176,1.36872979,2026-01-01,2026-05-25
"[AQUISIÇÃO]  [ADV. +]","[C] [LM - PRINCIPAL][EX. BASE] [ADV. +] [CBO]","AD - MOFU teste ate 08-05 — Cópia — Cópia",engaged,inactive,17204,23817,1.38438735,"Compras no site",8,75.74121862,605.92974894,2026-01-23,Contínuo,25.44106096,370,1.63764797,1.5535122,2026-01-01,2026-05-25
"[PUBLICO ENG.] [DR]","[C] [TONS] - TESTE MAX. VALOR ATÉ 11-03","ADS 1 - 18-02",existing,not_delivering,7068,18807,2.66086587,"Compras no site",5,121.13660581,605.68302903,2026-03-04,Contínuo,32.2051911,230,2.63340447,1.2229489,2026-01-01,2026-05-25
"[CAMPANHA AQUISIÇÃO]","[C] [JEJOOM] [CBO]","ADS - LARI 6",existing,inactive,8455,25762,3.04695446,"Compras no site",9,67.0488916,603.44002441,2025-10-13,Contínuo,23.42364818,274,2.20233586,1.06358202,2026-01-01,2026-05-25
"Influ Raiza 2","[C] [LM - TESTE] [ABO]","ADS 1",prospecting,not_delivering,17702,23876,1.34877415,"Compras no site",6,100.31166667,601.87,2026-01-29,Contínuo,25.20815882,137,4.39321168,0.57379796,2026-01-01,2026-05-25
[RMK],"[C] [JEJOOM] [CBO]","AD - RMKT PERFIL LARI + DENA",prospecting,active,36725,80045,2.17957794,"Compras no site",6,99.95887868,599.75327208,2026-04-17,Contínuo,7.49270126,392,1.52998284,0.48972453,2026-01-01,2026-05-25
[EVELIN],"[C] [LM - PRINCIPAL][EX. BASE] [ADV. +] [CBO]","AD- MOFU",engaged,inactive,18452,33711,1.82695643,"Compras no site",5,119.1321869,595.66093452,2026-03-31,Contínuo,17.66963112,602,0.98946999,1.78576726,2026-01-01,2026-05-25
"[DAI - DUDA - ANA]","[C] [LM - TESTE] [ABO]","AD 2 DUDA",prospecting,active,46461,55740,1.19971589,"Compras no site",6,99.22897203,595.37383216,2026-05-21,Contínuo,10.68126717,280,2.12633511,0.50233226,2026-01-01,2026-05-25
"[PUBLICO ENG.] [DR]","[C] [TONS] [PB DR]","tons 3 - 25-11 — Cópia",engaged,active,10043,12740,1.26854526,"Compras no site",8,74.3270346,594.61627684,2025-06-20,Contínuo,46.67317715,385,1.54445786,3.02197802,2026-01-01,2026-05-25
"[TOFU] [TIK TOK] [EXCLUSAÕ BASE] [BID 60] - TESTE ATÉ 20-05","[C] [LM - TESTE] [ABO]","AD - MOFU teste ate 08-05",prospecting,inactive,47887,64244,1.34157496,"Compras no site",5,118.82062454,594.10312269,2026-03-12,Contínuo,9.2476048,334,1.77875186,0.51989291,2026-01-01,2026-05-25
"[CAMPANHA AQUISIÇÃO]","[C] [JEJOOM] [CBO]","AD - INGRID 1",engaged,inactive,11774,18957,1.61007304,"Compras no site",12,49.48583229,593.82998749,2025-10-13,Contínuo,31.32510352,366,1.6224863,1.93068524,2026-01-01,2026-05-25
"[TOFU] [TIK TOK] [EXCLUSAÕ BASE] [BID 60] - TESTE ATÉ 20-05","[C] [LM - TESTE] [ABO]","AD - ALESSANDRA",prospecting,inactive,41235,87304,2.11723051,"Compras no site",5,118.74411499,593.72057497,2026-03-12,Contínuo,6.80061137,476,1.24731213,0.5452213,2026-01-01,2026-05-25
"[PUBLICO ENG.] [DR]","[C] [TONS] [PB DR]","tons_dr-ursinho-bruna2-06-11-2025 — Cópia",existing,inactive,9795,12413,1.26727922,"Compras no site",4,148.19219193,592.76876773,2025-06-20,Contínuo,47.75386834,243,2.43937764,1.95762507,2026-01-01,2026-05-25
"Influ Raiza","[C] [LM - TESTE] [ABO]","ADS 1",prospecting,archived,16661,25519,1.53166076,"Compras no site",6,98.64609188,591.8765513,2025-10-22,Contínuo,23.19356367,173,3.42125174,0.67792625,2026-01-01,2026-05-25
rmkt_tons_estáticos_visitantes-engajado-compradores_max-conv_cpa35_02-09-2025_7,"[C] [TONS] [PB DR]","AD2 - VERAO",existing,inactive,8516,21345,2.50645843,"Compras no site",11,53.55603676,589.1164044,2025-09-02,Contínuo,27.59973785,208,2.83229041,0.97446709,2026-01-01,2026-05-25
[RMK],"[C] [JEJOOM] [CBO]","AD - MORGANA TOFU",engaged,active,13107,53679,4.09544518,"Compras no site",9,65.44396027,588.99564247,2026-04-17,Contínuo,10.97255244,1197,0.49205985,2.22992232,2026-01-01,2026-05-25
"[VINAGRE] [RMKT]","[C] [VARIOS PRODUTO] [ABO] [BID]","AD - ORG 2 TOFU/MOFU",prospecting,inactive,15525,20623,1.32837359,"Compras no site",7,84.13929347,588.97505432,2026-01-20,Contínuo,28.55913564,266,2.21419193,1.28982204,2026-01-01,2026-05-25
"[BOFU] [ADV+ ABERTO] [ESTATICO]","[C] [LM - TESTE] [ABO]","ADS - MES CONSUMIDOR — Cópia",existing,inactive,15582,37956,2.43588756,"Compras no site",17,34.55614511,587.4544669,2026-02-25,Contínuo,15.4772491,250,2.34981787,0.65865739,2026-01-01,2026-05-25
"Influ Kamili","[C] [LM - TESTE] [ABO]","ADS - KAMILI 29/12",engaged,archived,16969,41695,2.4571277,"Compras no site",13,44.98596562,584.81755308,2025-12-29,Contínuo,14.02608354,299,1.95591155,0.71711236,2026-01-01,2026-05-25
"TONS TESTE","[C] [TONS] [PB DR]","AD - TOFU 3",existing,not_delivering,6234,9168,1.47064485,"Compras no site",12,48.62580086,583.50961032,2026-04-06,Contínuo,63.6463362,193,3.02336586,2.10514834,2026-01-01,2026-05-25
"[Publico Quente] [TESTE]","[C] [DIGESTINO] [PRINCIPAL]","AD3 - 07/01",existing,not_delivering,7019,16551,2.35802821,"Compras no site",8,72.905,583.24,2025-12-24,Contínuo,35.23895837,284,2.05366197,1.7159084,2026-01-01,2026-05-25
"[VINAGRE] [RMKT]","[C] [VARIOS PRODUTO] [ABO] [BID]","AD12 - PAULA",existing,inactive,8059,13202,1.63816851,"Compras no site",11,53.02028978,583.22318761,2026-01-20,Contínuo,44.17688135,277,2.10549887,2.09816694,2026-01-01,2026-05-25
"[PUBLICO ENG.] [DR]","[C] [TONS] [PB DR]","TESTE CRIATIVOS COMENTARIOS",existing,inactive,10864,15306,1.40887334,"Compras no site",7,83.21760077,582.52320537,2025-06-20,Contínuo,38.05848722,380,1.5329558,2.48268653,2026-01-01,2026-05-25
"Influ Sabrina - Vm [Teste até 13-03]","[C] [LM - TESTE] [ABO]",ADS4,existing,archived,7505,14609,1.94656895,"Compras no site",9,64.67481893,582.07337041,2026-02-05,Contínuo,39.84347802,238,2.44568643,1.62913273,2026-01-01,2026-05-25
"[AQUISIÇÃO]  [ADV. +]","[C] [LM - PRINCIPAL][EX. BASE] [ADV. +] [CBO]","ADS - SABRINA",engaged,inactive,9861,13658,1.38505223,"Compras no site",5,115.62256655,578.11283276,2026-01-23,Contínuo,42.32778099,287,2.01433043,2.10133255,2026-01-01,2026-05-25
"[ADV ABER.]","[C] [LM - PRINCIPAL] - [PLANO B] 2 TESTE","AD - LUCIANA MOFU 2 — Cópia — Cópia — Cópia",prospecting,not_delivering,27801,31114,1.11916838,"Compras no site",11,52.52332106,577.75653161,2026-02-25,Contínuo,18.56902139,318,1.81684444,1.02204795,2026-01-01,2026-05-25
[MOFU],"[C] [LM - PRINCIPAL] - [PLANO B] 2 TESTE","AD - MOFU",existing,not_delivering,19009,48289,2.540323,"Compras no site",7,82.3901249,576.73087429,2026-03-31,Contínuo,11.94331782,1023,0.5637643,2.1184949,2026-01-01,2026-05-25
"teste aquisição ate dia 15  - Lm","[C] [LM - TESTE] [ABO]","AD - ISA MOFU",engaged,inactive,15010,27398,1.82531646,"Compras no site",7,82.3631209,576.54184628,2026-02-04,Contínuo,21.04320922,241,2.39228982,0.87962625,2026-01-01,2026-05-25
"[RMKT LARANJA MORO-REATIVAÇÃO BASE QUENTE]","[C] [LM - RMKT] [ADV. ABO]","ADS - ISA NOGUEIRA",existing,inactive,9536,16468,1.72692953,"Compras no site",10,57.64643721,576.46437209,2025-10-13,Contínuo,35.0051234,293,1.96745519,1.77920816,2026-01-01,2026-05-25
"[AQUISIÇÃO]  [ADV. +]","[C] [LM - PRINCIPAL][EX. BASE] [ADV. +] [CBO]","AD - JADE TOFU — Cópia — Cópia",prospecting,inactive,26377,29614,1.12272055,"Compras no site",4,143.21697756,572.86791025,2026-01-23,Contínuo,19.34449619,220,2.60394505,0.74289188,2026-01-01,2026-05-25
"Influ Larissa Lemos - Lm","[C] [LM - TESTE] [ABO]","Video 3 Larissa Lemos - 29/12",engaged,archived,7860,23399,2.97697201,"Compras no site",11,51.96577023,571.62347257,2025-10-13,Contínuo,24.42939752,202,2.82981917,0.86328476,2026-01-01,2026-05-25
"[PUBLICO ENG.]","[C] [VM] [CAPTAÇÃO LEAD] [LANÇAMENTO]",AD3,unknown,not_delivering,64281,68674,1.06834057,"Leads no site",45,12.66977778,570.14,2026-01-14,Contínuo,8.30212307,659,0.86515933,0.95960626,2026-01-01,2026-05-25
"[Publico Quente] [TESTE]","[C] [DIGESTINO] [PRINCIPAL]","AD1 - 07/01",existing,inactive,7050,19977,2.83361702,"Compras no site",10,56.9336696,569.33669604,2025-12-24,Contínuo,28.49960935,232,2.45403748,1.16133554,2026-01-01,2026-05-25
"Evelyn Regly BM - LM","[C] [LM - TESTE] [ABO]","AD - EVELYN TOFU",engaged,inactive,17644,22184,1.25731127,"Compras no site",11,51.63427194,567.97699136,2026-02-04,Contínuo,25.60300177,392,1.4489209,1.76703931,2026-01-01,2026-05-25
"[AQUISIÇÃO]  [ADV. +]","[C] [LM - PRINCIPAL][EX. BASE] [ADV. +] [CBO]","[ADS] - [TOPO 2] [27-02]",existing,inactive,10640,17651,1.65892857,"Compras no site",8,70.79096177,566.32769415,2026-01-23,Contínuo,32.08473708,191,2.96506646,1.08209167,2026-01-01,2026-05-25
"[PUBLICO ENG.] [DR]","[C] [TONS] [PB DR]","ADS 3 - 18-02",engaged,archived,8905,18745,2.10499719,"Compras no site",12,47.03541581,564.42498972,2025-06-20,Contínuo,30.11069564,242,2.33233467,1.29101094,2026-01-01,2026-05-25
"[RMKT LARANJA MORO-REATIVAÇÃO BASE QUENTE]","[C] [LM - RMKT] [ADV. ABO]","AD - EVELYN NIVER — Cópia",prospecting,not_delivering,18373,21479,1.16905241,"Compras no site",9,62.54741674,562.92675067,2025-10-13,Contínuo,26.20823831,172,3.27282995,0.80078216,2026-01-01,2026-05-25
"TONS TESTE","[C] [TONS] [PB DR]","AD- NIVER",engaged,inactive,8175,16922,2.06996942,"Compras no site",6,93.54731965,561.28391788,2026-04-06,Contínuo,33.16888771,578,0.97107944,3.41567191,2026-01-01,2026-05-25
"[VINAGRE] [RMKT]","[C] [VARIOS PRODUTO] [ABO] [BID]","AD11 - EVELYN",existing,inactive,11083,34972,3.15546332,"Compras no site",15,37.33481016,560.02215245,2026-01-20,Contínuo,16.01344368,471,1.18900669,1.34679172,2026-01-01,2026-05-25
"ESTUDOS CLINICOS","[C] [LM - PRINCIPAL][EX. BASE] [ADV. +] [CBO]",AD1,existing,archived,11338,18362,1.61950961,"Compras no site",4,139.29,557.16,2026-03-20,Contínuo,30.34309988,234,2.38102564,1.27437098,2026-01-01,2026-05-25
"Influ Larissa L 3","[C] [LM - TESTE] [ABO]","ADS - LARISSA — Cópia",prospecting,archived,15892,22728,1.43015354,"Compras no site",8,69.62789993,557.02319945,2026-01-09,Contínuo,24.50823651,267,2.08622921,1.17476241,2026-01-01,2026-05-25
"[PUBLICO ENG.] [DR]","[C] [TONS] - TESTE MAX. VALOR ATÉ 11-03","ADS 1 - 18-02",engaged,not_delivering,7216,16049,2.22408537,"Compras no site",13,42.74079227,555.63029956,2026-03-04,Contínuo,34.62086732,228,2.436975,1.42064926,2026-01-01,2026-05-25
"[BM JADE]","[C] [LM - TESTE] [ABO]","AD - LUCIANA MOFU",existing,inactive,16536,28935,1.74981858,"Compras no site",10,55.4774061,554.77406096,2026-04-17,Contínuo,19.17311425,287,1.93301067,0.99187835,2026-01-01,2026-05-25
"Carrossel - Lm","[C] [LM - TESTE] [ABO]","ADS1 - 18-02 — Cópia",prospecting,inactive,16364,27725,1.69426791,"Compras no site",7,79.21250033,554.48750229,2026-02-20,Contínuo,19.99954923,243,2.28184157,0.87646528,2026-01-01,2026-05-25
"[AQUISIÇÃO]  [ADV. +]","[C] [LM - PRINCIPAL][EX. BASE] [ADV. +] [CBO]","ADS - AINA",prospecting,inactive,26064,33588,1.28867403,"Compras no site",3,184.62693511,553.88080532,2026-01-23,Contínuo,16.49043722,257,2.15517823,0.76515422,2026-01-01,2026-05-25
"[PUBLICO ENG.] [DR]","[C] [TONS] [PB DR]","tons 3 - 25-11 — Cópia",existing,active,7180,9091,1.26615599,"Compras no site",12,46.11585792,553.39029508,2025-06-20,Contínuo,60.87232374,237,2.33498015,2.60697393,2026-01-01,2026-05-25
"[BM JADE]","[C] [LM - TESTE] [ABO]","AD - LUCIANA MOFU",engaged,inactive,18787,29462,1.56821206,"Compras no site",17,32.5396268,553.17365559,2026-04-17,Contínuo,18.77583516,355,1.55823565,1.20494196,2026-01-01,2026-05-25
"Influ Ingrid - Lm","[C] [LM - TESTE] [ABO]","ADS 1",prospecting,not_delivering,32465,50845,1.56614816,"Compras no site",10,55.2968439,552.96843904,2026-02-25,Contínuo,10.87557162,232,2.38348465,0.45628872,2026-01-01,2026-05-25
"[AQUISIÇÃO]  [ADV. +]","[C] [LM - PRINCIPAL][EX. BASE] [ADV. +] [CBO]","AD - TOFU",prospecting,inactive,16227,22650,1.39582178,"Compras no site",6,91.79333333,550.76,2026-01-23,Contínuo,24.31611479,165,3.33793939,0.72847682,2026-01-01,2026-05-25
"[PUBLICO ENG.]","[C] [VM] [CAPTAÇÃO LEAD] [LANÇAMENTO]",AD1,unknown,not_delivering,44556,48626,1.09134572,"Leads no site",80,6.88425,550.74,2026-01-14,Contínuo,11.32603957,702,0.78452991,1.44367211,2026-01-01,2026-05-25
"Influ Ingrid - Lm","[C] [LM - TESTE] [ABO]","ADS 1",existing,not_delivering,17518,42718,2.43852038,"Compras no site",7,78.57547729,550.028341,2026-02-25,Contínuo,12.87579805,716,0.76819601,1.67610843,2026-01-01,2026-05-25
"teste publico novo - bid","[C] [LM - TESTE] [ABO]","ADS 4",existing,not_delivering,12093,18634,1.54089142,"Compras no site",18,30.4868089,548.76256025,2026-02-19,Contínuo,29.44953098,227,2.41745621,1.21820328,2026-01-01,2026-05-25
"Evelyn Regly - LM","[C] [LM - TESTE] [ABO]","ADS 2",existing,not_delivering,8258,27175,3.29074837,"Compras no site",10,54.739,547.39,2026-02-01,Contínuo,20.14314627,427,1.28194379,1.57129715,2026-01-01,2026-05-25
"[AQUISIÇÃO]  [ADV. +]","[C] [LM - PRINCIPAL][EX. BASE] [ADV. +] [CBO]","ADS - SABRINA TOPO",prospecting,inactive,17256,25065,1.45253825,,,,545.34,2026-01-23,Contínuo,21.75703172,173,3.15225434,0.69020547,2026-01-01,2026-05-25
"TESTE RACHEL ATE 21-03","[C] [LM - PRINCIPAL][EX. BASE] [ADV. +] [CBO]",AD3,existing,archived,13797,34376,2.49155614,"Compras no site",8,68.04625,544.37,2026-03-17,Contínuo,15.83575751,563,0.96690941,1.63777054,2026-01-01,2026-05-25
"Evelyn Regly BM - LM","[C] [LM - TESTE] [ABO]","AD - EVELYN TOFU",existing,inactive,14818,17969,1.21264678,"Compras no site",6,90.00326676,540.01960059,2026-02-04,Contínuo,30.0528466,258,2.09309923,1.43580611,2026-01-01,2026-05-25
"LP - TOPO LM","[C] [LM - PRINCIPAL][EX. BASE] [ADV. +] [CBO]","ADS - RAIZA 3",prospecting,archived,15115,24136,1.59682435,"Compras no site",12,44.93921848,539.27062174,2026-02-06,Contínuo,22.34299891,202,2.66965654,0.8369241,2026-01-01,2026-05-25
[EVELIN],"[C] [LM - PRINCIPAL][EX. BASE] [ADV. +] [CBO]","AD - EVELYN",engaged,inactive,14692,32756,2.22951266,"Compras no site",10,53.89461149,538.94611491,2026-03-31,Contínuo,16.45335557,290,1.85843488,0.88533398,2026-01-01,2026-05-25
"[PUBLICO ENG.] [DR]","[C] [TONS] [PB ABERTO] [TESTE BID CAP]","AD - TOFU 1",engaged,not_delivering,8295,16228,1.95635925,"Compras no site",3,178.78731381,536.36194144,2026-03-16,Contínuo,33.05163553,521,1.02948549,3.21050037,2026-01-01,2026-05-25
rmkt_tons_estáticos_visitantes-engajado-compradores_max-conv_cpa35_02-09-2025_7,"[C] [TONS] [PB DR]","AD2 - VERAO",engaged,inactive,10884,23118,2.12403528,"Compras no site",10,53.40539365,534.05393648,2025-09-02,Contínuo,23.10121708,237,2.25339214,1.02517519,2026-01-01,2026-05-25
"[AQUISIÇÃO]  [ADV. +]","[C] [LM - PRINCIPAL][EX. BASE] [ADV. +] [CBO]","AD - LARI MOFU — Cópia",prospecting,inactive,22078,25890,1.17266057,"Compras no site",7,76.26891378,533.88239647,2026-01-23,Contínuo,20.62118179,420,1.27114856,1.62224797,2026-01-01,2026-05-25
"ESTUDOS CLINICOS","[C] [LM - PRINCIPAL][EX. BASE] [ADV. +] [CBO]",AD2,engaged,archived,22137,46013,2.07855626,"Compras no site",7,76.15939188,533.11574314,2026-03-20,Contínuo,11.58619832,372,1.43310684,0.80846717,2026-01-01,2026-05-25
EVELIN,"[C] [LM - TESTE] [ABO]","AD - EVELYN TOFU",engaged,inactive,13002,16172,1.24380864,"Compras no site",6,88.83771595,533.02629568,2026-05-18,Contínuo,32.95982536,264,2.019039,1.63245115,2026-01-01,2026-05-25
"[BM] [ANA ELISA]","[C] [LM - TESTE] [ABO]","AD - RMK NIVER 2",prospecting,inactive,17900,33367,1.86407821,"Compras no site",3,177.65096602,532.95289806,2025-10-01,Contínuo,15.97245476,220,2.42251317,0.65933407,2026-01-01,2026-05-25
"[PUBLICO MORNO]","[C] [VM] [CAPTAÇÃO LEAD] [LANÇAMENTO]",AD2,unknown,not_delivering,32435,38787,1.19583783,"Leads no site",287,1.8569338,532.94,2026-01-14,Contínuo,13.74017068,1098,0.48537341,2.83084539,2026-01-01,2026-05-25
"[Publico Quente] [TESTE]","[C] [DIGESTINO] [PRINCIPAL]","Lis 3",existing,not_delivering,4165,9769,2.3454982,"Compras no site",9,59.12790474,532.15114263,2025-12-24,Contínuo,54.47345098,204,2.60858403,2.0882383,2026-01-01,2026-05-25
"[AQUISIÇÃO]  [ADV. +]","[C] [LM - PRINCIPAL][EX. BASE] [ADV. +] [CBO]","ADS - ORGANICO LM 2",engaged,inactive,12203,19545,1.60165533,"Compras no site",3,177.18,531.54,2026-01-23,Contínuo,27.19570223,161,3.30149068,0.82374009,2026-01-01,2026-05-25
"[BM] [ANA ELISA]","[C] [LM - TESTE] [ABO]","AD - RMK NIVER 4",existing,inactive,13739,40726,2.96426232,"Compras no site",12,44.17496819,530.09961832,2025-10-01,Contínuo,13.0162456,207,2.56086772,0.50827481,2026-01-01,2026-05-25
"[BM] [MARCELA/PRI]","[C] [LM - TESTE] [ABO]","AD - MARCELA TOFU",prospecting,not_delivering,23523,36421,1.54831442,"Compras no site",5,105.812,529.06,2026-05-07,Contínuo,14.52623486,1007,0.52538232,2.76488839,2026-01-01,2026-05-25
"[RMKT LARANJA MORO-REATIVAÇÃO BASE QUENTE]","[C] [LM - RMKT] [ADV. ABO]","AD - MOFU ANA ELISA — Cópia — Cópia",existing,inactive,5310,7751,1.45969868,"Compras no site",8,65.98375,527.87,2025-10-13,Contínuo,68.10347052,255,2.07007843,3.28989808,2026-01-01,2026-05-25
"[TESTE PB FECHADO]","[C] [LM - TESTE] [ABO]","AD - EVELYN TOFU",existing,active,10145,11922,1.17516018,"Compras no site",4,131.84912987,527.39651948,2026-05-22,Contínuo,44.2372521,195,2.70459754,1.63563161,2026-01-01,2026-05-25
rmkt_tons_estáticos_visitantes-engajado-compradores_max-conv_cpa35_02-09-2025_7,"[C] [TONS] [PB DR]",tons2_rmkt_20-10-2025-pagdenavita,engaged,not_delivering,7602,21881,2.87832149,"Compras no site",10,52.64162286,526.4162286,2025-09-02,Contínuo,24.05814307,219,2.40372707,1.00086833,2026-01-01,2026-05-25
"[PUBLICO ABERTO] — Cópia","[C] [LM - PRINCIPAL] [PLANO B] 1 TESTE","ADS - SABRINA 2",prospecting,archived,38769,39610,1.02169259,,,,526.28,2026-01-08,Contínuo,13.2865438,322,1.63440994,0.81292603,2026-01-01,2026-05-25
"teste aquisição ate dia 15  - Lm","[C] [LM - TESTE] [ABO]","AD - MOFU",prospecting,inactive,30726,54202,1.76404348,"Compras no site",5,104.35747314,521.78736571,2026-02-04,Contínuo,9.62671794,200,2.60893683,0.36899007,2026-01-01,2026-05-25
"Influ Sabrina - Vm [Teste até 13-03]","[C] [LM - TESTE] [ABO]",ADS78,engaged,archived,4505,7418,1.64661487,"Compras no site",4,130.04327992,520.17311969,2026-02-05,Contínuo,70.12309513,185,2.81174659,2.49393367,2026-01-01,2026-05-25
"[PUBLICO ABERTO]","[C] [TONS] [PB ABERTO] [TESTE BID CAP]","ADS 3 - MES DO CLIENTE — Cópia | Pausado ROAS baixo",prospecting,archived,44590,65041,1.45864544,"Compras no site",1,520.01,520.01,2026-03-16,Contínuo,7.99511078,178,2.92140449,0.27367353,2026-01-01,2026-05-25
adv-aqui-rmtk_coezima-q10_engajado-existente_5-existentes_max-conv_26-05-2025,"[C] [COQ.10][PRINCIPAL]","AD1 - 07/01",existing,not_delivering,5550,11451,2.06324324,"Compras no site",12,43.33120775,519.974493,2025-01-20,Contínuo,45.40865365,236,2.20328175,2.06095538,2026-01-01,2026-05-25
"[MOFU] [TIK TOK] - TESTE ATÉ 20-05","[C] [LM - TESTE] [ABO]","AD -1",engaged,not_delivering,7486,13602,1.81699172,"Compras no site",5,103.92935442,519.6467721,2026-05-17,Contínuo,38.20370329,513,1.01295667,3.77150419,2026-01-01,2026-05-25
"[HIBRIDO] [ESTATICO ORG.] [BID 60]","[C] [LM - TESTE] [ABO]","AD - BOFU — Cópia",existing,inactive,20596,45749,2.22125655,"Compras no site",10,51.93227985,519.32279845,2026-03-20,Contínuo,11.35156612,123,4.22213657,0.26885834,2026-01-01,2026-05-25
"[PUBLICO ENG.] [DR]","[C] [TONS] [PB DR]","AD - TOFU",engaged,inactive,4251,8509,2.00164667,"Compras no site",11,47.03272727,517.36,2025-06-20,Contínuo,60.80150429,194,2.66680412,2.27993889,2026-01-01,2026-05-25
"[CAMPANHA AQUISIÇÃO]","[C] [JEJOOM] [CBO]","AD - MORGANA TOFU",prospecting,active,31947,56708,1.77506495,"Compras no site",6,85.92503179,515.55019076,2025-10-13,Contínuo,9.09131323,368,1.40095161,0.64893842,2026-01-01,2026-05-25
"[RMKT LARANJA MORO-REATIVAÇÃO BASE QUENTE]","[C] [LM - RMKT] [ADV. ABO]","ADS2- EVELYN",existing,inactive,7074,17541,2.47964377,"Compras no site",9,57.26654879,515.39893908,2025-10-13,Contínuo,29.38252888,362,1.42375398,2.06373639,2026-01-01,2026-05-25
"Conj - Vm","[C] [LM - TESTE] [ABO]","AD - NURR 2",engaged,inactive,4946,9193,1.85867368,"Compras no site",12,42.89263333,514.71159991,2026-01-30,Contínuo,55.98951375,243,2.11815473,2.64331557,2026-01-01,2026-05-25
"Arte - Organica Tons ###","[C] [LM - TESTE] [ABO]",AD2,prospecting,inactive,13846,25852,1.86710963,"Compras no site",5,102.734,513.67,2026-01-26,Contínuo,19.86964258,177,2.9020904,0.68466656,2026-01-01,2026-05-25
"Conj. - Tipo 2","[C] [LM - TESTE] [ABO]","AD - BOFU",existing,not_delivering,13526,36506,2.69895017,"Compras no site",9,56.69555556,510.26,2026-02-27,Contínuo,13.97742837,279,1.82888889,0.76425793,2026-01-01,2026-05-25
"Evelyn Regly BM - LM","[C] [LM - TESTE] [ABO]","ADS 3 - NOVO VM — Cópia",existing,not_delivering,11787,20368,1.72800543,"Compras no site",9,56.63329296,509.69963667,2026-02-04,Contínuo,25.02453047,213,2.39295604,1.04575805,2026-01-01,2026-05-25
"[AQUISIÇÃO]  [ADV. +]","[C] [LM - PRINCIPAL][EX. BASE] [ADV. +] [CBO]","ADS - SABRINA",existing,inactive,7599,10184,1.34017634,"Compras no site",9,56.63223671,509.69013038,2026-01-23,Contínuo,50.04812749,193,2.6408815,1.89512962,2026-01-01,2026-05-25
"[PUBLICO ABERTO] — Cópia","[C] [LM - PRINCIPAL] [PLANO B] 1 TESTE","Video-Rmkt-DaniWinits — Cópia",prospecting,archived,38519,40770,1.05843869,,,,508.68,2026-01-08,Contínuo,12.47682119,155,3.28180645,0.38018151,2026-01-01,2026-05-25
"Influ Dani - Vm","[C] [LM - TESTE] [ABO]",AD1,prospecting,not_delivering,26589,40585,1.52638309,"Compras no site",5,101.72354484,508.61772422,2026-02-25,Contínuo,12.53216026,221,2.30143767,0.54453616,2026-01-01,2026-05-25
"LP NOVA","[C] [TONS] [PB DR]","tons1_rmkt_20-10-2025 — Cópia",prospecting,inactive,14494,27844,1.92107079,"Compras no site",8,63.56619648,508.52957183,2026-02-09,Contínuo,18.26352434,183,2.77885012,0.65723316,2026-01-01,2026-05-25
"[BM JADE]","[C] [LM - TESTE] [ABO]","AD - JADE MOFU 2",engaged,inactive,12826,29183,2.27530017,"Compras no site",5,101.61898494,508.09492471,2026-04-17,Contínuo,17.41064746,424,1.19833709,1.45290066,2026-01-01,2026-05-25
rmkt_tons_estáticos_visitantes-engajado-compradores_max-conv_cpa35_02-09-2025_7,"[C] [TONS] [PB DR]",tons3_rmkt_20-10-2025,prospecting,not_delivering,15775,24649,1.56253566,"Compras no site",6,83.99004697,503.94028184,2025-09-02,Contínuo,20.44465422,291,1.73175355,1.18057528,2026-01-01,2026-05-25
"[PUBLICO ENG.] [DR]","[C] [TONS] - TESTE MAX. VALOR ATÉ 11-03","ADS - MEIO 13-02-2026",prospecting,not_delivering,10049,10766,1.07135038,"Compras no site",12,41.87083333,502.45,2026-03-04,Contínuo,46.67007245,331,1.51797583,3.07449378,2026-01-01,2026-05-25
"[PUBLICO ENG.] [DR]","[C] [TONS] [PB DR]",tons_sabrina_video-reels_23-09-2025,engaged,archived,9721,16009,1.64684703,"Compras no site",6,83.51062197,501.06373183,2025-06-20,Contínuo,31.29887762,330,1.51837494,2.0613405,2026-01-01,2026-05-25
"TESTE RACHEL ATE 21-03","[C] [LM - PRINCIPAL][EX. BASE] [ADV. +] [CBO]",AD2,existing,archived,11144,19355,1.73680905,"Compras no site",8,62.56505568,500.52044544,2026-03-17,Contínuo,25.86000751,180,2.78066914,0.92999225,2026-01-01,2026-05-25
"[TOFU] [TIK]","[C] [LM - TESTE] [ABO]","AD - MOFU ate 14-05 — Cópia",existing,active,11095,16570,1.49346553,"Compras no site",4,125.1145481,500.45819239,2026-05-23,Contínuo,30.20266701,381,1.31353856,2.29933615,2026-01-01,2026-05-25
[EVELIN],"[C] [LM - PRINCIPAL][EX. BASE] [ADV. +] [CBO]","AD - TOFU/MOFU",existing,inactive,19093,35641,1.86670508,"Compras no site",6,83.345,500.07,2026-03-31,Contínuo,14.0307511,371,1.34789757,1.040936,2026-01-01,2026-05-25
"Arte - Organica Tons ###","[C] [LM - TESTE] [ABO]",AD3,existing,inactive,8346,20611,2.46956626,"Compras no site",12,41.66484851,499.97818214,2026-01-26,Contínuo,24.25783233,187,2.67368012,0.90728252,2026-01-01,2026-05-25
"[PUBLICO ENG.] [DR]","[C] [TONS] - TESTE MAX. VALOR ATÉ 11-03","ADS - ASIATICA",prospecting,not_delivering,17725,19864,1.12067701,"Compras no site",3,166.34291778,499.02875335,2026-03-04,Contínuo,25.1222691,560,0.89112277,2.81917036,2026-01-01,2026-05-25
"[ANA ELISA]","[C] [LM - PRINCIPAL] - [PLANO B] 2 TESTE",ADS2,engaged,inactive,9038,16542,1.83027218,"Compras no site",10,49.87020123,498.70201231,2026-03-17,Contínuo,30.14762497,243,2.05227166,1.46898803,2026-01-01,2026-05-25
"[AQUISIÇÃO]  [ADV. +]","[C] [LM - PRINCIPAL][EX. BASE] [ADV. +] [CBO]","ADS - ANA ELISA",prospecting,inactive,21156,30929,1.46194933,"Compras no site",8,62.33625,498.69,2026-01-23,Contínuo,16.12370267,197,2.53142132,0.63694268,2026-01-01,2026-05-25
"[PERFIL NOVO]","[C] [LM - PRINCIPAL] - [PLANO B] 2 TESTE","AD - 1",prospecting,not_delivering,52218,67895,1.30022215,"Compras no site",7,71.23930722,498.67515052,2026-03-25,Contínuo,7.34479933,857,0.58188466,1.26224317,2026-01-01,2026-05-25
"Conj - Vm","[C] [LM - TESTE] [ABO]","AD - LIS TOFU",engaged,inactive,7157,12388,1.73089283,"Compras no site",7,71.23269009,498.62883061,2026-01-30,Contínuo,40.25095501,220,2.26649468,1.77591217,2026-01-01,2026-05-25
[MOFU],"[C] [LM - PRINCIPAL] - [PLANO B] 2 TESTE","AD - PAM MOFU — Cópia",existing,not_delivering,10029,26933,2.68551202,"Compras no site",7,71.21714286,498.52,2026-03-31,Contínuo,18.50963502,738,0.67550136,2.74013292,2026-01-01,2026-05-25
"[PUBLICO ENG.] [DR]","[C] [TONS] [PB ABERTO] [TESTE BID CAP]","AD - TOFU 2",existing,not_delivering,12940,30660,2.36939722,"Compras no site",7,71.18012106,498.26084744,2026-03-16,Contínuo,16.25116919,552,0.90264646,1.80039139,2026-01-01,2026-05-25
"[RMKT LARANJA MORO-REATIVAÇÃO BASE QUENTE]","[C] [LM - RMKT] [ADV. ABO]","ADSS - ORGANICO",prospecting,inactive,13652,20311,1.48776736,"Compras no site",6,82.3455173,494.07310381,2025-10-13,Contínuo,24.32539529,131,3.77155041,0.64497071,2026-01-01,2026-05-25
"ESTUDOS CLINICOS","[C] [LM - PRINCIPAL][EX. BASE] [ADV. +] [CBO]",AD1,prospecting,archived,14104,20348,1.44271129,"Compras no site",6,82.04666667,492.28,2026-03-20,Contínuo,24.19304109,178,2.76561798,0.87477885,2026-01-01,2026-05-25
"[RMKT LARANJA MORO-REATIVAÇÃO BASE QUENTE]","[C] [LM - RMKT] [ADV. ABO]","AD - RMK NIVER 3 — Cópia",existing,inactive,8429,13913,1.65061099,"Compras no site",15,32.73921992,491.08829873,2025-10-13,Contínuo,35.29708177,119,4.12679243,0.85531517,2026-01-01,2026-05-25
"[PUBLICO ENG.] [DR]","[C] [TONS] [PB DR]","ADS - DR 2",existing,inactive,7705,13829,1.79480857,"Compras no site",10,49.02016862,490.20168623,2025-06-20,Contínuo,35.44737047,235,2.08596462,1.6993275,2026-01-01,2026-05-25
"[VINAGRE] [RMKT]","[C] [VARIOS PRODUTO] [ABO] [BID]",AD8,engaged,inactive,14793,28954,1.95727709,"Compras no site",5,97.99051973,489.95259864,2026-01-20,Contínuo,16.9217586,322,1.52159192,1.11210886,2026-01-01,2026-05-25
adv-aqui-rmtk_coezima-q10_engajado-existente_5-existentes_max-conv_26-05-2025,"[C] [COQ.10][PRINCIPAL]","ADS2 - ORGANICO",engaged,not_delivering,9342,22938,2.45536288,"Compras no site",4,122.08551407,488.3420563,2025-01-20,Contínuo,21.28965282,239,2.0432722,1.04193914,2026-01-01,2026-05-25
"[CAMPANHA AQUISIÇÃO]","[C] [JEJOOM] [CBO]","AD3 - ORGANICO",prospecting,inactive,22070,38267,1.73389216,"Compras no site",6,80.92249048,485.5349429,2025-10-13,Contínuo,12.68808485,154,3.1528243,0.40243552,2026-01-01,2026-05-25
"[TOFU] [TIK TOK] [EXCLUSAÕ BASE] [BID 60] - TESTE ATÉ 20-05","[C] [LM - TESTE] [ABO]","AD - MOFU ate 14-05",prospecting,not_delivering,36705,53200,1.44939382,"Compras no site",7,69.3434883,485.4044181,2026-03-12,Contínuo,9.1241432,577,0.84125549,1.08458647,2026-01-01,2026-05-25
"teste aquisição ate dia 15  - Lm","[C] [LM - TESTE] [ABO]","AD - ISA MOFU",engaged,inactive,13813,27893,2.01932962,"Compras no site",7,69.27755078,484.94285544,2026-02-04,Contínuo,17.38582639,277,1.75069623,0.9930807,2026-01-01,2026-05-25
[RMK],"[C] [JEJOOM] [CBO]","AD - TOFU LARISSA",existing,active,7347,14132,1.92350619,"Compras no site",3,161.61402369,484.84207106,2026-04-17,Contínuo,34.30810013,300,1.61614024,2.12284178,2026-01-01,2026-05-25
"[TOFU] [TIK TOK] [EXCLUSAÕ BASE] [BID 60] - TESTE ATÉ 20-05","[C] [LM - TESTE] [ABO]",AD1,prospecting,inactive,37260,64590,1.73349436,"Compras no site",5,96.45981567,482.29907837,2026-03-12,Contínuo,7.4670859,195,2.47332861,0.30190432,2026-01-01,2026-05-25
"[COENZIMA] [RMKT]","[C] [VARIOS PRODUTO] [ABO] [BID]","AD - RMKT 4",prospecting,not_delivering,34522,43461,1.25893633,"Compras no site",1,481.24,481.24,2026-05-10,Contínuo,11.07291595,135,3.56474074,0.31062332,2026-01-01,2026-05-25
"[PUBLICO ABERTO]","[C] [TONS] [PB DR]",AD8,existing,inactive,7986,10442,1.30753819,"Compras no site",8,60.15112464,481.20899714,2025-12-10,Contínuo,46.08398747,261,1.84371263,2.49952116,2026-01-01,2026-05-25
"[PUBLICO ABERTO]","[C] [TONS] [PB DR]","tons_dr-ursinho_video-reels_10-07-2025_esse-foi-produto-que-a-mamae — Cópia",existing,not_delivering,7946,14133,1.77863076,"Compras no site",9,53.39426177,480.54835591,2025-12-10,Contínuo,34.00186485,295,1.62897748,2.08731338,2026-01-01,2026-05-25
"teste aquisição ate dia 15  - Lm","[C] [LM - TESTE] [ABO]","ADS. VIDEO INFLU — Cópia",engaged,inactive,15751,23976,1.52218907,"Compras no site",8,59.88349925,479.067994,2026-02-04,Contínuo,19.98114756,473,1.01282874,1.97280614,2026-01-01,2026-05-25
"[AQUISIÇÃO]  [ADV. +]","[C] [LM - PRINCIPAL][EX. BASE] [ADV. +] [CBO]","AD -TOFU PRI",existing,inactive,11310,21390,1.89124668,"Compras no site",12,39.75971301,477.11655616,2026-01-23,Contínuo,22.30558935,304,1.56946236,1.42122487,2026-01-01,2026-05-25
"[TOFU] - [EX. PURCHASE]","[C] [LM - PRINCIPAL] - [PLANO B] 2 TESTE","ADS - MES CONSUMIDOR",prospecting,inactive,28424,44535,1.56680974,"Compras no site",6,79.31001201,475.86007203,2026-03-25,Contínuo,10.68508077,189,2.51777816,0.42438531,2026-01-01,2026-05-25
"[TESTE PB FECHADO]","[C] [LM - TESTE] [ABO]","AD -  EVELYN",prospecting,active,22363,29089,1.30076466,"Compras no site",5,95.10751669,475.53758347,2026-05-22,Contínuo,16.34767725,212,2.24310181,0.72879783,2026-01-01,2026-05-25
"[BM JADE]","[C] [LM - TESTE] [ABO]","AD - JADE MOFU 2",existing,inactive,13916,33316,2.39407876,"Compras no site",7,67.89501367,475.26509572,2026-04-17,Contínuo,14.26537086,484,0.98195268,1.45275543,2026-01-01,2026-05-25
"Influ Raiza 3 - LM TESTE TRAVA DE CPA","[C] [LM - TESTE] [ABO]","ADS 3",prospecting,archived,11437,21429,1.87365568,"Compras no site",4,118.75866418,475.0346567,2026-01-30,Contínuo,22.16784062,123,3.86207038,0.57398852,2026-01-01,2026-05-25
"[BM] [ANA ELISA]","[C] [LM - TESTE] [ABO]","AD - RMK NIVER 2",existing,inactive,12601,34266,2.71930799,"Compras no site",6,78.96783592,473.80701555,2025-10-01,Contínuo,13.827322,228,2.07810095,0.66538259,2026-01-01,2026-05-25
"[RMKT LARANJA MORO-REATIVAÇÃO BASE QUENTE]","[C] [LM - RMKT] [ADV. ABO]","AD - EVELYN",prospecting,active,10503,15307,1.45739313,"Compras no site",6,78.85240973,473.11445838,2025-10-13,Contínuo,30.90837253,142,3.33179196,0.92768015,2026-01-01,2026-05-25
"[BM JADE]","[C] [LM - TESTE] [ABO]","AD - JADE TOFU 19-05 BM JADE + DENA",prospecting,inactive,33205,46861,1.41126336,"Compras no site",3,157.19185687,471.5755706,2026-04-17,Contínuo,10.06328441,171,2.75775187,0.36490899,2026-01-01,2026-05-25
[RMK],"[C] [JEJOOM] [CBO]","AD - TOFU MARCELA 17-05",existing,active,15520,32549,2.09722938,"Compras no site",6,78.50094285,471.00565709,2026-04-17,Contínuo,14.47066445,788,0.59772292,2.42096531,2026-01-01,2026-05-25
"[AQUISIÇÃO]  [ADV. +]","[C] [LM - PRINCIPAL][EX. BASE] [ADV. +] [CBO]","ADS - LARISSA — Cópia",engaged,inactive,10809,18964,1.75446387,"Compras no site",5,94.01705985,470.08529927,2026-01-23,Contínuo,24.78829884,427,1.10090234,2.25163468,2026-01-01,2026-05-25
"[PUBLICO ABERTO]","[C] [LM - PRINCIPAL] [PLANO B] 1 TESTE","ADS - LEKA 1",prospecting,inactive,20607,24226,1.17561993,"Compras no site",9,51.9846433,467.8617897,2025-12-10,Contínuo,19.31238296,208,2.24933553,0.85858169,2026-01-01,2026-05-25
"[CAMPANHA AQUISIÇÃO]","[C] [JEJOOM] [CBO]","ADS - LARI 6",engaged,inactive,7616,20106,2.63996849,"Compras no site",6,77.71704858,466.30229146,2025-10-13,Contínuo,23.19219593,323,1.44366035,1.60648563,2026-01-01,2026-05-25
"Influ Evelyn BM -VM","[C] [LM - TESTE] [ABO]","AD - EVELYN",prospecting,not_delivering,33057,37770,1.14257192,"Compras no site",3,155.22484021,465.67452062,2026-02-04,Contínuo,12.32921686,169,2.75547054,0.44744506,2026-01-01,2026-05-25
"[VINAGRE] [RMKT]","[C] [VARIOS PRODUTO] [ABO] [BID]","AD11 - EVELYN",engaged,inactive,10414,26977,2.59045516,"Compras no site",8,58.08025059,464.64200475,2026-01-20,Contínuo,17.22363512,461,1.00790023,1.70886311,2026-01-01,2026-05-25
"Evelyn Regly - LM","[C] [LM - TESTE] [ABO]","ADS 1",prospecting,not_delivering,13005,19206,1.47681661,"Compras no site",4,115.72,462.88,2026-02-01,Contínuo,24.10080183,92,5.03130435,0.47901697,2026-01-01,2026-05-25
"[HIBRIDO] [ESTATICO ORG.] [BID 60]","[C] [LM - TESTE] [ABO]","AD - NIVER 1",existing,inactive,22256,47463,2.13259346,"Compras no site",10,46.21029963,462.10299632,2026-03-20,Contínuo,9.73606802,284,1.62712323,0.59836083,2026-01-01,2026-05-25
"[RMKT LARANJA MORO-REATIVAÇÃO BASE QUENTE]","[C] [LM - RMKT] [ADV. ABO]","AD - NIVER 4",engaged,not_delivering,5584,10114,1.81124642,"Compras no site",15,30.706,460.59,2025-10-13,Contínuo,45.53984576,380,1.21207895,3.75716828,2026-01-01,2026-05-25
"Conj - Vm","[C] [LM - TESTE] [ABO]","AD - NURR",existing,inactive,4578,6093,1.33093054,"Compras no site",3,153.52666667,460.58,2026-01-30,Contínuo,75.59166256,116,3.97051724,1.90382406,2026-01-01,2026-05-25
"[BM] [ANA ELISA]","[C] [LM - TESTE] [ABO]","AD - MOFU ANA ELISA",engaged,not_delivering,8809,23440,2.66091497,"Compras no site",14,32.89798648,460.57181068,2025-10-01,Contínuo,19.64896803,496,0.9285722,2.11604096,2026-01-01,2026-05-25
"[PUBLICO ABERTO]","[C] [LM - PRINCIPAL] [PLANO B] 1 TESTE","AD4 - RAIZA",engaged,inactive,8384,15588,1.85925573,"Compras no site",9,51.12418572,460.11767152,2025-12-10,Contínuo,29.51742825,348,1.32217722,2.23248653,2026-01-01,2026-05-25
"[TOFU] [TIK]","[C] [LM - TESTE] [ABO]","AD - MOFU ate 14-05 — Cópia",prospecting,active,15303,19080,1.24681435,"Compras no site",2,229.80407109,459.60814218,2026-05-23,Contínuo,24.08847705,319,1.44077788,1.67190776,2026-01-01,2026-05-25
"[CAMPANHA AQUISIÇÃO]","[C] [JEJOOM] [CBO]","ADS - MORGANA 1 24-12 — Cópia",existing,inactive,4785,10568,2.20856844,"Compras no site",14,32.7859722,459.00361073,2025-10-13,Contínuo,43.43334697,371,1.2372065,3.51059803,2026-01-01,2026-05-25
"[AQUISIÇÃO]  [ADV. +]","[C] [LM - PRINCIPAL][EX. BASE] [ADV. +] [CBO]","AD - MOFU teste ate 08-05",existing,inactive,12484,15529,1.24391221,"Compras no site",5,91.5444657,457.7223285,2026-01-23,Contínuo,29.47532542,144,3.17862728,0.92729731,2026-01-01,2026-05-25
"[RMKT LARANJA MORO-REATIVAÇÃO BASE QUENTE]","[C] [LM - RMKT] [ADV. ABO]","Rmkt Dani - 1",prospecting,not_delivering,7712,10840,1.40560166,"Compras no site",6,76.25708293,457.54249757,2025-10-13,Contínuo,42.20871749,81,5.64867281,0.74723247,2026-01-01,2026-05-25
EVELIN,"[C] [LM - TESTE] [ABO]","AD - RMK EVELYN",prospecting,active,17266,28262,1.63685857,"Compras no site",12,37.87795794,454.53549524,2026-05-18,Contínuo,16.08292036,177,2.56799715,0.62628264,2026-01-01,2026-05-25
"teste publico novo - bid","[C] [LM - TESTE] [ABO]","ADS 4",engaged,not_delivering,11482,17410,1.51628636,"Compras no site",12,37.65395052,451.84740629,2026-02-19,Contínuo,25.95332604,289,1.56348583,1.65996554,2026-01-01,2026-05-25
"[EXCLUSÃO BASE] [ADV. +]","[C] [LM - PRINCIPAL][EX. BASE] [ADV. +] [CBO]","AD - BOFU",existing,inactive,17615,29542,1.67709339,"Compras no site",6,75.02885427,450.17312559,2026-03-17,Contínuo,15.23841059,93,4.84057124,0.31480604,2026-01-01,2026-05-25
"Carrossel - Lm","[C] [LM - TESTE] [ABO]","CARROSSEL 1 - 18-02",prospecting,not_delivering,11616,18563,1.59805441,"Compras no site",4,112.475,449.9,2026-02-20,Contínuo,24.23638421,242,1.85909091,1.30366859,2026-01-01,2026-05-25
rmkt_tons_estáticos_visitantes-engajado-compradores_max-conv_cpa35_02-09-2025_7,"[C] [TONS] [PB DR]",tons4_rmkt_20-10-2025,existing,not_delivering,6142,10312,1.67893194,"Compras no site",5,89.89319461,449.46597305,2025-09-02,Contínuo,43.5866925,184,2.44274985,1.78432894,2026-01-01,2026-05-25
"[PUBLICO ABERTO]","[C] [TONS] [PB DR]",AD10,engaged,not_delivering,6003,9949,1.657338,"Compras no site",3,149.6395831,448.9187493,2025-12-10,Contínuo,45.12199712,159,2.82338836,1.59815057,2026-01-01,2026-05-25
"[VINAGRE] [RMKT]","[C] [VARIOS PRODUTO] [ABO] [BID]","AD11 - EVELYN",engaged,inactive,9536,12922,1.3550755,"Compras no site",7,64.00142857,448.01,2026-01-20,Contínuo,34.67032967,402,1.11445274,3.11097353,2026-01-01,2026-05-25
"[BOFU] [ADV+ ABERTO] [ESTATICO]","[C] [LM - TESTE] [ABO]","AD - DANI TOFU 3",prospecting,not_delivering,58134,69577,1.19683834,,,,444.97128345,2026-02-25,Contínuo,6.39537898,301,1.47830991,0.43261423,2026-01-01,2026-05-25
"[TESTE PB FECHADO ANA ELISA]","[C] [LM - TESTE] [ABO]","AD - MOFU ANA ELISA — Cópia",prospecting,active,12727,18688,1.46837432,"Compras no site",3,148.15440882,444.46322645,2026-05-23,Contínuo,23.78334902,175,2.53978987,0.93642979,2026-01-01,2026-05-25
[RMK],"[C] [JEJOOM] [CBO]","AD - RMKT PERFIL MORG + DENA",existing,inactive,14981,48151,3.21413791,"Compras no site",5,88.70894398,443.54471989,2026-04-17,Contínuo,9.21153704,284,1.56177718,0.58981122,2026-01-01,2026-05-25
"[TOFU] [TIK TOK] [EXCLUSAÕ BASE] [BID 60] - TESTE ATÉ 20-05","[C] [LM - TESTE] [ABO]","AD - 5",prospecting,not_delivering,43257,64158,1.48318191,"Compras no site",2,221.34031237,442.68062474,2026-03-12,Contínuo,6.89985076,360,1.2296684,0.56111475,2026-01-01,2026-05-25
"Evelyn Regly BM - LM","[C] [LM - TESTE] [ABO]","ADS 2",existing,not_delivering,8954,32004,3.57426848,"Compras no site",13,34.03608844,442.46914973,2026-02-04,Contínuo,13.82543275,233,1.89900923,0.728034,2026-01-01,2026-05-25
"[BM] [ANA ELISA]","[C] [LM - TESTE] [ABO]","ADS 1",existing,inactive,5424,24675,4.54922566,"Compras no site",7,63.00573618,441.04015323,2025-10-01,Contínuo,17.87396771,854,0.51644046,3.46099291,2026-01-01,2026-05-25
"[ADV ABER.]","[C] [LM - PRINCIPAL] - [PLANO B] 2 TESTE","ADS 2 — Cópia",engaged,inactive,13818,26934,1.9491967,"Compras no site",9,48.92793887,440.35144986,2026-02-25,Contínuo,16.34927786,168,2.62113958,0.62374694,2026-01-01,2026-05-25
[MOFU],"[C] [LM - PRINCIPAL] - [PLANO B] 2 TESTE",AD1,existing,not_delivering,15192,31368,2.06477093,"Compras no site",4,110.0335581,440.13423239,2026-03-31,Contínuo,14.0313132,503,0.87501835,1.60354501,2026-01-01,2026-05-25
"Conj. - Q10","[C] [LM - TESTE] [ABO]","ADS1 - Q10",engaged,inactive,13163,28868,2.19311707,"Compras no site",4,109.80331548,439.21326193,2026-02-20,Contínuo,15.21453727,308,1.42601708,1.06692532,2026-01-01,2026-05-25
"[PUBLICO ABERTO]","[C] [LM - PRINCIPAL] [PLANO B] 1 TESTE","AD1 - 07/12 — Cópia",existing,inactive,12941,15944,1.23205316,"Compras no site",17,25.82215142,438.97657414,2025-12-10,Contínuo,27.53239928,176,2.49418508,1.10386352,2026-01-01,2026-05-25
"[BOFU] [ADV+ ABERTO] [ESTATICO]","[C] [LM - TESTE] [ABO]",AD6,prospecting,inactive,47738,64868,1.35883363,"Compras no site",4,108.68202321,434.72809283,2026-02-25,Contínuo,6.70173418,170,2.55722408,0.26207067,2026-01-01,2026-05-25
"[RMKT LARANJA MORO-REATIVAÇÃO BASE QUENTE]","[C] [LM - RMKT] [ADV. ABO]",04-04,engaged,not_delivering,4626,11941,2.58127972,"Compras no site",9,48.158266,433.42439398,2025-10-13,Contínuo,36.29716054,163,2.65904536,1.3650448,2026-01-01,2026-05-25
"Influ Leka - LM TESTE TRAVA DE CPA","[C] [LM - TESTE] [ABO]","ADS 4",prospecting,archived,26192,31213,1.19169976,"Compras no site",7,61.74857143,432.24,2026-01-14,Contínuo,13.84807612,310,1.39432258,0.99317592,2026-01-01,2026-05-25
"[HIBRIDO] [ESTATICO ORG.] [BID 60]","[C] [LM - TESTE] [ABO]","AD - NIVER 2",prospecting,inactive,47583,69044,1.45102242,"Compras no site",2,216.06,432.12,2026-03-20,Contínuo,6.25861769,249,1.73542169,0.36063959,2026-01-01,2026-05-25
"[VINAGRE] [RMKT]","[C] [VARIOS PRODUTO] [ABO] [BID]","AD - PROMO BOFU",prospecting,inactive,5318,8867,1.66735615,"Compras no site",8,53.90417089,431.23336713,2026-01-20,Contínuo,48.63351383,144,2.99467616,1.6239991,2026-01-01,2026-05-25
"[VINAGRE] [RMKT]","[C] [VARIOS PRODUTO] [ABO] [BID]","AD - ORG 2 TOFU/MOFU",existing,inactive,6568,10121,1.54095615,"Compras no site",5,86.21873989,431.09369945,2026-01-20,Contínuo,42.59398275,203,2.12361428,2.00573066,2026-01-01,2026-05-25
"[PUBLICO ENG.] [DR]","[C] [TONS] [PB DR]",tons_dr-ursinho_video-reels_10-07-2025_esse-foi-produto-que-a-mamae,existing,inactive,6398,11498,1.7971241,"Compras no site",7,61.49769203,430.48384419,2025-06-20,Contínuo,37.43988904,186,2.31442927,1.61767264,2026-01-01,2026-05-25
"LP - ATUAL","[C] [LM - PRINCIPAL][EX. BASE] [ADV. +] [CBO]","Rmkt Dani 2 — Cópia",engaged,archived,9398,16119,1.71515216,"Compras no site",7,61.20012697,428.4008888,2026-01-19,Contínuo,26.57738624,201,2.13134771,1.24697562,2026-01-01,2026-05-25
[RMK],"[C] [JEJOOM] [CBO]","AD - TOFU MARCELA 17-05",prospecting,active,30862,48870,1.58350075,"Compras no site",3,142.77868351,428.33605053,2026-04-17,Contínuo,8.76480562,345,1.24155377,0.70595457,2026-01-01,2026-05-25
"Carrossel - Lm","[C] [LM - TESTE] [ABO]","CARROSSEL 1 - 18-02",existing,not_delivering,6049,15400,2.54587535,"Compras no site",6,71.20166667,427.21,2026-02-20,Contínuo,27.74090909,447,0.95572707,2.9025974,2026-01-01,2026-05-25
"[EXCLUSÃO BASE] [ADV. +]","[C] [LM - PRINCIPAL][EX. BASE] [ADV. +] [CBO]","AD - BOFU 2",prospecting,inactive,30572,43913,1.43637969,"Compras no site",2,213.15293345,426.3058669,2026-03-17,Contínuo,9.707965,109,3.911063,0.24821807,2026-01-01,2026-05-25
"TESTE RACHEL ATE 21-03","[C] [LM - PRINCIPAL][EX. BASE] [ADV. +] [CBO]",AD2,engaged,archived,10803,16870,1.56160326,"Compras no site",2,212.42699195,424.8539839,2026-03-17,Contínuo,25.1839943,203,2.09287677,1.2033195,2026-01-01,2026-05-25
"[PUBLICO ENG.] [DR]","[C] [TONS] [PB ABERTO] [TESTE BID CAP]","ADS 1 - 18-02",prospecting,archived,22104,31670,1.43277235,"Compras no site",5,84.8846767,424.42338348,2026-03-16,Contínuo,13.40143301,187,2.26964376,0.59046416,2026-01-01,2026-05-25
"[AQUISIÇÃO]  [ADV. +]","[C] [LM - PRINCIPAL][EX. BASE] [ADV. +] [CBO]","AD - MOFU teste ate 08-05",engaged,inactive,12760,16137,1.26465517,"Compras no site",4,105.80803826,423.23215304,2026-01-23,Contínuo,26.22743713,200,2.11616077,1.23938774,2026-01-01,2026-05-25
"[TOFU] [TIK TOK] [EXCLUSAÕ BASE] [BID 60] - TESTE ATÉ 20-05","[C] [LM - TESTE] [ABO]","AD - MOFU ate 14-05",engaged,not_delivering,19846,36024,1.81517686,"Compras no site",8,52.89154304,423.13234429,2026-03-12,Contínuo,11.74584567,352,1.20208052,0.97712636,2026-01-01,2026-05-25
"Influ Dani - Vm","[C] [LM - TESTE] [ABO]",AD1,existing,not_delivering,8635,18109,2.09716271,"Compras no site",9,46.93866051,422.44794461,2026-02-25,Contínuo,23.32806586,173,2.44189563,0.95532608,2026-01-01,2026-05-25
"Conj - Vm","[C] [LM - TESTE] [ABO]","AD - NURR",prospecting,inactive,5409,6420,1.1869107,"Compras no site",4,105.2125,420.85,2026-01-30,Contínuo,65.5529595,105,4.00809524,1.63551402,2026-01-01,2026-05-25
"[CAMPANHA AQUISIÇÃO]","[C] [JEJOOM] [CBO]","AD - MORGANA TOFU",engaged,active,8657,31049,3.58657734,"Compras no site",9,46.62473531,419.6226178,2025-10-13,Contínuo,13.51485129,592,0.70882199,1.90666366,2026-01-01,2026-05-25
rmkt_tons_estáticos_visitantes-engajado-compradores_max-conv_cpa35_02-09-2025_7,"[C] [TONS] [PB DR]",tons4_rmkt_20-10-2025,engaged,not_delivering,6710,10465,1.55961252,"Compras no site",14,29.90029926,418.60418966,2025-09-02,Contínuo,40.00040035,240,1.74418412,2.29335882,2026-01-01,2026-05-25
"Influ Evelyn - Vm 2","[C] [LM - TESTE] [ABO]","ADS 3",engaged,not_delivering,10323,15050,1.45790952,"Compras no site",7,59.58142857,417.07,2026-02-02,Contínuo,27.71229236,335,1.24498507,2.22591362,2026-01-01,2026-05-25
"[BOFU] [ADV+ ABERTO] [ESTATICO]","[C] [LM - TESTE] [ABO]",AD4,engaged,inactive,17684,45487,2.57221217,"Compras no site",10,41.5171588,415.17158801,2026-02-25,Contínuo,9.12725807,921,0.45078348,2.02475433,2026-01-01,2026-05-25
"[AQUISIÇÃO]  [ADV. +]","[C] [LM - PRINCIPAL][EX. BASE] [ADV. +] [CBO]","ADS - LARISSA — Cópia",existing,inactive,8650,14738,1.70381503,"Compras no site",5,82.94293502,414.71467508,2026-01-23,Contínuo,28.13914202,458,0.90549056,3.10761297,2026-01-01,2026-05-25
"Carrossel - Lm","[C] [LM - TESTE] [ABO]","ADS1 - 18-02 — Cópia",prospecting,inactive,18251,24346,1.3339543,"Compras no site",4,103.605,414.42,2026-02-20,Contínuo,17.02209809,332,1.24825301,1.3636737,2026-01-01,2026-05-25
"teste aquisição ate dia 15  - Lm","[C] [LM - TESTE] [ABO]","ADS 6 — Cópia",engaged,inactive,13924,22839,1.64026142,"Compras no site",10,41.23349293,412.33492927,2026-02-04,Contínuo,18.0539835,223,1.84903556,0.97640002,2026-01-01,2026-05-25
"[TOFU][PERFIL NOVO]  TESTE","[C] [LM - PRINCIPAL] - [PLANO B] 2 TESTE",AD1,prospecting,archived,30794,52463,1.70367604,"Compras no site",6,68.55333333,411.32,2026-03-16,Contínuo,7.84019214,201,2.04636816,0.38312716,2026-01-01,2026-05-25
"Evelyn Regly BM - LM","[C] [LM - TESTE] [ABO]","ADS 1 - NOVO",engaged,not_delivering,9570,18170,1.89864159,"Compras no site",2,205.32818028,410.65636056,2026-02-04,Contínuo,22.60079034,146,2.8127148,0.80352229,2026-01-01,2026-05-25
"LP NOVA","[C] [TONS] [PB DR]","AD - DR URSINHO 18-05 — Cópia",prospecting,not_delivering,22898,25832,1.12813346,"Compras no site",6,68.24,409.44,2026-02-09,Contínuo,15.85010839,515,0.79502913,1.99365129,2026-01-01,2026-05-25
"Conj. - Tipo 2","[C] [LM - TESTE] [ABO]","AD - BOFU 2",prospecting,not_delivering,55679,104415,1.87530308,"Compras no site",6,67.96683803,407.80102817,2026-02-27,Contínuo,3.90557897,325,1.25477239,0.31125796,2026-01-01,2026-05-25
"Arte - Organica Tons ###","[C] [LM - TESTE] [ABO]",AD3,engaged,inactive,9018,20991,2.32767798,"Compras no site",6,67.79006433,406.74038598,2026-01-26,Contínuo,19.37689419,191,2.12953082,0.90991377,2026-01-01,2026-05-25
"[RMKT LARANJA MORO-REATIVAÇÃO BASE QUENTE]","[C] [LM - RMKT] [ADV. ABO]","ADS 1",prospecting,not_delivering,5940,7218,1.21515152,"Compras no site",4,101.60132914,406.40531656,2025-10-13,Contínuo,56.3044218,104,3.90774343,1.44084234,2026-01-01,2026-05-25
adv-aqui-rmtk_coezima-q10_engajado-existente_5-existentes_max-conv_26-05-2025,"[C] [COQ.10][PRINCIPAL]","ADS - THAIS 29/12",engaged,inactive,5602,14542,2.59585862,"Compras no site",7,58.00428571,406.03,2025-01-20,Contínuo,27.92119378,1496,0.27141043,10.28744327,2026-01-01,2026-05-25
[MOFU],"[C] [LM - PRINCIPAL] - [PLANO B] 2 TESTE","ADS 4",engaged,not_delivering,13994,20511,1.46569959,"Compras no site",6,67.6475999,405.88559942,2026-03-31,Contínuo,19.78867922,314,1.2926293,1.53088587,2026-01-01,2026-05-25
EVELIN,"[C] [LM - TESTE] [ABO]","AD - RMK EVELYN",existing,active,10408,18079,1.73702921,"Compras no site",2,202.05708449,404.11416897,2026-05-18,Contínuo,22.35268372,104,3.88571316,0.57525306,2026-01-01,2026-05-25
"[MOFU] [TIK TOK] - TESTE ATÉ 20-05","[C] [LM - TESTE] [ABO]","AD -1",prospecting,not_delivering,12261,17824,1.45371503,"Compras no site",2,201.52374819,403.04749638,2026-05-17,Contínuo,22.61262884,151,2.66918872,0.84717235,2026-01-01,2026-05-25
[MOFU],"[C] [LM - PRINCIPAL] - [PLANO B] 2 TESTE",AD1,prospecting,not_delivering,25965,41567,1.60088581,"Compras no site",8,50.35548422,402.8438738,2026-03-31,Contínuo,9.69143488,216,1.86501793,0.51964299,2026-01-01,2026-05-25
"[TOFU] [TIK + ORG ] [ABERTO]","[C] [LM - TESTE] [ABO]","AD - MOFU ate 14-05 — Cópia",existing,inactive,12750,20122,1.57819608,"Compras no site",7,57.44070975,402.08496828,2026-02-11,Contínuo,19.98235604,880,0.45691474,4.37332273,2026-01-01,2026-05-25
"[AQUISIÇÃO]  [ADV. +]","[C] [LM - PRINCIPAL][EX. BASE] [ADV. +] [CBO]","[ADS] - [TOPO 2] [27-02]",engaged,inactive,9233,14904,1.6142099,"Compras no site",3,133.86654625,401.59963874,2026-01-23,Contínuo,26.94576213,150,2.67733092,1.00644122,2026-01-01,2026-05-25
"TESTE RACHEL ATE 21-03","[C] [LM - PRINCIPAL][EX. BASE] [ADV. +] [CBO]",AD3,engaged,archived,11863,24642,2.07721487,"Compras no site",3,133.68,401.04,2026-03-17,Contínuo,16.27465303,511,0.78481409,2.07369532,2026-01-01,2026-05-25
"[BM] [ANA ELISA]","[C] [LM - TESTE] [ABO]","AD - MOFU ANA ELISA",prospecting,not_delivering,26003,35898,1.38053302,"Compras no site",5,80.0543189,400.27159448,2025-10-01,Contínuo,11.15024777,141,2.83880563,0.39277954,2026-01-01,2026-05-25
"[COLAGENO] [RMKT]","[C] [VARIOS PRODUTO] [ABO] [BID]","AD - BOFU",prospecting,not_delivering,30897,38537,1.2472732,,,,399.82513263,2026-05-10,Contínuo,10.37509751,115,3.47674028,0.29841451,2026-01-01,2026-05-25
"teste aquisição ate dia 15  - Lm","[C] [LM - TESTE] [ABO]","ADS 4 — Cópia",existing,not_delivering,7950,26478,3.33056604,"Compras no site",10,39.92954772,399.29547718,2026-02-04,Contínuo,15.08027333,152,2.62694393,0.57406149,2026-01-01,2026-05-25
"[CAMPANHA AQUISIÇÃO]","[C] [JEJOOM] [CBO]","AD - MORGANA TOFU",prospecting,active,14036,35657,2.54039612,"Compras no site",15,26.61216602,399.18249028,2025-10-13,Contínuo,11.19506661,775,0.51507418,2.17348627,2026-01-01,2026-05-25
"Conj. - Q10","[C] [LM - TESTE] [ABO]","ADS DANI",engaged,not_delivering,8332,28918,3.47071531,"Compras no site",6,66.25643347,397.53860081,2026-02-20,Contínuo,13.74709872,163,2.43888712,0.56366277,2026-01-01,2026-05-25
"LP - 1","[C] [LM - PRINCIPAL][EX. BASE] [ADV. +] [CBO]","Rmkt Dani 2 — Cópia",existing,archived,6711,11932,1.77797646,"Compras no site",10,39.66162881,396.61628806,2026-01-19,Contínuo,33.23971573,120,3.30513573,1.00569896,2026-01-01,2026-05-25
EVELIN,"[C] [LM - TESTE] [ABO]","AD - EVELYN TOFU",prospecting,active,23623,29840,1.26317572,"Compras no site",5,79.28785445,396.43927226,2026-05-18,Contínuo,13.2854984,175,2.26536727,0.58646113,2026-01-01,2026-05-25
"Conj. - Tipo 2","[C] [LM - TESTE] [ABO]","AD - BOFU 2",existing,not_delivering,14932,40915,2.7400884,"Compras no site",7,56.6130402,396.29128139,2026-02-27,Contínuo,9.68572116,318,1.246199,0.77722107,2026-01-01,2026-05-25
"Influ Ingrid - Lm","[C] [LM - TESTE] [ABO]","ADS 1",engaged,not_delivering,16030,32839,2.04859638,"Compras no site",3,131.95773354,395.87320061,2026-02-25,Contínuo,12.05497124,658,0.601631,2.00371509,2026-01-01,2026-05-25
"[RMKT LARANJA MORO-REATIVAÇÃO BASE QUENTE]","[C] [LM - RMKT] [ADV. ABO]","AD - EVELYN NIVER — Cópia",engaged,not_delivering,9838,12744,1.29538524,"Compras no site",9,43.9737394,395.76365464,2025-10-13,Contínuo,31.05490071,185,2.139263,1.45166353,2026-01-01,2026-05-25
"[BM JADE]","[C] [LM - TESTE] [ABO]","AD - JADE TOFU",engaged,inactive,12702,22714,1.78822233,"Compras no site",4,98.81,395.24,2026-04-17,Contínuo,17.40072202,270,1.46385185,1.1886942,2026-01-01,2026-05-25
"Conj. - Q10","[C] [LM - TESTE] [ABO]",ADS,engaged,not_delivering,8822,23103,2.61879392,"Compras no site",12,32.81755789,393.81069464,2026-02-20,Contínuo,17.04586827,202,1.94955789,0.87434532,2026-01-01,2026-05-25
"[PUBLICO ENG.] [DR]","[C] [TONS] [PB DR]","ADS 3 - MES DO CLIENTE",prospecting,archived,7686,13151,1.71103305,"Compras no site",8,49.1486955,393.18956401,2025-06-20,Contínuo,29.89807345,121,3.24950053,0.92008212,2026-01-01,2026-05-25
"[BOFU] [ADV+ ABERTO] [ESTATICO]","[C] [LM - TESTE] [ABO]","ADS - MES CONSUMIDOR — Cópia",prospecting,inactive,50866,69794,1.37211497,"Compras no site",3,130.96209983,392.8862995,2026-02-25,Contínuo,5.62922743,180,2.18270166,0.25790183,2026-01-01,2026-05-25
"[Publico Quente] [TESTE]","[C] [DIGESTINO] [PRINCIPAL]","ADS - BRUNA 1",existing,inactive,3678,7516,2.0435019,"Compras no site",9,43.51777778,391.66,2025-12-24,Contínuo,52.11016498,224,1.74848214,2.98030867,2026-01-01,2026-05-25
"[ADV ABER.]","[C] [LM - PRINCIPAL] - [PLANO B] 2 TESTE","ADS 2 — Cópia",existing,inactive,12169,24847,2.04182759,"Compras no site",11,35.48819548,390.37015026,2026-02-25,Contínuo,15.71095707,98,3.98336888,0.39441381,2026-01-01,2026-05-25
[MOFU],"[C] [LM - PRINCIPAL] - [PLANO B] 2 TESTE","ADS 4",engaged,inactive,14410,25915,1.79840389,"Compras no site",3,129.64673037,388.94019111,2026-03-31,Contínuo,15.00830373,263,1.47886004,1.01485626,2026-01-01,2026-05-25
ABER.,"[C] [TONS] [PB ABERTO] [TESTE BID CAP]","ADS - ASIATICA | Pausado ROAS baixo",prospecting,archived,20759,24775,1.19345826,"Compras no site",4,97.13205101,388.52820405,2026-03-16,Contínuo,15.68226858,396,0.98113183,1.59838547,2026-01-01,2026-05-25
ABER.,"[C] [TONS] [PB ABERTO] [TESTE BID CAP]","ADS 2 - 18-02 | Pausado ROAS baixo",prospecting,archived,67701,80783,1.19323201,,,,388.50027943,2026-03-16,Contínuo,4.80918361,189,2.05555703,0.23396012,2026-01-01,2026-05-25
"[TOFU] [TIK TOK] [EXCLUSAÕ BASE] [BID 60] - TESTE ATÉ 20-05","[C] [LM - TESTE] [ABO]","AD - MOFU teste ate 08-05",engaged,inactive,17765,29342,1.65167464,"Compras no site",5,77.56990387,387.84951934,2026-03-12,Contínuo,13.21823732,427,0.90831269,1.45525186,2026-01-01,2026-05-25
"[BOFU] [ADV+ ABERTO] [ESTATICO]","[C] [LM - TESTE] [ABO]",AD2,engaged,inactive,14548,35839,2.46350014,"Compras no site",8,48.42193254,387.37546031,2026-02-25,Contínuo,10.80876867,246,1.57469699,0.68640308,2026-01-01,2026-05-25
"[TOFU] [TIK TOK] [EXCLUSAÕ BASE] [BID 60] - TESTE ATÉ 20-05","[C] [LM - TESTE] [ABO]",AD2,prospecting,inactive,24451,41117,1.68160811,"Compras no site",5,77.282,386.41,2026-03-12,Contínuo,9.39781599,138,2.80007246,0.3356276,2026-01-01,2026-05-25
"[VINAGRE] [RMKT]","[C] [VARIOS PRODUTO] [ABO] [BID]","AD - TOFU — Cópia",prospecting,active,7270,10574,1.45447043,"Compras no site",2,192.36185341,384.72370682,2026-01-20,Contínuo,36.38393293,206,1.86759081,1.94817477,2026-01-01,2026-05-25
"[BM JADE]","[C] [LM - TESTE] [ABO]","AD - JADE TOFU 19-05 BM JADE + DENA",existing,inactive,13045,24573,1.88371023,"Compras no site",4,95.89659927,383.58639707,2026-04-17,Contínuo,15.61007598,193,1.98749429,0.78541489,2026-01-01,2026-05-25
"[HIBRIDO] [ESTATICO ORG.] [BID 60]","[C] [LM - TESTE] [ABO]",AD3,prospecting,inactive,42265,68979,1.63205962,"Compras no site",5,76.15449727,380.77248637,2026-03-20,Contínuo,5.52012187,183,2.08072397,0.26529813,2026-01-01,2026-05-25
"[PUBLICO ENG.] [DR]","[C] [TONS] [PB DR]","AD - SHOOTING TOFU",engaged,inactive,6082,9070,1.49128576,"Compras no site",5,75.92612591,379.63062957,2025-06-20,Contínuo,41.85563722,146,2.60020979,1.60970232,2026-01-01,2026-05-25
"LP NOVA","[C] [TONS] [PB DR]",tons_dr-ursinho_video-reels_10-07-2025_nao-tem-clareador-oral-barra,engaged,inactive,6852,13564,1.97956801,"Compras no site",4,93.92518928,375.7007571,2026-02-09,Contínuo,27.6983749,181,2.07569479,1.33441463,2026-01-01,2026-05-25
"LP - 2","[C] [LM - PRINCIPAL][EX. BASE] [ADV. +] [CBO]","Rmkt Dani 2 — Cópia",existing,archived,5891,10944,1.85774911,"Compras no site",9,41.72437935,375.51941415,2026-01-19,Contínuo,34.31281197,115,3.26538621,1.05080409,2026-01-01,2026-05-25
"Lm Perfil Novo","[C] [LM - TESTE] [ABO]","AD - JADE TOFU — Cópia",prospecting,not_delivering,15946,29198,1.83105481,,,,375.18868165,2025-11-03,Contínuo,12.84980758,10934,0.03431395,37.4477704,2026-01-01,2026-05-25
"LP - 1","[C] [LM - PRINCIPAL][EX. BASE] [ADV. +] [CBO]","ADS - ANA ELISA 2",prospecting,archived,10698,17388,1.62535053,"Compras no site",6,62.12333333,372.74,2026-01-19,Contínuo,21.43662296,151,2.46847682,0.868415,2026-01-01,2026-05-25
[MOFU],"[C] [LM - PRINCIPAL] - [PLANO B] 2 TESTE","AD - MOFU",prospecting,not_delivering,30753,51165,1.66374012,"Compras no site",4,93.01852815,372.07411261,2026-03-31,Contínuo,7.27204364,318,1.17004438,0.62151862,2026-01-01,2026-05-25
"LP NOVA","[C] [TONS] [PB DR]","tons3_rmkt_01-09-2025 — Cópia",existing,inactive,7904,17308,2.18977733,"Compras no site",6,61.47483698,368.84902189,2026-02-09,Contínuo,21.31089796,151,2.44270875,0.87242893,2026-01-01,2026-05-25
"[EXCLUSÃO BASE] [ADV. +]","[C] [LM - PRINCIPAL][EX. BASE] [ADV. +] [CBO]","V - LUCIANA MOFU LP OLD",prospecting,active,21917,25909,1.18214172,"Compras no site",4,91.81486491,367.25945963,2026-03-17,Contínuo,14.17497625,212,1.73235594,0.81824849,2026-01-01,2026-05-25
"LP NOVA","[C] [TONS] [PB DR]","tons3_rmkt_01-09-2025 — Cópia",engaged,inactive,8152,15752,1.93228656,"Compras no site",6,60.81485663,364.88913975,2026-02-09,Contínuo,23.16462289,165,2.21144933,1.04748603,2026-01-01,2026-05-25
"[TOFU] - [EX. PURCHASE]","[C] [LM - PRINCIPAL] - [PLANO B] 2 TESTE","ADS - LARISSA",existing,not_delivering,12790,16845,1.31704457,"Compras no site",6,60.62611673,363.75670036,2026-03-25,Contínuo,21.59434256,102,3.56624216,0.60552093,2026-01-01,2026-05-25
[MOFU],"[C] [LM - PRINCIPAL] - [PLANO B] 2 TESTE","AD - PAM MOFU — Cópia",engaged,not_delivering,7763,17373,2.23792348,"Compras no site",7,51.96428571,363.75,2026-03-31,Contínuo,20.93766189,785,0.4633758,4.51850573,2026-01-01,2026-05-25
"[CAMPANHA AQUISIÇÃO]","[C] [JEJOOM] [CBO]","ADS - MORGANA",engaged,inactive,3099,5449,1.75830913,"Compras no site",2,181.80330789,363.60661577,2025-10-13,Contínuo,66.7290541,126,2.88576679,2.31235089,2026-01-01,2026-05-25
"[CAMPANHA AQUISIÇÃO]","[C] [JEJOOM] [CBO]","ADS - MORGANA 2 24-12 — Cópia",prospecting,inactive,7919,11080,1.39916656,"Compras no site",4,90.40925709,361.63702836,2025-10-13,Contínuo,32.63872097,169,2.13986407,1.52527076,2026-01-01,2026-05-25
"[RMKT LARANJA MORO-REATIVAÇÃO BASE QUENTE]","[C] [LM - RMKT] [ADV. ABO]","AD - RMKT — Cópia",prospecting,inactive,9175,11801,1.28621253,"Compras no site",4,90.295,361.18,2025-10-13,Contínuo,30.60588086,144,2.50819444,1.22023557,2026-01-01,2026-05-25
"[Publico Quente] [TESTE]","[C] [DIGESTINO] [PRINCIPAL]","Teste - ADS - LIS",prospecting,inactive,7682,11013,1.43361104,,,,360.81698421,2025-12-24,Contínuo,32.76282432,92,3.92192374,0.83537637,2026-01-01,2026-05-25
"[PUBLICO ABERTO]","[C] [LM - PRINCIPAL] [PLANO B] 1 TESTE","ADS - DUDA",prospecting,inactive,34802,51137,1.46936958,"Compras no site",2,180.18,360.36,2025-12-10,Contínuo,7.0469523,200,1.8018,0.39110624,2026-01-01,2026-05-25
adv-aqui-rmtk_coezima-q10_engajado-existente_5-existentes_max-conv_26-05-2025,"[C] [COQ.10][PRINCIPAL]","AD1 ANIVERSARIO",existing,not_delivering,4291,7552,1.75996271,"Compras no site",9,39.97054302,359.73488721,2025-01-20,Contínuo,47.63438655,104,3.4589893,1.37711864,2026-01-01,2026-05-25
"[EXCLUSÃO BASE] [ADV. +]","[C] [LM - PRINCIPAL][EX. BASE] [ADV. +] [CBO]","AD - EVELYN TOFU",existing,inactive,11553,13957,1.20808448,"Compras no site",3,119.78396304,359.35188913,2026-03-17,Contínuo,25.74707237,151,2.37981384,1.08189439,2026-01-01,2026-05-25
"[RMKT LARANJA MORO-REATIVAÇÃO BASE QUENTE]","[C] [LM - RMKT] [ADV. ABO]","AD - RMKT DANI — Cópia",engaged,active,4685,9264,1.9773746,"Compras no site",10,35.90745794,359.07457942,2025-10-13,Contínuo,38.76020935,224,1.60301152,2.417962,2026-01-01,2026-05-25
"[EXCLUSÃO BASE] [ADV. +]","[C] [LM - PRINCIPAL][EX. BASE] [ADV. +] [CBO]","AD - BOFU 1",prospecting,inactive,20380,31071,1.52458292,"Compras no site",2,179.40084432,358.80168863,2026-03-17,Contínuo,11.54779983,104,3.45001624,0.33471726,2026-01-01,2026-05-25
"[RMKT LARANJA MORO-REATIVAÇÃO BASE QUENTE]","[C] [LM - RMKT] [ADV. ABO]","AD - RMK NIVER — Cópia",prospecting,inactive,13024,18677,1.43404484,"Compras no site",7,51.13460388,357.94222714,2025-10-13,Contínuo,19.16486733,139,2.57512394,0.74423087,2026-01-01,2026-05-25
"[HIBRIDO] [ESTATICO ORG.] [BID 60]","[C] [LM - TESTE] [ABO]","AD - TOFU",prospecting,inactive,30377,43728,1.43951016,"Compras no site",2,178.965,357.93,2026-03-20,Contínuo,8.18537322,145,2.46848276,0.33159532,2026-01-01,2026-05-25
"[BM] [ANA ELISA]","[C] [LM - TESTE] [ABO]","AD - RMK NIVER 4",engaged,inactive,11474,29785,2.59586892,"Compras no site",6,59.4999232,356.99953923,2025-10-01,Contínuo,11.98588347,163,2.19018122,0.54725533,2026-01-01,2026-05-25
"[EXCLUSÃO BASE] [ADV. +]","[C] [LM - PRINCIPAL][EX. BASE] [ADV. +] [CBO]","AD - ANA MOFU",existing,inactive,8071,11966,1.482592,"Compras no site",5,71.11428021,355.57140107,2026-03-17,Contínuo,29.71514299,169,2.10397279,1.41233495,2026-01-01,2026-05-25
"[TOFU] [TIK TOK] [EXCLUSAÕ BASE] [BID 60] - TESTE ATÉ 20-05","[C] [LM - TESTE] [ABO]",AD3,prospecting,inactive,26017,45365,1.7436676,"Compras no site",4,88.81,355.24,2026-03-12,Contínuo,7.83070649,130,2.73261538,0.28656453,2026-01-01,2026-05-25
"[RMKT LARANJA MORO-REATIVAÇÃO BASE QUENTE]","[C] [LM - RMKT] [ADV. ABO]","AD - BOFU 3",engaged,not_delivering,9144,14347,1.569007,"Compras no site",6,59.19932278,355.1959367,2025-10-13,Contínuo,24.75750587,116,3.06203394,0.8085314,2026-01-01,2026-05-25
"[PUBLICO ABERTO]","[C] [LM - PRINCIPAL] [PLANO B] 1 TESTE","ADS - LEKA",engaged,inactive,10000,13193,1.3193,"Compras no site",2,177.315,354.63,2025-12-10,Contínuo,26.88016372,122,2.90680328,0.92473281,2026-01-01,2026-05-25
"[TESTE PB FECHADO JADE]","[C] [LM - TESTE] [ABO]","AD - JADE TOFU — Cópia — Cópia",existing,active,9221,12281,1.33185121,"Compras no site",3,118.11700651,354.35101954,2026-05-23,Contínuo,28.85359658,120,2.95292516,0.97711913,2026-01-01,2026-05-25
"[RMKT LARANJA MORO-REATIVAÇÃO BASE QUENTE]","[C] [LM - RMKT] [ADV. ABO]","AD - RMK NIVER 3 — Cópia",engaged,inactive,7139,11140,1.56044264,"Compras no site",10,35.33759716,353.37597158,2025-10-13,Contínuo,31.7213619,101,3.498772,0.90664273,2026-01-01,2026-05-25
"Evelyn Regly BM - LM","[C] [LM - TESTE] [ABO]","Teste - ADS 2",existing,not_delivering,7703,20407,2.64922757,"Compras no site",10,35.31955493,353.19554932,2026-02-04,Contínuo,17.30756845,137,2.5780697,0.67133827,2026-01-01,2026-05-25
"[PUBLICO ENG.] [DR]","[C] [TONS] [PB DR]","AD - TOFU",existing,inactive,3324,7414,2.23044525,"Compras no site",9,39.23333333,353.1,2025-06-20,Contínuo,47.62611276,169,2.08934911,2.27947127,2026-01-01,2026-05-25
"Conj. - Q10","[C] [LM - TESTE] [ABO]","ADS2- SABRINA",existing,inactive,6813,18991,2.78746514,"Compras no site",6,58.84562607,353.07375643,2026-02-20,Contínuo,18.59163585,314,1.12443871,1.65341478,2026-01-01,2026-05-25
"[CAMPANHA AQUISIÇÃO]","[C] [JEJOOM] [CBO]","AD - MORGANA TOFU",engaged,active,11122,27988,2.51645388,"Compras no site",5,70.46039386,352.30196931,2025-10-13,Contínuo,12.58760788,1464,0.24064342,5.23081321,2026-01-01,2026-05-25
"[BM JADE]","[C] [LM - TESTE] [ABO]","AD - JADE TOFU",existing,inactive,12204,24253,1.98729925,"Compras no site",2,175.82,351.64,2026-04-17,Contínuo,14.49882489,231,1.52225108,0.95245949,2026-01-01,2026-05-25
"[CAMPANHA AQUISIÇÃO]","[C] [JEJOOM] [CBO]","AD1 - ORGANICO",existing,inactive,9565,15788,1.65060115,"Compras no site",2,175.40779827,350.81559653,2025-10-13,Contínuo,22.22039502,109,3.21849171,0.69039777,2026-01-01,2026-05-25
"[RMKT LARANJA MORO-REATIVAÇÃO BASE QUENTE]","[C] [LM - RMKT] [ADV. ABO]","AD - EVELYN",existing,active,6095,9706,1.59245283,"Compras no site",8,43.61916104,348.95328835,2025-10-13,Contínuo,35.95232726,450,0.77545175,4.63630744,2026-01-01,2026-05-25
"Evelyn Regly - LM","[C] [LM - TESTE] [ABO]","ADS 2",engaged,not_delivering,9056,21035,2.32276943,"Compras no site",4,87.2025,348.81,2026-02-01,Contínuo,16.58236273,224,1.5571875,1.06489185,2026-01-01,2026-05-25
--,"[C] [VARIOS PRODUTO] [ABO] [BID]","AD - NIVER 2",existing,archived,2082,4899,2.35302594,"Compras no site",9,38.61666667,347.55,2026-04-06,Contínuo,70.9430496,143,2.43041958,2.91896305,2026-01-01,2026-05-25
"Conj. - Tipo 2","[C] [LM - TESTE] [ABO]","AD - BOFU",prospecting,not_delivering,38061,57299,1.50545177,"Compras no site",2,173.555,347.11,2026-02-27,Contínuo,6.05787187,190,1.82689474,0.33159392,2026-01-01,2026-05-25
"[RMKT LARANJA MORO-REATIVAÇÃO BASE QUENTE]","[C] [LM - RMKT] [ADV. ABO]","AD - BOFU 1 — Cópia — Cópia",existing,inactive,6091,10317,1.69381054,"Compras no site",5,69.334,346.67,2025-10-13,Contínuo,33.60182224,63,5.50269841,0.61064263,2026-01-01,2026-05-25
"[PUBLICO ENG.] [DR]","[C] [TONS] [PB DR]","ADS - 2025",prospecting,archived,8921,10171,1.14011882,,,,342.61,2025-06-20,Contínuo,33.68498673,180,1.90338889,1.76973749,2026-01-01,2026-05-25
"[COLAGENO] [RMKT]","[C] [VARIOS PRODUTO] [ABO] [BID]","AD - BOFU",existing,not_delivering,8370,16400,1.95937873,"Compras no site",5,68.48516628,342.4258314,2026-05-10,Contínuo,20.87962387,465,0.73639964,2.83536585,2026-01-01,2026-05-25
"TONS TESTE","[C] [TONS] [PB DR]","AD- NIVER 7",existing,inactive,3560,7377,2.07219101,"Compras no site",8,42.70375,341.63,2026-04-06,Contínuo,46.31015318,119,2.87084034,1.61312187,2026-01-01,2026-05-25
"Influ Leka - LM TESTE TRAVA DE CPA","[C] [LM - TESTE] [ABO]","ADS 5",prospecting,archived,16845,24949,1.48109231,"Compras no site",4,85.31,341.24,2026-01-14,Contínuo,13.6775021,142,2.40309859,0.56916109,2026-01-01,2026-05-25
[MOFU],"[C] [LM - PRINCIPAL] - [PLANO B] 2 TESTE","AD - PAM MOFU — Cópia",prospecting,not_delivering,29466,50706,1.72083079,"Compras no site",2,170.565,341.13,2026-03-31,Contínuo,6.7276062,156,2.18673077,0.3076559,2026-01-01,2026-05-25
"Influ Larissa Lemos - Lm","[C] [LM - TESTE] [ABO]","AD1 - 07/12 — Cópia",prospecting,archived,24203,29376,1.21373383,"Compras no site",4,85.2725,341.09,2025-10-13,Contínuo,11.61117919,301,1.13318937,1.02464597,2026-01-01,2026-05-25
[RMK],"[C] [JEJOOM] [CBO]","AD - RMKT",engaged,active,10079,37337,3.70443496,"Compras no site",3,113.3725086,340.1175258,2026-04-17,Contínuo,9.1093962,386,0.88113349,1.03382703,2026-01-01,2026-05-25
"[PUBLICO ABERTO]","[C] [TONS] [PB ABERTO] [TESTE BID CAP]","AD - TOFU 1",existing,not_delivering,7817,14550,1.86132788,"Compras no site",4,84.98484304,339.93937214,2026-03-16,Contínuo,23.36353073,549,0.6191974,3.77319588,2026-01-01,2026-05-25
"[PUBLICO ABERTO]","[C] [LM - PRINCIPAL] [PLANO B] 1 TESTE","ADS - EVELYN 2",prospecting,inactive,13572,21321,1.57095491,"Compras no site",3,113.07333333,339.22,2025-12-10,Contínuo,15.91013555,143,2.37216783,0.67070025,2026-01-01,2026-05-25
"[CAMPANHA AQUISIÇÃO]","[C] [JEJOOM] [CBO]","AD - RMKT",engaged,inactive,7484,18639,2.49051309,"Compras no site",10,33.87120603,338.71206034,2025-10-13,Contínuo,18.17222278,135,2.50897822,0.72428778,2026-01-01,2026-05-25
EVELIN,"[C] [LM - TESTE] [ABO]","AD - EVELYN TOFU",existing,active,10936,13026,1.19111192,"Compras no site",5,67.46089287,337.30446433,2026-05-18,Contínuo,25.89470784,142,2.37538355,1.09012744,2026-01-01,2026-05-25
"[PUBLICO ENG.] [DR]","[C] [TONS] [PB ABERTO] [TESTE BID CAP]","ADS 1 - 18-02",existing,archived,7907,17472,2.20968762,"Compras no site",4,84.10920706,336.43682822,2026-03-16,Contínuo,19.25577085,95,3.5414403,0.54372711,2026-01-01,2026-05-25
"[PUBLICO ENG.] [DR]","[C] [TONS] [PB ABERTO] [TESTE BID CAP]","ADS - ASIATICA | Reativado ROAS bom hoje",existing,archived,6452,10726,1.66243025,"Compras no site",3,111.90710932,335.72132795,2026-03-16,Contínuo,31.29976953,270,1.24341233,2.51724781,2026-01-01,2026-05-25
"[BM] [ANA ELISA]","[C] [LM - TESTE] [ABO]","AD - MOFU ANA ELISA",existing,not_delivering,12471,21438,1.71902815,"Compras no site",5,67.06324082,335.31620408,2025-10-01,Contínuo,15.64120739,236,1.42083137,1.10084896,2026-01-01,2026-05-25
"[BOFU] [ADV+ ABERTO] [ESTATICO]","[C] [LM - TESTE] [ABO]",AD1,engaged,inactive,17074,38464,2.25278201,"Compras no site",8,41.76172321,334.0937857,2026-02-25,Contínuo,8.68588253,228,1.46532362,0.59276206,2026-01-01,2026-05-25
"[AQUISIÇÃO]  [ADV. +]","[C] [LM - PRINCIPAL][EX. BASE] [ADV. +] [CBO]","AD - JESSICA TOFU — Cópia",prospecting,inactive,10341,11421,1.10443864,"Compras no site",3,110.70646762,332.11940287,2026-01-23,Contínuo,29.07971306,141,2.35545676,1.2345679,2026-01-01,2026-05-25
"[BM] [MARCELA/PRI]","[C] [LM - TESTE] [ABO]","AD - PRI TOFU",existing,not_delivering,4616,19735,4.27534662,"Compras no site",6,55.06249115,330.37494688,2026-05-07,Contínuo,16.74055976,179,1.84567009,0.90701799,2026-01-01,2026-05-25
"Arte Organica - Digestino","[C] [LM - TESTE] [ABO]","AD - JESSICA",existing,not_delivering,10292,25774,2.50427517,"Compras no site",5,65.76938959,328.84694796,2026-02-20,Contínuo,12.7588635,515,0.63853776,1.99813766,2026-01-01,2026-05-25
"[TOFU] [TIK TOK] [EXCLUSAÕ BASE] [BID 60] - TESTE ATÉ 20-05","[C] [LM - TESTE] [ABO]","AD - MOFU ate 14-05",existing,not_delivering,9063,20537,2.2660267,"Compras no site",4,81.87795363,327.51181452,2026-03-12,Contínuo,15.94740296,242,1.35335461,1.17836101,2026-01-01,2026-05-25
"Influ Mi Ruback - Vm","[C] [LM - TESTE] [ABO]",AD3,engaged,archived,5204,7886,1.51537279,"Compras no site",4,81.85729298,327.4291719,2026-01-22,Contínuo,41.52031092,206,1.589462,2.61222419,2026-01-01,2026-05-25
"[TOFU] [TIK + ORG ] [ABERTO]","[C] [LM - TESTE] [ABO]","AD3 — Cópia",existing,inactive,8253,11179,1.35453774,"Compras no site",2,163.46611634,326.93223269,2026-02-11,Contínuo,29.24521269,73,4.47852374,0.65301011,2026-01-01,2026-05-25
"Carrossel - Lm","[C] [LM - TESTE] [ABO]","ADS1 - 18-02 — Cópia",existing,inactive,8140,13701,1.68316953,"Compras no site",1,325.7,325.7,2026-02-20,Contínuo,23.77198745,190,1.71421053,1.38676009,2026-01-01,2026-05-25
"Evelyn Regly BM - LM","[C] [LM - TESTE] [ABO]","ADS 1 - NOVO",existing,not_delivering,6735,13226,1.96377134,"Compras no site",5,65.13183673,325.65918363,2026-02-04,Contínuo,24.62265111,112,2.90767128,0.84681688,2026-01-01,2026-05-25
"[CAMPANHA AQUISIÇÃO]","[C] [JEJOOM] [CBO]","ADS - MORGANA 1 24-12",existing,inactive,5419,11645,2.14892047,"Compras no site",5,65.0631161,325.31558049,2025-10-13,Contínuo,27.93607389,149,2.18332604,1.27951911,2026-01-01,2026-05-25
"Influ Sabrina 2 - Lm","[C] [LM - TESTE] [ABO]","ADS 1 - SABRINA",prospecting,archived,9279,13892,1.49714409,"Compras no site",3,108.4,325.2,2026-02-05,Contínuo,23.40915635,134,2.42686567,0.96458393,2026-01-01,2026-05-25
"[CAMPANHA AQUISIÇÃO]","[C] [JEJOOM] [CBO]","AD1 - ORGANICO",prospecting,inactive,15183,20462,1.3476915,"Compras no site",7,46.32798992,324.29592941,2025-10-13,Contínuo,15.84869169,146,2.221205,0.71351774,2026-01-01,2026-05-25
"LP NOVA","[C] [TONS] [PB DR]","ADS - MEIO 13-02-2026",prospecting,not_delivering,12273,12996,1.0589098,"Compras no site",6,54.005,324.03,2026-02-09,Contínuo,24.93305633,280,1.15725,2.15450908,2026-01-01,2026-05-25
EVELIN,"[C] [LM - TESTE] [ABO]","AD -  EVELYN",existing,active,13083,16744,1.27982879,"Compras no site",3,107.84719576,323.54158729,2026-05-18,Contínuo,19.32283727,108,2.99575544,0.64500717,2026-01-01,2026-05-25
"[RMKT LARANJA MORO-REATIVAÇÃO BASE QUENTE]","[C] [LM - RMKT] [ADV. ABO]","AD - MOFU ANA ELISA REFAÇÃO 17-05 — Cópia — Cópia",prospecting,inactive,5820,7511,1.29054983,"Compras no site",1,323.01,323.01,2025-10-13,Contínuo,43.00492611,88,3.67056818,1.17161496,2026-01-01,2026-05-25
"[PUBLICO ABERTO]","[C] [TESTE LP]","ADS — Cópia",prospecting,archived,29658,30278,1.02090498,,,,322.66,2026-02-24,Contínuo,10.65658234,126,2.56079365,0.41614373,2026-01-01,2026-05-25
"[Publico Quente] [TESTE]","[C] [DIGESTINO] [PRINCIPAL]","AD3 - 07/01",engaged,not_delivering,5197,11174,2.15008659,"Compras no site",4,80.3575,321.43,2025-12-24,Contínuo,28.76588509,162,1.9841358,1.44979417,2026-01-01,2026-05-25
"[TESTE PB FECHADO]","[C] [LM - TESTE] [ABO]","AD -  EVELYN",existing,active,11529,12910,1.11978489,"Compras no site",6,53.5266268,321.15976082,2026-05-22,Contínuo,24.87682113,98,3.27714042,0.75910147,2026-01-01,2026-05-25
"[TOFU] - [EX. PURCHASE]","[C] [LM - PRINCIPAL] - [PLANO B] 2 TESTE","ADS - JESSICA",engaged,inactive,7992,13722,1.71696697,"Compras no site",8,40.05349705,320.42797641,2026-03-25,Contínuo,23.35140478,462,0.69356705,3.36685614,2026-01-01,2026-05-25
"[CAMPANHA AQUISIÇÃO]","[C] [JEJOOM] [CBO]","ADS - LARI 1 24-12",engaged,inactive,7791,13730,1.76228982,"Compras no site",3,106.76813213,320.30439639,2025-10-13,Contínuo,23.32879799,155,2.06647998,1.12891479,2026-01-01,2026-05-25
"[BOFU] [ADV+ ABERTO] [ESTATICO]","[C] [LM - TESTE] [ABO]","AD - DANI TOFU 2",prospecting,not_delivering,40510,51254,1.26521846,,,,319.6289879,2026-02-25,Contínuo,6.23617645,225,1.42057328,0.43899013,2026-01-01,2026-05-25
"[PUBLICO ENG.] [DR]","[C] [TONS] [PB DR]","tons_dr-ursinho-melasma1-13-10-2025 — Cópia",existing,active,5189,6991,1.34727308,"Compras no site",5,63.77267856,318.8633928,2025-06-20,Contínuo,45.6105554,119,2.67952431,1.70218853,2026-01-01,2026-05-25
"[PUBLICO ABERTO]","[C] [LM - PRINCIPAL] [PLANO B] 1 TESTE","ADS - ORGANICO LM 2",engaged,inactive,16212,23807,1.46848014,"Compras no site",9,35.40555556,318.65,2025-12-10,Contínuo,13.38471878,154,2.06915584,0.64686857,2026-01-01,2026-05-25
"[PUBLICO ENG.] [DR]","[C] [TONS] [PB DR]","ADS 3 - MES DO CLIENTE",existing,archived,3795,8009,2.11040843,"Compras no site",1,317.83539702,317.83539702,2025-06-20,Contínuo,39.68477925,48,6.62157077,0.59932576,2026-01-01,2026-05-25
"[PUBLICO ABERTO]","[C] [LM - PRINCIPAL] [PLANO B] 1 TESTE","ADS - LEKA",existing,inactive,6224,8789,1.4121144,"Compras no site",6,52.75,316.5,2025-12-10,Contínuo,36.01092274,135,2.34444444,1.53601092,2026-01-01,2026-05-25
"[EXCLUSÃO BASE] [ADV. +]","[C] [LM - PRINCIPAL][EX. BASE] [ADV. +] [CBO]","AD - ISA MOFU — Cópia — Cópia",prospecting,inactive,16379,20604,1.25795226,"Compras no site",3,105.44151022,316.32453067,2026-03-17,Contínuo,15.35257866,169,1.87174279,0.82022908,2026-01-01,2026-05-25
adv-aqui-rmtk_coezima-q10_engajado-existente_5-existentes_max-conv_26-05-2025,"[C] [COQ.10][PRINCIPAL]","ADS1 - ORGANICO",engaged,inactive,6942,14500,2.08873523,"Compras no site",2,158.15,316.3,2025-01-20,Contínuo,21.8137931,167,1.89401198,1.15172414,2026-01-01,2026-05-25
"[BM] [ANA ELISA]","[C] [LM - TESTE] [ABO]","AD - MOFU ANA ELISA",engaged,not_delivering,8292,15534,1.87337192,"Compras no site",3,105.29369228,315.88107684,2025-10-01,Contínuo,20.3348189,200,1.57940538,1.28749839,2026-01-01,2026-05-25
[MOFU],"[C] [LM - PRINCIPAL] - [PLANO B] 2 TESTE","AD - MOFU",engaged,not_delivering,12415,26562,2.13950866,"Compras no site",6,52.51916898,315.11501388,2026-03-31,Contínuo,11.86337677,715,0.4407203,2.69181538,2026-01-01,2026-05-25
"[RMKT LARANJA MORO-REATIVAÇÃO BASE QUENTE]","[C] [LM - RMKT] [ADV. ABO]","AD - JESSICA TOFU",prospecting,inactive,7948,9160,1.15249119,"Compras no site",2,157.215,314.43,2025-10-13,Contínuo,34.32641921,98,3.20846939,1.069869,2026-01-01,2026-05-25
"[RMKT LARANJA MORO-REATIVAÇÃO BASE QUENTE]","[C] [LM - RMKT] [ADV. ABO]","ADS 1",existing,not_delivering,4506,5877,1.30426099,"Compras no site",6,52.19953613,313.19721679,2025-10-13,Contínuo,53.29202259,115,2.72345406,1.95678067,2026-01-01,2026-05-25
"Evelyn Regly BM - LM","[C] [LM - TESTE] [ABO]","ADS 3 - NOVO VM — Cópia",engaged,not_delivering,8098,13163,1.62546308,"Compras no site",5,62.60872703,313.04363513,2026-02-04,Contínuo,23.78208882,196,1.5971614,1.48902226,2026-01-01,2026-05-25
"[PERFIL NOVO]","[C] [LM - PRINCIPAL] - [PLANO B] 2 TESTE","Teste - ADS 2",existing,inactive,10897,29827,2.73717537,"Compras no site",6,51.95297748,311.7178649,2026-03-25,Contínuo,10.45086214,185,1.68496143,0.6202434,2026-01-01,2026-05-25
"[TESTE PB FECHADO]","[C] [LM - TESTE] [ABO]","AD - RMK EVELYN LP LM1",existing,active,7942,12196,1.53563334,"Compras no site",6,51.7533572,310.52014318,2026-05-22,Contínuo,25.46081856,106,2.92943531,0.86913742,2026-01-01,2026-05-25
"[TOFU] [TIK TOK] [EXCLUSAÕ BASE] [BID 60] - TESTE ATÉ 20-05","[C] [LM - TESTE] [ABO]","AD - MOFU ate 14-05",prospecting,inactive,20287,24368,1.20116331,,,,309.59003847,2026-03-12,Contínuo,12.70477834,177,1.74909626,0.72636244,2026-01-01,2026-05-25
"Conj. - Q10","[C] [LM - TESTE] [ABO]","AD - NIVER",engaged,not_delivering,7058,20023,2.83692264,"Compras no site",1,309.42794438,309.42794438,2026-02-20,Contínuo,15.45362555,229,1.35121373,1.14368476,2026-01-01,2026-05-25
"[CAMPANHA AQUISIÇÃO]","[C] [JEJOOM] [CBO]","AD - ORGANICO",existing,inactive,5841,8868,1.51823318,"Compras no site",6,51.54409928,309.26459565,2025-10-13,Contínuo,34.87422143,93,3.32542576,1.04871448,2026-01-01,2026-05-25
EVELIN,"[C] [LM - TESTE] [ABO]","AD -  EVELYN",engaged,active,11508,15527,1.34923531,"Compras no site",5,61.84946732,309.2473366,2026-05-18,Contínuo,19.91674738,140,2.20890955,0.90165518,2026-01-01,2026-05-25
"[PUBLICO ENG.] [DR]","[C] [TONS] [PB DR]","AD - TOFU",engaged,inactive,6129,8255,1.34687551,"Compras no site",3,102.47923131,307.43769393,2025-06-20,Contínuo,37.24260375,148,2.07728172,1.79285282,2026-01-01,2026-05-25
"[TESTE PB FECHADO]","[C] [LM - TESTE] [ABO]","AD - RMK EVELYN LP LM1",prospecting,active,12373,17719,1.43206983,"Compras no site",1,307.40114618,307.40114618,2026-05-22,Contínuo,17.34867352,125,2.45920917,0.70545742,2026-01-01,2026-05-25
"Influ Raiza 3 - LM TESTE TRAVA DE CPA","[C] [LM - TESTE] [ABO]","ADS 3",existing,archived,5185,18023,3.47598843,"Compras no site",4,76.73325221,306.93300882,2026-01-30,Contínuo,17.03007317,391,0.78499491,2.16945015,2026-01-01,2026-05-25
"Influ Adeli - Lm","[C] [LM - TESTE] [ABO]",AD1,prospecting,not_delivering,28122,34233,1.21730318,"Compras no site",3,102.26933859,306.80801578,2026-03-10,Contínuo,8.96234674,83,3.69648212,0.24245611,2026-01-01,2026-05-25
"[PERFIL NOVO]","[C] [LM - PRINCIPAL] - [PLANO B] 2 TESTE","AD - 1",existing,not_delivering,13927,22651,1.62640913,"Compras no site",5,61.34017342,306.70086711,2026-03-25,Contínuo,13.54027933,313,0.97987497,1.38183745,2026-01-01,2026-05-25
"[PERFIL NOVO]","[C] [LM - PRINCIPAL] - [PLANO B] 2 TESTE","ADS 3 - NOVO VM — Cópia",prospecting,inactive,22263,37326,1.67659345,,,,305.04180771,2026-03-25,Contínuo,8.17236799,188,1.62256281,0.50367036,2026-01-01,2026-05-25
rmkt_tons_estáticos_visitantes-engajado-compradores_max-conv_cpa35_02-09-2025_7,"[C] [TONS] [PB DR]",tons3_rmkt_20-10-2025,existing,not_delivering,5455,10330,1.89367553,"Compras no site",7,43.56261768,304.93832379,2025-09-02,Contínuo,29.51968284,154,1.98011899,1.49080348,2026-01-01,2026-05-25
"[TOFU] [TIK TOK] [EXCLUSAÕ BASE] [BID 60] - TESTE ATÉ 20-05","[C] [LM - TESTE] [ABO]","AD - MI MOFU",engaged,inactive,12918,38577,2.98629819,"Compras no site",2,152.26681697,304.53363393,2026-03-12,Contínuo,7.89417617,592,0.51441492,1.53459315,2026-01-01,2026-05-25
"[BM JADE]","[C] [LM - TESTE] [ABO]","AD - JADE TOFU",engaged,inactive,11743,24314,2.07051009,"Compras no site",7,43.42216308,303.95514159,2026-04-17,Contínuo,12.50123968,241,1.26122465,0.99119849,2026-01-01,2026-05-25
"Carrossel - Lm","[C] [LM - TESTE] [ABO]","CARROSSEL 1 - 18-02",engaged,not_delivering,4775,10382,2.17424084,"Compras no site",7,43.36,303.52,2026-02-20,Contínuo,29.23521479,330,0.91975758,3.17857831,2026-01-01,2026-05-25
"[PUBLICO ENG.] [DR]","[C] [TONS] [PB DR]","tons2_rmkt_20-10-2025-pagdenavita — Cópia",prospecting,archived,7363,11027,1.49762325,"Compras no site",2,151.59,303.18,2025-06-20,Contínuo,27.49433209,120,2.5265,1.08823796,2026-01-01,2026-05-25
"[PUBLICO ENG.] [DR]","[C] [TONS] [PB ABERTO] [TESTE BID CAP]","AD - TOFU 2",engaged,not_delivering,7708,14987,1.94434354,"Compras no site",2,151.50633909,303.01267818,2026-03-16,Contínuo,20.2183678,263,1.15213946,1.75485421,2026-01-01,2026-05-25
"[BM JADE]","[C] [LM - TESTE] [ABO]","AD - RMK  EVELYN 18-05 PERFIL DENA — Cópia — Cópia",prospecting,inactive,38023,45620,1.19980012,,,,301.82,2026-04-17,Contínuo,6.61595791,131,2.30396947,0.28715476,2026-01-01,2026-05-25
"[PUBLICO ENG.] [DR]","[C] [TONS] [PB ABERTO] [TESTE BID CAP]","ADS - ASIATICA | Reativado ROAS bom hoje",engaged,archived,5857,9059,1.54669626,"Compras no site",1,301.2332461,301.2332461,2026-03-16,Contínuo,33.2523729,245,1.22952345,2.70449277,2026-01-01,2026-05-25
"[PUBLICO ENG.] [DR]","[C] [TONS] [PB DR]","tons_dr-ursinho-melasma1-13-10-2025 — Cópia",engaged,active,5498,6877,1.25081848,"Compras no site",3,100.01576387,300.0472916,2025-06-20,Contínuo,43.63054989,151,1.98706816,2.19572488,2026-01-01,2026-05-25
"[AQUISIÇÃO]  [ADV. +]","[C] [LM - PRINCIPAL][EX. BASE] [ADV. +] [CBO]","AD - LEMOS TOFU",existing,inactive,8523,11345,1.33110407,"Compras no site",5,59.66084436,298.3042218,2026-01-23,Contínuo,26.2938935,102,2.92455119,0.89907448,2026-01-01,2026-05-25
"teste aquisição ate dia 15  - Lm","[C] [LM - TESTE] [ABO]","AD - ANA MOFU",prospecting,inactive,11034,15721,1.42477796,"Compras no site",2,148.65,297.3,2026-02-04,Contínuo,18.91101075,74,4.01756757,0.47070797,2026-01-01,2026-05-25
"Influ Maritza 0","[C] [LM - TESTE] [ABO]","Criativo 1 29/12",prospecting,archived,15400,23589,1.53175325,"Compras no site",3,98.54841389,295.64524166,2025-11-10,Contínuo,12.53318249,137,2.15799446,0.58077918,2026-01-01,2026-05-25
"[AQUISIÇÃO]  [ADV. +]","[C] [LM - PRINCIPAL][EX. BASE] [ADV. +] [CBO]","ADS - MES CONSUMIDOR 3",prospecting,inactive,5768,7963,1.38054785,"Compras no site",1,294.4,294.4,2026-01-23,Contínuo,36.97099083,45,6.54222222,0.56511365,2026-01-01,2026-05-25
"Influ Raiza - Lm","[C] [LM - TESTE] [ABO]",AD1,prospecting,not_delivering,9556,17530,1.83444956,"Compras no site",3,98.12901266,294.38703797,2026-03-21,Contínuo,16.79332789,88,3.34530725,0.50199658,2026-01-01,2026-05-25
"Arte - Organica Tons ###","[C] [LM - TESTE] [ABO]",AD6,engaged,inactive,11814,19355,1.63831048,"Compras no site",3,98.02630124,294.07890372,2026-01-26,Contínuo,15.19395008,190,1.5477837,0.98165849,2026-01-01,2026-05-25
"Nutri - Tons [Teste até 13-03]","[C] [LM - TESTE] [ABO]",AD3,prospecting,not_delivering,10715,14913,1.39178721,"Compras no site",3,97.97,293.91,2026-03-09,Contínuo,19.70830819,123,2.3895122,0.82478375,2026-01-01,2026-05-25
"[RMKT LARANJA MORO-REATIVAÇÃO BASE QUENTE]","[C] [LM - RMKT] [ADV. ABO]","AD - BOFU 1 — Cópia — Cópia",prospecting,inactive,7248,10075,1.39003863,"Compras no site",4,73.265,293.06,2025-10-13,Contínuo,29.08784119,77,3.80597403,0.76426799,2026-01-01,2026-05-25
"[BM] [ANA ELISA]","[C] [LM - TESTE] [ABO]","AD - ANA MOFU",prospecting,inactive,14533,25580,1.76013211,"Compras no site",1,292.59313963,292.59313963,2025-10-01,Contínuo,11.43835573,128,2.2858839,0.50039093,2026-01-01,2026-05-25
"Influ Larissa Lemos - Lm","[C] [LM - TESTE] [ABO]","Video 3 Larissa Lemos - 29/12",existing,archived,3216,9874,3.07027363,"Compras no site",6,48.5211126,291.12667559,2025-10-13,Contínuo,29.48416808,66,4.41101024,0.66842212,2026-01-01,2026-05-25
"ESTUDOS CLINICOS","[C] [LM - PRINCIPAL][EX. BASE] [ADV. +] [CBO]",AD1,engaged,archived,6572,10428,1.58673159,"Compras no site",4,72.325,289.3,2026-03-20,Contínuo,27.74261603,100,2.893,0.95895666,2026-01-01,2026-05-25
"Influ Vitoria - Lm","[C] [LM - TESTE] [ABO]",AD1,prospecting,not_delivering,23943,40281,1.68237063,"Compras no site",1,289.28,289.28,2026-03-12,Contínuo,7.18154961,114,2.53754386,0.28301184,2026-01-01,2026-05-25
"[TOFU] [TIK TOK] [EXCLUSAÕ BASE] [BID 60] - TESTE ATÉ 20-05","[C] [LM - TESTE] [ABO]","AD - MI MOFU",prospecting,inactive,15940,30116,1.88933501,"Compras no site",1,287.68641496,287.68641496,2026-03-12,Contínuo,9.55261041,220,1.30766552,0.7305087,2026-01-01,2026-05-25
"[VINAGRE] [RMKT]","[C] [VARIOS PRODUTO] [ABO] [BID]","AD - TOFU",existing,active,5149,7635,1.4828122,"Compras no site",6,47.895,287.37,2026-01-20,Contínuo,37.63850688,384,0.74835938,5.02946955,2026-01-01,2026-05-25
"[EXCLUSÃO BASE] [ADV. +]","[C] [LM - PRINCIPAL][EX. BASE] [ADV. +] [CBO]","AD - BOFU 3",prospecting,inactive,21996,26309,1.19608111,,,,286.39267032,2026-03-17,Contínuo,10.88572999,90,3.18214078,0.34208826,2026-01-01,2026-05-25
"[BM] [ANA ELISA]","[C] [LM - TESTE] [ABO]","AD - RMK NIVER 2",engaged,inactive,9849,22687,2.30348259,"Compras no site",9,31.78334293,286.05008639,2025-10-01,Contínuo,12.60854615,170,1.68264757,0.74932781,2026-01-01,2026-05-25
"[RMKT LARANJA MORO-REATIVAÇÃO BASE QUENTE]","[C] [LM - RMKT] [ADV. ABO]","AD - ANA ELISA",prospecting,inactive,4754,6809,1.43226756,"Compras no site",4,71.3375,285.35,2025-10-13,Contínuo,41.90776913,107,2.66682243,1.57144955,2026-01-01,2026-05-25
"[CAMPANHA AQUISIÇÃO]","[C] [JEJOOM] [CBO]","ARTE 4 20-10-2025 DENAVITA",prospecting,inactive,8034,14158,1.76226039,"Compras no site",3,94.85626517,284.56879551,2025-10-13,Contínuo,20.09950526,104,2.73623842,0.73456703,2026-01-01,2026-05-25
"Influ Paula Bigode - Vm","[C] [LM - TESTE] [ABO]",AD1,prospecting,archived,4025,4964,1.23329193,"Compras no site",3,94.72,284.16,2026-01-28,Contínuo,57.24415794,103,2.75883495,2.07493956,2026-01-01,2026-05-25
"Evelyn Regly BM - LM","[C] [LM - TESTE] [ABO]","ADS 2 - NOVO VM",prospecting,not_delivering,14788,23773,1.60758723,"Compras no site",6,47.28889035,283.73334209,2026-02-04,Contínuo,11.93510882,188,1.5092199,0.79081311,2026-01-01,2026-05-25
"TONS TESTE","[C] [TONS] [PB DR]","AD- NIVER 7",prospecting,inactive,7753,11824,1.52508706,"Compras no site",3,93.94666667,281.84,2026-04-06,Contínuo,23.83626522,107,2.63401869,0.90493911,2026-01-01,2026-05-25
"LP - 2","[C] [LM - PRINCIPAL][EX. BASE] [ADV. +] [CBO]","ADS - ANA ELISA 2",prospecting,archived,8060,12993,1.61203474,"Compras no site",5,56.25066913,281.25334567,2026-01-19,Contínuo,21.64652857,96,2.92972235,0.73885939,2026-01-01,2026-05-25
[EVELIN],"[C] [LM - PRINCIPAL][EX. BASE] [ADV. +] [CBO]","AD - EVELYN",prospecting,inactive,28285,31356,1.10857345,"Compras no site",5,56.08,280.4,2026-03-31,Contínuo,8.94246715,177,1.58418079,0.56448527,2026-01-01,2026-05-25
adv-aqui-rmtk_coezima-q10_engajado-existente_5-existentes_max-conv_26-05-2025,"[C] [COQ.10][PRINCIPAL]","coenzima-23-10-video-sabrina 2",engaged,inactive,3350,5682,1.6961194,,,,279.32,2025-01-20,Contínuo,49.15874692,209,1.33645933,3.67828229,2026-01-01,2026-05-25
"[TOFU] - [EX. PURCHASE]","[C] [LM - PRINCIPAL] - [PLANO B] 2 TESTE","ADS - ANA ELISA 2",engaged,not_delivering,8179,18744,2.2917227,"Compras no site",6,46.52833333,279.17,2026-03-25,Contínuo,14.89383269,124,2.25137097,0.66154503,2026-01-01,2026-05-25
"Varias Influs - VM","[C] [LM - TESTE] [ABO]","ADS 4",existing,not_delivering,4219,5825,1.38065892,"Compras no site",1,278.46,278.46,2026-02-19,Contínuo,47.80429185,184,1.51336957,3.15879828,2026-01-01,2026-05-25
"[TOFU] [TIK + ORG ] [ABERTO]","[C] [LM - TESTE] [ABO]","AD - TOFU",prospecting,inactive,15761,20935,1.32827866,"Compras no site",2,138.45,276.9,2026-02-11,Contínuo,13.22665393,119,2.32689076,0.56842608,2026-01-01,2026-05-25
"[BM] [ANA ELISA]","[C] [LM - TESTE] [ABO]","ADS 1",engaged,inactive,5281,15812,2.9941299,"Compras no site",2,138.39691012,276.79382023,2025-10-01,Contínuo,17.50530105,415,0.66697306,2.62458892,2026-01-01,2026-05-25
"Influ Maritza 1 - LM TESTE TRAVA DE CPA","[C] [LM - TESTE] [ABO]",24-12,engaged,archived,10098,15976,1.58209546,"Compras no site",5,55.11914699,275.59573496,2025-11-25,Contínuo,17.25060935,145,1.90066024,0.90761142,2026-01-01,2026-05-25
"[AQUISIÇÃO]  [ADV. +]","[C] [LM - PRINCIPAL][EX. BASE] [ADV. +] [CBO]","ADS - AINA",engaged,inactive,9578,14014,1.46314471,"Compras no site",2,137.51268265,275.0253653,2026-01-23,Contínuo,19.62504391,322,0.85411604,2.2977023,2026-01-01,2026-05-25
"[VINAGRE] [RMKT]","[C] [VARIOS PRODUTO] [ABO] [BID]","AD - TOFU — Cópia",engaged,active,5981,8364,1.39842836,"Compras no site",1,273.94248294,273.94248294,2026-01-20,Contínuo,32.7525685,346,0.79174128,4.13677666,2026-01-01,2026-05-25
[RMK],"[C] [JEJOOM] [CBO]","AD - RMKT PERFIL MORG + DENA",prospecting,inactive,18254,39431,2.16012929,"Compras no site",2,136.35837674,272.71675349,2026-04-17,Contínuo,6.91630325,160,1.70447971,0.40577211,2026-01-01,2026-05-25
"[PUBLICO ABERTO]","[C] [TESTE LP]","ADS - RAIZA 3 — Cópia",prospecting,archived,20506,20542,1.00175558,,,,272.01,2026-02-24,Contínuo,13.24165125,130,2.09238462,0.63284977,2026-01-01,2026-05-25
"[BM JADE]","[C] [LM - TESTE] [ABO]","AD - JADE TOFU",existing,inactive,10929,25924,2.3720377,"Compras no site",6,45.29130703,271.7478422,2026-04-17,Contínuo,10.48248118,178,1.52667327,0.68662243,2026-01-01,2026-05-25
"[PUBLICO ABERTO]","[C] [LM - PRINCIPAL] [PLANO B] 1 TESTE","ADS - ORGANICO LM 2",engaged,inactive,17731,34907,1.96869889,"Compras no site",4,67.82661323,271.30645292,2025-12-10,Contínuo,7.77226496,143,1.89724792,0.40965995,2026-01-01,2026-05-25
"[Publico Quente] [TESTE]","[C] [DIGESTINO] [PRINCIPAL]","AD1 - 07/01",engaged,inactive,4869,12123,2.48983364,"Compras no site",2,135.44256133,270.88512265,2025-12-24,Contínuo,22.34472677,109,2.48518461,0.89911738,2026-01-01,2026-05-25
"[PUBLICO ABERTO]","[C] [TONS] [PB ABERTO] [TESTE BID CAP]","AD - TOFU 1",engaged,not_delivering,6750,11310,1.67555556,"Compras no site",3,90.27248882,270.81746645,2026-03-16,Contínuo,23.94495725,487,0.55609336,4.30592396,2026-01-01,2026-05-25
"Influ Evelyn - Vm","[C] [LM - TESTE] [ABO]","ADS 2",prospecting,not_delivering,6534,8236,1.26048362,"Compras no site",3,90.10333333,270.31,2026-01-29,Contínuo,32.82054395,95,2.84536842,1.15347256,2026-01-01,2026-05-25
"[RMKT LARANJA MORO-REATIVAÇÃO BASE QUENTE]","[C] [LM - RMKT] [ADV. ABO]","AD - MOFU ANA ELISA — Cópia — Cópia",prospecting,inactive,3274,4590,1.4019548,"Compras no site",3,89.85,269.55,2025-10-13,Contínuo,58.7254902,78,3.45576923,1.69934641,2026-01-01,2026-05-25
"[PERFIL NOVO]","[C] [LM - PRINCIPAL] - [PLANO B] 2 TESTE","ADS 5",prospecting,inactive,15200,25936,1.70631579,"Compras no site",2,134.65,269.3,2026-03-25,Contínuo,10.38325108,122,2.20737705,0.47038865,2026-01-01,2026-05-25
"Nutri - Tons [Teste até 13-03]","[C] [LM - TESTE] [ABO]",AD3,existing,not_delivering,6535,11415,1.74674828,"Compras no site",2,134.485,268.97,2026-03-09,Contínuo,23.56285589,244,1.10233607,2.13753833,2026-01-01,2026-05-25
"[AQUISIÇÃO]  [ADV. +]","[C] [LM - PRINCIPAL][EX. BASE] [ADV. +] [CBO]","ADS - EVELYN",engaged,inactive,6950,16471,2.36992806,"Compras no site",6,44.81017122,268.86102735,2026-01-23,Contínuo,16.32329715,107,2.51271988,0.64962662,2026-01-01,2026-05-25
"[TOFU] [TIK TOK] [EXCLUSAÕ BASE] [BID 60] - TESTE ATÉ 20-05","[C] [LM - TESTE] [ABO]","AD - MOFU",prospecting,inactive,22923,31054,1.35470924,"Compras no site",1,268.81136569,268.81136569,2026-03-12,Contínuo,8.65625574,124,2.16783359,0.39930444,2026-01-01,2026-05-25
"[EXCLUSÃO BASE] [ADV. +]","[C] [LM - PRINCIPAL][EX. BASE] [ADV. +] [CBO]","AD - ISA MOFU",prospecting,inactive,12479,16110,1.29096883,"Compras no site",1,268.70935256,268.70935256,2026-03-17,Contínuo,16.67966186,111,2.42080498,0.68901304,2026-01-01,2026-05-25
"[TOFU] [TIK + ORG ] [ABERTO]","[C] [LM - TESTE] [ABO]","AD - MOFU ate 14-05 — Cópia",prospecting,inactive,12714,15254,1.19977977,,,,268.64663813,2026-02-11,Contínuo,17.61155357,233,1.15298986,1.52746821,2026-01-01,2026-05-25
"Influ Vitoria - Lm","[C] [LM - TESTE] [ABO]",AD1,existing,not_delivering,10445,26173,2.50579225,"Compras no site",6,44.76333333,268.58,2026-03-12,Contínuo,10.26172009,338,0.79461538,1.29140718,2026-01-01,2026-05-25
"[TOFU] [TIK]","[C] [LM - TESTE] [ABO]","AD -1 — Cópia",prospecting,active,9810,12505,1.27471967,"Compras no site",3,89.32719202,267.98157606,2026-05-23,Contínuo,21.4299541,133,2.01489907,1.06357457,2026-01-01,2026-05-25
"[CAMPANHA AQUISIÇÃO]","[C] [JEJOOM] [CBO]","ARTE 1 LARISSA — Cópia",existing,inactive,5420,12191,2.24926199,"Compras no site",6,44.64833333,267.89,2025-10-13,Contínuo,21.97440735,109,2.45770642,0.89410221,2026-01-01,2026-05-25
"[DIGESTINO] [RMKT]","[C] [VARIOS PRODUTO] [ABO] [BID]","[Criativo 2 Digestino] — Cópia",engaged,not_delivering,11975,28068,2.34388309,"Compras no site",2,133.49498942,266.98997884,2026-05-10,Contínuo,9.5122552,243,1.09872419,0.8657546,2026-01-01,2026-05-25
"LP - ATUAL","[C] [LM - PRINCIPAL][EX. BASE] [ADV. +] [CBO]","ADS - ANA ELISA 2",prospecting,archived,8710,12472,1.43191734,,,,265.59,2026-01-19,Contínuo,21.29490058,103,2.57854369,0.8258499,2026-01-01,2026-05-25
"[CAMPANHA AQUISIÇÃO]","[C] [JEJOOM] [CBO]","ADS - MORGANA 1 24-12",prospecting,inactive,5776,9642,1.66932133,,,,265.55088102,2025-10-13,Contínuo,27.54105798,81,3.27840594,0.84007467,2026-01-01,2026-05-25
[RMK],"[C] [JEJOOM] [CBO]","AD - RMKT PERFIL DENA + JEJOOM",prospecting,active,21222,28022,1.3204222,"Compras no site",2,132.75493567,265.50987133,2026-04-17,Contínuo,9.47505072,75,3.54013162,0.26764685,2026-01-01,2026-05-25
"[VINAGRE] [RMKT]","[C] [VARIOS PRODUTO] [ABO] [BID]",AD6,engaged,inactive,3099,6792,2.19167473,"Compras no site",7,37.77121518,264.39850624,2026-01-20,Contínuo,38.92793084,128,2.06561333,1.88457008,2026-01-01,2026-05-25
"[PUBLICO ENG.] [DR]","[C] [TONS] [PB ABERTO] [TESTE BID CAP]","ADS - MOFU",existing,inactive,7627,16322,2.14002884,"Compras no site",6,44.06632549,264.39795294,2026-03-16,Contínuo,16.1988698,323,0.81856951,1.97892415,2026-01-01,2026-05-25
"LP NOVA","[C] [TONS] [PB DR]","tons1_rmkt_20-10-2025 — Cópia",existing,inactive,5659,13347,2.35854391,"Compras no site",3,88.07486056,264.22458168,2026-02-09,Contínuo,19.79655216,100,2.64224582,0.74923204,2026-01-01,2026-05-25
"[RMKT LARANJA MORO-REATIVAÇÃO BASE QUENTE]","[C] [LM - RMKT] [ADV. ABO]","AD - NIVER 2",existing,not_delivering,4135,6318,1.52793229,"Compras no site",4,65.925,263.7,2025-10-13,Contínuo,41.73789174,76,3.46973684,1.20291231,2026-01-01,2026-05-25
"[RMKT LARANJA MORO-REATIVAÇÃO BASE QUENTE]","[C] [LM - RMKT] [ADV. ABO]","ADSS - ORGANICO 2",engaged,inactive,9911,12517,1.26294017,"Compras no site",5,52.48668351,262.43341753,2025-10-13,Contínuo,20.96615943,100,2.62433418,0.79891348,2026-01-01,2026-05-25
"[PERFIL NOVO]","[C] [LM - PRINCIPAL] - [PLANO B] 2 TESTE","Teste - ADS 2",engaged,inactive,8490,23960,2.8221437,"Compras no site",3,87.13273652,261.39820956,2026-03-25,Contínuo,10.90977502,210,1.24475338,0.87646077,2026-01-01,2026-05-25
"[PUBLICO ENG.] [DR]","[C] [TONS] [PB ABERTO] [TESTE BID CAP]","ADS 1 - 18-02",engaged,archived,6757,12709,1.88086429,"Compras no site",2,130.41489415,260.8297883,2026-03-16,Contínuo,20.52323458,109,2.39293384,0.85765993,2026-01-01,2026-05-25
"[TOFU] - [EX. PURCHASE]","[C] [LM - PRINCIPAL] - [PLANO B] 2 TESTE","ADS - ANA ELISA 2",existing,not_delivering,9247,20097,2.17335352,"Compras no site",8,32.565,260.52,2026-03-25,Contínuo,12.96312883,126,2.06761905,0.62695925,2026-01-01,2026-05-25
"[PUBLICO ABERTO]","[C] [LM - PRINCIPAL] [PLANO B] 1 TESTE","ADS - RAIZA 4",engaged,inactive,9436,13344,1.41415854,,,,258.75,2025-12-10,Contínuo,19.39073741,110,2.35227273,0.82434053,2026-01-01,2026-05-25
"[TOFU] [TIK TOK] [EXCLUSAÕ BASE] [BID 60] - TESTE ATÉ 20-05","[C] [LM - TESTE] [ABO]",AD1,existing,inactive,11287,25399,2.25028794,"Compras no site",6,42.95736057,257.7441634,2026-03-12,Contínuo,10.14780753,221,1.16626318,0.870113,2026-01-01,2026-05-25
"[PERFIL NOVO]","[C] [LM - PRINCIPAL] - [PLANO B] 2 TESTE","ADS 3 - NOVO VM — Cópia",existing,inactive,10070,21997,2.18440914,,,,256.71785804,2026-03-25,Contínuo,11.67058499,116,2.21308498,0.52734464,2026-01-01,2026-05-25
"[MI RUBACK]","[C] [LM - PRINCIPAL][EX. BASE] [ADV. +] [CBO]","AD - TOFU",existing,inactive,9538,25129,2.63461942,"Compras no site",3,85.40203312,256.20609935,2026-03-18,Contínuo,10.1956345,417,0.61440312,1.6594373,2026-01-01,2026-05-25
"[TESTE PB FECHADO]","[C] [LM - TESTE] [ABO]","AD - EVELYN TOFU",engaged,active,6004,6897,1.14873418,"Compras no site",7,36.54404454,255.80831181,2026-05-22,Contínuo,37.08979438,116,2.20524407,1.68189068,2026-01-01,2026-05-25
"[AQUISIÇÃO]  [ADV. +]","[C] [LM - PRINCIPAL][EX. BASE] [ADV. +] [CBO]","AD2 — DANI",prospecting,inactive,13327,16616,1.24679223,"Compras no site",1,254.62,254.62,2026-01-23,Contínuo,15.3237843,59,4.31559322,0.35507944,2026-01-01,2026-05-25
"[AQUISIÇÃO]  [ADV. +]","[C] [LM - PRINCIPAL][EX. BASE] [ADV. +] [CBO]","AD - TOFU",existing,inactive,5038,7463,1.4813418,"Compras no site",5,50.8,254,2026-01-23,Contínuo,34.03457055,102,2.49019608,1.3667426,2026-01-01,2026-05-25
"[PUBLICO ABERTO]","[C] [TONS] [PB ABERTO] [TESTE BID CAP]","AD - TOFU 2",prospecting,not_delivering,9012,10118,1.12272526,"Compras no site",2,126.98,253.96,2026-03-16,Contínuo,25.0998221,108,2.35148148,1.06740463,2026-01-01,2026-05-25
"Conj. - Q10","[C] [LM - TESTE] [ABO]","AD - NIVER",engaged,not_delivering,5911,12818,2.16849941,"Compras no site",2,126.45373367,252.90746734,2026-02-20,Contínuo,19.73064966,298,0.84868278,2.32485567,2026-01-01,2026-05-25
"[TOFU] [TIK]","[C] [LM - TESTE] [ABO]","AD - MOFU ate 14-05 — Cópia",engaged,active,6020,8391,1.39385382,"Compras no site",1,252.87363108,252.87363108,2026-05-23,Contínuo,30.13629258,241,1.04926818,2.8721249,2026-01-01,2026-05-25
"[RMKT LARANJA MORO-REATIVAÇÃO BASE QUENTE]","[C] [LM - RMKT] [ADV. ABO]","AD - EVELYN NIVER — Cópia",existing,not_delivering,6122,7658,1.2508984,"Compras no site",5,50.38791894,251.93959469,2025-10-13,Contínuo,32.8988763,97,2.59731541,1.26664926,2026-01-01,2026-05-25
"[RMKT LARANJA MORO-REATIVAÇÃO BASE QUENTE]","[C] [LM - RMKT] [ADV. ABO]","AD - MOFU LARISSA LEMOS  REFAÇÃO 17-05",prospecting,inactive,5228,6249,1.19529457,,,,251.78894705,2025-10-13,Contínuo,40.29267836,62,4.06111205,0.99215875,2026-01-01,2026-05-25
"[RMKT LARANJA MORO-REATIVAÇÃO BASE QUENTE]","[C] [LM - RMKT] [ADV. ABO]","ADS - RAIZA VM",prospecting,inactive,4082,4792,1.17393435,,,,251.43,2025-10-13,Contínuo,52.46869783,65,3.86815385,1.35642738,2026-01-01,2026-05-25
"LP NOVA","[C] [TONS] [PB DR]",tons_dr-ursinho_video-reels_10-07-2025_nao-tem-clareador-oral-barra,existing,inactive,3887,8379,2.15564703,"Compras no site",5,50.16676581,250.83382905,2026-02-09,Contínuo,29.93601015,138,1.81763644,1.64697458,2026-01-01,2026-05-25
"[TOFU] - [EX. PURCHASE]","[C] [LM - PRINCIPAL] - [PLANO B] 2 TESTE","ADS - ANA ELISA 3",prospecting,inactive,7998,11967,1.49624906,"Compras no site",3,83.58666667,250.76,2026-03-25,Contínuo,20.95429097,102,2.45843137,0.85234395,2026-01-01,2026-05-25
"Influ Marcia","[C] [LM - TESTE] [ABO]","laranja-moro_influ_marcia_video-stories_20-07-2025 — Cópia",prospecting,archived,9853,14088,1.42981833,"Compras no site",5,50.0744185,250.37209248,2026-01-09,Contínuo,17.77201111,139,1.80123808,0.98665531,2026-01-01,2026-05-25
"[HIBRIDO] [ESTATICO ORG.] [BID 60]","[C] [LM - TESTE] [ABO]","AD - BOFU — Cópia",engaged,inactive,11558,21604,1.86918152,"Compras no site",3,83.19538364,249.58615093,2026-03-20,Contínuo,11.55277499,74,3.37278582,0.34252916,2026-01-01,2026-05-25
"[MI RUBACK]","[C] [LM - PRINCIPAL][EX. BASE] [ADV. +] [CBO]","AD - TOFU",prospecting,inactive,15884,31711,1.99641148,"Compras no site",1,249.3262041,249.3262041,2026-03-18,Contínuo,7.86245164,137,1.8198993,0.43202674,2026-01-01,2026-05-25
"[TESTE PB FECHADO]","[C] [LM - TESTE] [ABO]","AD -  EVELYN",engaged,active,9153,10836,1.18387414,"Compras no site",1,248.54006915,248.54006915,2026-05-22,Contínuo,22.93651432,122,2.03721368,1.12587671,2026-01-01,2026-05-25
"[AQUISIÇÃO]  [ADV. +]","[C] [LM - PRINCIPAL][EX. BASE] [ADV. +] [CBO]","AD - MOFU ANA ELISA REFAÇÃO 17-05 — Cópia",prospecting,inactive,5657,6589,1.16475164,"Compras no site",1,247.1747006,247.1747006,2026-01-23,Contínuo,37.51323427,60,4.11957834,0.91060859,2026-01-01,2026-05-25
"[TOFU] - [EX. PURCHASE]","[C] [LM - PRINCIPAL] - [PLANO B] 2 TESTE","ADS - JESSICA",existing,inactive,6192,8237,1.33026486,"Compras no site",3,82.24948057,246.74844171,2026-03-25,Contínuo,29.95610559,82,3.00912734,0.99550807,2026-01-01,2026-05-25
"[BM] [ANA ELISA]","[C] [LM - TESTE] [ABO]","AD - ANA MOFU",existing,inactive,10024,24151,2.40931764,"Compras no site",2,123.25359315,246.50718631,2025-10-01,Contínuo,10.20691426,119,2.07148896,0.49273322,2026-01-01,2026-05-25
"teste aquisição ate dia 15  - Lm","[C] [LM - TESTE] [ABO]","ADS - TOFU — Cópia",prospecting,not_delivering,16293,21014,1.28975634,"Compras no site",6,41.04327495,246.25964969,2026-02-04,Contínuo,11.71883743,107,2.30149205,0.50918435,2026-01-01,2026-05-25
"[BM] [ANA ELISA]","[C] [LM - TESTE] [ABO]","EDITAR PARA CYBER",prospecting,inactive,4806,8861,1.843737,"Compras no site",3,82.06666667,246.2,2025-10-01,Contínuo,27.78467442,76,3.23947368,0.85769101,2026-01-01,2026-05-25
"[PUBLICO ENG.] [DR]","[C] [TONS] [PB DR]",tons_dr-ursinho-melasma3-13-10-2025,engaged,inactive,6407,10901,1.70142032,"Compras no site",10,24.52723382,245.27233817,2025-06-20,Contínuo,22.49998515,186,1.31866848,1.70626548,2026-01-01,2026-05-25
"[TOFU] [TIK]","[C] [LM - TESTE] [ABO]","AD - MOFU ate 14-05 — Cópia",prospecting,active,19725,23105,1.17135615,"Compras no site",1,242.87376618,242.87376618,2026-05-23,Contínuo,10.51174058,259,0.93773655,1.12096949,2026-01-01,2026-05-25
"TONS TESTE","[C] [TONS] [PB DR]","AD- NIVER 5",prospecting,not_delivering,35648,48868,1.37084829,"Compras no site",0,,242.45,2026-04-06,Contínuo,4.96132438,105,2.30904762,0.21486453,2026-01-01,2026-05-25
"[EXCLUSÃO BASE] [ADV. +]","[C] [LM - PRINCIPAL][EX. BASE] [ADV. +] [CBO]","AD - LUCIANA MOFU 2 — Cópia — Cópia",engaged,inactive,6908,9160,1.32599884,"Compras no site",3,80.7832542,242.34976261,2026-03-17,Contínuo,26.45739766,243,0.99732413,2.65283843,2026-01-01,2026-05-25
"[AQUISIÇÃO]  [ADV. +]","[C] [LM - PRINCIPAL][EX. BASE] [ADV. +] [CBO]","ADS - EVELYN",existing,inactive,6241,15849,2.53949688,"Compras no site",4,60.58047826,242.32191303,2026-01-23,Contínuo,15.2894134,70,3.46174161,0.44166824,2026-01-01,2026-05-25
"[HIBRIDO] [ESTATICO ORG.] [BID 60]","[C] [LM - TESTE] [ABO]","AD - NIVER 2",existing,inactive,12208,23806,1.95003277,"Compras no site",3,80.52,241.56,2026-03-20,Contínuo,10.14702176,187,1.29176471,0.78551626,2026-01-01,2026-05-25
"[CAMPANHA AQUISIÇÃO]","[C] [JEJOOM] [CBO]","AD - JADE TOFU",prospecting,inactive,5885,7864,1.33627867,"Compras no site",2,120.67834881,241.35669762,2025-10-13,Contínuo,30.69133998,123,1.96224957,1.56408952,2026-01-01,2026-05-25
"Varias Influs - VM","[C] [LM - TESTE] [ABO]","ADS 4",prospecting,not_delivering,4806,5489,1.14211402,"Compras no site",2,120.675,241.35,2026-02-19,Contínuo,43.9697577,63,3.83095238,1.14775005,2026-01-01,2026-05-25
"[CAMPANHA AQUISIÇÃO]","[C] [JEJOOM] [CBO]","AD - ORGANICO",prospecting,inactive,6440,8292,1.28757764,"Compras no site",1,240.91357996,240.91357996,2025-10-13,Contínuo,29.05373613,73,3.30018603,0.88036662,2026-01-01,2026-05-25
"Conj. - Q10","[C] [LM - TESTE] [ABO]","ADS2- DANI",existing,not_delivering,5608,10636,1.89657632,"Compras no site",2,120.43,240.86,2026-02-20,Contínuo,22.64573148,66,3.64939394,0.62053404,2026-01-01,2026-05-25
"[VINAGRE] [RMKT]","[C] [VARIOS PRODUTO] [ABO] [BID]","AD - MI RUBACK MOFU — Cópia",prospecting,active,4869,6670,1.36989115,"Compras no site",1,240.65665932,240.65665932,2026-01-20,Contínuo,36.08045867,113,2.12970495,1.69415292,2026-01-01,2026-05-25
"[PUBLICO ABERTO]","[C] [TONS] [PB ABERTO] [TESTE BID CAP]","AD - BOFU",prospecting,inactive,20470,32508,1.58808012,"Compras no site",2,120.28266899,240.56533797,2026-03-16,Contínuo,7.40018881,103,2.33558581,0.31684508,2026-01-01,2026-05-25
"[VINAGRE] [RMKT]","[C] [VARIOS PRODUTO] [ABO] [BID]","AD - PROMO BOFU",engaged,inactive,2450,4527,1.8477551,"Compras no site",4,59.97518673,239.90074692,2026-01-20,Contínuo,52.99331719,431,0.55661426,9.52065385,2026-01-01,2026-05-25
"[TOFU] [TIK + ORG ] [ABERTO]","[C] [LM - TESTE] [ABO]","AD3 — Cópia",engaged,inactive,6627,9076,1.36954882,,,,239.84163793,2026-02-11,Contínuo,26.42591868,72,3.33113386,0.79330101,2026-01-01,2026-05-25
"Influ Leka - LM TESTE TRAVA DE CPA","[C] [LM - TESTE] [ABO]","ADS 1",prospecting,archived,10301,13296,1.29074847,"Compras no site",2,119.78108474,239.56216947,2026-01-14,Contínuo,18.01761202,126,1.90128706,0.94765343,2026-01-01,2026-05-25
"[RMKT LARANJA MORO-REATIVAÇÃO BASE QUENTE]","[C] [LM - RMKT] [ADV. ABO]","AD - EVELYN",engaged,active,4913,7854,1.59861592,"Compras no site",7,34.15889332,239.11225327,2025-10-13,Contínuo,30.44464646,348,0.68710418,4.43086325,2026-01-01,2026-05-25
"Influ Raiza 3 - LM TESTE TRAVA DE CPA","[C] [LM - TESTE] [ABO]","ADS 3",engaged,archived,4806,11759,2.44673325,"Compras no site",5,47.6284669,238.14233448,2026-01-30,Contínuo,20.25192061,148,1.60906983,1.25861043,2026-01-01,2026-05-25
"teste aquisição ate dia 15  - Lm","[C] [LM - TESTE] [ABO]","AD - MOFU",existing,inactive,8858,18970,2.14156695,"Compras no site",5,47.53558204,237.6779102,2026-02-04,Contínuo,12.52914656,150,1.5845194,0.79072219,2026-01-01,2026-05-25
"[AQUISIÇÃO]  [ADV. +]","[C] [LM - PRINCIPAL][EX. BASE] [ADV. +] [CBO]","ADS - DANI",engaged,inactive,4097,6174,1.50695631,"Compras no site",3,79.19042527,237.57127581,2026-01-23,Contínuo,38.47931257,83,2.86230453,1.34434726,2026-01-01,2026-05-25
"[EXCLUSÃO BASE] [ADV. +]","[C] [LM - PRINCIPAL][EX. BASE] [ADV. +] [CBO]","AD - ANA MOFU",engaged,inactive,5446,7505,1.37807565,"Compras no site",2,118.77712756,237.55425513,2026-03-17,Contínuo,31.65279882,118,2.01317165,1.57228514,2026-01-01,2026-05-25
[RMK],"[C] [JEJOOM] [CBO]","AD - TOFU LARISSA",prospecting,active,9136,12940,1.41637478,"Compras no site",2,118.53083793,237.06167587,2026-04-17,Contínuo,18.32006769,160,1.48163547,1.23647604,2026-01-01,2026-05-25
"[PUBLICO ENG.] [DR]","[C] [TONS] [PB DR]","ADS - MEIO 13-02-2026 — Cópia",prospecting,archived,4569,6828,1.49441891,"Compras no site",3,78.77,236.31,2025-06-20,Contínuo,34.60896309,65,3.63553846,0.95196251,2026-01-01,2026-05-25
"Influ Leka - LM TESTE TRAVA DE CPA","[C] [LM - TESTE] [ABO]","ADS 3",engaged,archived,11232,15204,1.35363248,"Compras no site",7,33.72857143,236.1,2026-01-14,Contínuo,15.52880821,150,1.574,0.98658248,2026-01-01,2026-05-25
"[EXCLUSÃO BASE] [ADV. +]","[C] [LM - PRINCIPAL][EX. BASE] [ADV. +] [CBO]","AD - EVELYN TOFU",engaged,inactive,7457,8949,1.20008046,,,,235.90124014,2026-03-17,Contínuo,26.36062578,126,1.87223206,1.40797855,2026-01-01,2026-05-25
"[RMKT LARANJA MORO-REATIVAÇÃO BASE QUENTE]","[C] [LM - RMKT] [ADV. ABO]","AD - EVELYN",existing,not_delivering,5384,7462,1.3859584,"Compras no site",1,235.7159204,235.7159204,2025-10-13,Contínuo,31.58883951,116,2.0320338,1.55454302,2026-01-01,2026-05-25
"[PUBLICO ENG.] [DR]","[C] [TONS] [PB DR]","AD5 — Cópia",prospecting,inactive,13052,18134,1.38936561,"Compras no site",1,235.32547091,235.32547091,2025-06-20,Contínuo,12.97703049,168,1.40074685,0.92643653,2026-01-01,2026-05-25
"[PUBLICO ENG.] [DR]","[C] [TONS] [PB DR]","tons4_rmkt_20-10-2025 — Cópia",prospecting,archived,7351,8638,1.17507822,"Compras no site",2,117.65,235.3,2025-06-20,Contínuo,27.24010188,68,3.46029412,0.78721926,2026-01-01,2026-05-25
eng,"[C] [COQ.10][PRINCIPAL] - NOVA","ADS 1 - ORGANICO 2",existing,not_delivering,2912,4759,1.63427198,"Compras no site",1,234.43010719,234.43010719,2026-02-09,Contínuo,49.26037134,45,5.20955794,0.9455768,2026-01-01,2026-05-25
"Conj - Vm","[C] [LM - TESTE] [ABO]","AD - RAIZA MOFU — Cópia",existing,inactive,2307,3762,1.63068921,"Compras no site",3,77.83645501,233.50936504,2026-01-30,Contínuo,62.07053829,90,2.5945485,2.3923445,2026-01-01,2026-05-25
"Influ Ana Elisa 2","[C] [LM - TESTE] [ABO]","AD1 - 07/12",prospecting,archived,5470,10104,1.84716636,"Compras no site",4,58.08136028,232.32544113,2026-01-07,Contínuo,22.99341262,100,2.32325441,0.98970705,2026-01-01,2026-05-25
"Conj. - Q10","[C] [LM - TESTE] [ABO]",ADS,prospecting,not_delivering,13329,23963,1.79780929,"Compras no site",1,229.59099911,229.59099911,2026-02-20,Contínuo,9.58106243,121,1.89744627,0.50494512,2026-01-01,2026-05-25
"Conj - Vm","[C] [LM - TESTE] [ABO]","AD - NIVER — Cópia",engaged,inactive,3996,8094,2.02552553,"Compras no site",6,38.22289682,229.33738092,2026-01-30,Contínuo,28.33424523,96,2.38893105,1.18606375,2026-01-01,2026-05-25
"Arte Organica - Digestino","[C] [LM - TESTE] [ABO]","AD - JESSICA",prospecting,not_delivering,20023,27924,1.39459621,"Compras no site",3,76.4295626,229.2886878,2026-02-20,Contínuo,8.21116917,160,1.4330543,0.57298381,2026-01-01,2026-05-25
"[HIBRIDO] [ESTATICO ORG.] [BID 60]","[C] [LM - TESTE] [ABO]",AD3,existing,inactive,13568,33168,2.44457547,"Compras no site",5,45.80272056,229.01360282,2026-03-20,Contínuo,6.90465517,141,1.62420995,0.42510854,2026-01-01,2026-05-25
"[PUBLICO ABERTO]","[C] [WHITE] TRAFEGO","AD9 - CARROSSEL — Cópia — Cópia",unknown,not_delivering,37189,49746,1.33765361,"Visualizações da página de destino",2687,0.08522144,228.99,2026-03-26,Contínuo,4.60318418,3197,0.07162652,6.42664737,2026-01-01,2026-05-25
"Influ Sabrina - Vm [Teste até 13-03]","[C] [LM - TESTE] [ABO]",ADS4,engaged,archived,3418,5332,1.55997659,"Compras no site",4,57.14533089,228.58132357,2026-02-05,Contínuo,42.8697156,138,1.6563864,2.58814704,2026-01-01,2026-05-25
"[BM] [ANA ELISA]","[C] [LM - TESTE] [ABO]","AD - ANA MOFU",engaged,inactive,9799,20288,2.07041535,"Compras no site",2,113.65483703,227.30967406,2025-10-01,Contínuo,11.20414403,136,1.67139466,0.670347,2026-01-01,2026-05-25
ABER.,"[C] [TONS] [PB ABERTO] [TESTE BID CAP]","ADS - MEIO 13-02-2026 | Pausado ROAS baixo",prospecting,archived,7674,7761,1.01133698,"Compras no site",1,227.3,227.3,2026-03-16,Contínuo,29.28746296,234,0.97136752,3.01507538,2026-01-01,2026-05-25
"[RMKT LARANJA MORO-REATIVAÇÃO BASE QUENTE]","[C] [LM - RMKT] [ADV. ABO]","AD - BOFU 2",existing,inactive,4196,5679,1.35343184,"Compras no site",4,56.74122434,226.96489737,2025-10-13,Contínuo,39.9656449,44,5.15829312,0.77478429,2026-01-01,2026-05-25
"[COENZIMA] [RMKT]","[C] [VARIOS PRODUTO] [ABO] [BID]","AD - RMKT 3",existing,inactive,7095,10728,1.51205074,"Compras no site",1,226.54390208,226.54390208,2026-05-10,Contínuo,21.11706768,86,2.63423142,0.80164057,2026-01-01,2026-05-25
"[RMKT LARANJA MORO-REATIVAÇÃO BASE QUENTE]","[C] [LM - RMKT] [ADV. ABO]","AD - NIVER 2",prospecting,not_delivering,4880,6904,1.4147541,"Compras no site",4,56.56,226.24,2025-10-13,Contínuo,32.76940904,68,3.32705882,0.98493627,2026-01-01,2026-05-25
"[PUBLICO ENG.] [DR]","[C] [TONS] [PB ABERTO] [TESTE BID CAP]","ADS - MOFU",engaged,inactive,6596,12047,1.82640995,,,,226.04824986,2026-03-16,Contínuo,18.76386236,306,0.73871977,2.54005147,2026-01-01,2026-05-25
"Conj - Vm","[C] [LM - TESTE] [ABO]","AD - RAIZA MOFU — Cópia",prospecting,inactive,2900,3910,1.34827586,"Compras no site",1,225.87004012,225.87004012,2026-01-30,Contínuo,57.76727369,114,1.98131614,2.91560102,2026-01-01,2026-05-25
[RMK],"[C] [JEJOOM] [CBO]","AD - RMKT PERFIL LARI + DENA",engaged,active,8131,25670,3.15705325,"Compras no site",5,44.98449758,224.92248788,2026-04-17,Contínuo,8.76207588,309,0.72790449,1.20373977,2026-01-01,2026-05-25
adv-aqui-rmtk_coezima-q10_engajado-existente_5-existentes_max-conv_26-05-2025,"[C] [COQ.10][PRINCIPAL]","AD2 - 07/01",prospecting,inactive,5347,8809,1.64746587,,,,222.89,2025-01-20,Contínuo,25.3025315,56,3.98017857,0.63571347,2026-01-01,2026-05-25
"TONS TESTE","[C] [TONS] [PB DR]","AD- NIVER 5",existing,not_delivering,4259,6581,1.5451984,"Compras no site",3,74.27333333,222.82,2026-04-06,Contínuo,33.85807628,96,2.32104167,1.45874487,2026-01-01,2026-05-25
"[ADV ABER.]","[C] [LM - PRINCIPAL] - [PLANO B] 2 TESTE","AD - LUCIANA MOFU 2 — Cópia — Cópia — Cópia",existing,not_delivering,7070,8637,1.22164074,"Compras no site",2,110.955493,221.91098601,2026-02-25,Contínuo,25.6930631,66,3.36228767,0.76415422,2026-01-01,2026-05-25
"[EXCLUSÃO BASE] [ADV. +]","[C] [LM - PRINCIPAL][EX. BASE] [ADV. +] [CBO]","AD - JADE TOFU — Cópia",prospecting,inactive,11223,15162,1.35097567,"Compras no site",3,73.94741876,221.84225627,2026-03-17,Contínuo,14.63146394,91,2.43782699,0.60018467,2026-01-01,2026-05-25
"[PUBLICO ABERTO]","[C] [TONS] [PB ABERTO] [TESTE BID CAP]","ADS 3 - MES DO CLIENTE — Cópia | Pausado ROAS baixo",existing,archived,8100,14643,1.80777778,"Compras no site",5,44.368,221.84,2026-03-16,Contínuo,15.14990098,76,2.91894737,0.51901933,2026-01-01,2026-05-25
"[RMKT LARANJA MORO-REATIVAÇÃO BASE QUENTE]","[C] [LM - RMKT] [ADV. ABO]","AD - MOFU ANA ELISA REFAÇÃO 17-05 — Cópia — Cópia",existing,inactive,3583,5205,1.45269327,"Compras no site",4,55.245,220.98,2025-10-13,Contínuo,42.45533141,354,0.62423729,6.80115274,2026-01-01,2026-05-25
"Influ Adeli - Lm","[C] [LM - TESTE] [ABO]",AD3,prospecting,not_delivering,14616,21069,1.44150246,"Compras no site",2,110.28,220.56,2026-03-10,Contínuo,10.46846077,83,2.6573494,0.39394371,2026-01-01,2026-05-25
"[RMKT LARANJA MORO-REATIVAÇÃO BASE QUENTE]","[C] [LM - RMKT] [ADV. ABO]","AD - RMKT — Cópia",engaged,inactive,5211,6878,1.31990021,"Compras no site",1,220.32,220.32,2025-10-13,Contínuo,32.03256761,127,1.73480315,1.846467,2026-01-01,2026-05-25
"[COENZIMA] [RMKT]","[C] [VARIOS PRODUTO] [ABO] [BID]","AD - RMKT 4",existing,not_delivering,6335,10511,1.65919495,"Compras no site",2,109.945,219.89,2026-05-10,Contínuo,20.91998858,152,1.44664474,1.44610408,2026-01-01,2026-05-25
"[RMKT LARANJA MORO-REATIVAÇÃO BASE QUENTE]","[C] [LM - RMKT] [ADV. ABO]","AD - EVELYN TOFU — Cópia",prospecting,active,8825,9974,1.1301983,"Compras no site",1,219.61313291,219.61313291,2025-10-13,Contínuo,22.01856155,67,3.27780795,0.67174654,2026-01-01,2026-05-25
"teste aquisição ate dia 15  - Lm","[C] [LM - TESTE] [ABO]","AD - LUCIANA MOFU",prospecting,inactive,19309,29099,1.50701745,"Compras no site",3,73.0909228,219.27276841,2026-02-04,Contínuo,7.53540563,103,2.12886183,0.35396405,2026-01-01,2026-05-25
"[RMKT LARANJA MORO-REATIVAÇÃO BASE QUENTE]","[C] [LM - RMKT] [ADV. ABO]","AD - EVELYN TOFU — Cópia",existing,active,6298,8207,1.3031121,"Compras no site",3,73.04440449,219.13321348,2025-10-13,Contínuo,26.70076928,158,1.38691907,1.92518582,2026-01-01,2026-05-25
"teste publico novo - bid","[C] [LM - TESTE] [ABO]","ADS 2",prospecting,not_delivering,8482,10786,1.27163405,"Compras no site",5,43.80875882,219.04379411,2026-02-19,Contínuo,20.30815818,81,2.70424437,0.75097348,2026-01-01,2026-05-25
"[PUBLICO ABERTO]","[C] [LM - PRINCIPAL] [PLANO B] 1 TESTE","ADS - DANI",prospecting,not_delivering,38798,55104,1.4202794,"Compras no site",4,54.67459851,218.69839404,2025-12-10,Contínuo,3.96882974,111,1.9702558,0.20143728,2026-01-01,2026-05-25
"[RMKT LARANJA MORO-REATIVAÇÃO BASE QUENTE]","[C] [LM - RMKT] [ADV. ABO]","AD - MOFU LARISSA LEMOS  REFAÇÃO 17-05",existing,inactive,3982,5128,1.28779508,"Compras no site",2,109.34651437,218.69302875,2025-10-13,Contínuo,42.64684648,78,2.80375678,1.52106084,2026-01-01,2026-05-25
"[TOFU] [TIK]","[C] [LM - TESTE] [ABO]","AD - MOFU ate 14-05 — Cópia",existing,active,8148,11634,1.42783505,"Compras no site",1,218.10082374,218.10082374,2026-05-23,Contínuo,18.74684749,452,0.48252395,3.88516417,2026-01-01,2026-05-25
"Arte - Organica Lm","[C] [LM - TESTE] [ABO]",AD4,existing,not_delivering,7492,15847,2.11518954,"Compras no site",5,43.464,217.32,2026-01-26,Contínuo,13.71363665,71,3.06084507,0.44803433,2026-01-01,2026-05-25
"[PUBLICO ENG.] [DR]","[C] [TONS] [PB DR]",tons_dr-ursinho_video-reels_10-07-2025_esse-e-o-futuro-do-skin,existing,inactive,3636,5075,1.39576458,"Compras no site",3,72.16953772,216.50861317,2025-06-20,Contínuo,42.6617957,233,0.92922152,4.591133,2026-01-01,2026-05-25
"[AQUISIÇÃO]  [ADV. +]","[C] [LM - PRINCIPAL][EX. BASE] [ADV. +] [CBO]","ADS. VIDEO INFLU — Cópia — Cópia",engaged,inactive,4053,4736,1.16851715,,,,216.164822,2026-01-23,Contínuo,45.64291005,135,1.6012209,2.85050676,2026-01-01,2026-05-25
"[TESTE PB FECHADO ANA ELISA]","[C] [LM - TESTE] [ABO]","AD - RMK ANA ELISA NIVER 3 — Cópia",prospecting,active,9156,11851,1.29434251,"Compras no site",2,107.97997253,215.95994506,2026-05-23,Contínuo,18.22293014,62,3.48322492,0.5231626,2026-01-01,2026-05-25
"[BM JADE]","[C] [LM - TESTE] [ABO]","AD - JADE JEJOOM TOFU",prospecting,inactive,15760,25136,1.59492386,"Compras no site",1,215.32196454,215.32196454,2026-04-17,Contínuo,8.56627803,208,1.03520175,0.82749841,2026-01-01,2026-05-25
"Arte - Organica Tons ###","[C] [LM - TESTE] [ABO]",AD6,existing,inactive,8351,12827,1.53598371,"Compras no site",3,71.64793894,214.94381683,2026-01-26,Contínuo,16.7571386,89,2.41509907,0.69384891,2026-01-01,2026-05-25
"Influ Adeli - Lm","[C] [LM - TESTE] [ABO]",AD3,existing,not_delivering,6784,13273,1.95651533,"Compras no site",3,71.58666667,214.76,2026-03-10,Contínuo,16.18021548,206,1.04252427,1.5520229,2026-01-01,2026-05-25
"[TOFU] [TIK TOK] [EXCLUSAÕ BASE] [BID 60] - TESTE ATÉ 20-05","[C] [LM - TESTE] [ABO]","AD - 5",engaged,not_delivering,8773,17098,1.94893423,"Compras no site",4,53.64121091,214.56484364,2026-03-12,Contínuo,12.54911941,820,0.26166444,4.79588256,2026-01-01,2026-05-25
"[PUBLICO ENG.] [DR]","[C] [TONS] [PB DR]","AD5 — Cópia",existing,inactive,9075,12417,1.36826446,"Compras no site",3,71.12376134,213.37128403,2025-06-20,Contínuo,17.18380318,121,1.76339904,0.97447048,2026-01-01,2026-05-25
"Arte - Organica Tons ###","[C] [LM - TESTE] [ABO]",AD5,engaged,inactive,8667,12922,1.49094266,"Compras no site",2,106.5007418,213.00148361,2026-01-26,Contínuo,16.4836313,119,1.78992843,0.92091008,2026-01-01,2026-05-25
"[PUBLICO ENG.] [DR]","[C] [TONS] [PB DR]",tons_dr-ursinho-melasma3-13-10-2025,existing,inactive,3815,6880,1.8034076,"Compras no site",1,212.92334869,212.92334869,2025-06-20,Contínuo,30.94816115,129,1.65056859,1.875,2026-01-01,2026-05-25
"[TESTE PB FECHADO]","[C] [LM - TESTE] [ABO]","AD -  EVELYN",prospecting,active,8976,10188,1.13502674,"Compras no site",2,105.92,211.84,2026-05-22,Contínuo,20.79308991,79,2.68151899,0.77542207,2026-01-01,2026-05-25
[RMK],"[C] [JEJOOM] [CBO]","AD - RMKT PERFIL DENA + JEJOOM",existing,active,9394,16963,1.80572706,"Compras no site",3,70.3071313,210.92139391,2026-04-17,Contínuo,12.4342035,266,0.79293757,1.56811885,2026-01-01,2026-05-25
"[Publico Quente] [TESTE]","[C] [DIGESTINO] [PRINCIPAL]","Teste - ADS - LIS",existing,inactive,2925,4830,1.65128205,"Compras no site",1,210.50323613,210.50323613,2025-12-24,Contínuo,43.58245054,165,1.27577719,3.41614907,2026-01-01,2026-05-25
"[TOFU] [TIK TOK] [EXCLUSAÕ BASE] [BID 60] - TESTE ATÉ 20-05","[C] [LM - TESTE] [ABO]","AD - 5",existing,not_delivering,6213,14350,2.30967327,,,,209.96452539,2026-03-12,Contínuo,14.63167424,489,0.42937531,3.40766551,2026-01-01,2026-05-25
"[RMKT LARANJA MORO-REATIVAÇÃO BASE QUENTE]","[C] [LM - RMKT] [ADV. ABO]","AD - RMKT — Cópia",existing,inactive,4315,6340,1.46929316,"Compras no site",1,209.45860641,209.45860641,2025-10-13,Contínuo,33.03763508,51,4.1070315,0.8044164,2026-01-01,2026-05-25
"[BM JADE]","[C] [LM - TESTE] [ABO]","AD - JADE TOFU 19-05 BM JADE + DENA",engaged,inactive,7899,14666,1.85669072,"Compras no site",3,69.79934439,209.39803317,2026-04-17,Contínuo,14.27778762,111,1.88646877,0.75685258,2026-01-01,2026-05-25
"Carrossel - Lm","[C] [LM - TESTE] [ABO]","ADS1 - 18-02 — Cópia",existing,inactive,4754,8627,1.81468237,"Compras no site",3,69.71345775,209.14037325,2026-02-20,Contínuo,24.24253776,129,1.6212432,1.49530544,2026-01-01,2026-05-25
"[RMKT LARANJA MORO-REATIVAÇÃO BASE QUENTE]","[C] [LM - RMKT] [ADV. ABO]","ADS - MES CONSUMIDOR — Cópia",existing,not_delivering,3355,5151,1.53532042,"Compras no site",2,104.065,208.13,2025-10-13,Contínuo,40.40574646,58,3.58844828,1.12599495,2026-01-01,2026-05-25
"[AQUISIÇÃO]  [ADV. +]","[C] [LM - PRINCIPAL][EX. BASE] [ADV. +] [CBO]","AD - LEMOS TOFU",engaged,inactive,6992,9333,1.33481121,"Compras no site",3,69.03764373,207.1129312,2026-01-23,Contínuo,22.19146375,105,1.97250411,1.12504018,2026-01-01,2026-05-25
"[EXCLUSÃO BASE] [ADV. +]","[C] [LM - PRINCIPAL][EX. BASE] [ADV. +] [CBO]","AD - BOFU",engaged,inactive,8551,13328,1.55864811,"Compras no site",3,68.87381153,206.62143459,2026-03-17,Contínuo,15.50280872,66,3.1306278,0.49519808,2026-01-01,2026-05-25
"Influ Evelyn - Vm","[C] [LM - TESTE] [ABO]","ADS 3 — Cópia",existing,not_delivering,5552,6826,1.22946686,"Compras no site",1,206.28,206.28,2026-01-29,Contínuo,30.21974802,71,2.90535211,1.04014064,2026-01-01,2026-05-25
"[CAMPANHA AQUISIÇÃO]","[C] [JEJOOM] [CBO]","ADS - MORGANA 2 24-12 — Cópia",existing,inactive,2630,3880,1.47528517,"Compras no site",1,205.7196867,205.7196867,2025-10-13,Contínuo,53.02053781,63,3.26539185,1.62371134,2026-01-01,2026-05-25
[RMK],"[C] [JEJOOM] [CBO]","AD - MOFU PRI 17-05",prospecting,inactive,15035,19166,1.2747589,,,,205.36,2026-04-17,Contínuo,10.71480747,182,1.12835165,0.94959825,2026-01-01,2026-05-25
"[AQUISIÇÃO]  [ADV. +]","[C] [LM - PRINCIPAL][EX. BASE] [ADV. +] [CBO]","ADS - EVELYN 2",prospecting,inactive,9046,11808,1.30532832,"Compras no site",2,102.655,205.31,2026-01-23,Contínuo,17.3873645,84,2.44416667,0.71138211,2026-01-01,2026-05-25
"Influ Mi Ruback - Lm","[C] [LM - TESTE] [ABO]","ADS 1",prospecting,archived,5061,6615,1.30705394,"Compras no site",3,68.21333333,204.64,2026-01-23,Contínuo,30.93575208,63,3.24825397,0.95238095,2026-01-01,2026-05-25
"Influ Raiza","[C] [LM - TESTE] [ABO]","ADS 2",prospecting,archived,7933,11135,1.4036304,"Compras no site",4,51.14,204.56,2025-10-22,Contínuo,18.37090256,95,2.15326316,0.85316569,2026-01-01,2026-05-25
"TONS TESTE","[C] [TONS] [PB DR]","AD- NIVER 6",existing,not_delivering,2184,4128,1.89010989,"Compras no site",2,102.02752541,204.05505081,2026-04-06,Contínuo,49.4319406,77,2.65006559,1.86531008,2026-01-01,2026-05-25
"LP 2 - TONS","[C] [LM - PRINCIPAL][EX. BASE] [ADV. +] [CBO]","AD1 — Cópia",prospecting,archived,7531,9889,1.31310583,"Compras no site",1,204.05,204.05,2026-02-06,Contínuo,20.63403782,91,2.24230769,0.92021438,2026-01-01,2026-05-25
"[HIBRIDO] [ESTATICO ORG.] [BID 60]","[C] [LM - TESTE] [ABO]","AD - BOFU 3 — Cópia",prospecting,inactive,20859,28796,1.38050722,"Compras no site",3,67.83501244,203.50503731,2026-03-20,Contínuo,7.06712867,116,1.75435377,0.40283373,2026-01-01,2026-05-25
"Evelyn Regly BM - LM","[C] [LM - TESTE] [ABO]","AD - BOFU — Cópia — Cópia — Cópia",existing,not_delivering,4868,6518,1.33894823,"Compras no site",2,101.6602224,203.32044479,2026-02-04,Contínuo,31.19368592,38,5.35053802,0.58300092,2026-01-01,2026-05-25
"[ADV ABER.]","[C] [LM - PRINCIPAL] - [PLANO B] 2 TESTE","AD1 — Cópia",existing,inactive,10498,23935,2.27995809,"Compras no site",2,101.58670475,203.17340951,2026-02-25,Contínuo,8.48854855,49,4.14639611,0.20472112,2026-01-01,2026-05-25
"LP NOVA","[C] [TONS] [PB DR]","tons1_rmkt_20-10-2025 — Cópia",engaged,inactive,4859,9769,2.01049599,"Compras no site",1,202.54584649,202.54584649,2026-02-09,Contínuo,20.73352917,86,2.35518426,0.88033576,2026-01-01,2026-05-25
"[AQUISIÇÃO]  [ADV. +]","[C] [LM - PRINCIPAL][EX. BASE] [ADV. +] [CBO]","AD -TOFU PRI",engaged,inactive,5884,9837,1.67182189,"Compras no site",1,202.40853901,202.40853901,2026-01-23,Contínuo,20.57624672,151,1.3404539,1.53502084,2026-01-01,2026-05-25
"[PUBLICO ENG.] [DR]","[C] [TONS] [PB DR]","ADS - DR 1",prospecting,inactive,6644,12044,1.8127634,"Compras no site",5,40.45085828,202.25429141,2025-06-20,Contínuo,16.79295013,144,1.40454369,1.19561607,2026-01-01,2026-05-25
"[PERFIL NOVO]","[C] [LM - PRINCIPAL] - [PLANO B] 2 TESTE","AD - 1",engaged,not_delivering,9152,14202,1.55179196,"Compras no site",3,67.34799452,202.04398356,2026-03-25,Contínuo,14.22644582,196,1.03083665,1.38008731,2026-01-01,2026-05-25
"[PUBLICO ENG.] [DR]","[C] [TONS] [PB DR]",tons_dr-ursinho_video-reels_10-07-2025_esse-e-o-futuro-do-skin,engaged,inactive,4626,5869,1.26869866,"Compras no site",2,100.67320682,201.34641364,2025-06-20,Contínuo,34.30676668,200,1.00673207,3.40773556,2026-01-01,2026-05-25
"Conj. - Q10","[C] [LM - TESTE] [ABO]",ADS,engaged,not_delivering,5953,14271,2.39727868,,,,201.22211129,2026-02-20,Contínuo,14.10007086,355,0.56682285,2.48756219,2026-01-01,2026-05-25
"Evelyn Regly BM - LM","[C] [LM - TESTE] [ABO]","ADS 1",prospecting,inactive,14847,18536,1.2484677,"Compras no site",1,200.92,200.92,2026-02-04,Contínuo,10.83944756,120,1.67433333,0.64738886,2026-01-01,2026-05-25
"[PUBLICO ENG.] [DR]","[C] [TONS] [PB ABERTO] [TESTE BID CAP]","ADS - MEIO 13-02-2026 | Pausado ROAS baixo",prospecting,archived,6307,6375,1.01078167,"Compras no site",2,99.955,199.91,2026-03-16,Contínuo,31.35843137,211,0.94744076,3.30980392,2026-01-01,2026-05-25
"Influ Vitoria - Lm","[C] [LM - TESTE] [ABO]",AD2,prospecting,inactive,14548,22694,1.55993951,"Compras no site",2,99.89649761,199.79299523,2026-03-12,Contínuo,8.80378052,70,2.85418565,0.30845157,2026-01-01,2026-05-25
"[RMKT LARANJA MORO-REATIVAÇÃO BASE QUENTE]","[C] [LM - RMKT] [ADV. ABO]","ADS 1",engaged,not_delivering,3560,4617,1.29691011,"Compras no site",1,199.65735019,199.65735019,2025-10-13,Contínuo,43.24395716,42,4.75374643,0.90968161,2026-01-01,2026-05-25
"Arte - Organica Tons ###","[C] [LM - TESTE] [ABO]",AD2,existing,inactive,3821,8206,2.14760534,"Compras no site",3,66.32,198.96,2026-01-26,Contínuo,24.2456739,81,2.4562963,0.98708262,2026-01-01,2026-05-25
"[VINAGRE] [RMKT]","[C] [VARIOS PRODUTO] [ABO] [BID]","AD - MI RUBACK MOFU",existing,inactive,2101,3836,1.82579724,"Compras no site",2,99.475,198.95,2026-01-20,Contínuo,51.86392075,565,0.35212389,14.72888425,2026-01-01,2026-05-25
"[CAMPANHA AQUISIÇÃO]","[C] [JEJOOM] [CBO]","AD - NIVER",existing,inactive,3345,7060,2.11061286,"Compras no site",2,99.45,198.9,2025-10-13,Contínuo,28.17280453,85,2.34,1.20396601,2026-01-01,2026-05-25
"[EXCLUSÃO BASE] [ADV. +]","[C] [LM - PRINCIPAL][EX. BASE] [ADV. +] [CBO]","AD - LEVE 3 PAGUE 2 — Cópia",prospecting,inactive,9363,15176,1.62084802,"Compras no site",1,198.71431026,198.71431026,2026-03-17,Contínuo,13.0939846,73,2.72211384,0.48102267,2026-01-01,2026-05-25
"[PUBLICO ABERTO]","[C] [TONS] [PB ABERTO] [TESTE BID CAP]","tons 1 - 25-11 | Reativado ROAS bom hoje",prospecting,archived,10749,13857,1.28914318,"Compras no site",2,99.20522466,198.41044933,2026-03-16,Contínuo,14.31842746,103,1.92631504,0.74330663,2026-01-01,2026-05-25
"[COLAGENO] [RMKT]","[C] [VARIOS PRODUTO] [ABO] [BID]","AD - BOFU 2",existing,not_delivering,6441,11120,1.72643999,"Compras no site",3,65.86178741,197.58536224,2026-05-10,Contínuo,17.76846783,134,1.47451763,1.20503597,2026-01-01,2026-05-25
"[BM JADE]","[C] [LM - TESTE] [ABO]","AD - ISA MOFU",prospecting,not_delivering,9036,10660,1.17972554,"Compras no site",2,98.54602428,197.09204856,2026-04-17,Contínuo,18.48893514,110,1.7917459,1.03189493,2026-01-01,2026-05-25
[MOFU],"[C] [LM - PRINCIPAL] - [PLANO B] 2 TESTE",AD1,engaged,not_delivering,7680,13883,1.80768229,"Compras no site",6,32.82364897,196.94189382,2026-03-31,Contínuo,14.18583115,325,0.60597506,2.34099258,2026-01-01,2026-05-25
"Evelyn Regly BM - LM","[C] [LM - TESTE] [ABO]","ADS 4",engaged,inactive,7132,15686,2.19938306,"Compras no site",4,49.23,196.92,2026-02-04,Contínuo,12.55386969,186,1.05870968,1.18577075,2026-01-01,2026-05-25
"[BOFU] [ADV+ ABERTO] [ESTATICO]","[C] [LM - TESTE] [ABO]","AD - MI RUBACK MOFU",existing,not_delivering,7932,15803,1.99230963,,,,196.69503834,2026-02-25,Contínuo,12.44668976,336,0.5854019,2.12617857,2026-01-01,2026-05-25
"[Publico Quente] [TESTE]","[C] [DIGESTINO] [PRINCIPAL]","Lis 3",engaged,not_delivering,2726,4820,1.76815847,"Compras no site",4,49.09457001,196.37828003,2025-12-24,Contínuo,40.74238175,99,1.98361899,2.05394191,2026-01-01,2026-05-25
"[AQUISIÇÃO]  [ADV. +]","[C] [LM - PRINCIPAL][EX. BASE] [ADV. +] [CBO]","ADS - AINA",existing,inactive,6374,9743,1.5285535,"Compras no site",6,32.69563784,196.17382704,2026-01-23,Contínuo,20.1348483,297,0.66051794,3.0483424,2026-01-01,2026-05-25
"[PUBLICO ABERTO] — Cópia","[C] [LM - PRINCIPAL] [PLANO B] 1 TESTE","CRIATIVO 2 RMKT — Cópia",prospecting,archived,21383,22165,1.03657111,"Compras no site",2,98.08481233,196.16962465,2026-01-08,Contínuo,8.85042295,53,3.70131367,0.23911572,2026-01-01,2026-05-25
"[RMKT LARANJA MORO-REATIVAÇÃO BASE QUENTE]","[C] [LM - RMKT] [ADV. ABO]","AD - JESSICA TOFU",engaged,inactive,4714,5636,1.19558761,"Compras no site",1,194.5,194.5,2025-10-13,Contínuo,34.51029099,61,3.18852459,1.08232789,2026-01-01,2026-05-25
"LP NOVA","[C] [TONS] [PB DR]",tons_dr-ursinho-melasma2-13-10-2025,prospecting,inactive,2414,3121,1.2928749,"Compras no site",1,193.78,193.78,2026-02-09,Contínuo,62.08907401,49,3.95469388,1.57000961,2026-01-01,2026-05-25
"[PUBLICO ENG.] [DR]","[C] [TONS] [PB DR]","AD - TOFU DRIELLY 17-05",existing,active,2950,4683,1.58745763,"Compras no site",3,64.51333333,193.54,2025-06-20,Contínuo,41.32820841,132,1.46621212,2.81870596,2026-01-01,2026-05-25
"Influ Duda - Lm","[C] [LM - TESTE] [ABO]","ADS 1 - Duda",prospecting,archived,8436,18338,2.17377904,"Compras no site",3,64.51333333,193.54,2026-02-09,Contínuo,10.55404079,59,3.28033898,0.32173629,2026-01-01,2026-05-25
"Influ Evelyn BM -VM","[C] [LM - TESTE] [ABO]","ADS 1",prospecting,inactive,9879,14430,1.46067416,"Compras no site",1,193.48,193.48,2026-02-04,Contínuo,13.40817741,167,1.15856287,1.15731116,2026-01-01,2026-05-25
"Influ Jessica - Lm","[C] [LM - TESTE] [ABO]","ADS 1",prospecting,not_delivering,8614,10771,1.25040632,"Compras no site",2,96.72411384,193.44822768,2026-02-27,Contínuo,17.96009913,73,2.64997572,0.6777458,2026-01-01,2026-05-25
"[PUBLICO ENG.] [DR]","[C] [TONS] [PB DR]","ADS 3 - MES DO CLIENTE",engaged,archived,2933,5147,1.75485851,"Compras no site",2,96.62752026,193.25504053,2025-06-20,Contínuo,37.5471227,58,3.33198346,1.12687002,2026-01-01,2026-05-25
"[PUBLICO ABERTO]","[C] [TONS] [PB ABERTO] [TESTE BID CAP]","ADS 1 - 18-02 | Pausado ROAS baixo",prospecting,archived,13091,16637,1.27087312,"Compras no site",2,96.255,192.51,2026-03-16,Contínuo,11.57119673,102,1.88735294,0.6130913,2026-01-01,2026-05-25
"[PUBLICO ABERTO]","[C] [LM - PRINCIPAL] [PLANO B] 1 TESTE","ADS - RAIZA 4",existing,inactive,5555,8232,1.48190819,"Compras no site",4,48.1,192.4,2025-12-10,Contínuo,23.37220603,89,2.16179775,1.08114674,2026-01-01,2026-05-25
"[RMKT LARANJA MORO-REATIVAÇÃO BASE QUENTE]","[C] [LM - RMKT] [ADV. ABO]","AD - JESSICA TOFU",existing,inactive,4251,5099,1.19948247,"Compras no site",1,191.86,191.86,2025-10-13,Contínuo,37.62698568,65,2.95169231,1.27475976,2026-01-01,2026-05-25
"[TOFU] [TIK]","[C] [LM - TESTE] [ABO]","AD -1 — Cópia",existing,active,3648,5215,1.42955044,"Compras no site",4,47.89165212,191.56660848,2026-05-23,Contínuo,36.7337696,198,0.96750812,3.79674017,2026-01-01,2026-05-25
"[RMKT LARANJA MORO-REATIVAÇÃO BASE QUENTE]","[C] [LM - RMKT] [ADV. ABO]","AD - MOFU ANA ELISA — Cópia — Cópia",engaged,inactive,2480,3716,1.4983871,"Compras no site",3,63.78666667,191.36,2025-10-13,Contínuo,51.49623251,109,1.75559633,2.93326157,2026-01-01,2026-05-25
"Influ Larissa L 3","[C] [LM - TESTE] [ABO]","ADS - LARISSA — Cópia",engaged,archived,5152,7222,1.40178571,"Compras no site",2,95.35225951,190.70451901,2026-01-09,Contínuo,26.40605359,112,1.70271892,1.55081695,2026-01-01,2026-05-25
"[TESTE PB FECHADO]","[C] [LM - TESTE] [ABO]","AD - RMK EVELYN LP LM1",engaged,active,4149,6734,1.6230417,"Compras no site",2,95.29435532,190.58871063,2026-05-22,Contínuo,28.30245183,99,1.92513849,1.47015147,2026-01-01,2026-05-25
EVELIN,"[C] [LM - TESTE] [ABO]","AD - RMK EVELYN",engaged,active,4382,6940,1.58375171,"Compras no site",6,31.70005596,190.20033578,2026-05-18,Contínuo,27.40638844,86,2.21163181,1.23919308,2026-01-01,2026-05-25
"[BM] [ANA ELISA]","[C] [LM - TESTE] [ABO]","AD - MOFU ANA ELISA REFAÇÃO 17-05",prospecting,inactive,16658,22226,1.33425381,"Compras no site",1,190.19138119,190.19138119,2025-10-01,Contínuo,8.55715744,72,2.64154696,0.32394493,2026-01-01,2026-05-25
"[BM] [ANA ELISA]","[C] [LM - TESTE] [ABO]","AD - MOFU ANA ELISA REFAÇÃO 17-05",existing,inactive,10922,17104,1.56601355,"Compras no site",2,94.94569739,189.89139478,2025-10-01,Contínuo,11.10216293,149,1.27443889,0.87114125,2026-01-01,2026-05-25
rmkt_tons_estáticos_visitantes-engajado-compradores_max-conv_cpa35_02-09-2025_7,"[C] [TONS] [PB DR]",tons3_rmkt_20-10-2025,engaged,not_delivering,5606,8667,1.54602212,"Compras no site",2,94.81069719,189.62139438,2025-09-02,Contínuo,21.87855018,145,1.30773375,1.67301258,2026-01-01,2026-05-25
"Conj - Vm","[C] [LM - TESTE] [ABO]","ADS - SABRINA — Cópia",existing,inactive,2060,2860,1.38834951,"Compras no site",7,26.95571429,188.69,2026-01-30,Contínuo,65.97552448,61,3.09327869,2.13286713,2026-01-01,2026-05-25
"[PUBLICO ABERTO]","[C] [LM - PRINCIPAL] [PLANO B] 1 TESTE","ADS - EVELYN 2",engaged,inactive,4299,7757,1.80437311,"Compras no site",2,94.1,188.2,2025-12-10,Contínuo,24.26195694,67,2.80895522,0.86373598,2026-01-01,2026-05-25
"[TESTE PB FECHADO]","[C] [LM - TESTE] [ABO]","AD -  EVELYN",engaged,active,5631,7282,1.29319837,"Compras no site",4,46.99900125,187.996005,2026-05-22,Contínuo,25.81653461,89,2.11231466,1.22219171,2026-01-01,2026-05-25
"[AQUISIÇÃO]  [ADV. +]","[C] [LM - PRINCIPAL][EX. BASE] [ADV. +] [CBO]","ADS - ANA ELISA",engaged,inactive,4487,8576,1.91129931,"Compras no site",1,187.75,187.75,2026-01-23,Contínuo,21.89249067,125,1.502,1.45755597,2026-01-01,2026-05-25
[EVELIN],"[C] [LM - PRINCIPAL][EX. BASE] [ADV. +] [CBO]","AD - TOFU/MOFU",engaged,inactive,9713,17485,1.80016473,"Compras no site",1,187.51,187.51,2026-03-31,Contínuo,10.72404919,191,0.98172775,1.09236488,2026-01-01,2026-05-25
"[CAMPANHA AQUISIÇÃO]","[C] [JEJOOM] [CBO]","ADS - MORGANA 1 24-12 — Cópia",engaged,inactive,3006,5081,1.69028609,"Compras no site",4,46.84536851,187.38147403,2025-10-13,Contínuo,36.87885732,144,1.30126024,2.83408778,2026-01-01,2026-05-25
"[RMKT LARANJA MORO-REATIVAÇÃO BASE QUENTE]","[C] [LM - RMKT] [ADV. ABO]","ADS - LARISSA",prospecting,not_delivering,4626,5259,1.13683528,"Compras no site",1,187.32,187.32,2025-10-13,Contínuo,35.61893896,53,3.53433962,1.00779616,2026-01-01,2026-05-25
"Influ Leka - LM TESTE TRAVA DE CPA","[C] [LM - TESTE] [ABO]","ADS 3",existing,archived,7034,9512,1.35228888,"Compras no site",5,37.424,187.12,2026-01-14,Contínuo,19.67199327,94,1.9906383,0.9882254,2026-01-01,2026-05-25
"Carrossel - Lm","[C] [LM - TESTE] [ABO]","ADS2 - 18-02 — Cópia",prospecting,inactive,9396,11778,1.25351213,"Compras no site",2,93.16917201,186.33834402,2026-02-20,Contínuo,15.82088165,106,1.75790891,0.89998302,2026-01-01,2026-05-25
"[TOFU] [TIK TOK] [EXCLUSAÕ BASE] [BID 60] - TESTE ATÉ 20-05","[C] [LM - TESTE] [ABO]",AD2,existing,inactive,6746,13652,2.02371776,"Compras no site",2,93.145,186.29,2026-03-12,Contínuo,13.64561969,62,3.00467742,0.45414591,2026-01-01,2026-05-25
adv-aqui-rmtk_coezima-q10_engajado-existente_5-existentes_max-conv_26-05-2025,"[C] [COQ.10][PRINCIPAL]",coenzima-23-10-video-sabrina,existing,not_delivering,1867,3310,1.7728977,"Compras no site",3,62.03333333,186.1,2025-01-20,Contínuo,56.22356495,236,0.78855932,7.12990937,2026-01-01,2026-05-25
"[TOFU] [TIK + ORG ] [ABERTO]","[C] [LM - TESTE] [ABO]","AD - MOFU ate 14-05 — Cópia",existing,inactive,3283,3997,1.21748401,"Compras no site",3,62.02548785,186.07646356,2026-02-11,Contínuo,46.55403141,122,1.52521691,3.05228922,2026-01-01,2026-05-25
"Nutri - Tons [Teste até 13-03]","[C] [LM - TESTE] [ABO]",AD3,engaged,not_delivering,4425,7225,1.63276836,"Compras no site",4,46.47,185.88,2026-03-09,Contínuo,25.72733564,190,0.97831579,2.62975779,2026-01-01,2026-05-25
"LP NOVA","[C] [TONS] [PB DR]",tons_dr-ursinho_video-reels_10-07-2025_mais-qual-usar,prospecting,inactive,3045,3998,1.31297209,"Compras no site",3,61.84,185.52,2026-02-09,Contínuo,46.4032016,64,2.89875,1.6008004,2026-01-01,2026-05-25
"[PUBLICO ENG.] [DR]","[C] [TONS] [PB DR]","ADS - 2025",engaged,archived,4105,5110,1.24482339,"Compras no site",1,185.5,185.5,2025-06-20,Contínuo,36.30136986,100,1.855,1.95694716,2026-01-01,2026-05-25
"[RMKT LARANJA MORO-REATIVAÇÃO BASE QUENTE]","[C] [LM - RMKT] [ADV. ABO]","ADSS - ORGANICO 2",prospecting,inactive,11350,12870,1.1339207,"Compras no site",1,185.44948154,185.44948154,2025-10-13,Contínuo,14.40943913,80,2.31811852,0.62160062,2026-01-01,2026-05-25
"[PUBLICO ENG.] [DR]","[C] [TONS] [PB DR]","ADS - DR 1",existing,inactive,3269,8566,2.6203732,"Compras no site",3,61.78075341,185.34226022,2025-06-20,Contínuo,21.6369671,142,1.30522718,1.65771655,2026-01-01,2026-05-25
[RMK],"[C] [JEJOOM] [CBO]","AD - TOFU MARCELA 17-05",engaged,active,6085,12773,2.09909614,"Compras no site",1,185.19829238,185.19829238,2026-04-17,Contínuo,14.49920084,512,0.36171541,4.00845534,2026-01-01,2026-05-25
"[ADV ABER.]","[C] [LM - PRINCIPAL] - [PLANO B] 2 TESTE","AD - LUCIANA MOFU 2 — Cópia — Cópia — Cópia",engaged,not_delivering,7408,9520,1.28509719,"Compras no site",2,92.5212418,185.0424836,2026-02-25,Contínuo,19.43723567,97,1.90765447,1.01890756,2026-01-01,2026-05-25
"Evelyn Regly BM - LM","[C] [LM - TESTE] [ABO]","ADS 3",prospecting,inactive,11318,16309,1.44097897,"Compras no site",3,61.26,183.78,2026-02-04,Contínuo,11.26862469,153,1.20117647,0.93813232,2026-01-01,2026-05-25
"[CAMPANHA AQUISIÇÃO]","[C] [JEJOOM] [CBO]","AD3 - ORGANICO",engaged,inactive,5336,10592,1.9850075,"Compras no site",3,60.96979881,182.90939642,2025-10-13,Contínuo,17.26863637,92,1.98814561,0.86858006,2026-01-01,2026-05-25
"[PERFIL NOVO]","[C] [LM - PRINCIPAL] - [PLANO B] 2 TESTE","ADS 5",existing,inactive,5729,12347,2.15517542,"Compras no site",3,60.96666667,182.9,2026-03-25,Contínuo,14.81331498,81,2.25802469,0.6560298,2026-01-01,2026-05-25
"Influ Lari - Jejoom","[C] [LM - TESTE] [ABO]","ADS - LARI 6",prospecting,inactive,5827,9106,1.56272524,"Compras no site",4,45.6975,182.79,2026-02-12,Contínuo,20.07357786,70,2.61128571,0.76872392,2026-01-01,2026-05-25
adv-aqui-rmkt_laranja-moro_engajado-existente_5-existente_max-conv_26-05-2025,"[C][LM - PRINCIPAL] [ADV. EXCLUSÃO DE CLIENTES]",laranja-moro_isa-nogueira_02-07-2025_olha-so-o-relato_v3_47s,prospecting,not_delivering,6139,8159,1.32904382,"Compras no site",1,182.62,182.62,2024-09-17,Contínuo,22.38264493,51,3.58078431,0.6250766,2026-01-01,2026-05-25
"[Publico Quente] [TESTE]","[C] [DIGESTINO] [PRINCIPAL]","AD2 - 07/01",prospecting,inactive,5271,8370,1.58793398,"Compras no site",1,181.82931073,181.82931073,2025-12-24,Contínuo,21.72393199,55,3.30598747,0.65710872,2026-01-01,2026-05-25
"[PUBLICO ABERTO]","[C] [TONS] [PB DR]",AD10,existing,not_delivering,2291,3639,1.58838935,"Compras no site",1,181.64544764,181.64544764,2025-12-10,Contínuo,49.91630878,28,6.48733742,0.76944215,2026-01-01,2026-05-25
"[AQUISIÇÃO]  [ADV. +]","[C] [LM - PRINCIPAL][EX. BASE] [ADV. +] [CBO]","AD - LARI MOFU — Cópia",engaged,inactive,5190,6314,1.21657033,"Compras no site",3,60.44574256,181.33722767,2026-01-23,Contínuo,28.71986501,115,1.57684546,1.82134938,2026-01-01,2026-05-25
"Influ Ingrid - Vm","[C] [LM - TESTE] [ABO]",AD1,prospecting,archived,4112,5064,1.23151751,"Compras no site",1,180.98,180.98,2026-01-22,Contínuo,35.7385466,106,1.70735849,2.09320695,2026-01-01,2026-05-25
"[EXCLUSÃO BASE] [ADV. +]","[C] [LM - PRINCIPAL][EX. BASE] [ADV. +] [CBO]","AD - ISA MOFU",prospecting,inactive,8705,12245,1.40666284,"Compras no site",3,60.05666667,180.17,2026-03-17,Contínuo,14.71376072,63,2.85984127,0.51449571,2026-01-01,2026-05-25
"[RMKT PB FECHADO]","[C] [LM - RMKT] [ADV. ABO]","AD - LUCIANA MOFU — Cópia",prospecting,not_delivering,4532,5659,1.24867608,"Compras no site",1,179.85,179.85,2026-05-23,Contínuo,31.78123343,80,2.248125,1.41367733,2026-01-01,2026-05-25
"[HIBRIDO] [ESTATICO ORG.] [BID 60]","[C] [LM - TESTE] [ABO]",AD1,existing,inactive,5659,8994,1.58932674,"Compras no site",2,89.77778261,179.55556522,2026-03-20,Contínuo,19.96392764,98,1.83219965,1.0896153,2026-01-01,2026-05-25
"[TOFU] [TIK TOK] [EXCLUSAÕ BASE] [BID 60] - TESTE ATÉ 20-05","[C] [LM - TESTE] [ABO]","AD - MOFU ate 14-05",engaged,not_delivering,9860,16523,1.67576065,"Compras no site",3,59.61054278,178.83162833,2026-03-12,Contínuo,10.82319363,309,0.57874313,1.87012044,2026-01-01,2026-05-25
"[RMKT LARANJA MORO-REATIVAÇÃO BASE QUENTE]","[C] [LM - RMKT] [ADV. ABO]","AD - MOFU LARISSA LEMOS  REFAÇÃO 17-05",engaged,inactive,3521,4799,1.36296507,"Compras no site",2,89.08401333,178.16802667,2025-10-13,Contínuo,37.12607349,55,3.23941867,1.1460721,2026-01-01,2026-05-25
"[PUBLICO ABERTO]","[C] [LM - PRINCIPAL] [PLANO B] 1 TESTE","AD4 - RAIZA",existing,inactive,3612,5700,1.57807309,"Compras no site",2,88.97454973,177.94909947,2025-12-10,Contínuo,31.21914026,161,1.10527391,2.8245614,2026-01-01,2026-05-25
"[PUBLICO ENG.] [DR]","[C] [TONS] [PB DR]","tons2_rmkt_20-10-2025-pagdenavita — Cópia",existing,archived,2494,4717,1.89133921,"Compras no site",4,44.48,177.92,2025-06-20,Contínuo,37.71888912,39,4.56205128,0.82679669,2026-01-01,2026-05-25
"[RMKT LARANJA MORO-REATIVAÇÃO BASE QUENTE]","[C] [LM - RMKT] [ADV. ABO]","AD - MOFU ANA ELISA — Cópia",prospecting,inactive,2164,2694,1.24491682,"Compras no site",2,88.68,177.36,2025-10-13,Contínuo,65.83518931,47,3.77361702,1.74461767,2026-01-01,2026-05-25
"[CAMPANHA AQUISIÇÃO]","[C] [JEJOOM] [CBO]","ARTE 4 20-10-2025 DENAVITA",existing,inactive,3428,7154,2.08693116,"Compras no site",1,177.09792054,177.09792054,2025-10-13,Contínuo,24.75509093,59,3.00165967,0.82471345,2026-01-01,2026-05-25
"[AQUISIÇÃO]  [ADV. +]","[C] [LM - PRINCIPAL][EX. BASE] [ADV. +] [CBO]","AD - MOFU teste ate 08-05",prospecting,inactive,6897,7641,1.10787299,"Compras no site",2,88.48411966,176.96823932,2026-01-23,Contínuo,23.16035065,101,1.75216079,1.32181652,2026-01-01,2026-05-25
"[EXCLUSÃO BASE] [ADV. +]","[C] [LM - PRINCIPAL][EX. BASE] [ADV. +] [CBO]","AD - ANA MOFU",prospecting,inactive,6104,8558,1.40203145,"Compras no site",4,44.23642705,176.9457082,2026-03-17,Contínuo,20.67605845,52,3.40280208,0.6076186,2026-01-01,2026-05-25
"[TOFU] [TIK + ORG ] [ABERTO]","[C] [LM - TESTE] [ABO]","AD1 — Cópia",prospecting,inactive,8225,9341,1.13568389,,,,176.68,2026-02-11,Contínuo,18.91446312,51,3.46431373,0.54598009,2026-01-01,2026-05-25
"Arte - Organica Tons ###","[C] [LM - TESTE] [ABO]",AD5,existing,inactive,6291,9486,1.50786838,"Compras no site",1,176.02122603,176.02122603,2026-01-26,Contínuo,18.55589564,73,2.41124967,0.76955513,2026-01-01,2026-05-25
"[Publico Quente] [TESTE]","[C] [DIGESTINO] [PRINCIPAL]","ADS - BRUNA 1",engaged,inactive,2859,5167,1.80727527,"Compras no site",1,175.83,175.83,2025-12-24,Contínuo,34.02941746,136,1.29286765,2.63208825,2026-01-01,2026-05-25
"[AQUISIÇÃO]  [ADV. +]","[C] [LM - PRINCIPAL][EX. BASE] [ADV. +] [CBO]","AD - TOFU",engaged,inactive,3690,5080,1.37669377,"Compras no site",4,43.9325,175.73,2026-01-23,Contínuo,34.59251969,75,2.34306667,1.47637795,2026-01-01,2026-05-25
"Influ Maritza 0","[C] [LM - TESTE] [ABO]","Criativo 1 29/12",existing,archived,5522,10840,1.96305686,"Compras no site",2,87.64655393,175.29310787,2025-11-10,Contínuo,16.17095091,191,0.91776496,1.76199262,2026-01-01,2026-05-25
"[TESTE PB FECHADO]","[C] [LM - TESTE] [ABO]","AD -  EVELYN",existing,active,5584,7052,1.26289398,"Compras no site",5,34.98728231,174.93641154,2026-05-22,Contínuo,24.80663805,80,2.18670514,1.13442995,2026-01-01,2026-05-25
"[TESTE PB FECHADO ANA ELISA]","[C] [LM - TESTE] [ABO]","AD - RMK ANA ELISA NIVER 3 — Cópia",existing,active,4697,6921,1.47349372,"Compras no site",5,34.94217244,174.71086219,2026-05-23,Contínuo,25.2435865,63,2.77318829,0.91027308,2026-01-01,2026-05-25
"[RMKT LARANJA MORO-REATIVAÇÃO BASE QUENTE]","[C] [LM - RMKT] [ADV. ABO]","AD - TAINA",prospecting,inactive,4946,6075,1.22826526,"Compras no site",2,87.32900299,174.65800598,2025-10-13,Contínuo,28.75028905,44,3.96950014,0.72427984,2026-01-01,2026-05-25
"[HIBRIDO] [ESTATICO ORG.] [BID 60]","[C] [LM - TESTE] [ABO]","AD - NIVER 1",engaged,inactive,8622,16452,1.90814196,"Compras no site",3,58.12578571,174.37735712,2026-03-20,Contínuo,10.59915859,145,1.20260246,0.88135181,2026-01-01,2026-05-25
"[RMKT LARANJA MORO-REATIVAÇÃO BASE QUENTE]","[C] [LM - RMKT] [ADV. ABO]","ADS - MES CONSUMIDOR — Cópia",prospecting,not_delivering,3444,4530,1.31533101,"Compras no site",1,174.26,174.26,2025-10-13,Contínuo,38.46799117,39,4.46820513,0.86092715,2026-01-01,2026-05-25
"[RMKT LARANJA MORO-REATIVAÇÃO BASE QUENTE]","[C] [LM - RMKT] [ADV. ABO]","AD - BOFU 1 — Cópia — Cópia",engaged,inactive,3386,5530,1.63319551,"Compras no site",1,174.2,174.2,2025-10-13,Contínuo,31.50090416,62,2.80967742,1.12115732,2026-01-01,2026-05-25
"Evelyn Regly - LM","[C] [LM - TESTE] [ABO]","ADS 1",existing,not_delivering,3140,6601,2.1022293,"Compras no site",1,174.04,174.04,2026-02-01,Contínuo,26.36570217,121,1.43834711,1.8330556,2026-01-01,2026-05-25
"Arte - Organica Lm","[C] [LM - TESTE] [ABO]",AD4,engaged,not_delivering,7952,15241,1.91662475,"Compras no site",4,43.4475,173.79,2026-01-26,Contínuo,11.40279509,80,2.172375,0.52489994,2026-01-01,2026-05-25
"[PUBLICO ENG.] [DR]","[C] [TONS] - TESTE MAX. VALOR ATÉ 11-03","ADS - MEIO 13-02-2026",engaged,not_delivering,2382,2927,1.22879933,"Compras no site",2,86.66,173.32,2026-03-04,Contínuo,59.2142125,64,2.708125,2.18653912,2026-01-01,2026-05-25
"[TOFU] [TIK TOK] [EXCLUSAÕ BASE] [BID 60] - TESTE ATÉ 20-05","[C] [LM - TESTE] [ABO]","AD - MOFU teste ate 08-05",engaged,inactive,10625,15119,1.42296471,"Compras no site",3,57.62599959,172.87799877,2026-03-12,Contínuo,11.43448633,113,1.52989379,0.74740393,2026-01-01,2026-05-25
"[AQUISIÇÃO]  [ADV. +]","[C] [LM - PRINCIPAL][EX. BASE] [ADV. +] [CBO]","AD - ALESSANDRA — Cópia",prospecting,active,6170,8239,1.33533225,,,,172.29236527,2026-01-23,Contínuo,20.91180547,56,3.07664938,0.67969414,2026-01-01,2026-05-25
"[CAMPANHA AQUISIÇÃO]","[C] [JEJOOM] [CBO]","ADS - MORGANA 1 24-12",engaged,inactive,3789,7337,1.93639483,"Compras no site",6,28.69558975,172.17353849,2025-10-13,Contínuo,23.46647656,103,1.67158775,1.40384353,2026-01-01,2026-05-25
"Influ Lari - Jejoom","[C] [LM - TESTE] [ABO]","ADS - LARI 6",existing,inactive,5097,8610,1.68922896,"Compras no site",1,172.01,172.01,2026-02-12,Contínuo,19.97793264,61,2.81983607,0.70847851,2026-01-01,2026-05-25
"[TOFU] [TIK TOK] [EXCLUSAÕ BASE] [BID 60] - TESTE ATÉ 20-05","[C] [LM - TESTE] [ABO]",AD3,existing,inactive,7824,17738,2.26712679,"Compras no site",4,42.97,171.88,2026-03-12,Contínuo,9.68993122,110,1.56254545,0.62013756,2026-01-01,2026-05-25
"[PUBLICO ABERTO]","[C] [TONS] [PB DR]","ADS - ORGANICO",existing,not_delivering,3240,5835,1.80092593,"Compras no site",2,85.9,171.8,2025-12-10,Contínuo,29.44301628,102,1.68431373,1.74807198,2026-01-01,2026-05-25
"[VINAGRE] [RMKT]","[C] [VARIOS PRODUTO] [ABO] [BID]","AD10 - INGRID",existing,inactive,2459,4000,1.62667751,"Compras no site",2,85.85431982,171.70863964,2026-01-20,Contínuo,42.92715991,57,3.01243227,1.425,2026-01-01,2026-05-25
"Arte Organica - Digestino","[C] [LM - TESTE] [ABO]","AD - JESSICA",engaged,not_delivering,6261,13754,2.19677368,"Compras no site",4,42.90877916,171.63511664,2026-02-20,Contínuo,12.4789237,481,0.35682976,3.49716446,2026-01-01,2026-05-25
"Influ Isa Nogueira - LM TESTE TRAVA DE CPA","[C] [LM - TESTE] [ABO]","Criativo 2 - Edição Curta",prospecting,archived,5350,6754,1.26242991,"Compras no site",2,85.705,171.41,2025-10-07,Contínuo,25.37903465,75,2.28546667,1.11045306,2026-01-01,2026-05-25
"[AQUISIÇÃO]  [ADV. +]","[C] [LM - PRINCIPAL][EX. BASE] [ADV. +] [CBO]","ADS - MES CONSUMIDOR 3",existing,inactive,3770,5845,1.55039788,"Compras no site",5,34.28,171.4,2026-01-23,Contínuo,29.32420873,64,2.678125,1.09495295,2026-01-01,2026-05-25
"[RMKT LARANJA MORO-REATIVAÇÃO BASE QUENTE]","[C] [LM - RMKT] [ADV. ABO]","AD -  TOFU",prospecting,inactive,7214,10819,1.49972276,"Compras no site",2,85.27710193,170.55420387,2025-10-13,Contínuo,15.76432238,88,1.93811595,0.81338386,2026-01-01,2026-05-25
[RMK],"[C] [JEJOOM] [CBO]","AD - MOFU PRI 17-05",existing,inactive,6314,9851,1.56018372,"Compras no site",2,85.26,170.52,2026-04-17,Contínuo,17.30991777,475,0.35898947,4.8218455,2026-01-01,2026-05-25
"LP 1 - TOPO TONS","[C] [LM - PRINCIPAL][EX. BASE] [ADV. +] [CBO]","tons_dr-ursinho_video-reels_10-07-2025_esse-foi-produto-que-a-mamae — Cópia",prospecting,archived,6095,6598,1.08252666,,,,170.38,2026-02-06,Contínuo,25.82297666,70,2.434,1.06092755,2026-01-01,2026-05-25
"teste publico novo - bid","[C] [LM - TESTE] [ABO]","ADS 2",engaged,not_delivering,5317,7676,1.44367124,"Compras no site",1,169.71095713,169.71095713,2026-02-19,Contínuo,22.10929613,111,1.52892754,1.44606566,2026-01-01,2026-05-25
"teste aquisição ate dia 15  - Lm","[C] [LM - TESTE] [ABO]","AD - ANA MOFU",existing,inactive,5661,9370,1.6551846,"Compras no site",2,84.795,169.59,2026-02-04,Contínuo,18.09925293,43,3.94395349,0.45891142,2026-01-01,2026-05-25
"Influ Vitoria - Lm","[C] [LM - TESTE] [ABO]",AD1,engaged,not_delivering,7093,15970,2.25151558,"Compras no site",4,42.32,169.28,2026-03-12,Contínuo,10.59987477,227,0.74572687,1.42141515,2026-01-01,2026-05-25
"[DAI - DUDA - ANA]","[C] [LM - TESTE] [ABO]","AD 1 DAI",prospecting,active,18498,22623,1.22299708,"Compras no site",1,168.919144,168.919144,2026-05-21,Contínuo,7.46669955,82,2.05998956,0.36246298,2026-01-01,2026-05-25
"[PUBLICO ENG.] [DR]","[C] [TONS] [PB DR]","AD - TOFU",existing,inactive,2908,3874,1.33218707,"Compras no site",2,84.21436831,168.42873663,2025-06-20,Contínuo,43.47670021,88,1.91396292,2.27155395,2026-01-01,2026-05-25
"[RMKT LARANJA MORO-REATIVAÇÃO BASE QUENTE]","[C] [LM - RMKT] [ADV. ABO]","AD - ANA ELISA",engaged,inactive,3050,4797,1.57278689,"Compras no site",1,168.28,168.28,2025-10-13,Contínuo,35.08025849,65,2.58892308,1.35501355,2026-01-01,2026-05-25
"[EXCLUSÃO BASE] [ADV. +]","[C] [LM - PRINCIPAL][EX. BASE] [ADV. +] [CBO]","AD - DANI TOFU",prospecting,active,16972,19939,1.17481735,,,,168.00894188,2026-03-17,Contínuo,8.42614684,113,1.4868048,0.56672852,2026-01-01,2026-05-25
"[BM] [ANA ELISA]","[C] [LM - TESTE] [ABO]","AD - MOFU ANA ELISA — Cópia",engaged,not_delivering,5985,11490,1.9197995,,,,166.80080438,2025-10-01,Contínuo,14.51704129,295,0.56542646,2.56744996,2026-01-01,2026-05-25
"Influ Vitoria - Lm","[C] [LM - TESTE] [ABO]",AD2,existing,inactive,6854,14852,2.16690983,"Compras no site",2,83.35542173,166.71084345,2026-03-12,Contínuo,11.22480767,142,1.17402002,0.95610019,2026-01-01,2026-05-25
"[RMKT LARANJA MORO-REATIVAÇÃO BASE QUENTE]","[C] [LM - RMKT] [ADV. ABO]","AD - MOFU ANA ELISA REFAÇÃO 17-05 — Cópia — Cópia",engaged,inactive,3572,5156,1.44344905,,,,166.68,2025-10-13,Contínuo,32.32738557,234,0.71230769,4.53840186,2026-01-01,2026-05-25
"[PUBLICO ABERTO]","[C] [TONS] [PB DR]","ADS - ORGANICO",prospecting,not_delivering,5223,7636,1.46199502,,,,166.33,2025-12-10,Contínuo,21.78234678,52,3.19865385,0.68098481,2026-01-01,2026-05-25
"Conj - Vm","[C] [LM - TESTE] [ABO]","AD - NURR",engaged,inactive,2110,2757,1.30663507,"Compras no site",3,55.39666667,166.19,2026-01-30,Contínuo,60.27928908,55,3.02163636,1.99492202,2026-01-01,2026-05-25
"[AQUISIÇÃO]  [ADV. +]","[C] [LM - PRINCIPAL][EX. BASE] [ADV. +] [CBO]","ADS - ANA ELISA",existing,inactive,3873,7957,2.05447973,"Compras no site",3,55.36,166.08,2026-01-23,Contínuo,20.87218801,146,1.13753425,1.83486239,2026-01-01,2026-05-25
[RMK],"[C] [JEJOOM] [CBO]","AD - RMKT PERFIL JEJOOM",existing,inactive,6890,14558,2.11291727,"Compras no site",2,82.90476843,165.80953685,2026-04-17,Contínuo,11.38958214,110,1.50735943,0.7555983,2026-01-01,2026-05-25
"TONS TESTE","[C] [TONS] [PB DR]","AD- NIVER 4",existing,not_delivering,2556,4265,1.66862285,"Compras no site",2,82.56,165.12,2026-04-06,Contínuo,38.71512309,71,2.3256338,1.66471278,2026-01-01,2026-05-25
"Influ Maritza 1 - LM TESTE TRAVA DE CPA","[C] [LM - TESTE] [ABO]",24-12,existing,archived,4127,6370,1.54349406,"Compras no site",2,82.34268911,164.68537822,2025-11-25,Contínuo,25.85327759,57,2.88921716,0.89481947,2026-01-01,2026-05-25
"[EXCLUSÃO BASE] [ADV. +]","[C] [LM - PRINCIPAL][EX. BASE] [ADV. +] [CBO]","AD - TOFU LARISSA",prospecting,active,14436,17879,1.23850097,,,,164.31,2026-03-17,Contínuo,9.1901113,98,1.67663265,0.54812909,2026-01-01,2026-05-25
"TONS TESTE","[C] [TONS] [PB DR]","AD- NIVER 7",engaged,inactive,2041,3689,1.80744733,,,,164.07,2026-04-06,Contínuo,44.47546761,60,2.7345,1.62645703,2026-01-01,2026-05-25
"[BM JADE]","[C] [LM - TESTE] [ABO]","AD - JADE TOFU 19-05 BM JADE + DENA — Cópia — Cópia",prospecting,inactive,16763,23045,1.37475392,,,,163.91939514,2026-04-17,Contínuo,7.11301346,98,1.67264689,0.42525494,2026-01-01,2026-05-25
"[RMKT LARANJA MORO-REATIVAÇÃO BASE QUENTE]","[C] [LM - RMKT] [ADV. ABO]","AD - NIVER 6",existing,not_delivering,2164,2890,1.33548983,"Compras no site",1,163.17,163.17,2025-10-13,Contínuo,56.46020761,45,3.626,1.55709343,2026-01-01,2026-05-25
"Evelyn Regly BM - LM","[C] [LM - TESTE] [ABO]","Teste - Perfil novo",prospecting,not_delivering,6919,8300,1.19959532,"Compras no site",3,54.31666667,162.95,2026-02-04,Contínuo,19.63253012,78,2.08910256,0.93975904,2026-01-01,2026-05-25
"[HIBRIDO] [ESTATICO ORG.] [BID 60]","[C] [LM - TESTE] [ABO]","AD - BOFU 3 — Cópia",existing,inactive,8543,13153,1.53962308,"Compras no site",1,162.74603126,162.74603126,2026-03-20,Contínuo,12.37330124,75,2.16994708,0.57021212,2026-01-01,2026-05-25
"[BM JADE]","[C] [LM - TESTE] [ABO]","AD - RMK  EVELYN 18-05 PERFIL DENA — Cópia",existing,inactive,7573,12123,1.6008187,"Compras no site",4,40.63079897,162.52319588,2026-04-17,Contínuo,13.40618625,78,2.08363072,0.6434051,2026-01-01,2026-05-25
"LP 1 - TOPO TONS","[C] [LM - PRINCIPAL][EX. BASE] [ADV. +] [CBO]","AD1 — Cópia",prospecting,archived,5728,7848,1.37011173,"Compras no site",2,81.24,162.48,2026-02-06,Contínuo,20.70336391,68,2.38941176,0.86646279,2026-01-01,2026-05-25
"LP NOVA","[C] [TONS] [PB DR]","tons_dr-ursinho_video-reels_18-08-2026 — Cópia",engaged,inactive,3050,3235,1.06065574,"Compras no site",4,40.495,161.98,2026-02-09,Contínuo,50.07109737,144,1.12486111,4.45131376,2026-01-01,2026-05-25
"Influ Adeli - Lm","[C] [LM - TESTE] [ABO]",AD3,engaged,not_delivering,5866,10879,1.85458575,"Compras no site",1,161.63,161.63,2026-03-10,Contínuo,14.85706407,150,1.07753333,1.3788032,2026-01-01,2026-05-25
adv-aqui-rmtk_coezima-q10_engajado-existente_5-existentes_max-conv_26-05-2025,"[C] [COQ.10][PRINCIPAL]","VDS05 DANI",existing,inactive,2467,3268,1.32468585,,,,161.55492655,2025-01-20,Contínuo,49.43541204,49,3.29703932,1.499388,2026-01-01,2026-05-25
"[EXCLUSÃO BASE] [ADV. +]","[C] [LM - PRINCIPAL][EX. BASE] [ADV. +] [CBO]","AD - EVELYN MOFU",engaged,inactive,4684,6642,1.41801879,"Compras no site",5,32.256,161.28,2026-03-17,Contínuo,24.28184282,68,2.37176471,1.02378802,2026-01-01,2026-05-25
suldes,"[C] [LM - TESTE] [ABO]",ad,existing,not_delivering,3538,5487,1.5508762,,,,161.08,2026-05-19,Contínuo,29.3566612,42,3.8352381,0.7654456,2026-01-01,2026-05-25
"[TOFU] [TIK TOK] [EXCLUSAÕ BASE] [BID 60] - TESTE ATÉ 20-05","[C] [LM - TESTE] [ABO]","AD - MOFU ate 14-05",prospecting,not_delivering,10869,12673,1.16597663,"Compras no site",3,53.29,159.87,2026-03-12,Contínuo,12.61500829,79,2.02367089,0.62337252,2026-01-01,2026-05-25
"[HIBRIDO] [ESTATICO ORG.] [BID 60]","[C] [LM - TESTE] [ABO]","AD - TOFU",existing,inactive,9021,15886,1.76100211,"Compras no site",1,159.16,159.16,2026-03-20,Contínuo,10.01888455,56,2.84214286,0.35251165,2026-01-01,2026-05-25
"LP NOVA","[C] [TONS] [PB DR]",tons_dr-ursinho_video-reels_10-07-2025_esse-foi-produto-que-a-mamae,prospecting,inactive,4714,5215,1.10627917,"Compras no site",1,159.14,159.14,2026-02-09,Contínuo,30.51581975,87,1.8291954,1.66826462,2026-01-01,2026-05-25
"Arte - Organica Tons ###","[C] [LM - TESTE] [ABO]",AD2,engaged,inactive,4082,7851,1.9233219,"Compras no site",3,53.03,159.09,2026-01-26,Contínuo,20.26366068,91,1.74824176,1.15908801,2026-01-01,2026-05-25
"LP - 1","[C] [LM - PRINCIPAL][EX. BASE] [ADV. +] [CBO]","Rmkt Dani 2 — Cópia",engaged,archived,4487,6486,1.44550925,"Compras no site",8,19.88430581,159.07444648,2026-01-19,Contínuo,24.5258166,94,1.69228135,1.44927536,2026-01-01,2026-05-25
"[PUBLICO ENG.] [DR]","[C] [TONS] [PB DR]","AD2 — Cópia",prospecting,inactive,6096,9576,1.57086614,"Compras no site",2,79.40383491,158.80766982,2025-06-20,Contínuo,16.58392542,82,1.9366789,0.85630744,2026-01-01,2026-05-25
"Influ Evelyn BM -VM","[C] [LM - TESTE] [ABO]","ADS 3",engaged,inactive,7977,14603,1.83063808,"Compras no site",1,158.68744092,158.68744092,2026-02-04,Contínuo,10.86676991,193,0.82221472,1.32164624,2026-01-01,2026-05-25
"[ADV ABER.]","[C] [LM - PRINCIPAL] - [PLANO B] 2 TESTE","[ADS] - [RMKT] [25-02]",prospecting,inactive,7573,10907,1.44024825,,,,158.55,2026-02-25,Contínuo,14.53653617,61,2.59918033,0.55927386,2026-01-01,2026-05-25
"Influ Sabrina - LM TESTE TRAVA DE CPA","[C] [LM - TESTE] [ABO]","AD - TOFU",prospecting,archived,13300,18625,1.40037594,"Compras no site",1,158.47,158.47,2025-10-22,Contínuo,8.50845638,88,1.80079545,0.47248322,2026-01-01,2026-05-25
"[HIBRIDO] [ESTATICO ORG.] [BID 60]","[C] [LM - TESTE] [ABO]",AD1,prospecting,inactive,9901,13132,1.32633067,"Compras no site",1,158.3160898,158.3160898,2026-03-20,Contínuo,12.05574854,66,2.39872863,0.5025891,2026-01-01,2026-05-25
adv-aqui-rmtk_coezima-q10_engajado-existente_5-existentes_max-conv_26-05-2025,"[C] [COQ.10][PRINCIPAL]","ADS - KAMILI 29/12",prospecting,inactive,10326,22913,2.21896184,"Compras no site",1,158.08385318,158.08385318,2025-01-20,Contínuo,6.89930839,223,0.7088962,0.97324663,2026-01-01,2026-05-25
"[PUBLICO ENG.] [DR]","[C] [TONS] [PB DR]","AD - TOFU DRIELLY 17-05",prospecting,active,3827,5432,1.41938856,"Compras no site",1,158,158,2025-06-20,Contínuo,29.08689249,74,2.13513514,1.3622975,2026-01-01,2026-05-25
"[AQUISIÇÃO]  [ADV. +]","[C] [LM - PRINCIPAL][EX. BASE] [ADV. +] [CBO]","ADS - RAIZA 4",prospecting,inactive,6899,7761,1.12494564,,,,157.91,2026-01-23,Contínuo,20.34660482,46,3.43282609,0.59270713,2026-01-01,2026-05-25
"Influ Larissa Lemos - Lm","[C] [LM - TESTE] [ABO]","[ADS] - [LARISSA] [TOPO] [27-02] — Cópia",engaged,archived,2719,6086,2.23832291,"Compras no site",2,78.80150259,157.60300517,2025-10-13,Contínuo,25.89599165,88,1.79094324,1.44594151,2026-01-01,2026-05-25
"[PUBLICO ABERTO]","[C] [TONS] [PB ABERTO] [TESTE BID CAP]","AD - BOFU",existing,inactive,7427,17978,2.42062744,"Compras no site",4,39.39923646,157.59694585,2026-03-16,Contínuo,8.7661,107,1.47286865,0.59517188,2026-01-01,2026-05-25
"Influ Evelyn - Vm","[C] [LM - TESTE] [ABO]","ADS 2",existing,not_delivering,2780,3708,1.33381295,"Compras no site",3,52.50666667,157.52,2026-01-29,Contínuo,42.4811219,67,2.35104478,1.80690399,2026-01-01,2026-05-25
"[AQUISIÇÃO]  [ADV. +]","[C] [LM - PRINCIPAL][EX. BASE] [ADV. +] [CBO]","AD - MOFU teste ate 08-05",existing,inactive,4969,5841,1.17548803,"Compras no site",4,39.37933343,157.51733372,2026-01-23,Contínuo,26.96752846,73,2.15777169,1.249786,2026-01-01,2026-05-25
"Influ Larissa Lemos - Lm","[C] [LM - TESTE] [ABO]","[ADS] - [LARISSA] [TOPO] [27-02] — Cópia",existing,archived,2580,5461,2.11666667,"Compras no site",3,52.49101189,157.47303568,2025-10-13,Contínuo,28.83593402,88,1.78946631,1.61142648,2026-01-01,2026-05-25
"teste publico novo - bid","[C] [LM - TESTE] [ABO]","ADS 2",existing,not_delivering,3847,5610,1.45827918,"Compras no site",1,157.37524876,157.37524876,2026-02-19,Contínuo,28.05262901,83,1.89608733,1.47950089,2026-01-01,2026-05-25
"[COENZIMA] [RMKT]","[C] [VARIOS PRODUTO] [ABO] [BID]",ADS,existing,inactive,3927,5794,1.47542653,"Compras no site",1,157.33788134,157.33788134,2026-05-10,Contínuo,27.15531262,50,3.14675763,0.86296168,2026-01-01,2026-05-25
"Influ Ana Elisa 2","[C] [LM - TESTE] [ABO]","AD1 - 07/12",prospecting,archived,3019,5087,1.68499503,"Compras no site",3,52.31666667,156.95,2026-01-07,Contínuo,30.8531551,47,3.3393617,0.92392373,2026-01-01,2026-05-25
"[TOFU] [TIK TOK] [EXCLUSAÕ BASE] [BID 60] - TESTE ATÉ 20-05","[C] [LM - TESTE] [ABO]","AD - MOFU teste ate 08-05",prospecting,not_delivering,9999,12785,1.27862786,"Compras no site",3,52.24464466,156.73393398,2026-03-12,Contínuo,12.25920485,70,2.2390562,0.54751662,2026-01-01,2026-05-25
"[AQUISIÇÃO]  [ADV. +]","[C] [LM - PRINCIPAL][EX. BASE] [ADV. +] [CBO]","ADS - DANI",existing,inactive,1915,2793,1.45848564,"Compras no site",1,156.61084103,156.61084103,2026-01-23,Contínuo,56.07262479,38,4.12133792,1.36054422,2026-01-01,2026-05-25
"[BOFU] [ADV+ ABERTO] [ESTATICO]","[C] [LM - TESTE] [ABO]",AD6,existing,inactive,6896,13478,1.95446636,"Compras no site",3,52.18457265,156.55371794,2026-02-25,Contínuo,11.61550066,467,0.3352328,3.46490577,2026-01-01,2026-05-25
"[AQUISIÇÃO]  [ADV. +]","[C] [LM - PRINCIPAL][EX. BASE] [ADV. +] [CBO]","ADS - ISA 3",prospecting,inactive,6162,6933,1.12512171,"Compras no site",1,156.4283222,156.4283222,2026-01-23,Contínuo,22.56286199,45,3.47618494,0.64906967,2026-01-01,2026-05-25
"Influ Jessica - Lm","[C] [LM - TESTE] [ABO]","ADS 1",existing,not_delivering,4714,6861,1.45545185,"Compras no site",3,51.98500137,155.95500412,2026-02-27,Contínuo,22.73065211,80,1.94943755,1.16601079,2026-01-01,2026-05-25
"LP - TOPO LM","[C] [LM - PRINCIPAL][EX. BASE] [ADV. +] [CBO]","ADS - RAIZA 3",engaged,archived,3407,6937,2.03610214,,,,155.81907406,2026-02-06,Contínuo,22.46202596,76,2.05025097,1.09557446,2026-01-01,2026-05-25
"[CAMPANHA AQUISIÇÃO]","[C] [JEJOOM] [CBO]","AD - JADE TOFU",existing,inactive,3216,4677,1.45429104,,,,155.5949777,2025-10-13,Contínuo,33.26811582,51,3.05088192,1.09044259,2026-01-01,2026-05-25
"[BM JADE]","[C] [LM - TESTE] [ABO]","AD - JADE JEJOOM TOFU",existing,inactive,6095,13994,2.29598031,"Compras no site",2,77.33450592,154.66901184,2026-04-17,Contínuo,11.05252336,111,1.39341452,0.79319708,2026-01-01,2026-05-25
"[COLAGENO] [RMKT]","[C] [VARIOS PRODUTO] [ABO] [BID]","AD - BOFU 2",prospecting,not_delivering,10708,13047,1.21843482,,,,154.40856092,2026-05-10,Contínuo,11.83479428,39,3.95919387,0.29891929,2026-01-01,2026-05-25
"[PUBLICO ENG.] [DR]","[C] [TONS] [PB DR]","ADS - MEIO 13-02-2026 — Cópia",engaged,archived,2997,4941,1.64864865,,,,154.3,2025-06-20,Contínuo,31.22849626,117,1.31880342,2.36794171,2026-01-01,2026-05-25
"[PUBLICO ABERTO]","[C] [LM - PRINCIPAL] [PLANO B] 1 TESTE","AD - LUCIANA MOFU 2 — Cópia — Cópia",prospecting,not_delivering,9119,10027,1.09957232,"Compras no site",1,154.07,154.07,2025-12-10,Contínuo,15.36551311,117,1.31683761,1.16684951,2026-01-01,2026-05-25
adv-aqui-rmtk_coezima-q10_engajado-existente_5-existentes_max-conv_26-05-2025,"[C] [COQ.10][PRINCIPAL]","ADS2 - ORGANICO",existing,not_delivering,2888,4885,1.69148199,"Compras no site",4,38.29516125,153.18064501,2025-01-20,Contínuo,31.35734801,72,2.12750896,1.47389969,2026-01-01,2026-05-25
"[RMKT LARANJA MORO-REATIVAÇÃO BASE QUENTE]","[C] [LM - RMKT] [ADV. ABO]","ADS - RAIZA VM",existing,inactive,1659,2039,1.22905365,"Compras no site",1,152.22,152.22,2025-10-13,Contínuo,74.65424228,34,4.47705882,1.66748406,2026-01-01,2026-05-25
"[BM JADE]","[C] [LM - TESTE] [ABO]","AD - ISA MOFU",existing,not_delivering,5784,7493,1.29547026,"Compras no site",1,152.15702171,152.15702171,2026-04-17,Contínuo,20.30655568,71,2.14305664,0.94755105,2026-01-01,2026-05-25
"[AQUISIÇÃO]  [ADV. +]","[C] [LM - PRINCIPAL][EX. BASE] [ADV. +] [CBO]","AD - MOFU teste ate 08-05 — Cópia — Cópia — Cópia",prospecting,inactive,7083,7653,1.08047438,"Compras no site",3,50.49812367,151.494371,2026-01-23,Contínuo,19.79542284,45,3.36654158,0.5880047,2026-01-01,2026-05-25
"[MI RUBACK]","[C] [LM - PRINCIPAL][EX. BASE] [ADV. +] [CBO]","AD - TOFU",engaged,inactive,5825,15238,2.61596567,"Compras no site",4,37.82442414,151.29769655,2026-03-18,Contínuo,9.92897339,303,0.49933233,1.98844993,2026-01-01,2026-05-25
"LP - 2","[C] [LM - PRINCIPAL][EX. BASE] [ADV. +] [CBO]","Rmkt Dani 2 — Cópia",engaged,archived,3720,5308,1.42688172,"Compras no site",7,21.60452993,151.23170953,2026-01-19,Contínuo,28.49127911,102,1.48266382,1.92162773,2026-01-01,2026-05-25
"[RMKT LARANJA MORO-REATIVAÇÃO BASE QUENTE]","[C] [LM - RMKT] [ADV. ABO]","AD - BOFU 2",prospecting,inactive,4357,5378,1.23433555,"Compras no site",3,50.3055357,150.91660709,2025-10-13,Contínuo,28.06184587,35,4.31190306,0.65079955,2026-01-01,2026-05-25
"[TOFU] - [EX. PURCHASE]","[C] [LM - PRINCIPAL] - [PLANO B] 2 TESTE","ADS - MES CONSUMIDOR",engaged,inactive,6327,11818,1.86786787,"Compras no site",2,75.36600599,150.73201198,2026-03-25,Contínuo,12.75444339,60,2.5122002,0.50770012,2026-01-01,2026-05-25
"[EXCLUSÃO BASE] [ADV. +]","[C] [LM - PRINCIPAL][EX. BASE] [ADV. +] [CBO]","AD - ISA MOFU",existing,inactive,4434,6132,1.38294993,"Compras no site",2,75.34701442,150.69402885,2026-03-17,Contínuo,24.57502101,53,2.84328356,0.86431833,2026-01-01,2026-05-25
"[AQUISIÇÃO]  [ADV. +]","[C] [LM - PRINCIPAL][EX. BASE] [ADV. +] [CBO]","AD - JESSICA TOFU — Cópia",engaged,inactive,3934,4480,1.13879004,"Compras no site",1,150.48519838,150.48519838,2026-01-23,Contínuo,33.59044607,44,3.42011814,0.98214286,2026-01-01,2026-05-25
"[DAI - DUDA - ANA]","[C] [LM - TESTE] [ABO]","AD 2 DUDA",existing,active,3838,5487,1.42965086,"Compras no site",4,37.5331505,150.132602,2026-05-21,Contínuo,27.36150939,89,1.68688317,1.62201567,2026-01-01,2026-05-25
"[PUBLICO ENG.] [DR]","[C] [TONS] [PB DR]","tons2_rmkt_20-10-2025-pagdenavita — Cópia",engaged,archived,2601,4636,1.78239139,"Compras no site",3,49.94333333,149.83,2025-06-20,Contínuo,32.31880932,74,2.02472973,1.59620362,2026-01-01,2026-05-25
"[TOFU] - [EX. PURCHASE]","[C] [LM - PRINCIPAL] - [PLANO B] 2 TESTE","ADS - LARISSA",engaged,not_delivering,5743,7246,1.26170991,"Compras no site",2,74.84932104,149.69864208,2026-03-25,Contínuo,20.6594869,55,2.72179349,0.75903947,2026-01-01,2026-05-25
"[AQUISIÇÃO]  [ADV. +]","[C] [LM - PRINCIPAL][EX. BASE] [ADV. +] [CBO]","AD2 — DANI",existing,inactive,3299,5944,1.80175811,"Compras no site",2,74.81,149.62,2026-01-23,Contínuo,25.17160162,42,3.56238095,0.70659489,2026-01-01,2026-05-25
ABER.,"[C] [TONS] [PB ABERTO] [TESTE BID CAP]","tons4_rmkt_20-10-2025 — Cópia | Pausado ROAS baixo",prospecting,archived,17615,23271,1.32108998,"Compras no site",1,149.4443773,149.4443773,2026-03-16,Contínuo,6.42191471,55,2.7171705,0.23634567,2026-01-01,2026-05-25
"[TESTE PB FECHADO ANA ELISA]","[C] [LM - TESTE] [ABO]","AD - MOFU ANA ELISA — Cópia",engaged,active,3261,5064,1.55289788,,,,149.38228172,2026-05-23,Contínuo,29.4988708,88,1.69752593,1.73775671,2026-01-01,2026-05-25
"[COENZIMA] [RMKT]","[C] [VARIOS PRODUTO] [ABO] [BID]","ADS2- SABRINA",existing,inactive,1398,1969,1.40844063,"Compras no site",1,149.18,149.18,2026-05-10,Contínuo,75.76434738,35,4.26228571,1.77755206,2026-01-01,2026-05-25
"[RMKT LARANJA MORO-REATIVAÇÃO BASE QUENTE]","[C] [LM - RMKT] [ADV. ABO]","ADS 1 — Cópia",engaged,not_delivering,2667,3227,1.20997375,"Compras no site",1,148.90898629,148.90898629,2025-10-13,Contínuo,46.14471221,62,2.40175784,1.92128912,2026-01-01,2026-05-25
adv-aqui-rmkt_laranja-moro_engajado-existente_5-existente_max-conv_26-05-2025,"[C][LM - PRINCIPAL] [ADV. EXCLUSÃO DE CLIENTES]",Criativo-Campeão-5-estatico-fundo,prospecting,inactive,6691,8989,1.34344642,"Compras no site",2,74.255,148.51,2024-09-17,Contínuo,16.52130382,43,3.45372093,0.47836244,2026-01-01,2026-05-25
"Influ Ingrid - Vm","[C] [LM - TESTE] [ABO]",AD1,existing,archived,2421,3597,1.48574969,"Compras no site",4,37.005,148.02,2026-01-22,Contínuo,41.15095913,73,2.02767123,2.029469,2026-01-01,2026-05-25
"[VINAGRE] [RMKT]","[C] [VARIOS PRODUTO] [ABO] [BID]","AD12 - PAULA",engaged,inactive,3642,4851,1.33196046,"Compras no site",5,29.56064102,147.80320508,2026-01-20,Contínuo,30.46860546,89,1.66071017,1.83467326,2026-01-01,2026-05-25
"[RMKT LARANJA MORO-REATIVAÇÃO BASE QUENTE]","[C] [LM - RMKT] [ADV. ABO]","AD - EVELYN",prospecting,not_delivering,3948,4938,1.25075988,"Compras no site",2,73.81559091,147.63118181,2025-10-13,Contínuo,29.89695865,50,2.95262364,1.01255569,2026-01-01,2026-05-25
"[EXCLUSÃO BASE] [ADV. +]","[C] [LM - PRINCIPAL][EX. BASE] [ADV. +] [CBO]","AD - EVELYN MOFU",existing,inactive,5265,7644,1.45185185,,,,147.59,2026-03-17,Contínuo,19.30795395,45,3.27977778,0.58869702,2026-01-01,2026-05-25
"[TESTE PB FECHADO JADE]","[C] [LM - TESTE] [ABO]","AD - JADE TOFU — Cópia — Cópia",engaged,active,3952,5231,1.3236336,,,,147.50343529,2026-05-23,Contínuo,28.19794213,101,1.46043005,1.93079717,2026-01-01,2026-05-25
adv-aqui-rmtk_coezima-q10_engajado-existente_5-existentes_max-conv_26-05-2025,"[C] [COQ.10][PRINCIPAL]",coenzima-sarah-14-08-2026-video,engaged,inactive,2207,5879,2.66379701,"Compras no site",2,73.31746341,146.63492683,2025-01-20,Contínuo,24.94215459,994,0.14752005,16.90763735,2026-01-01,2026-05-25
"[TOFU] [TIK TOK] [EXCLUSAÕ BASE] [BID 60] - TESTE ATÉ 20-05","[C] [LM - TESTE] [ABO]","AD - MOFU ate 14-05",existing,not_delivering,5985,10457,1.74720134,"Compras no site",4,36.59350941,146.37403765,2026-03-12,Contínuo,13.99770849,204,0.71751979,1.95084632,2026-01-01,2026-05-25
"[RMKT LARANJA MORO-REATIVAÇÃO BASE QUENTE]","[C] [LM - RMKT] [ADV. ABO]","AD - RMK NIVER — Cópia",existing,inactive,4946,6946,1.40436717,"Compras no site",2,73.15932354,146.31864708,2025-10-13,Contínuo,21.06516658,61,2.39866635,0.87820328,2026-01-01,2026-05-25
"[TESTE PB FECHADO]","[C] [LM - TESTE] [ABO]","AD -  EVELYN",existing,active,3543,4101,1.15749365,"Compras no site",2,72.76,145.52,2026-05-22,Contínuo,35.48402829,39,3.73128205,0.95098756,2026-01-01,2026-05-25
"[ADV ABER.]","[C] [LM - PRINCIPAL] - [PLANO B] 2 TESTE","AD1 — Cópia",engaged,inactive,7533,15412,2.04593124,"Compras no site",3,48.48653346,145.45960038,2026-02-25,Contínuo,9.43807425,46,3.16216523,0.29846873,2026-01-01,2026-05-25
"[VINAGRE] [RMKT]","[C] [VARIOS PRODUTO] [ABO] [BID]","AD - ORG 2 TOFU/MOFU",engaged,inactive,2630,4031,1.53269962,"Compras no site",4,36.30531156,145.22124622,2026-01-20,Contínuo,36.02610921,102,1.42373771,2.53038948,2026-01-01,2026-05-25
EVELIN,"[C] [LM - TESTE] [ABO]","AD - EVELYN TOFU",engaged,active,4488,5657,1.26047237,"Compras no site",1,144.81626341,144.81626341,2026-05-18,Contínuo,25.59948089,66,2.19418581,1.16669613,2026-01-01,2026-05-25
"[RMKT LARANJA MORO-REATIVAÇÃO BASE QUENTE]","[C] [LM - RMKT] [ADV. ABO]","AD - LUCIANA MOFU — Cópia",existing,inactive,1806,2096,1.16057586,,,,144.5,2025-10-13,Contínuo,68.94083969,49,2.94897959,2.33778626,2026-01-01,2026-05-25
"[AQUISIÇÃO]  [ADV. +]","[C] [LM - PRINCIPAL][EX. BASE] [ADV. +] [CBO]","AD - JESSICA TOFU — Cópia",existing,inactive,4010,4534,1.13067332,,,,144.19539907,2026-01-23,Contínuo,31.80313169,57,2.52974384,1.25716806,2026-01-01,2026-05-25
"Evelyn Regly BM - LM","[C] [LM - TESTE] [ABO]","Teste - Perfil novo",existing,not_delivering,4487,5676,1.26498774,"Compras no site",3,47.99666667,143.99,2026-02-04,Contínuo,25.36821705,103,1.39796117,1.81465821,2026-01-01,2026-05-25
"[VINAGRE] [RMKT]","[C] [VARIOS PRODUTO] [ABO] [BID]","AD10 - INGRID",prospecting,inactive,3417,4254,1.24495171,"Compras no site",2,71.9908887,143.98177741,2026-01-20,Contínuo,33.84621002,60,2.39969629,1.41043724,2026-01-01,2026-05-25
"[VINAGRE] [RMKT]","[C] [VARIOS PRODUTO] [ABO] [BID]","AD - MOFU MARCELA 17-05",existing,inactive,5469,7449,1.36204059,,,,143.97,2026-01-20,Contínuo,19.3274265,111,1.29702703,1.4901329,2026-01-01,2026-05-25
"[EXCLUSÃO BASE] [ADV. +]","[C] [LM - PRINCIPAL][EX. BASE] [ADV. +] [CBO]","AD - ISA MOFU",existing,inactive,5141,8135,1.58237697,,,,143.74,2026-03-17,Contínuo,17.66933006,84,1.71119048,1.03257529,2026-01-01,2026-05-25
"[RMKT LARANJA MORO-REATIVAÇÃO BASE QUENTE]","[C] [LM - RMKT] [ADV. ABO]","AD - LUCIANA MOFU — Cópia",engaged,inactive,2298,2796,1.21671018,"Compras no site",1,143.25,143.25,2025-10-13,Contínuo,51.23390558,67,2.1380597,2.3962804,2026-01-01,2026-05-25
"[TOFU] [TIK TOK] [EXCLUSAÕ BASE] [BID 60] - TESTE ATÉ 20-05","[C] [LM - TESTE] [ABO]",AD1,engaged,inactive,7142,14745,2.06454775,"Compras no site",2,71.57337923,143.14675845,2026-03-12,Contínuo,9.70815588,130,1.10112891,0.8816548,2026-01-01,2026-05-25
"[RMKT LARANJA MORO-REATIVAÇÃO BASE QUENTE]","[C] [LM - RMKT] [ADV. ABO]","ADS 1 — Cópia",prospecting,not_delivering,3340,3714,1.11197605,"Compras no site",1,143.11941451,143.11941451,2025-10-13,Contínuo,38.5351143,38,3.76630038,1.02315563,2026-01-01,2026-05-25
"[VINAGRE] [RMKT]","[C] [VARIOS PRODUTO] [ABO] [BID]","AD - MI RUBACK MOFU — Cópia",engaged,active,3860,5616,1.45492228,,,,142.4139408,2026-01-20,Contínuo,25.35860769,261,0.54564728,4.6474359,2026-01-01,2026-05-25
"Influ Evelyn - Vm","[C] [LM - TESTE] [ABO]","ADS 3 — Cópia",prospecting,not_delivering,5259,5730,1.08956075,"Compras no site",1,142.15,142.15,2026-01-29,Contínuo,24.80802792,53,2.68207547,0.92495637,2026-01-01,2026-05-25
"teste aquisição ate dia 15  - Lm","[C] [LM - TESTE] [ABO]","AD - MOFU",engaged,inactive,5154,10170,1.97322468,"Compras no site",4,35.48618102,141.94472409,2026-02-04,Contínuo,13.95720001,147,0.96561037,1.44542773,2026-01-01,2026-05-25
"Influ Paula Bigode - Vm","[C] [LM - TESTE] [ABO]",AD1,existing,archived,2060,2712,1.31650485,"Compras no site",4,35.445,141.78,2026-01-28,Contínuo,52.27876106,68,2.085,2.50737463,2026-01-01,2026-05-25
"[CAMPANHA AQUISIÇÃO]","[C] [JEJOOM] [CBO]","ARTE 1 LARISSA — Cópia",prospecting,inactive,4150,7315,1.7626506,"Compras no site",1,140.81,140.81,2025-10-13,Contínuo,19.24948735,69,2.04072464,0.94326726,2026-01-01,2026-05-25
"[RMKT LARANJA MORO-REATIVAÇÃO BASE QUENTE]","[C] [LM - RMKT] [ADV. ABO]","ADS - LARISSA",existing,not_delivering,2577,3046,1.18199457,"Compras no site",2,70.335,140.67,2025-10-13,Contínuo,46.18187787,36,3.9075,1.18187787,2026-01-01,2026-05-25
"[BM JADE]","[C] [LM - TESTE] [ABO]","AD - JADE TOFU 19-05 BM JADE + DENA — Cópia",existing,inactive,5920,8997,1.51976351,,,,140.54,2026-04-17,Contínuo,15.62076248,213,0.65981221,2.36745582,2026-01-01,2026-05-25
"[Publico Quente] [TESTE]","[C] [DIGESTINO] [PRINCIPAL]","AD2 - 07/01",existing,inactive,2147,4247,1.97810899,"Compras no site",1,140.41719019,140.41719019,2025-12-24,Contínuo,33.06267723,43,3.26551605,1.0124794,2026-01-01,2026-05-25
"[CAMPANHA AQUISIÇÃO]","[C] [JEJOOM] [CBO]","AD - SABRINA",existing,inactive,2627,6501,2.47468595,"Compras no site",5,28.066,140.33,2025-10-13,Contínuo,21.58590986,113,1.24185841,1.73819412,2026-01-01,2026-05-25
"Conj. - Tipo 2","[C] [LM - TESTE] [ABO]","AD - BOFU",engaged,not_delivering,5662,12458,2.20028259,"Compras no site",2,70.155,140.31,2026-02-27,Contínuo,11.26264248,123,1.14073171,0.98731739,2026-01-01,2026-05-25
"[RMKT LARANJA MORO-REATIVAÇÃO BASE QUENTE]","[C] [LM - RMKT] [ADV. ABO]","AD - RMK NIVER — Cópia",engaged,inactive,4196,6576,1.56720686,"Compras no site",6,23.35818763,140.14912578,2025-10-13,Contínuo,21.31221499,60,2.33581876,0.91240876,2026-01-01,2026-05-25
"teste aquisição ate dia 15  - Lm","[C] [LM - TESTE] [ABO]","AD - ANA MOFU",engaged,inactive,4469,7054,1.57842918,"Compras no site",4,34.93,139.72,2026-02-04,Contínuo,19.80720159,43,3.24930233,0.60958322,2026-01-01,2026-05-25
"[RMKT LARANJA MORO-REATIVAÇÃO BASE QUENTE]","[C] [LM - RMKT] [ADV. ABO]","AD - ANA ELISA",existing,inactive,2389,3518,1.47258267,"Compras no site",3,46.48666667,139.46,2025-10-13,Contínuo,39.64184196,48,2.90541667,1.3644116,2026-01-01,2026-05-25
"[PUBLICO ABERTO]","[C] [TONS] [PB ABERTO] [TESTE BID CAP]","ADS - MEIO 13-02-2026 | Pausado ROAS baixo",prospecting,archived,4288,4288,1,"Compras no site",1,139.38,139.38,2026-03-16,Contínuo,32.50466418,120,1.1615,2.79850746,2026-01-01,2026-05-25
"[RMKT LARANJA MORO-REATIVAÇÃO BASE QUENTE]","[C] [LM - RMKT] [ADV. ABO]","ADSS - ORGANICO 2",existing,inactive,4597,5910,1.28562106,"Compras no site",2,69.41854919,138.83709837,2025-10-13,Contínuo,23.49189482,46,3.01819779,0.77834179,2026-01-01,2026-05-25
"[TOFU] [TIK + ORG ] [ABERTO]","[C] [LM - TESTE] [ABO]","AD4 — Cópia",prospecting,inactive,7994,9316,1.16537403,,,,138.28,2026-02-11,Contínuo,14.84328038,54,2.56074074,0.57964792,2026-01-01,2026-05-25
"[PUBLICO ABERTO]","[C] [LM - PRINCIPAL] [PLANO B] 1 TESTE","ADS - LEKA 1",existing,inactive,3566,4464,1.25182277,"Compras no site",1,137.94937322,137.94937322,2025-12-10,Contínuo,30.90263737,35,3.94141066,0.78405018,2026-01-01,2026-05-25
"[TOFU] [TIK TOK] [EXCLUSAÕ BASE] [BID 60] - TESTE ATÉ 20-05","[C] [LM - TESTE] [ABO]",AD3,engaged,inactive,6486,13176,2.03145236,"Compras no site",1,137.79,137.79,2026-03-12,Contínuo,10.45765027,116,1.18784483,0.88038859,2026-01-01,2026-05-25
"[TOFU] [TIK + ORG ] [ABERTO]","[C] [LM - TESTE] [ABO]","AD - MOFU ate 14-05 — Cópia",prospecting,inactive,2887,3315,1.14825078,"Compras no site",2,68.70500194,137.41000388,2026-02-11,Contínuo,41.45098156,65,2.11400006,1.96078431,2026-01-01,2026-05-25
"[EXCLUSÃO BASE] [ADV. +]","[C] [LM - PRINCIPAL][EX. BASE] [ADV. +] [CBO]","ADS - ART 2",prospecting,inactive,9504,14925,1.57039141,"Compras no site",1,136.2,136.2,2026-03-17,Contínuo,9.12562814,71,1.91830986,0.47571189,2026-01-01,2026-05-25
"[AQUISIÇÃO]  [ADV. +]","[C] [LM - PRINCIPAL][EX. BASE] [ADV. +] [CBO]","AD - LARI MOFU — Cópia",existing,inactive,3666,4487,1.22394981,"Compras no site",2,68.02520871,136.05041741,2026-01-23,Contínuo,30.32102015,82,1.65915143,1.82750167,2026-01-01,2026-05-25
"[HIBRIDO] [ESTATICO ORG.] [BID 60]","[C] [LM - TESTE] [ABO]",AD3,engaged,inactive,10232,20127,1.96706411,"Compras no site",1,135.72394503,135.72394503,2026-03-20,Contínuo,6.74337681,80,1.69654931,0.39747603,2026-01-01,2026-05-25
"[PUBLICO ENG.] [DR]","[C] [TONS] [PB DR]","tons2_rmkt_01-09-2025 — Cópia",prospecting,archived,4426,5086,1.14911884,"Compras no site",2,67.795,135.59,2025-06-20,Contínuo,26.65945733,54,2.51092593,1.0617381,2026-01-01,2026-05-25
"[PUBLICO ENG.] [DR]","[C] [TONS] [PB DR]","AD6 — Cópia",prospecting,inactive,8077,10792,1.33613966,"Compras no site",1,135.53502717,135.53502717,2025-06-20,Contínuo,12.5588424,115,1.17856545,1.06560415,2026-01-01,2026-05-25
"[ADV ABER.]","[C] [LM - PRINCIPAL] - [PLANO B] 2 TESTE","AD2 — Cópia",prospecting,inactive,11302,14850,1.31392674,"Compras no site",2,67.52668813,135.05337626,2026-02-25,Contínuo,9.09450345,69,1.95729531,0.46464646,2026-01-01,2026-05-25
"[BM] [ANA ELISA]","[C] [LM - TESTE] [ABO]","EDITAR PARA CYBER",engaged,inactive,2038,3827,1.87782139,"Compras no site",2,67.175,134.35,2025-10-01,Contínuo,35.10582702,67,2.00522388,1.75071858,2026-01-01,2026-05-25
"[PUBLICO ENG.] [DR]","[C] [TONS] - TESTE MAX. VALOR ATÉ 11-03","ADS - MEIO 13-02-2026",existing,not_delivering,1787,2295,1.28427532,,,,133.85,2026-03-04,Contínuo,58.32244009,44,3.04204545,1.91721133,2026-01-01,2026-05-25
"[AQUISIÇÃO]  [ADV. +]","[C] [LM - PRINCIPAL][EX. BASE] [ADV. +] [CBO]","AD3 - DANI",prospecting,inactive,8218,11683,1.42163543,"Compras no site",3,44.42333333,133.27,2026-01-23,Contínuo,11.40717282,56,2.37982143,0.47932894,2026-01-01,2026-05-25
"[AQUISIÇÃO]  [ADV. +]","[C] [LM - PRINCIPAL][EX. BASE] [ADV. +] [CBO]","AD - ALESSANDRA — Cópia",existing,active,3418,4999,1.4625512,"Compras no site",3,44.32517248,132.97551743,2026-01-23,Contínuo,26.60042357,47,2.82926633,0.94018804,2026-01-01,2026-05-25
adv-aqui-rmtk_coezima-q10_engajado-existente_5-existentes_max-conv_26-05-2025,"[C] [COQ.10][PRINCIPAL]","AD3 - 07/01",prospecting,not_delivering,4664,6095,1.30681818,"Compras no site",2,66.465,132.93,2025-01-20,Contínuo,21.80968007,36,3.6925,0.59064807,2026-01-01,2026-05-25
"Lm Perfil Novo","[C] [LM - TESTE] [ABO]","AD - JADE TOFU — Cópia",engaged,not_delivering,3006,9862,3.28077179,,,,132.43247514,2025-11-03,Contínuo,13.42856167,5741,0.02306784,58.21334415,2026-01-01,2026-05-25
"Conj - Melato","[C] [LM - TESTE] [ABO]","ad - 2",existing,not_delivering,3402,5269,1.54879483,"Compras no site",1,131.66,131.66,2026-04-09,Contínuo,24.98766369,23,5.72434783,0.43651547,2026-01-01,2026-05-25
"[BM] [ANA ELISA]","[C] [LM - TESTE] [ABO]","AD - MOFU ANA ELISA — Cópia",existing,inactive,5170,6647,1.28568665,"Compras no site",1,131.35,131.35,2025-10-01,Contínuo,19.76079434,62,2.11854839,0.93275162,2026-01-01,2026-05-25
"[PUBLICO ABERTO]","[C] [TONS] [PB ABERTO] [TESTE BID CAP]","AD - TOFU 2",existing,not_delivering,3334,4610,1.38272346,"Compras no site",2,65.595,131.19,2026-03-16,Contínuo,28.45770065,117,1.12128205,2.53796095,2026-01-01,2026-05-25
"[VINAGRE] [RMKT]","[C] [VARIOS PRODUTO] [ABO] [BID]","ADS 2 - MOFU",existing,inactive,1297,1638,1.26291442,"Compras no site",3,43.65333333,130.96,2026-01-20,Contínuo,79.95115995,75,1.74613333,4.57875458,2026-01-01,2026-05-25
"[RMKT LARANJA MORO-REATIVAÇÃO BASE QUENTE]","[C] [LM - RMKT] [ADV. ABO]","ADS - LARISSA",engaged,not_delivering,2545,3303,1.2978389,"Compras no site",2,65.39,130.78,2025-10-13,Contínuo,39.5943082,64,2.0434375,1.93763246,2026-01-01,2026-05-25
"[PUBLICO ABERTO]","[C] [LM - PRINCIPAL] [PLANO B] 1 TESTE","ADS - LEKA 1",engaged,inactive,4523,5601,1.23833739,,,,130.05883708,2025-12-10,Contínuo,23.22064579,34,3.82525991,0.60703446,2026-01-01,2026-05-25
"LP 2 - TONS","[C] [LM - PRINCIPAL][EX. BASE] [ADV. +] [CBO]","tons_dr-ursinho_video-reels_10-07-2025_esse-foi-produto-que-a-mamae — Cópia",prospecting,archived,3666,3926,1.07092199,"Compras no site",1,129.66,129.66,2026-02-06,Contínuo,33.02598064,44,2.94681818,1.12073357,2026-01-01,2026-05-25
"[HIBRIDO] [ESTATICO ORG.] [BID 60]","[C] [LM - TESTE] [ABO]","AD - BOFU 2 — Cópia",prospecting,inactive,18547,22668,1.22219227,"Compras no site",1,129.58,129.58,2026-03-20,Contínuo,5.71642845,60,2.15966667,0.26469031,2026-01-01,2026-05-25
"[TOFU] [TIK + ORG ] [ABERTO]","[C] [LM - TESTE] [ABO]","AD - MOFU ate 14-05 — Cópia",engaged,inactive,4891,7076,1.44673891,"Compras no site",3,42.75613161,128.26839484,2026-02-11,Contínuo,18.1272463,453,0.28315319,6.40192199,2026-01-01,2026-05-25
EVELIN,"[C] [LM - TESTE] [ABO]","AD -  EVELYN",prospecting,active,7829,8789,1.12262102,"Compras no site",1,128.23,128.23,2026-05-18,Contínuo,14.58982819,53,2.41943396,0.60302651,2026-01-01,2026-05-25
"[PUBLICO ENG.] [DR]","[C] [TONS] [PB DR]","AD5 — Cópia",engaged,inactive,5983,8352,1.39595521,"Compras no site",1,128.21324506,128.21324506,2025-06-20,Contínuo,15.35120271,83,1.54473789,0.99377395,2026-01-01,2026-05-25
"Influ Sabrina 2 - Lm","[C] [LM - TESTE] [ABO]","ADS 1 - SABRINA",existing,archived,3085,5290,1.71474878,,,,127.83,2026-02-05,Contínuo,24.16446125,65,1.96661538,1.22873346,2026-01-01,2026-05-25
"[PUBLICO ABERTO]","[C] [TONS] [PB ABERTO] [TESTE BID CAP]","ADS 1 - 18-02 | Pausado ROAS baixo",existing,archived,4655,7178,1.54199785,"Compras no site",2,63.82,127.64,2026-03-16,Contínuo,17.78211201,32,3.98875,0.44580663,2026-01-01,2026-05-25
"[PUBLICO ABERTO]","[C] [TONS] [PB ABERTO] [TESTE BID CAP]","ADS - ASIATICA | Pausado ROAS baixo",prospecting,archived,4902,5252,1.07139943,,,,127.31,2026-03-16,Contínuo,24.24028941,102,1.24813725,1.94211729,2026-01-01,2026-05-25
"Evelyn Regly BM - LM","[C] [LM - TESTE] [ABO]","AD - BOFU — Cópia — Cópia — Cópia",prospecting,not_delivering,3482,4789,1.37535899,,,,127.06402853,2026-02-04,Contínuo,26.5324762,22,5.77563766,0.45938609,2026-01-01,2026-05-25
"Influ Sabrina - LM TESTE TRAVA DE CPA","[C] [LM - TESTE] [ABO]","AD - TOFU",existing,archived,5772,12037,2.08541234,"Compras no site",2,63.53,127.06,2025-10-22,Contínuo,10.55578633,90,1.41177778,0.74769461,2026-01-01,2026-05-25
"Influ Dani - Vm","[C] [LM - TESTE] [ABO]",AD1,engaged,not_delivering,3450,5917,1.71507246,"Compras no site",2,63.13716559,126.27433117,2026-02-25,Contínuo,21.34093817,86,1.46830618,1.45343924,2026-01-01,2026-05-25
"[RMKT LARANJA MORO-REATIVAÇÃO BASE QUENTE]","[C] [LM - RMKT] [ADV. ABO]","AD - RMKT — Cópia",prospecting,inactive,3726,4546,1.22007515,"Compras no site",3,41.97569266,125.92707798,2025-10-13,Contínuo,27.70063308,40,3.14817695,0.87989441,2026-01-01,2026-05-25
"[BM JADE]","[C] [LM - TESTE] [ABO]","AD - JADE TOFU 19-05 BM JADE + DENA — Cópia",prospecting,inactive,8841,11326,1.2810768,,,,125.48,2026-04-17,Contínuo,11.07893343,45,2.78844444,0.39731591,2026-01-01,2026-05-25
"Influ Raiza 2","[C] [LM - TESTE] [ABO]","ADS 2",prospecting,not_delivering,3028,4194,1.38507266,,,,125.31,2026-01-29,Contínuo,29.87839771,22,5.69590909,0.52455889,2026-01-01,2026-05-25
"Influ Morgana - Jejoom","[C] [LM - TESTE] [ABO]",ADS7,existing,inactive,2341,3123,1.33404528,,,,123.9,2026-03-02,Contínuo,39.67339097,48,2.58125,1.53698367,2026-01-01,2026-05-25
[RMK],"[C] [JEJOOM] [CBO]","AD - RMKT PERFIL MORG + DENA",engaged,inactive,5290,14411,2.7241966,"Compras no site",2,61.86926349,123.73852697,2026-04-17,Contínuo,8.58639421,104,1.18979353,0.72167095,2026-01-01,2026-05-25
"[TOFU] [TIK TOK] [EXCLUSAÕ BASE] [BID 60] - TESTE ATÉ 20-05","[C] [LM - TESTE] [ABO]","AD - tofu  teste ate 09-05 — Cópia",prospecting,inactive,8093,9938,1.22797479,"Compras no site",1,123.6,123.6,2026-03-12,Contínuo,12.43711008,62,1.99354839,0.62386798,2026-01-01,2026-05-25
"[CAMPANHA AQUISIÇÃO]","[C] [JEJOOM] [CBO]","AD - SABRINA",prospecting,inactive,6288,9059,1.44068066,"Compras no site",1,123.6,123.6,2025-10-13,Contínuo,13.64389005,130,0.95076923,1.43503698,2026-01-01,2026-05-25
"[PUBLICO ENG.] [DR]","[C] [TONS] [PB DR]","AD - DR URSINHO 18-05",prospecting,inactive,3181,3418,1.07450487,"Compras no site",1,123.42311028,123.42311028,2025-06-20,Contínuo,36.10974555,53,2.32873793,1.55061439,2026-01-01,2026-05-25
"[TOFU] [TIK + ORG ] [ABERTO]","[C] [LM - TESTE] [ABO]","AD - TOFU",existing,inactive,6158,8534,1.38583956,,,,122.62,2026-02-11,Contínuo,14.36840872,41,2.99073171,0.48043122,2026-01-01,2026-05-25
"[CAMPANHA AQUISIÇÃO]","[C] [JEJOOM] [CBO]","AD - ORGANICO",engaged,inactive,3499,4549,1.30008574,"Compras no site",1,121.9518122,121.9518122,2025-10-13,Contínuo,26.80848806,44,2.7716321,0.96724555,2026-01-01,2026-05-25
"[PUBLICO ABERTO]","[C] [TONS] [PB ABERTO] [TESTE BID CAP]","tons 1 - 25-11 | Reativado ROAS bom hoje",existing,archived,4847,7281,1.50216629,,,,121.65414406,2026-03-16,Contínuo,16.70843896,91,1.33685873,1.24982832,2026-01-01,2026-05-25
"[CAMPANHA AQUISIÇÃO]","[C] [JEJOOM] [CBO]","AD - JADE TOFU",engaged,inactive,2298,3685,1.60356832,"Compras no site",1,120.67834881,120.67834881,2025-10-13,Contínuo,32.74853428,56,2.15497051,1.51967436,2026-01-01,2026-05-25
"[CAMPANHA AQUISIÇÃO]","[C] [JEJOOM] [CBO]","AD1 - ORGANICO",engaged,inactive,3770,5620,1.49071618,"Compras no site",1,120.57848649,120.57848649,2025-10-13,Contínuo,21.45524671,47,2.56549971,0.83629893,2026-01-01,2026-05-25
"[TESTE PB FECHADO JADE]","[C] [LM - TESTE] [ABO]","AD - JADE MOFU 3 — Cópia",prospecting,active,6077,7330,1.20618726,,,,119.89863069,2026-05-23,Contínuo,16.35724839,45,2.66441402,0.61391542,2026-01-01,2026-05-25
"Conj - Vm","[C] [LM - TESTE] [ABO]","AD - ORG",prospecting,inactive,3360,5144,1.53095238,,,,119.56,2026-01-30,Contínuo,23.24261275,25,4.7824,0.48600311,2026-01-01,2026-05-25
"[BM] [MARCELA/PRI]","[C] [LM - TESTE] [ABO]","AD - MARCELA TOFU",engaged,not_delivering,3488,6143,1.76118119,"Compras no site",2,59.675,119.35,2026-05-07,Contínuo,19.42861794,113,1.05619469,1.8394921,2026-01-01,2026-05-25
suldes,"[C] [LM - TESTE] [ABO]",ad,prospecting,not_delivering,9153,10809,1.18092429,"Compras no site",1,118.95,118.95,2026-05-19,Contínuo,11.00471829,42,2.83214286,0.38856508,2026-01-01,2026-05-25
adv-aqui-rmtk_coezima-q10_engajado-existente_5-existentes_max-conv_26-05-2025,"[C] [COQ.10][PRINCIPAL]",coenzima-sarah-14-08-2026-video,prospecting,inactive,5644,7751,1.3733168,,,,118.82588895,2025-01-20,Contínuo,15.33039465,93,1.27769773,1.19984518,2026-01-01,2026-05-25
"[RMKT LARANJA MORO-REATIVAÇÃO BASE QUENTE]","[C] [LM - RMKT] [ADV. ABO]","AD - EVELYN",engaged,not_delivering,3450,4635,1.34347826,,,,118.81290316,2025-10-13,Contínuo,25.63385181,57,2.0844369,1.22977346,2026-01-01,2026-05-25
"[BM] [ANA ELISA]","[C] [LM - TESTE] [ABO]","EDITAR PARA CYBER",existing,inactive,1862,3807,2.04457573,"Compras no site",4,29.7,118.8,2025-10-01,Contínuo,31.20567376,68,1.74705882,1.78618335,2026-01-01,2026-05-25
"[AQUISIÇÃO]  [ADV. +]","[C] [LM - PRINCIPAL][EX. BASE] [ADV. +] [CBO]","ADS - SABRINA TOPO",existing,inactive,2115,3310,1.56501182,,,,118.56,2026-01-23,Contínuo,35.81873112,45,2.63466667,1.35951662,2026-01-01,2026-05-25
"[PUBLICO ABERTO]","[C] [TONS] [PB DR]","ADS - ORGANICO",engaged,not_delivering,2875,5097,1.77286957,,,,118.33,2025-12-10,Contínuo,23.21561703,69,1.71492754,1.35373749,2026-01-01,2026-05-25
"[VINAGRE] [RMKT]","[C] [VARIOS PRODUTO] [ABO] [BID]","AD - MI RUBACK MOFU",prospecting,inactive,1063,1545,1.45343368,"Compras no site",1,118.2,118.2,2026-01-20,Contínuo,76.50485437,31,3.81290323,2.00647249,2026-01-01,2026-05-25
"[PUBLICO ABERTO]","[C] [TONS] [PB ABERTO] [TESTE BID CAP]","AD - BOFU",engaged,inactive,5565,11763,2.11374663,"Compras no site",2,58.92385809,117.84771617,2026-03-16,Contínuo,10.01850856,99,1.19038097,0.84162204,2026-01-01,2026-05-25
"Conj - Vm","[C] [LM - TESTE] [ABO]","ADS - SABRINA — Cópia",prospecting,inactive,1366,1798,1.31625183,"Compras no site",1,117.8,117.8,2026-01-30,Contínuo,65.51724138,42,2.8047619,2.33592881,2026-01-01,2026-05-25
"Influ Rachel - Kit","[C] [LM - TESTE] [ABO]",AD3,existing,not_delivering,2022,2645,1.30811078,"Compras no site",1,117.77,117.77,2026-03-12,Contínuo,44.52551985,37,3.18297297,1.39886578,2026-01-01,2026-05-25
"[PUBLICO ABERTO]","[C] [TONS] [PB ABERTO] [TESTE BID CAP]","ADS 3 - MES DO CLIENTE — Cópia | Pausado ROAS baixo",engaged,archived,5206,7956,1.52823665,"Compras no site",1,117.55,117.55,2026-03-16,Contínuo,14.77501257,37,3.17702703,0.46505782,2026-01-01,2026-05-25
"teste aquisição ate dia 15  - Lm","[C] [LM - TESTE] [ABO]","AD - LUCIANA MOFU",existing,inactive,4560,8768,1.92280702,"Compras no site",2,58.72002959,117.44005918,2026-02-04,Contínuo,13.39416733,133,0.88300796,1.51687956,2026-01-01,2026-05-25
"Influ Sabrina - Tons","[C] [LM - TESTE] [ABO]","ADS 3- SABRINA",prospecting,not_delivering,2696,3569,1.32381306,"Compras no site",2,58.615,117.23,2026-02-09,Contínuo,32.84673578,33,3.55242424,0.92462875,2026-01-01,2026-05-25
"Influ Rachel - Kit","[C] [LM - TESTE] [ABO]",AD3,prospecting,not_delivering,2997,3500,1.1678345,,,,117.11,2026-03-12,Contínuo,33.46,45,2.60244444,1.28571429,2026-01-01,2026-05-25
"[RMKT LARANJA MORO-REATIVAÇÃO BASE QUENTE]","[C] [LM - RMKT] [ADV. ABO]","ADS - MES CONSUMIDOR — Cópia",engaged,not_delivering,2011,2978,1.4808553,,,,117.05,2025-10-13,Contínuo,39.30490262,41,2.85487805,1.37676293,2026-01-01,2026-05-25
"[BM JADE]","[C] [LM - TESTE] [ABO]","AD - BOFU — Cópia — Cópia — Cópia",prospecting,inactive,9783,11917,1.2181335,"Compras no site",1,116.75,116.75,2026-04-17,Contínuo,9.79692876,28,4.16964286,0.23495846,2026-01-01,2026-05-25
adv-aqui-rmkt_laranja-moro_engajado-existente_5-existente_max-conv_26-05-2025,"[C][LM - PRINCIPAL] [ADV. EXCLUSÃO DE CLIENTES]",laranja-moro_isa-nogueira_02-07-2025_olha-so-o-relato_v3_47s,engaged,not_delivering,2993,4263,1.42432342,,,,116.7,2024-09-17,Contínuo,27.37508797,53,2.20188679,1.24325592,2026-01-01,2026-05-25
"Evelyn Regly - LM","[C] [LM - TESTE] [ABO]","ADS 4",prospecting,not_delivering,2570,3471,1.35058366,"Compras no site",1,116.42,116.42,2026-02-01,Contínuo,33.54076635,26,4.47769231,0.74906367,2026-01-01,2026-05-25
"[AQUISIÇÃO]  [ADV. +]","[C] [LM - PRINCIPAL][EX. BASE] [ADV. +] [CBO]","AD - MOFU teste ate 08-05 — Cópia — Cópia — Cópia",existing,inactive,3860,4507,1.16761658,"Compras no site",1,116.00334699,116.00334699,2026-01-23,Contínuo,25.73848391,59,1.96615842,1.30907477,2026-01-01,2026-05-25
[RMK],"[C] [JEJOOM] [CBO]","AD - TOFU LARISSA",engaged,active,2681,4668,1.74114137,,,,115.05625308,2026-04-17,Contínuo,24.64786913,126,0.91314487,2.69922879,2026-01-01,2026-05-25
"Influ Lari - Jejoom","[C] [LM - TESTE] [ABO]","ADS - LARI 3",existing,not_delivering,2219,2941,1.32537179,,,,114.57881782,2026-02-12,Contínuo,38.95913561,25,4.58315271,0.850051,2026-01-01,2026-05-25
"[HIBRIDO] [ESTATICO ORG.] [BID 60]","[C] [LM - TESTE] [ABO]","AD - NIVER 4",prospecting,inactive,14503,18622,1.2840102,"Compras no site",2,57.12473675,114.24947349,2026-03-20,Contínuo,6.13518814,61,1.87294219,0.32756954,2026-01-01,2026-05-25
"[AQUISIÇÃO]  [ADV. +]","[C] [LM - PRINCIPAL][EX. BASE] [ADV. +] [CBO]","AD - MOFU ANA ELISA REFAÇÃO 17-05 — Cópia",existing,inactive,2366,2841,1.20076078,,,,114.00755569,2026-01-23,Contínuo,40.12937546,33,3.45477441,1.16156283,2026-01-01,2026-05-25
"Influ Evelyn BM -VM","[C] [LM - TESTE] [ABO]","AD - EVELYN",engaged,not_delivering,5267,7977,1.5145244,"Compras no site",1,113.43,113.43,2026-02-04,Contínuo,14.21963144,108,1.05027778,1.35389244,2026-01-01,2026-05-25
"TONS TESTE","[C] [TONS] [PB DR]","AD- NIVER 4",prospecting,not_delivering,6469,8173,1.26341011,"Compras no site",0,,113.33,2026-04-06,Contínuo,13.86638933,55,2.06054545,0.67294751,2026-01-01,2026-05-25
"[RMKT LARANJA MORO-REATIVAÇÃO BASE QUENTE]","[C] [LM - RMKT] [ADV. ABO]","ADS 1 — Cópia",existing,not_delivering,1842,2166,1.17589577,"Compras no site",1,113.03163988,113.03163988,2025-10-13,Contínuo,52.18450595,66,1.7126006,3.04709141,2026-01-01,2026-05-25
"[PUBLICO ENG.] [DR]","[C] [TONS] [PB DR]","ADS - MEIO 13-02-2026 — Cópia",existing,archived,1943,3476,1.7889861,"Compras no site",1,112.37,112.37,2025-06-20,Contínuo,32.3273878,115,0.97713043,3.30840046,2026-01-01,2026-05-25
"Influ Adeli - Lm","[C] [LM - TESTE] [ABO]",AD1,existing,not_delivering,5251,8942,1.70291373,"Compras no site",2,56.16280623,112.32561245,2026-03-10,Contínuo,12.56157598,100,1.12325612,1.11831805,2026-01-01,2026-05-25
"[PUBLICO ENG.] [DR]","[C] [TONS] [PB DR]","ADS - DR 1",engaged,inactive,3036,6402,2.10869565,"Compras no site",4,27.98336089,111.93344357,2025-06-20,Contínuo,17.48413677,96,1.16597337,1.4995314,2026-01-01,2026-05-25
Nac,"[C] [VARIOS PRODUTO] [ABO] [BID]","AD - IA",existing,not_delivering,2880,3918,1.36041667,"Compras no site",0,,111.9,2026-05-12,Contínuo,28.56049005,59,1.89661017,1.50587034,2026-01-01,2026-05-25
"Conj - Vm","[C] [LM - TESTE] [ABO]","AD - ORG",existing,inactive,1837,3374,1.83669026,"Compras no site",1,111.37,111.37,2026-01-30,Contínuo,33.00829876,30,3.71233333,0.88915234,2026-01-01,2026-05-25
"Varias Influs - VM","[C] [LM - TESTE] [ABO]","ADS 4",engaged,not_delivering,1801,2441,1.35535813,,,,111.15,2026-02-19,Contínuo,45.53461696,125,0.8892,5.12085211,2026-01-01,2026-05-25
"Adeli - Lm e Vm","[C] [LM - TESTE] [ABO]",AD3,prospecting,not_delivering,2491,3004,1.20594139,,,,110.86,2026-03-12,Contínuo,36.90412783,33,3.35939394,1.09853529,2026-01-01,2026-05-25
"TONS TESTE","[C] [TONS] [PB DR]","AD- NIVER 5",engaged,not_delivering,2135,3315,1.55269321,,,,110.67,2026-04-06,Contínuo,33.38461538,94,1.17734043,2.83559578,2026-01-01,2026-05-25
"[AQUISIÇÃO]  [ADV. +]","[C] [LM - PRINCIPAL][EX. BASE] [ADV. +] [CBO]","ADS - ISA 3",engaged,inactive,2892,3844,1.32918396,"Compras no site",2,55.23293847,110.46587694,2026-01-23,Contínuo,28.73722085,95,1.1627987,2.47138398,2026-01-01,2026-05-25
"[PUBLICO ENG.] [DR]","[C] [TONS] - TESTE MAX. VALOR ATÉ 11-03","ADS - ASIATICA",existing,not_delivering,2784,3637,1.30639368,"Compras no site",1,110.33635743,110.33635743,2026-03-04,Contínuo,30.33718928,96,1.14933706,2.63953808,2026-01-01,2026-05-25
"[AQUISIÇÃO]  [ADV. +]","[C] [LM - PRINCIPAL][EX. BASE] [ADV. +] [CBO]","ADS - MES CONSUMIDOR 2",prospecting,inactive,3853,4597,1.19309629,"Compras no site",1,110.2188465,110.2188465,2026-01-23,Contínuo,23.97625549,24,4.59245194,0.52207962,2026-01-01,2026-05-25
"[BM] [ANA ELISA]","[C] [LM - TESTE] [ABO]","AD - MOFU ANA ELISA",engaged,not_delivering,3654,6592,1.80405036,"Compras no site",2,54.93610143,109.87220285,2025-10-01,Contínuo,16.6675065,79,1.39078738,1.19842233,2026-01-01,2026-05-25
"[PUBLICO ENG.] [DR]","[C] [TONS] [PB DR]","AD6 — Cópia",existing,inactive,4434,5754,1.29769959,"Compras no site",1,109.3993148,109.3993148,2025-06-20,Contínuo,19.01274154,53,2.06413802,0.92109837,2026-01-01,2026-05-25
"[AQUISIÇÃO]  [ADV. +]","[C] [LM - PRINCIPAL][EX. BASE] [ADV. +] [CBO]","ADS - ISA 3",existing,inactive,2715,3432,1.2640884,"Compras no site",2,54.4628975,108.925795,2026-01-23,Contínuo,31.73828526,89,1.22388534,2.59324009,2026-01-01,2026-05-25
[RMK],"[C] [JEJOOM] [CBO]","AD - MORGANA TOFU",existing,inactive,4061,6287,1.54814085,"Compras no site",1,108.89,108.89,2026-04-17,Contínuo,17.31986639,226,0.48181416,3.59471926,2026-01-01,2026-05-25
"Conj. - Q10","[C] [LM - TESTE] [ABO]","ADS2- SABRINA",prospecting,inactive,4816,9170,1.90406977,,,,108.72807731,2026-02-20,Contínuo,11.85693319,74,1.46929834,0.80697928,2026-01-01,2026-05-25
"[TOFU] [TIK TOK] [EXCLUSAÕ BASE] [BID 60] - TESTE ATÉ 20-05","[C] [LM - TESTE] [ABO]",AD2,engaged,inactive,5235,9301,1.77669532,"Compras no site",4,27.1775,108.71,2026-03-12,Contínuo,11.68799054,66,1.64712121,0.70960112,2026-01-01,2026-05-25
"[BM] [MARCELA/PRI]","[C] [LM - TESTE] [ABO]","AD - MARCELA TOFU — Cópia",prospecting,inactive,5850,8264,1.41264957,"Compras no site",1,108.56256675,108.56256675,2026-05-07,Contínuo,13.13680624,90,1.20625074,1.08906099,2026-01-01,2026-05-25
"[RMKT LARANJA MORO-REATIVAÇÃO BASE QUENTE]","[C] [LM - RMKT] [ADV. ABO]","AD - TAINA",engaged,inactive,2427,3172,1.30696333,"Compras no site",1,108.48118363,108.48118363,2025-10-13,Contínuo,34.19961653,33,3.28730859,1.04035309,2026-01-01,2026-05-25
"[VINAGRE] [RMKT]","[C] [VARIOS PRODUTO] [ABO] [BID]","ADS 3 - NOVO VM — Cópia",prospecting,inactive,6414,9367,1.46039913,"Compras no site",1,108.42,108.42,2026-01-20,Contínuo,11.57467706,62,1.74870968,0.66189815,2026-01-01,2026-05-25
"[BOFU] [ADV+ ABERTO] [ESTATICO]","[C] [LM - TESTE] [ABO]","AD - MI RUBACK MOFU",prospecting,not_delivering,9188,11958,1.30148019,,,,108.19727071,2026-02-25,Contínuo,9.0481076,88,1.22951444,0.73590901,2026-01-01,2026-05-25
"Conj. - Q10","[C] [LM - TESTE] [ABO]","ADS2- Q10",existing,not_delivering,4259,7001,1.6438131,"Compras no site",1,108.06,108.06,2026-02-20,Contínuo,15.43493787,51,2.11882353,0.72846736,2026-01-01,2026-05-25
[RMK],"[C] [JEJOOM] [CBO]","AD - LARISSA TOFU",existing,inactive,3136,6653,2.12149235,"Compras no site",1,107.38140846,107.38140846,2026-04-17,Contínuo,16.14029888,84,1.2783501,1.26258831,2026-01-01,2026-05-25
"Carrossel - Lm","[C] [LM - TESTE] [ABO]","ADS2 - 18-02 — Cópia",existing,inactive,3407,4882,1.4329322,"Compras no site",1,106.8633154,106.8633154,2026-02-20,Contínuo,21.88924937,75,1.42484421,1.53625563,2026-01-01,2026-05-25
"Conj. - Q10","[C] [LM - TESTE] [ABO]","ADS2- DANI",prospecting,not_delivering,5193,7107,1.36857308,,,,106.59,2026-02-20,Contínuo,14.9978894,30,3.553,0.42211904,2026-01-01,2026-05-25
"Conj - Vm","[C] [LM - TESTE] [ABO]","AD - RAIZA MOFU — Cópia",engaged,inactive,1402,2163,1.54279601,"Compras no site",1,106.43059485,106.43059485,2026-01-30,Contínuo,49.20508315,48,2.21730406,2.21914008,2026-01-01,2026-05-25
"[TOFU] [TIK]","[C] [LM - TESTE] [ABO]","AD -1 — Cópia",engaged,active,1903,2763,1.45191802,"Compras no site",2,53.16590773,106.33181546,2026-05-23,Contínuo,38.48418945,172,0.61820823,6.22511763,2026-01-01,2026-05-25
"[TOFU][PERFIL NOVO]  TESTE","[C] [LM - PRINCIPAL] - [PLANO B] 2 TESTE",AD1,existing,archived,5675,10896,1.92,"Compras no site",2,53.055,106.11,2026-03-16,Contínuo,9.73843612,51,2.08058824,0.46806167,2026-01-01,2026-05-25
"[TOFU][PERFIL NOVO]  TESTE","[C] [LM - PRINCIPAL] - [PLANO B] 2 TESTE",AD1,engaged,archived,5835,10512,1.80154242,"Compras no site",1,106.02,106.02,2026-03-16,Contínuo,10.08561644,37,2.86540541,0.35197869,2026-01-01,2026-05-25
"Influ Vitoria - Vm","[C] [LM - TESTE] [ABO]",AD2,existing,not_delivering,1693,2252,1.33018311,"Compras no site",2,52.87721522,105.75443043,2026-03-12,Contínuo,46.96022666,39,2.71165206,1.73179396,2026-01-01,2026-05-25
"[TESTE PB FECHADO]","[C] [LM - TESTE] [ABO]","AD -  EVELYN",engaged,active,2796,3253,1.16344778,,,,105.6,2026-05-22,Contínuo,32.46234245,39,2.70769231,1.19889333,2026-01-01,2026-05-25
"[AQUISIÇÃO]  [ADV. +]","[C] [LM - PRINCIPAL][EX. BASE] [ADV. +] [CBO]","ADS - SABRINA TOPO",engaged,inactive,2535,3631,1.43234714,"Compras no site",1,105.5,105.5,2026-01-23,Contínuo,29.05535665,46,2.29347826,1.26686863,2026-01-01,2026-05-25
"[AQUISIÇÃO]  [ADV. +]","[C] [LM - PRINCIPAL][EX. BASE] [ADV. +] [CBO]","AD - MOFU ANA ELISA REFAÇÃO 17-05 — Cópia",engaged,inactive,2338,3001,1.28357571,"Compras no site",1,105.23774371,105.23774371,2026-01-23,Contínuo,35.06755872,38,2.76941431,1.26624459,2026-01-01,2026-05-25
"Conj. - Tipo 2","[C] [LM - TESTE] [ABO]","AD - BOFU 2",engaged,not_delivering,5437,12132,2.2313776,"Compras no site",1,104.97769044,104.97769044,2026-02-27,Contínuo,8.65295833,126,0.83315627,1.03857567,2026-01-01,2026-05-25
"[RMKT LARANJA MORO-REATIVAÇÃO BASE QUENTE]","[C] [LM - RMKT] [ADV. ABO]","AD - TAINA",existing,inactive,2104,2572,1.22243346,"Compras no site",1,104.86081039,104.86081039,2025-10-13,Contínuo,40.77014401,47,2.23108107,1.8273717,2026-01-01,2026-05-25
"[RMKT PB FECHADO]","[C] [LM - RMKT] [ADV. ABO]","AD - MOFU ANA ELISA — Cópia — Cópia",existing,not_delivering,2827,3518,1.24442872,,,,104.76,2026-05-23,Contínuo,29.77828312,51,2.05411765,1.44968732,2026-01-01,2026-05-25
"TONS TESTE","[C] [TONS] [PB DR]","AD- NIVER 6",engaged,not_delivering,1056,1968,1.86363636,,,,104.47746598,2026-04-06,Contínuo,53.08814328,46,2.27124926,2.33739837,2026-01-01,2026-05-25
"[Publico Quente] [TESTE]","[C] [DIGESTINO] [PRINCIPAL]","Teste - ADS - LIS",existing,inactive,1333,1999,1.49962491,,,,104.19,2025-12-24,Contínuo,52.12106053,93,1.12032258,4.65232616,2026-01-01,2026-05-25
"[BM JADE]","[C] [LM - TESTE] [ABO]","AD - JADE TOFU 19-05 BM JADE + DENA — Cópia — Cópia",existing,inactive,6003,9370,1.56088622,,,,104.06326756,2026-04-17,Contínuo,11.10600508,146,0.71276211,1.55816435,2026-01-01,2026-05-25
"TONS TESTE","[C] [TONS] [PB DR]","AD- NIVER 6",prospecting,not_delivering,3058,4811,1.57325049,"Compras no site",1,103.7674832,103.7674832,2026-04-06,Contínuo,21.56879717,37,2.80452657,0.76907088,2026-01-01,2026-05-25
"Influ Ana Elisa 2","[C] [LM - TESTE] [ABO]","AD1 - 07/12",engaged,archived,2196,4044,1.84153005,"Compras no site",1,103.68242827,103.68242827,2026-01-07,Contínuo,25.63858266,47,2.20600911,1.16221563,2026-01-01,2026-05-25
"Conj. - Q10","[C] [LM - TESTE] [ABO]","ADS2- SABRINA",engaged,inactive,3216,6869,2.13588308,"Compras no site",4,25.91954165,103.67816661,2026-02-20,Contínuo,15.09363322,142,0.73012793,2.0672587,2026-01-01,2026-05-25
"Influ Morgana - Jejoom","[C] [LM - TESTE] [ABO]",ADS7,prospecting,inactive,2113,2660,1.25887364,"Compras no site",1,103.57,103.57,2026-03-02,Contínuo,38.93609023,35,2.95914286,1.31578947,2026-01-01,2026-05-25
"[CAMPANHA AQUISIÇÃO]","[C] [JEJOOM] [CBO]","ARTE 1 LARISSA — Cópia",engaged,inactive,2491,5287,2.12244079,"Compras no site",2,51.75,103.5,2025-10-13,Contínuo,19.57631927,81,1.27777778,1.53205977,2026-01-01,2026-05-25
"Nutri - Tons [Teste até 13-03]","[C] [LM - TESTE] [ABO]",AD2,prospecting,inactive,2110,2683,1.27156398,"Compras no site",1,103.15,103.15,2026-03-09,Contínuo,38.44576966,51,2.02254902,1.90085725,2026-01-01,2026-05-25
"[DIGESTINO] [RMKT]","[C] [VARIOS PRODUTO] [ABO] [BID]","AD1 - 07/01 — Cópia",existing,not_delivering,4010,5721,1.42668329,"Compras no site",4,25.7405062,102.96202479,2026-05-10,Contínuo,17.99720762,38,2.70952697,0.66421954,2026-01-01,2026-05-25
"Influ Sabrina - Vm [Teste até 13-03]","[C] [LM - TESTE] [ABO]",ADS3,prospecting,archived,2338,2547,1.08939264,,,,102.94,2026-02-05,Contínuo,40.41617589,57,1.80596491,2.23792697,2026-01-01,2026-05-25
"[PUBLICO ENG.] [DR]","[C] [TONS] [PB DR]","AD2 — Cópia",existing,inactive,2823,4431,1.5696068,"Compras no site",2,51.4473383,102.89467661,2025-06-20,Contínuo,23.22154742,26,3.95748756,0.58677499,2026-01-01,2026-05-25
"Influ Leka - LM TESTE TRAVA DE CPA","[C] [LM - TESTE] [ABO]","ADS 5",existing,archived,3376,5556,1.6457346,"Compras no site",3,34.20666667,102.62,2026-01-14,Contínuo,18.47012239,75,1.36826667,1.34989201,2026-01-01,2026-05-25
[RMK],"[C] [JEJOOM] [CBO]","AD - RMKT PERFIL JEJOOM",prospecting,inactive,7686,11975,1.55802758,,,,102.55352852,2026-04-17,Contínuo,8.56396898,40,2.56383821,0.33402923,2026-01-01,2026-05-25
"Influ Evelyn BM -VM","[C] [LM - TESTE] [ABO]","AD - EVELYN",existing,not_delivering,4017,6895,1.71645507,"Compras no site",3,34.16666667,102.5,2026-02-04,Contínuo,14.86584482,142,0.72183099,2.05946338,2026-01-01,2026-05-25
"LP NOVA","[C] [TONS] [PB DR]",tons_dr-ursinho_video-reels_10-07-2025_mais-qual-usar,engaged,inactive,1507,2240,1.48639681,"Compras no site",1,102.24,102.24,2026-02-09,Contínuo,45.64285714,122,0.83803279,5.44642857,2026-01-01,2026-05-25
"Influ Leka - LM TESTE TRAVA DE CPA","[C] [LM - TESTE] [ABO]","ADS 5",engaged,archived,4315,6577,1.52421784,,,,102.09,2026-01-14,Contínuo,15.52227459,63,1.62047619,0.95788353,2026-01-01,2026-05-25
"Influ Mi Ruback - Lm","[C] [LM - TESTE] [ABO]",AD1,prospecting,not_delivering,1661,1854,1.11619506,,,,101.71,2026-03-21,Contínuo,54.85976268,16,6.356875,0.86299892,2026-01-01,2026-05-25
"Influ Ingrid - Lm","[C] [LM - TESTE] [ABO]","ADS 2 - INGRID VM",existing,inactive,3607,7008,1.94288883,"Compras no site",1,101.41529177,101.41529177,2026-02-25,Contínuo,14.47136013,219,0.46308352,3.125,2026-01-01,2026-05-25
"[EXCLUSÃO BASE] [ADV. +]","[C] [LM - PRINCIPAL][EX. BASE] [ADV. +] [CBO]","AD - ANA MOFU",engaged,inactive,3439,5097,1.48211689,"Compras no site",1,101.1803914,101.1803914,2026-03-17,Contínuo,19.85096947,32,3.16188723,0.62782029,2026-01-01,2026-05-25
"LP NOVA","[C] [TONS] [PB DR]","AD1 — Cópia — Cópia",prospecting,inactive,5739,7300,1.27199861,"Compras no site",1,100.66,100.66,2026-02-09,Contínuo,13.7890411,36,2.79611111,0.49315068,2026-01-01,2026-05-25
"[BM JADE]","[C] [LM - TESTE] [ABO]","AD - BOFU — Cópia — Cópia — Cópia",existing,inactive,4655,5825,1.25134264,,,,100.4,2026-04-17,Contínuo,17.2360515,18,5.57777778,0.30901288,2026-01-01,2026-05-25
"[AQUISIÇÃO]  [ADV. +]","[C] [LM - PRINCIPAL][EX. BASE] [ADV. +] [CBO]","AD2 — DANI",engaged,inactive,2504,3631,1.45007987,"Compras no site",1,100.28,100.28,2026-01-23,Contínuo,27.61773616,38,2.63894737,1.04654365,2026-01-01,2026-05-25
"Influ Raiza - Lm","[C] [LM - TESTE] [ABO]",AD1,existing,not_delivering,2155,4502,2.08909513,,,,100.07559362,2026-03-21,Contínuo,22.22914119,17,5.88679962,0.37760995,2026-01-01,2026-05-25
"teste aquisição ate dia 15  - Lm","[C] [LM - TESTE] [ABO]","AD - DANI TOFU — Cópia",prospecting,inactive,4597,5740,1.24864042,"Compras no site",1,99.83,99.83,2026-02-04,Contínuo,17.39198606,36,2.77305556,0.6271777,2026-01-01,2026-05-25
"[RMKT LARANJA MORO-REATIVAÇÃO BASE QUENTE]","[C] [LM - RMKT] [ADV. ABO]","AD - MOFU ISA NOGUEIRA  REFAÇÃO 17-05",existing,inactive,2079,2439,1.17316017,"Compras no site",1,99.78,99.78,2025-10-13,Contínuo,40.9102091,67,1.48925373,2.74702747,2026-01-01,2026-05-25
"[VINAGRE] [RMKT]","[C] [VARIOS PRODUTO] [ABO] [BID]","AD - MOFU",existing,active,4752,7202,1.51557239,"Compras no site",2,49.75952149,99.51904299,2026-01-20,Contínuo,13.8182509,71,1.40167666,0.98583727,2026-01-01,2026-05-25
"[Publico Quente] [TESTE]","[C] [DIGESTINO] [PRINCIPAL]","Teste - ADS - LIS",prospecting,inactive,1760,2264,1.28636364,,,,99.32,2025-12-24,Contínuo,43.86925795,26,3.82,1.14840989,2026-01-01,2026-05-25
adv-aqui-rmtk_coezima-q10_engajado-existente_5-existentes_max-conv_26-05-2025,"[C] [COQ.10][PRINCIPAL]","ADS1 - ORGANICO",existing,inactive,1601,2456,1.53404122,"Compras no site",2,49.415,98.83,2025-01-20,Contínuo,40.24022801,40,2.47075,1.6286645,2026-01-01,2026-05-25
"TONS TESTE","[C] [TONS] [PB DR]","AD - TOFU 2",engaged,not_delivering,1440,1870,1.29861111,"Compras no site",1,98.50286958,98.50286958,2026-04-06,Contínuo,52.67533133,28,3.51795963,1.4973262,2026-01-01,2026-05-25
"LP NOVA","[C] [TONS] [PB DR]",tons_dr-ursinho-melasma2-13-10-2025,engaged,inactive,1166,1669,1.43138937,"Compras no site",1,98.25,98.25,2026-02-09,Contínuo,58.86758538,93,1.05645161,5.57219892,2026-01-01,2026-05-25
"LP NOVA","[C] [TONS] [PB DR]","AD1 — Cópia — Cópia",existing,inactive,2761,3931,1.42375951,,,,98.24,2026-02-09,Contínuo,24.99109641,40,2.456,1.01755279,2026-01-01,2026-05-25
ABER.,"[C] [TONS] [PB ABERTO] [TESTE BID CAP]","ADS 2 - 18-02 | Pausado ROAS baixo",existing,archived,5739,9339,1.62728698,"Compras no site",5,19.56796992,97.83984959,2026-03-16,Contínuo,10.47648031,41,2.38633779,0.43901917,2026-01-01,2026-05-25
"[VINAGRE] [RMKT]","[C] [VARIOS PRODUTO] [ABO] [BID]","ADS 3 - NOVO VM — Cópia",existing,inactive,3340,5588,1.67305389,"Compras no site",1,97.82,97.82,2026-01-20,Contínuo,17.50536865,70,1.39742857,1.25268432,2026-01-01,2026-05-25
"[BM JADE]","[C] [LM - TESTE] [ABO]","AD - ISA MOFU",engaged,not_delivering,4136,5299,1.28118956,"Compras no site",1,97.70092974,97.70092974,2026-04-17,Contínuo,18.43761648,57,1.7140514,1.07567466,2026-01-01,2026-05-25
"Evelyn Regly BM - LM","[C] [LM - TESTE] [ABO]","Teste - ADS 2",prospecting,inactive,5592,8475,1.51555794,"Compras no site",1,97.45,97.45,2026-02-04,Contínuo,11.49852507,50,1.949,0.5899705,2026-01-01,2026-05-25
"[RMKT LARANJA MORO-REATIVAÇÃO BASE QUENTE]","[C] [LM - RMKT] [ADV. ABO]","ADS - RAIZA VM",engaged,inactive,1189,1486,1.24978974,,,,97.32,2025-10-13,Contínuo,65.49125168,29,3.35586207,1.95154778,2026-01-01,2026-05-25
"[TRIO MAG] [RMKT]","[C] [VARIOS PRODUTO] [ABO] [BID]","AD - BOFU RMKT4 17-05",existing,not_delivering,2401,3550,1.4785506,,,,97.3,2026-05-17,Contínuo,27.4084507,58,1.67758621,1.63380282,2026-01-01,2026-05-25
"[RMKT LARANJA MORO-REATIVAÇÃO BASE QUENTE]","[C] [LM - RMKT] [ADV. ABO]","AD - EVELYN TOFU — Cópia",engaged,active,3826,4883,1.27626764,,,,97.29366703,2025-10-13,Contínuo,19.92497789,97,1.0030275,1.98648372,2026-01-01,2026-05-25
"Influ Marcela Jacaré - Vm","[C] [LM - TESTE] [ABO]",AD2,prospecting,archived,1941,2209,1.13807316,"Compras no site",1,97.13,97.13,2026-01-28,Contínuo,43.97012223,32,3.0353125,1.44861928,2026-01-01,2026-05-25
"[TOFU] [TIK TOK] [EXCLUSAÕ BASE] [BID 60] - TESTE ATÉ 20-05","[C] [LM - TESTE] [ABO]","AD - MOFU teste ate 08-05",existing,inactive,4332,6549,1.51177285,"Compras no site",1,96.81887923,96.81887923,2026-03-12,Contínuo,14.78376534,77,1.25738804,1.17575202,2026-01-01,2026-05-25
"[HIBRIDO] [ESTATICO ORG.] [BID 60]","[C] [LM - TESTE] [ABO]","AD - NIVER 2",engaged,inactive,4837,8249,1.70539591,"Compras no site",5,19.332,96.66,2026-03-20,Contínuo,11.71778397,101,0.9570297,1.22439084,2026-01-01,2026-05-25
"[CAMPANHA AQUISIÇÃO]","[C] [JEJOOM] [CBO]","AD - MORGANA TOFU",existing,inactive,2678,3675,1.37229276,,,,96.43061685,2025-10-13,Contínuo,26.23962363,35,2.75516048,0.95238095,2026-01-01,2026-05-25
"[EXCLUSÃO BASE] [ADV. +]","[C] [LM - PRINCIPAL][EX. BASE] [ADV. +] [CBO]","AD - LEVE 3 PAGUE 2 — Cópia",existing,inactive,4039,7226,1.7890567,"Compras no site",2,48.18862023,96.37724045,2026-03-17,Contínuo,13.33756441,41,2.3506644,0.56739552,2026-01-01,2026-05-25
"Influ Larissa L 3","[C] [LM - TESTE] [ABO]","ADS - LARISSA — Cópia",existing,archived,2319,3171,1.36739974,"Compras no site",1,96.28228154,96.28228154,2026-01-09,Contínuo,30.36338112,53,1.81664682,1.67139704,2026-01-01,2026-05-25
"Influ Evelyn BM -VM","[C] [LM - TESTE] [ABO]","ADS 3",existing,inactive,4451,8618,1.93619411,"Compras no site",2,48.08922449,96.17844898,2026-02-04,Contínuo,11.16018206,80,1.20223061,0.92828963,2026-01-01,2026-05-25
ABER.,"[C] [TONS] [PB ABERTO] [TESTE BID CAP]","ADS - ASIATICA | Pausado ROAS baixo",existing,archived,3279,4489,1.36901494,"Compras no site",1,96.11965992,96.11965992,2026-03-16,Contínuo,21.41226552,77,1.24830727,1.71530408,2026-01-01,2026-05-25
"[TESTE PB FECHADO JADE]","[C] [LM - TESTE] [ABO]","AD - RMK  EVELYN 18-05 PERFIL DENA — Cópia — Cópia",existing,active,3990,5825,1.45989975,"Compras no site",2,47.87507862,95.75015724,2026-05-23,Contínuo,16.43779523,55,1.74091195,0.94420601,2026-01-01,2026-05-25
adv-aqui-rmkt_laranja-moro_engajado-existente_5-existente_max-conv_26-05-2025,"[C][LM - PRINCIPAL] [ADV. EXCLUSÃO DE CLIENTES]",Criativo-Campeão-5-estatico-fundo,engaged,inactive,3050,4084,1.33901639,"Compras no site",1,95.62,95.62,2024-09-17,Contínuo,23.41332027,30,3.18733333,0.73457395,2026-01-01,2026-05-25
"[BOFU] [ADV+ ABERTO] [ESTATICO]","[C] [LM - TESTE] [ABO]","AD - DANI TOFU 2",existing,not_delivering,5759,7090,1.23111651,"Compras no site",1,95.49372234,95.49372234,2026-02-25,Contínuo,13.46879017,72,1.3263017,1.01551481,2026-01-01,2026-05-25
"[PUBLICO ABERTO]","[C] [TONS] [PB ABERTO] [TESTE BID CAP]","tons 1 - 25-11 | Reativado ROAS bom hoje",engaged,archived,3702,5364,1.44894652,"Compras no site",1,95.32541142,95.32541142,2026-03-16,Contínuo,17.7713295,104,0.91659049,1.9388516,2026-01-01,2026-05-25
"Influ Sabrina 2 - Lm","[C] [LM - TESTE] [ABO]","ADS 2 - SABRINA",prospecting,archived,3391,3953,1.16573282,,,,95.2,2026-02-05,Contínuo,24.08297496,24,3.96666667,0.60713382,2026-01-01,2026-05-25
"Evelyn Regly BM - LM","[C] [LM - TESTE] [ABO]","AD - BOFU — Cópia — Cópia — Cópia",engaged,not_delivering,2689,3729,1.38676088,"Compras no site",1,95.18552668,95.18552668,2026-02-04,Contínuo,25.52575132,33,2.8844099,0.88495575,2026-01-01,2026-05-25
"[AQUISIÇÃO]  [ADV. +]","[C] [LM - PRINCIPAL][EX. BASE] [ADV. +] [CBO]","AD - MOFU teste ate 08-05",engaged,inactive,3482,3988,1.14531878,"Compras no site",1,95.05442556,95.05442556,2026-01-23,Contínuo,23.83511173,62,1.5331359,1.55466399,2026-01-01,2026-05-25
"Influ Vitoria - Lm","[C] [LM - TESTE] [ABO]",AD2,engaged,inactive,4315,9469,2.19443801,"Compras no site",1,94.72616132,94.72616132,2026-03-12,Contínuo,10.00381892,79,1.19906533,0.8343014,2026-01-01,2026-05-25
"[PUBLICO ENG.] [DR]","[C] [TONS] [PB DR]","AD - DR URSINHO 18-05",existing,inactive,1769,1942,1.09779536,,,,94.71401717,2025-06-20,Contínuo,48.77137856,29,3.26600059,1.49330587,2026-01-01,2026-05-25
"[TOFU] [TIK + ORG ] [ABERTO]","[C] [LM - TESTE] [ABO]","AD - TOFU",engaged,inactive,4588,6604,1.43940715,"Compras no site",2,47.29,94.58,2026-02-11,Contínuo,14.32162326,44,2.14954545,0.66626287,2026-01-01,2026-05-25
"Influ Raiza","[C] [LM - TESTE] [ABO]","ADS 1",engaged,archived,2261,3988,1.76382132,"Compras no site",1,94.52743462,94.52743462,2025-10-22,Contínuo,23.70296756,40,2.36318587,1.00300903,2026-01-01,2026-05-25
"Influ Maritza 0","[C] [LM - TESTE] [ABO]","ADS 1 - MARITZA — Cópia",existing,archived,3854,6363,1.65101194,"Compras no site",1,94.49,94.49,2025-11-10,Contínuo,14.84991356,169,0.55911243,2.65597988,2026-01-01,2026-05-25
adv-engajado-laranja-mouro-sudeste-sul-centro,"[C][LM - COST CAP WINNERS] [ [CBO]","ADS - RAIZA 3 — Cópia",prospecting,inactive,4196,4634,1.10438513,"Compras no site",1,94.46,94.46,2025-08-27,Contínuo,20.38411739,60,1.57433333,1.29477773,2026-01-01,2026-05-25
"Influ Lari - Jejoom","[C] [LM - TESTE] [ABO]",AD1,prospecting,not_delivering,2354,2954,1.2548853,,,,94.37,2026-02-12,Contínuo,31.9465132,51,1.85039216,1.72647258,2026-01-01,2026-05-25
"[ADV ABER.]","[C] [LM - PRINCIPAL] - [PLANO B] 2 TESTE","AD - TOPO",prospecting,inactive,9308,12860,1.38160722,,,,94.29500106,2026-02-25,Contínuo,7.33242621,20,4.71475005,0.155521,2026-01-01,2026-05-25
"[COENZIMA] [RMKT]","[C] [VARIOS PRODUTO] [ABO] [BID]","AD - RMKT 3",prospecting,inactive,6449,7671,1.18948674,,,,93.96747066,2026-05-10,Contínuo,12.24970286,32,2.93648346,0.41715552,2026-01-01,2026-05-25
"[HIBRIDO] [ESTATICO ORG.] [BID 60]","[C] [LM - TESTE] [ABO]","AD - TOFU",engaged,inactive,5813,9393,1.615861,"Compras no site",1,93.47,93.47,2026-03-20,Contínuo,9.95102736,42,2.22547619,0.44714149,2026-01-01,2026-05-25
"[RMKT LARANJA MORO-REATIVAÇÃO BASE QUENTE]","[C] [LM - RMKT] [ADV. ABO]","AD -  TOFU",existing,inactive,3660,6188,1.69071038,"Compras no site",3,31.11904701,93.35714103,2025-10-13,Contínuo,15.08680366,44,2.12175321,0.71105365,2026-01-01,2026-05-25
"[BOFU] [ADV+ ABERTO] [ESTATICO]","[C] [LM - TESTE] [ABO]",AD6,engaged,inactive,4197,8528,2.03192757,"Compras no site",2,46.62908585,93.2581717,2026-02-25,Contínuo,10.9355267,321,0.2905239,3.76407129,2026-01-01,2026-05-25
"Evelyn Regly BM - LM","[C] [LM - TESTE] [ABO]","Teste - Perfil novo",engaged,not_delivering,3434,4162,1.21199767,,,,93.18,2026-02-04,Contínuo,22.38827487,79,1.17949367,1.8981259,2026-01-01,2026-05-25
"LP 1 - TOPO TONS","[C] [LM - PRINCIPAL][EX. BASE] [ADV. +] [CBO]","tons_dr-ursinho-melasma2-13-10-2025 — Cópia",prospecting,archived,1591,1861,1.16970459,,,,93.18,2026-02-06,Contínuo,50.06985492,17,5.48117647,0.91348737,2026-01-01,2026-05-25
"Influ Maritza 0","[C] [LM - TESTE] [ABO]","Criativo 1 29/12",engaged,archived,3329,5987,1.79843797,"Compras no site",1,93.09165047,93.09165047,2025-11-10,Contínuo,15.5489645,151,0.616501,2.52213128,2026-01-01,2026-05-25
"[TESTE PB FECHADO JADE]","[C] [LM - TESTE] [ABO]","AD - RMK  EVELYN 18-05 PERFIL DENA — Cópia — Cópia",prospecting,active,6011,7383,1.22824821,,,,93.03995985,2026-05-23,Contínuo,12.6019179,39,2.38564,0.52824055,2026-01-01,2026-05-25
"Adeli - Lm e Vm","[C] [LM - TESTE] [ABO]",AD3,existing,not_delivering,1514,2064,1.36327609,"Compras no site",2,46.48,92.96,2026-03-12,Contínuo,45.03875969,15,6.19733333,0.72674419,2026-01-01,2026-05-25
"[TRIO MAG] [RMKT]","[C] [VARIOS PRODUTO] [ABO] [BID]","AD - BOFU RMKT1 17-05",existing,not_delivering,1977,2971,1.50278199,,,,92.83,2026-05-17,Contínuo,31.24537193,43,2.15883721,1.44732413,2026-01-01,2026-05-25
"[CAMPANHA AQUISIÇÃO]","[C] [JEJOOM] [CBO]","AD - NIVER",prospecting,inactive,2667,4241,1.59017623,"Compras no site",1,92.78,92.78,2025-10-13,Contínuo,21.87691582,39,2.37897436,0.91959444,2026-01-01,2026-05-25
"Influ Adeli - Lm","[C] [LM - TESTE] [ABO]",AD1,engaged,not_delivering,4299,7165,1.66666667,,,,92.76637645,2026-03-10,Contínuo,12.94715652,72,1.2884219,1.00488486,2026-01-01,2026-05-25
"[EXCLUSÃO BASE] [ADV. +]","[C] [LM - PRINCIPAL][EX. BASE] [ADV. +] [CBO]","AD - LEMOS MOFU",prospecting,inactive,5639,6747,1.19648874,"Compras no site",1,92.68648444,92.68648444,2026-03-17,Contínuo,13.73743655,32,2.89645264,0.47428487,2026-01-01,2026-05-25
"[EXCLUSÃO BASE] [ADV. +]","[C] [LM - PRINCIPAL][EX. BASE] [ADV. +] [CBO]","AD - ISA MOFU — Cópia — Cópia",engaged,inactive,3032,3695,1.21866755,,,,92.63546982,2026-03-17,Contínuo,25.07049251,55,1.68428127,1.48849797,2026-01-01,2026-05-25
"LP - 1","[C] [LM - PRINCIPAL][EX. BASE] [ADV. +] [CBO]","ADS - ANA ELISA 2",engaged,archived,2696,4171,1.54710682,,,,92.16,2026-01-19,Contínuo,22.09542076,48,1.92,1.15080316,2026-01-01,2026-05-25
"[PUBLICO ENG.] [DR]","[C] [TONS] - TESTE MAX. VALOR ATÉ 11-03","ADS 3 - 18-02",existing,not_delivering,1721,3505,2.03660662,"Compras no site",1,91.87,91.87,2026-03-04,Contínuo,26.21112696,38,2.41763158,1.08416548,2026-01-01,2026-05-25
"[BOFU] [ADV+ ABERTO] [ESTATICO]","[C] [LM - TESTE] [ABO]","AD - MI RUBACK MOFU",engaged,not_delivering,4714,8020,1.70131523,,,,91.50769171,2026-02-25,Contínuo,11.40993662,191,0.47909786,2.38154613,2026-01-01,2026-05-25
"Influ Lari - Jejoom","[C] [LM - TESTE] [ABO]",AD1,existing,not_delivering,1951,2854,1.46283957,"Compras no site",2,45.745,91.49,2026-02-12,Contínuo,32.05676244,44,2.07931818,1.54169587,2026-01-01,2026-05-25
"Carrossel - Lm","[C] [LM - TESTE] [ABO]","ADS1 - 18-02 — Cópia",engaged,inactive,3578,5592,1.56288429,"Compras no site",1,91.24,91.24,2026-02-20,Contínuo,16.31616595,85,1.07341176,1.52002861,2026-01-01,2026-05-25
"Influ Sabrina - Vm [Teste até 13-03]","[C] [LM - TESTE] [ABO]","ADS 1",prospecting,archived,2444,2712,1.1096563,"Compras no site",1,91.02,91.02,2026-02-05,Contínuo,33.5619469,30,3.034,1.10619469,2026-01-01,2026-05-25
"Influ Ana Elisa 2","[C] [LM - TESTE] [ABO]","AD1 - 07/12",existing,archived,1716,3632,2.11655012,"Compras no site",1,90.97213059,90.97213059,2026-01-07,Contínuo,25.04739278,37,2.45870623,1.01872247,2026-01-01,2026-05-25
"Influ Duda - Lm","[C] [LM - TESTE] [ABO]","ADS 2 - Duda",prospecting,archived,3757,7023,1.86931062,"Compras no site",1,90.94,90.94,2026-02-09,Contínuo,12.94888224,18,5.05222222,0.25630073,2026-01-01,2026-05-25
"Conj. - Tipo 2","[C] [LM - TESTE] [ABO]","AD - SUSANA",existing,not_delivering,4046,7027,1.73677706,"Compras no site",3,30.23333333,90.7,2026-02-27,Contínuo,12.90735734,101,0.8980198,1.43731322,2026-01-01,2026-05-25
"[PUBLICO ENG.] [DR]","[C] [TONS] [PB DR]","AD4 — Cópia",existing,inactive,2549,3644,1.42958023,"Compras no site",1,90.12976993,90.12976993,2025-06-20,Contínuo,24.73374586,28,3.21892035,0.76838639,2026-01-01,2026-05-25
"LP - 1","[C] [LM - PRINCIPAL][EX. BASE] [ADV. +] [CBO]","Video-Rmkt-DaniWinits — Cópia",prospecting,archived,4645,5213,1.12228202,"Compras no site",2,44.945,89.89,2026-01-19,Contínuo,17.24342989,46,1.95413043,0.88240936,2026-01-01,2026-05-25
"Influ Evelyn BM -VM","[C] [LM - TESTE] [ABO]","ADS 4 — Cópia",engaged,inactive,5589,8038,1.43818214,,,,89.62765806,2026-02-04,Contínuo,11.15049242,116,0.77265222,1.44314506,2026-01-01,2026-05-25
"Conj - Vm","[C] [LM - TESTE] [ABO]","AD - LIS — Cópia",existing,inactive,1266,1661,1.31200632,,,,89.43,2026-01-30,Contínuo,53.8410596,20,4.4715,1.20409392,2026-01-01,2026-05-25
"[DIGESTINO] [RMKT]","[C] [VARIOS PRODUTO] [ABO] [BID]","ADS1 - 18-02",existing,not_delivering,4655,7067,1.51815252,"Compras no site",2,44.56891616,89.13783232,2026-05-10,Contínuo,12.61324923,94,0.94827481,1.33012594,2026-01-01,2026-05-25
"[AQUISIÇÃO]  [ADV. +]","[C] [LM - PRINCIPAL][EX. BASE] [ADV. +] [CBO]","AD - JADE TOFU — Cópia — Cópia",engaged,inactive,2681,3120,1.16374487,"Compras no site",1,88.92122784,88.92122784,2026-01-23,Contínuo,28.50039354,26,3.42004722,0.83333333,2026-01-01,2026-05-25
"[TOFU] [TIK + ORG ] [ABERTO]","[C] [LM - TESTE] [ABO]","AD - MOFU ate 14-05 — Cópia",engaged,inactive,2096,2454,1.17080153,"Compras no site",1,88.89353329,88.89353329,2026-02-11,Contínuo,36.2239337,68,1.30725784,2.77098615,2026-01-01,2026-05-25
"[EXCLUSÃO BASE] [ADV. +]","[C] [LM - PRINCIPAL][EX. BASE] [ADV. +] [CBO]","AD - JADE TOFU 19-05 BM JADE + DENA",prospecting,active,7717,8818,1.14267202,,,,88.85173443,2026-03-17,Contínuo,10.07617764,27,3.29080498,0.30619188,2026-01-01,2026-05-25
"Influ Sabrina - Tons","[C] [LM - TESTE] [ABO]","ADS 2- SABRINA",prospecting,inactive,2193,2717,1.23894209,,,,88.75,2026-02-09,Contínuo,32.66470372,30,2.95833333,1.104159,2026-01-01,2026-05-25
"[EXCLUSÃO BASE] [ADV. +]","[C] [LM - PRINCIPAL][EX. BASE] [ADV. +] [CBO]","AD - BOFU 2",existing,inactive,4733,5828,1.23135432,,,,88.30878639,2026-03-17,Contínuo,15.15250281,27,3.27069579,0.46328071,2026-01-01,2026-05-25
"[TESTE PB FECHADO ANA ELISA]","[C] [LM - TESTE] [ABO]","AD - RMK  EVELYN 18-05 PERFIL DENA — Cópia — Cópia",existing,active,3138,3786,1.20650096,"Compras no site",4,22.06716884,88.26867536,2026-05-23,Contínuo,23.31449428,24,3.67786147,0.63391442,2026-01-01,2026-05-25
"TONS TESTE","[C] [TONS] [PB DR]","AD - TOFU 2",prospecting,not_delivering,1621,1848,1.14003701,"Compras no site",1,88.23673938,88.23673938,2026-04-06,Contínuo,47.74715334,46,1.91818999,2.48917749,2026-01-01,2026-05-25
"LP NOVA","[C] [TONS] [PB DR]",tons_dr-ursinho_video-reels_10-07-2025_mais-qual-usar,existing,inactive,1770,2439,1.3779661,"Compras no site",3,29.39333333,88.18,2026-02-09,Contínuo,36.15416154,179,0.4926257,7.33907339,2026-01-01,2026-05-25
"[TESTE PB FECHADO JADE]","[C] [LM - TESTE] [ABO]","AD - RMK  EVELYN 18-05 PERFIL DENA — Cópia — Cópia",prospecting,active,5419,6540,1.20686474,,,,88.09112036,2026-05-23,Contínuo,13.46959027,32,2.75284751,0.48929664,2026-01-01,2026-05-25
"[RMKT LARANJA MORO-REATIVAÇÃO BASE QUENTE]","[C] [LM - RMKT] [ADV. ABO]","AD - PAM MOFU",existing,not_delivering,1497,1773,1.18436874,,,,87.89,2025-10-13,Contínuo,49.571348,14,6.27785714,0.78962211,2026-01-01,2026-05-25
"[RMKT PB FECHADO]","[C] [LM - RMKT] [ADV. ABO]","AD - LUCIANA MOFU — Cópia",existing,not_delivering,1655,2021,1.22114804,"Compras no site",1,87.59,87.59,2026-05-23,Contínuo,43.33993073,52,1.68442308,2.57298367,2026-01-01,2026-05-25
"Influ Adeli - Lm","[C] [LM - TESTE] [ABO]",AD2,prospecting,inactive,4848,6114,1.26113861,"Compras no site",1,87.34,87.34,2026-03-10,Contínuo,14.28524697,23,3.7973913,0.3761858,2026-01-01,2026-05-25
"[RMKT LARANJA MORO-REATIVAÇÃO BASE QUENTE]","[C] [LM - RMKT] [ADV. ABO]","AD -  TOFU",engaged,inactive,3402,5593,1.64403292,,,,87.1386551,2025-10-13,Contínuo,15.57994906,51,1.70860108,0.9118541,2026-01-01,2026-05-25
"Evelyn Regly BM - LM","[C] [LM - TESTE] [ABO]","ADS 4",existing,inactive,3063,6375,2.08129285,"Compras no site",1,86.76,86.76,2026-02-04,Contínuo,13.60941176,38,2.28315789,0.59607843,2026-01-01,2026-05-25
"Nutri - Tons [Teste até 13-03]","[C] [LM - TESTE] [ABO]",AD2,existing,inactive,1277,1728,1.3531715,"Compras no site",1,86.7,86.7,2026-03-09,Contínuo,50.17361111,35,2.47714286,2.02546296,2026-01-01,2026-05-25
"[BM JADE]","[C] [LM - TESTE] [ABO]","AD - JADE JEJOOM TOFU",engaged,inactive,3975,8146,2.04930818,"Compras no site",3,28.84300787,86.52902362,2026-04-17,Contínuo,10.6222715,79,1.0953041,0.96980113,2026-01-01,2026-05-25
"[PUBLICO ENG.] [DR]","[C] [TONS] [PB DR]","AD - TOFU DRIELLY 17-05",engaged,active,1796,2652,1.4766147,"Compras no site",3,28.74,86.22,2025-06-20,Contínuo,32.51131222,58,1.48655172,2.18702866,2026-01-01,2026-05-25
"[PUBLICO ABERTO]","[C] [LM - PRINCIPAL] [PLANO B] 1 TESTE","ADS - LARISSA — Cópia",prospecting,inactive,6415,6605,1.02961808,"Compras no site",1,85.78,85.78,2025-12-10,Contínuo,12.98713096,30,2.85933333,0.45420136,2026-01-01,2026-05-25
"[VINAGRE] [RMKT]","[C] [VARIOS PRODUTO] [ABO] [BID]","AD - MOFU MARCELA 17-05",prospecting,inactive,4090,5408,1.32224939,"Compras no site",1,85.74,85.74,2026-01-20,Contínuo,15.85428994,36,2.38166667,0.66568047,2026-01-01,2026-05-25
"[TESTE PB FECHADO JADE]","[C] [LM - TESTE] [ABO]","AD - JADE MOFU 3 — Cópia",existing,active,3276,4491,1.37087912,"Compras no site",2,42.84937018,85.69874037,2026-05-23,Contínuo,19.08232919,56,1.53033465,1.24693832,2026-01-01,2026-05-25
"teste aquisição ate dia 15  - Lm","[C] [LM - TESTE] [ABO]","ADS. VIDEO INFLU — Cópia",existing,inactive,2369,3192,1.34740397,"Compras no site",1,85.52964186,85.52964186,2026-02-04,Contínuo,26.79500058,55,1.5550844,1.72305764,2026-01-01,2026-05-25
"[PUBLICO ENG.] [DR]","[C] [TONS] [PB DR]","ADS - 2025",existing,archived,1794,2117,1.18004459,"Compras no site",3,28.48666667,85.46,2025-06-20,Contínuo,40.36844591,31,2.75677419,1.46433632,2026-01-01,2026-05-25
"[BOFU] [ADV+ ABERTO] [ESTATICO]","[C] [LM - TESTE] [ABO]",AD1,prospecting,inactive,8061,11010,1.3658355,"Compras no site",3,28.45176427,85.35529282,2026-02-25,Contínuo,7.75252433,45,1.89678428,0.40871935,2026-01-01,2026-05-25
"[DAI - DUDA - ANA]","[C] [LM - TESTE] [ABO]","AD 2 DUDA",engaged,active,2159,3056,1.41547013,,,,85.10356584,2026-05-21,Contínuo,27.84802547,64,1.32974322,2.09424084,2026-01-01,2026-05-25
"Influ Vitoria - Vm","[C] [LM - TESTE] [ABO]",AD2,prospecting,not_delivering,3289,3781,1.14958954,,,,85.06356362,2026-03-12,Contínuo,22.4976365,17,5.00373904,0.4496165,2026-01-01,2026-05-25
"[RMKT PB FECHADO]","[C] [LM - RMKT] [ADV. ABO]","AD - LUCIANA TOFU — Cópia",prospecting,not_delivering,2667,2916,1.09336333,,,,84.99,2026-05-23,Contínuo,29.14609053,33,2.57545455,1.13168724,2026-01-01,2026-05-25
"[PUBLICO ABERTO]","[C] [LM - PRINCIPAL] [PLANO B] 1 TESTE","ADS - DUDA",engaged,inactive,4469,8610,1.9266055,"Compras no site",2,42.44,84.88,2025-12-10,Contínuo,9.8583043,121,0.7014876,1.40534262,2026-01-01,2026-05-25
"Influ Lari - Jejoom","[C] [LM - TESTE] [ABO]","ADS - LARI 3",prospecting,not_delivering,2175,2544,1.16965517,"Compras no site",1,84.80652659,84.80652659,2026-02-12,Contínuo,33.33589882,12,7.06721055,0.47169811,2026-01-01,2026-05-25
"[EXCLUSÃO BASE] [ADV. +]","[C] [LM - PRINCIPAL][EX. BASE] [ADV. +] [CBO]","AD - ISA MOFU",engaged,inactive,2418,3282,1.3573201,"Compras no site",2,42.38832039,84.77664078,2026-03-17,Contínuo,25.83078634,51,1.66228707,1.55393053,2026-01-01,2026-05-25
"[PUBLICO ENG.] [DR]","[C] [TONS] - TESTE MAX. VALOR ATÉ 11-03","ADS - ASIATICA",engaged,not_delivering,2071,2546,1.2293578,,,,84.67487885,2026-03-04,Contínuo,33.25800426,63,1.3440457,2.47446976,2026-01-01,2026-05-25
"[PUBLICO ENG.] [DR]","[C] [TONS] [PB DR]","AD4 — Cópia",prospecting,inactive,3173,4385,1.3819729,"Compras no site",1,84.52713545,84.52713545,2025-06-20,Contínuo,19.2764277,37,2.28451717,0.84378563,2026-01-01,2026-05-25
"[TESTE PB FECHADO ANA ELISA]","[C] [LM - TESTE] [ABO]","AD - MOFU ANA ELISA — Cópia",prospecting,active,3061,3586,1.17151258,"Compras no site",1,84.51094377,84.51094377,2026-05-23,Contínuo,23.56691126,30,2.81703146,0.83658673,2026-01-01,2026-05-25
"[TOFU] [TIK]","[C] [LM - TESTE] [ABO]","AD - 5 — Cópia",existing,active,2144,2976,1.3880597,"Compras no site",1,84.22444809,84.22444809,2026-05-23,Contínuo,28.30122584,210,0.4010688,7.05645161,2026-01-01,2026-05-25
"LP NOVA","[C] [TONS] [PB DR]","tons2_rmkt_20-10-2025-pagdenavita — Cópia",prospecting,inactive,2261,3229,1.42812915,,,,84.16,2026-02-09,Contínuo,26.06379684,29,2.90206897,0.89811087,2026-01-01,2026-05-25
"Influ Leka - LM TESTE TRAVA DE CPA","[C] [LM - TESTE] [ABO]","ADS 4",engaged,archived,4469,5315,1.18930409,,,,84.01,2026-01-14,Contínuo,15.80620884,56,1.50017857,1.05362183,2026-01-01,2026-05-25
"[ADV ABER.]","[C] [LM - PRINCIPAL] - [PLANO B] 2 TESTE","[ADS] - [RMKT] [25-02]",existing,inactive,2967,4691,1.58105831,"Compras no site",1,83.81,83.81,2026-02-25,Contínuo,17.86612663,35,2.39457143,0.74610957,2026-01-01,2026-05-25
"[EXCLUSÃO BASE] [ADV. +]","[C] [LM - PRINCIPAL][EX. BASE] [ADV. +] [CBO]","AD - BOFU 3",existing,inactive,4664,5468,1.17238422,"Compras no site",2,41.87892819,83.75785638,2026-03-17,Contínuo,15.31782304,22,3.80717529,0.40234089,2026-01-01,2026-05-25
"Influ Raiza 2","[C] [LM - TESTE] [ABO]","ADS 1",engaged,not_delivering,2619,3515,1.34211531,"Compras no site",2,41.765,83.53,2026-01-29,Contínuo,23.76386913,33,2.53121212,0.93883357,2026-01-01,2026-05-25
"[PUBLICO ABERTO] — Cópia","[C] [LM - PRINCIPAL] [PLANO B] 1 TESTE","Rmkt Dani 2 — Cópia",prospecting,archived,7500,7500,1,,,,83.5,2026-01-08,Contínuo,11.13333333,18,4.63888889,0.24,2026-01-01,2026-05-25
"[RMKT LARANJA MORO-REATIVAÇÃO BASE QUENTE]","[C] [LM - RMKT] [ADV. ABO]","laranja-moro_mi-ruback_02-07-2025_junto-com-cafe — Cópia — Cópia",existing,inactive,1799,2436,1.3540856,"Compras no site",1,83.36,83.36,2025-10-13,Contínuo,34.22003284,88,0.94727273,3.61247947,2026-01-01,2026-05-25
"[PUBLICO ABERTO]","[C] [TONS] [PB ABERTO] [TESTE BID CAP]","AD - TOFU 2",engaged,not_delivering,2573,3387,1.31636222,"Compras no site",2,41.67,83.34,2026-03-16,Contínuo,24.60584588,118,0.70627119,3.48390906,2026-01-01,2026-05-25
"[AQUISIÇÃO]  [ADV. +]","[C] [LM - PRINCIPAL][EX. BASE] [ADV. +] [CBO]","AD - ALESSANDRA — Cópia",engaged,active,2431,3284,1.35088441,"Compras no site",2,41.64107035,83.28214071,2026-01-23,Contínuo,25.35996976,37,2.25086867,1.12667479,2026-01-01,2026-05-25
"[EXCLUSÃO BASE] [ADV. +]","[C] [LM - PRINCIPAL][EX. BASE] [ADV. +] [CBO]","AD - ANA MOFU",existing,inactive,3770,6139,1.62838196,"Compras no site",2,41.5369502,83.07390041,2026-03-17,Contínuo,13.53215514,46,1.80595436,0.7493077,2026-01-01,2026-05-25
"[PUBLICO ENG.] [DR]","[C] [TONS] - TESTE MAX. VALOR ATÉ 11-03","tons4_rmkt_20-10-2025 — Cópia",prospecting,inactive,2124,2537,1.19444444,,,,82.82,2026-03-04,Contínuo,32.64485613,18,4.60111111,0.70949941,2026-01-01,2026-05-25
"teste publico novo - bid","[C] [LM - TESTE] [ABO]","ADS 1",prospecting,not_delivering,3424,4310,1.25876168,"Compras no site",1,82.77290499,82.77290499,2026-02-19,Contínuo,19.20485035,29,2.8542381,0.67285383,2026-01-01,2026-05-25
"[RMKT PB FECHADO]","[C] [LM - RMKT] [ADV. ABO]","AD - LUCIANA MOFU — Cópia",engaged,not_delivering,1811,2286,1.26228603,,,,82.67,2026-05-23,Contínuo,36.16360455,38,2.17552632,1.66229221,2026-01-01,2026-05-25
adv-aqui-rmtk_coezima-q10_engajado-existente_5-existentes_max-conv_26-05-2025,"[C] [COQ.10][PRINCIPAL]","ADS - KAMILI 29/12",engaged,inactive,1582,3797,2.40012642,"Compras no site",1,82.4467942,82.4467942,2025-01-20,Contínuo,21.71366716,452,0.18240441,11.90413484,2026-01-01,2026-05-25
"[TESTE PB FECHADO ANA ELISA]","[C] [LM - TESTE] [ABO]","AD - MOFU ANA ELISA — Cópia",existing,active,1479,2074,1.40229885,"Compras no site",1,82.36975632,82.36975632,2026-05-23,Contínuo,39.71540806,68,1.21131995,3.27868852,2026-01-01,2026-05-25
"[TOFU] - [EX. PURCHASE]","[C] [LM - PRINCIPAL] - [PLANO B] 2 TESTE","ADS - ANA ELISA 3",engaged,inactive,2831,5254,1.85588131,,,,82.1,2026-03-25,Contínuo,15.62618957,44,1.86590909,0.83745718,2026-01-01,2026-05-25
"[PUBLICO ENG.] [DR]","[C] [TONS] [PB DR]","AD2 — Cópia",engaged,inactive,2511,3887,1.54798885,"Compras no site",2,41.04909827,82.09819653,2025-06-20,Contínuo,21.1212237,41,2.00239504,1.05479804,2026-01-01,2026-05-25
"[TESTE PB FECHADO JADE]","[C] [LM - TESTE] [ABO]","AD - RMK  EVELYN 18-05 PERFIL DENA — Cópia — Cópia",existing,active,3466,4905,1.415176,"Compras no site",3,27.2860542,81.85816261,2026-05-23,Contínuo,16.68871817,31,2.64058589,0.63200815,2026-01-01,2026-05-25
"LP NOVA","[C] [TONS] [PB DR]","AD - DR URSINHO 18-05 — Cópia",engaged,not_delivering,3235,3596,1.11159196,"Compras no site",1,81.54,81.54,2026-02-09,Contínuo,22.67519466,76,1.07289474,2.1134594,2026-01-01,2026-05-25
"[BOFU] [ADV+ ABERTO] [ESTATICO]","[C] [LM - TESTE] [ABO]","ADS - MES CONSUMIDOR — Cópia",engaged,inactive,5289,8469,1.60124787,"Compras no site",1,81.3692336,81.3692336,2026-02-25,Contínuo,9.60789156,56,1.45302203,0.66123509,2026-01-01,2026-05-25
"Influ Lari - Jejoom","[C] [LM - TESTE] [ABO]","AD2 - LARI",existing,not_delivering,2366,3365,1.42223161,,,,80.93,2026-02-12,Contínuo,24.05052006,31,2.61064516,0.92124814,2026-01-01,2026-05-25
"[TOFU] [TIK]","[C] [LM - TESTE] [ABO]","AD - 5 — Cópia",prospecting,active,6303,7223,1.14596224,"Compras no site",1,80.78650976,80.78650976,2026-05-23,Contínuo,11.18461993,48,1.68305229,0.66454382,2026-01-01,2026-05-25
[RMK],"[C] [JEJOOM] [CBO]","AD - LARISSA TOFU",prospecting,inactive,1558,1709,1.09691913,,,,80.65,2026-04-17,Contínuo,47.19133996,31,2.6016129,1.81392627,2026-01-01,2026-05-25
"[PUBLICO ABERTO]","[C] [TONS] [PB ABERTO] [TESTE BID CAP]","ADS 1 - 18-02 | Pausado ROAS baixo",engaged,archived,3566,5044,1.41446999,,,,80.59,2026-03-16,Contínuo,15.97739889,34,2.37029412,0.6740682,2026-01-01,2026-05-25
adv-aqui-rmtk_coezima-q10_engajado-existente_5-existentes_max-conv_26-05-2025,"[C] [COQ.10][PRINCIPAL]","AD2 - 07/01",engaged,inactive,1483,2575,1.73634525,,,,80.36,2025-01-20,Contínuo,31.20776699,30,2.67866667,1.16504854,2026-01-01,2026-05-25
"[PERFIL NOVO]","[C] [LM - PRINCIPAL] - [PLANO B] 2 TESTE","ADS 5",engaged,inactive,2765,5946,2.15045208,"Compras no site",1,80.17,80.17,2026-03-25,Contínuo,13.48301379,50,1.6034,0.84090145,2026-01-01,2026-05-25
"Influ Sabrina 2 - Lm","[C] [LM - TESTE] [ABO]","ADS 1 - SABRINA",engaged,archived,2587,3810,1.47274836,,,,80.11,2026-02-05,Contínuo,21.02624672,53,1.51150943,1.39107612,2026-01-01,2026-05-25
"[Publico Quente] [TESTE]","[C] [DIGESTINO] [PRINCIPAL]","ADS - LIS",existing,not_delivering,1185,1797,1.5164557,,,,80.01,2025-12-24,Contínuo,44.52420701,166,0.48198795,9.23761825,2026-01-01,2026-05-25
"Evelyn Regly BM - LM","[C] [LM - TESTE] [ABO]","ADS 2 - NOVO VM",engaged,not_delivering,2800,5611,2.00392857,"Compras no site",3,26.66604094,79.99812281,2026-02-04,Contínuo,14.25737352,63,1.26981147,1.12279451,2026-01-01,2026-05-25
--,"[C] [VARIOS PRODUTO] [ABO] [BID]","AD - NIVER 2",engaged,archived,750,1523,2.03066667,"Compras no site",2,39.72,79.44,2026-04-06,Contínuo,52.16021011,43,1.84744186,2.82337492,2026-01-01,2026-05-25
"Influ Vitoria - Lm","[C] [LM - TESTE] [ABO]",AD3,prospecting,inactive,5482,6767,1.2344035,"Compras no site",1,79.18,79.18,2026-03-12,Contínuo,11.70090143,32,2.474375,0.47288311,2026-01-01,2026-05-25
"[COLAGENO] [RMKT]","[C] [VARIOS PRODUTO] [ABO] [BID]","AD - BOFU",engaged,not_delivering,2761,4933,1.7866715,,,,79.15903634,2026-05-10,Contínuo,16.04683485,190,0.41662651,3.8516116,2026-01-01,2026-05-25
"[TOFU] [TIK TOK] [EXCLUSAÕ BASE] [BID 60] - TESTE ATÉ 20-05","[C] [LM - TESTE] [ABO]","AD - MOFU ate 14-05",existing,inactive,2950,3854,1.30644068,,,,79.10489953,2026-03-12,Contínuo,20.52540206,46,1.71967173,1.19356513,2026-01-01,2026-05-25
"[AQUISIÇÃO]  [ADV. +]","[C] [LM - PRINCIPAL][EX. BASE] [ADV. +] [CBO]","AD - MOFU teste ate 08-05 — Cópia — Cópia — Cópia",engaged,inactive,2497,2903,1.16259511,"Compras no site",1,79.09228201,79.09228201,2026-01-23,Contínuo,27.24501619,30,2.6364094,1.03341371,2026-01-01,2026-05-25
"Evelyn Regly - LM","[C] [LM - TESTE] [ABO]","ADS 1",engaged,not_delivering,2258,3939,1.74446413,"Compras no site",1,79.07,79.07,2026-02-01,Contínuo,20.07362275,70,1.12957143,1.77710079,2026-01-01,2026-05-25
"[AQUISIÇÃO]  [ADV. +]","[C] [LM - PRINCIPAL][EX. BASE] [ADV. +] [CBO]","ADS - EVELYN 2",engaged,inactive,2184,3652,1.67216117,"Compras no site",1,79,79,2026-01-23,Contínuo,21.63198248,60,1.31666667,1.64293538,2026-01-01,2026-05-25
"[BM] [ANA ELISA]","[C] [LM - TESTE] [ABO]","AD - MOFU ANA ELISA — Cópia",prospecting,inactive,4315,5469,1.26743917,"Compras no site",1,78.59,78.59,2025-10-01,Contínuo,14.37008594,29,2.71,0.53026147,2026-01-01,2026-05-25
"[VINAGRE] [RMKT]","[C] [VARIOS PRODUTO] [ABO] [BID]","ADS 2 - MOFU",prospecting,inactive,923,1139,1.2340195,,,,78.48,2026-01-20,Contínuo,68.90254609,30,2.616,2.63388938,2026-01-01,2026-05-25
"LP 2 - TONS","[C] [LM - PRINCIPAL][EX. BASE] [ADV. +] [CBO]","tons_dr-ursinho-melasma2-13-10-2025 — Cópia",prospecting,archived,1220,1428,1.1704918,"Compras no site",1,78.46,78.46,2026-02-06,Contínuo,54.94397759,12,6.53833333,0.84033613,2026-01-01,2026-05-25
adv-aqui-rmtk_coezima-q10_engajado-existente_5-existentes_max-conv_26-05-2025,"[C] [COQ.10][PRINCIPAL]","ADS - THAIS 29/12",existing,inactive,1318,2681,2.03414264,"Compras no site",1,78.42,78.42,2025-01-20,Contínuo,29.25027975,210,0.37342857,7.83289817,2026-01-01,2026-05-25
"[RMKT LARANJA MORO-REATIVAÇÃO BASE QUENTE]","[C] [LM - RMKT] [ADV. ABO]","AD - MOFU ANA ELISA — Cópia",existing,inactive,1061,1319,1.24316682,"Compras no site",2,39.18,78.36,2025-10-13,Contínuo,59.40864291,30,2.612,2.27445034,2026-01-01,2026-05-25
[RMK],"[C] [JEJOOM] [CBO]","AD - LARISSA TOFU",prospecting,inactive,2693,4592,1.70516153,"Compras no site",1,78.15374695,78.15374695,2026-04-17,Contínuo,17.0195442,56,1.39560262,1.2195122,2026-01-01,2026-05-25
"[TESTE PB FECHADO ANA ELISA]","[C] [LM - TESTE] [ABO]","AD - RMK  EVELYN 18-05 PERFIL DENA — Cópia — Cópia",prospecting,active,4438,5152,1.16088328,"Compras no site",1,78.10355054,78.10355054,2026-05-23,Contínuo,15.15985065,21,3.71921669,0.4076087,2026-01-01,2026-05-25
adv-aqui-rmkt_laranja-moro_engajado-existente_5-existente_max-conv_26-05-2025,"[C][LM - PRINCIPAL] [ADV. EXCLUSÃO DE CLIENTES]",laranja-moro_influ_sabrina-dutra_video-stories_26-05-2025_emagrece-muito,prospecting,not_delivering,3145,3874,1.2317965,"Compras no site",1,77.89,77.89,2024-09-17,Contínuo,20.10583376,80,0.973625,2.06504904,2026-01-01,2026-05-25
"LP NOVA","[C] [TONS] [PB DR]","ADS - MEIO 13-02-2026",engaged,not_delivering,2127,2249,1.05735778,,,,77.64,2026-02-09,Contínuo,34.52200978,48,1.6175,2.1342819,2026-01-01,2026-05-25
"[HIBRIDO] [ESTATICO ORG.] [BID 60]","[C] [LM - TESTE] [ABO]","AD - BOFU 2 — Cópia",existing,inactive,5574,7110,1.27556512,"Compras no site",4,19.385,77.54,2026-03-20,Contínuo,10.90576653,27,2.87185185,0.37974684,2026-01-01,2026-05-25
"Influ Leka - LM TESTE TRAVA DE CPA","[C] [LM - TESTE] [ABO]","ADS 1",existing,archived,2046,2548,1.24535679,"Compras no site",1,77.48393609,77.48393609,2026-01-14,Contínuo,30.40970804,38,2.03905095,1.49136578,2026-01-01,2026-05-25
"[PUBLICO ABERTO]","[C] [LM - PRINCIPAL] [PLANO B] 1 TESTE","ADS5 - RAIZA",prospecting,inactive,7182,9933,1.38304094,,,,77.22,2025-12-10,Contínuo,7.77408638,34,2.27117647,0.34229337,2026-01-01,2026-05-25
"[PERFIL NOVO]","[C] [LM - PRINCIPAL] - [PLANO B] 2 TESTE","ADS 3 - NOVO VM — Cópia",engaged,inactive,3941,8167,2.07231667,"Compras no site",1,77.20033425,77.20033425,2026-03-25,Contínuo,9.45271633,50,1.54400669,0.61221991,2026-01-01,2026-05-25
"Influ Lari - Jejoom","[C] [LM - TESTE] [ABO]","AD2 - LARI",prospecting,not_delivering,3329,4005,1.20306398,"Compras no site",1,77.07,77.07,2026-02-12,Contínuo,19.24344569,27,2.85444444,0.6741573,2026-01-01,2026-05-25
"[TOFU] [TIK TOK] [EXCLUSAÕ BASE] [BID 60] - TESTE ATÉ 20-05","[C] [LM - TESTE] [ABO]",AD5,prospecting,inactive,5290,6092,1.15160681,,,,77.05,2026-03-12,Contínuo,12.64773473,15,5.13666667,0.24622456,2026-01-01,2026-05-25
"Influ Sabrina - Tons","[C] [LM - TESTE] [ABO]","ADS 3- SABRINA",engaged,not_delivering,1394,1950,1.39885222,"Compras no site",1,77.05,77.05,2026-02-09,Contínuo,39.51282051,22,3.50227273,1.12820513,2026-01-01,2026-05-25
"[PUBLICO ABERTO]","[C] [LM - PRINCIPAL] [PLANO B] 1 TESTE","AD - LUCIANA MOFU 2 — Cópia — Cópia",existing,not_delivering,2344,2874,1.22610922,"Compras no site",2,38.525,77.05,2025-12-10,Contínuo,26.80932498,34,2.26617647,1.18302018,2026-01-01,2026-05-25
"Influ Leka - LM TESTE TRAVA DE CPA","[C] [LM - TESTE] [ABO]","ADS 1",engaged,archived,2892,3679,1.27213001,"Compras no site",4,19.16597361,76.66389443,2026-01-14,Contínuo,20.83824258,41,1.86985108,1.11443327,2026-01-01,2026-05-25
"[TOFU] [TIK TOK] [EXCLUSAÕ BASE] [BID 60] - TESTE ATÉ 20-05","[C] [LM - TESTE] [ABO]","AD - MOFU ate 14-05",engaged,inactive,4775,5838,1.2226178,"Compras no site",2,38.26253294,76.52506587,2026-03-12,Contínuo,13.10809624,51,1.50049149,0.87358684,2026-01-01,2026-05-25
eng,"[C] [COQ.10][PRINCIPAL] - NOVA","ADS 1 - ORGANICO 2",prospecting,not_delivering,1154,1484,1.28596187,"Compras no site",1,76.52350652,76.52350652,2026-02-09,Contínuo,51.5657052,28,2.73298238,1.88679245,2026-01-01,2026-05-25
"Influ Raiza","[C] [LM - TESTE] [ABO]","ADS 1",existing,archived,1382,2702,1.95513748,"Compras no site",1,76.46601408,76.46601408,2025-10-22,Contínuo,28.29978315,29,2.63675911,1.07327905,2026-01-01,2026-05-25
"[BM JADE]","[C] [LM - TESTE] [ABO]","AD - RMK  EVELYN 18-05 PERFIL DENA — Cópia",engaged,inactive,3560,5638,1.58370787,"Compras no site",1,76.19680998,76.19680998,2026-04-17,Contínuo,13.5148652,38,2.00517921,0.67399787,2026-01-01,2026-05-25
"[AQUISIÇÃO]  [ADV. +]","[C] [LM - PRINCIPAL][EX. BASE] [ADV. +] [CBO]","ADS - RAIZA 5",prospecting,inactive,2441,2980,1.22081114,"Compras no site",1,76.19,76.19,2026-01-23,Contínuo,25.56711409,6,12.69833333,0.20134228,2026-01-01,2026-05-25
"Influ Jessica - Lm","[C] [LM - TESTE] [ABO]","ADS 1",engaged,not_delivering,2851,4083,1.43212908,"Compras no site",1,75.8267435,75.8267435,2026-02-27,Contínuo,18.57133076,52,1.45820661,1.27357335,2026-01-01,2026-05-25
"[RMKT LARANJA MORO-REATIVAÇÃO BASE QUENTE]","[C] [LM - RMKT] [ADV. ABO]","AD - MOFU ISA NOGUEIRA  REFAÇÃO 17-05",prospecting,inactive,1601,1887,1.17863835,"Compras no site",1,75.7,75.7,2025-10-13,Contínuo,40.11658718,28,2.70357143,1.48383678,2026-01-01,2026-05-25
"teste aquisição ate dia 15  - Lm","[C] [LM - TESTE] [ABO]","AD - LUCIANA MOFU",engaged,inactive,2521,4620,1.83260611,"Compras no site",1,75.54717241,75.54717241,2026-02-04,Contínuo,16.35220182,134,0.56378487,2.9004329,2026-01-01,2026-05-25
"[RMKT LARANJA MORO-REATIVAÇÃO BASE QUENTE]","[C] [LM - RMKT] [ADV. ABO]","AD - RMKT — Cópia",engaged,inactive,1760,2613,1.48465909,"Compras no site",1,75.35431562,75.35431562,2025-10-13,Contínuo,28.83823789,26,2.89824291,0.99502488,2026-01-01,2026-05-25
"[COENZIMA] [RMKT]","[C] [VARIOS PRODUTO] [ABO] [BID]",ADS,prospecting,inactive,2988,3591,1.20180723,,,,75.3185599,2026-05-10,Contínuo,20.97425784,24,3.13827333,0.66833751,2026-01-01,2026-05-25
adv-aqui-rmkt_laranja-moro_engajado-existente_5-existente_max-conv_26-05-2025,"[C][LM - PRINCIPAL] [ADV. EXCLUSÃO DE CLIENTES]",laranja-moro_influ_sabrina-dutra_video-stories_26-05-2025_emagrece-muito,engaged,not_delivering,2001,2677,1.33783108,"Compras no site",1,75.07,75.07,2024-09-17,Contínuo,28.04258498,44,1.70613636,1.64363093,2026-01-01,2026-05-25
"Influ Lari - Jejoom","[C] [LM - TESTE] [ABO]","AD1 - Flexivel",prospecting,not_delivering,2424,3058,1.26155116,"Compras no site",1,75.04,75.04,2026-02-12,Contínuo,24.53891432,47,1.59659574,1.53695226,2026-01-01,2026-05-25
"[TOFU] [TIK + ORG ] [ABERTO]","[C] [LM - TESTE] [ABO]","AD1 — Cópia",existing,inactive,2077,2553,1.2291767,"Compras no site",1,74.65,74.65,2026-02-11,Contínuo,29.24010967,14,5.33214286,0.54837446,2026-01-01,2026-05-25
"[HIBRIDO] [ESTATICO ORG.] [BID 60]","[C] [LM - TESTE] [ABO]","AD - NIVER 4",existing,inactive,4734,7549,1.59463456,"Compras no site",1,74.5831282,74.5831282,2026-03-20,Contínuo,9.87986862,80,0.9322891,1.05974301,2026-01-01,2026-05-25
"[EXCLUSÃO BASE] [ADV. +]","[C] [LM - PRINCIPAL][EX. BASE] [ADV. +] [CBO]","ADS - ART 2",existing,inactive,3802,6572,1.72856391,"Compras no site",1,74.48,74.48,2026-03-17,Contínuo,11.33292757,24,3.10333333,0.36518564,2026-01-01,2026-05-25
"[PUBLICO ABERTO]","[C] [WHITE] TRAFEGO","AD2 — Cópia — Cópia",unknown,not_delivering,12613,15434,1.22365813,"Visualizações da página de destino",719,0.10307371,74.11,2026-03-26,Contínuo,4.80173643,869,0.08528193,5.63042633,2026-01-01,2026-05-25
"[TOFU] [TIK + ORG ] [ABERTO]","[C] [LM - TESTE] [ABO]","AD2 — Cópia",prospecting,inactive,3701,4078,1.10186436,"Compras no site",1,73.96457897,73.96457897,2026-02-11,Contínuo,18.13746419,27,2.73942885,0.66208926,2026-01-01,2026-05-25
"[TOFU] [TIK]","[C] [LM - TESTE] [ABO]","AD - MOFU ate 14-05 — Cópia",engaged,active,3116,4494,1.44223363,"Compras no site",1,73.92512531,73.92512531,2026-05-23,Contínuo,16.44973861,205,0.36061037,4.56163774,2026-01-01,2026-05-25
"[RMKT LARANJA MORO-REATIVAÇÃO BASE QUENTE]","[C] [LM - RMKT] [ADV. ABO]","AD - MOFU EVELYN  REFAÇÃO 17-05",existing,active,1386,1953,1.40909091,"Compras no site",3,24.56333333,73.69,2025-10-13,Contínuo,37.73169483,211,0.34924171,10.80389145,2026-01-01,2026-05-25
"[CAMPANHA AQUISIÇÃO]","[C] [JEJOOM] [CBO]","AD5 - ORGANICO",prospecting,inactive,2904,3562,1.22658402,,,,73.38,2025-10-13,Contínuo,20.60078608,33,2.22363636,0.92644582,2026-01-01,2026-05-25
"[EXCLUSÃO BASE] [ADV. +]","[C] [LM - PRINCIPAL][EX. BASE] [ADV. +] [CBO]","AD - ISA MOFU",engaged,inactive,2993,4301,1.43701971,"Compras no site",2,36.665,73.33,2026-03-17,Contínuo,17.04952337,52,1.41019231,1.20902116,2026-01-01,2026-05-25
--,"[C] [VARIOS PRODUTO] [ABO] [BID]","AD - NIVER 2",prospecting,archived,798,1277,1.60025063,,,,73.14,2026-04-06,Contínuo,57.27486296,12,6.095,0.93970243,2026-01-01,2026-05-25
"[BM JADE]","[C] [LM - TESTE] [ABO]","AD - LUCIANA MOFU 2",existing,inactive,2921,4519,1.54707292,,,,73.11,2026-04-17,Contínuo,16.17835804,34,2.15029412,0.75237884,2026-01-01,2026-05-25
ABER.,"[C] [TONS] [PB ABERTO] [TESTE BID CAP]","ADS - ASIATICA | Pausado ROAS baixo",engaged,archived,2392,3338,1.39548495,"Compras no site",1,73.04214249,73.04214249,2026-03-16,Contínuo,21.88200793,82,0.89075784,2.45656081,2026-01-01,2026-05-25
"[EXCLUSÃO BASE] [ADV. +]","[C] [LM - PRINCIPAL][EX. BASE] [ADV. +] [CBO]","V - LUCIANA MOFU LP OLD",engaged,active,1998,2386,1.19419419,"Compras no site",7,10.4029788,72.82085157,2026-03-17,Contínuo,30.52005514,55,1.32401548,2.30511316,2026-01-01,2026-05-25
"[PUBLICO ENG.] [DR]","[C] [TONS] [PB DR]","tons4_rmkt_20-10-2025 — Cópia",engaged,archived,1495,1820,1.2173913,"Compras no site",1,72.61,72.61,2025-06-20,Contínuo,39.8956044,22,3.30045455,1.20879121,2026-01-01,2026-05-25
[EVELIN],"[C] [LM - PRINCIPAL][EX. BASE] [ADV. +] [CBO]","AD - EVELYN",existing,inactive,3648,4407,1.20805921,"Compras no site",2,36.055,72.11,2026-03-31,Contínuo,16.36260495,46,1.5676087,1.04379396,2026-01-01,2026-05-25
"[CAMPANHA AQUISIÇÃO]","[C] [JEJOOM] [CBO]","AD - MORGANA TOFU",prospecting,inactive,3063,3758,1.22690173,"Compras no site",1,71.67302588,71.67302588,2025-10-13,Contínuo,19.07211971,43,1.66681456,1.14422565,2026-01-01,2026-05-25
"[ADV ABER.]","[C] [LM - PRINCIPAL] - [PLANO B] 2 TESTE","[ADS] - [LARISSA] [TOPO] [25-02]",prospecting,inactive,4656,5912,1.26975945,"Compras no site",1,71.57648338,71.57648338,2026-02-25,Contínuo,12.10698298,20,3.57882417,0.33829499,2026-01-01,2026-05-25
"Conj - Vm","[C] [LM - TESTE] [ABO]","ADS - SABRINA — Cópia",engaged,inactive,956,1258,1.31589958,"Compras no site",1,71.54,71.54,2026-01-30,Contínuo,56.86804452,36,1.98722222,2.86168521,2026-01-01,2026-05-25
"[EXCLUSÃO BASE] [ADV. +]","[C] [LM - PRINCIPAL][EX. BASE] [ADV. +] [CBO]","ADS - ART 2",engaged,inactive,2634,4159,1.57896735,,,,71.53,2026-03-17,Contínuo,17.19884588,31,2.30741935,0.74537148,2026-01-01,2026-05-25
"Conj - Vm","[C] [LM - TESTE] [ABO]","AD - LIS — Cópia",prospecting,inactive,866,1135,1.31062356,,,,71.06,2026-01-30,Contínuo,62.60792952,8,8.8825,0.70484581,2026-01-01,2026-05-25
"Conj. - Q10","[C] [LM - TESTE] [ABO]","ADS2- DANI",engaged,not_delivering,2164,3600,1.66358595,,,,71.06,2026-02-20,Contínuo,19.73888889,22,3.23,0.61111111,2026-01-01,2026-05-25
"[RMKT PB FECHADO]","[C] [LM - RMKT] [ADV. ABO]","AD - MOFU ANA ELISA — Cópia — Cópia",prospecting,not_delivering,2855,3382,1.18458844,"Compras no site",1,71.04,71.04,2026-05-23,Contínuo,21.00532229,43,1.65209302,1.27143702,2026-01-01,2026-05-25
"[PERFIL NOVO]","[C] [LM - PRINCIPAL] - [PLANO B] 2 TESTE","ADS 6",prospecting,inactive,4417,6074,1.3751415,"Compras no site",1,70.99,70.99,2026-03-25,Contínuo,11.68752058,49,1.44877551,0.80671716,2026-01-01,2026-05-25
"[VINAGRE] [RMKT]","[C] [VARIOS PRODUTO] [ABO] [BID]","AD - TOFU",prospecting,active,1777,2310,1.29994373,"Compras no site",1,70.77,70.77,2026-01-20,Contínuo,30.63636364,31,2.28290323,1.34199134,2026-01-01,2026-05-25
"Influ Rachel - Kit","[C] [LM - TESTE] [ABO]",AD3,engaged,not_delivering,1432,1810,1.26396648,"Compras no site",1,70.74,70.74,2026-03-12,Contínuo,39.08287293,42,1.68428571,2.32044199,2026-01-01,2026-05-25
"Influ Luciana","[C] [LM - TESTE] [ABO]","ADS 1",prospecting,not_delivering,2858,3554,1.24352694,,,,70.56,2026-01-28,Contínuo,19.85368599,11,6.41454545,0.30951041,2026-01-01,2026-05-25
"[RMKT LARANJA MORO-REATIVAÇÃO BASE QUENTE]","[C] [LM - RMKT] [ADV. ABO]","AD - PAM MOFU 2",existing,not_delivering,1522,1709,1.12286465,"Compras no site",1,70.5,70.5,2025-10-13,Contínuo,41.25219427,20,3.525,1.17027501,2026-01-01,2026-05-25
"[AQUISIÇÃO]  [ADV. +]","[C] [LM - PRINCIPAL][EX. BASE] [ADV. +] [CBO]","ADS - EVELYN 2",existing,inactive,2006,3287,1.63858425,,,,70.45,2026-01-23,Contínuo,21.43291755,31,2.27258065,0.94310922,2026-01-01,2026-05-25
"[Publico Quente] [TESTE]","[C] [DIGESTINO] [PRINCIPAL]","ADS - LIS",prospecting,not_delivering,1648,1994,1.20995146,"Compras no site",1,70.44,70.44,2025-12-24,Contínuo,35.32597793,18,3.91333333,0.90270812,2026-01-01,2026-05-25
"Influ turbo - Vm teste ate 16-04","[C] [LM - TESTE] [ABO]","AD - FERNANDA",prospecting,not_delivering,1134,1269,1.11904762,,,,70.18,2026-04-13,Contínuo,55.30338849,13,5.39846154,1.02442868,2026-01-01,2026-05-25
eng,"[C] [COQ.10][PRINCIPAL] - NOVA","ADS 1 - ORGANICO",existing,not_delivering,1209,1554,1.2853598,,,,70.1,2026-02-09,Contínuo,45.10939511,10,7.01,0.64350064,2026-01-01,2026-05-25
"[PUBLICO ABERTO]","[C] [LM - PRINCIPAL] [PLANO B] 1 TESTE","ADS - EVELYN",existing,inactive,1670,2169,1.2988024,"Compras no site",1,70.06,70.06,2025-12-10,Contínuo,32.30059935,30,2.33533333,1.38312586,2026-01-01,2026-05-25
EVELIN,"[C] [LM - TESTE] [ABO]","AD -  EVELYN",existing,active,2347,2618,1.11546655,,,,69.89,2026-05-18,Contínuo,26.69595111,28,2.49607143,1.06951872,2026-01-01,2026-05-25
"[VINAGRE] [RMKT]","[C] [VARIOS PRODUTO] [ABO] [BID]","AD - MOFU MARCELA 17-05",existing,inactive,2147,2798,1.30321379,"Compras no site",1,69.73,69.73,2026-01-20,Contínuo,24.92137241,127,0.54905512,4.5389564,2026-01-01,2026-05-25
"[CAMPANHA AQUISIÇÃO]","[C] [JEJOOM] [CBO]","ADS - MORGANA 2 24-12 — Cópia",engaged,inactive,1514,2065,1.36393659,,,,69.65327976,2025-10-13,Contínuo,33.73040182,39,1.78598153,1.88861985,2026-01-01,2026-05-25
"[RMKT LARANJA MORO-REATIVAÇÃO BASE QUENTE]","[C] [LM - RMKT] [ADV. ABO]","ADS - DUDA",existing,inactive,1187,2559,2.1558551,"Compras no site",2,34.785,69.57,2025-10-13,Contínuo,27.18640094,458,0.15189956,17.89761626,2026-01-01,2026-05-25
"Influ Marcia","[C] [LM - TESTE] [ABO]","laranja-moro_influ_marcia_video-stories_20-07-2025 — Cópia",engaged,archived,2514,3881,1.54375497,"Compras no site",1,69.32488137,69.32488137,2026-01-09,Contínuo,17.86263369,34,2.0389671,0.87606287,2026-01-01,2026-05-25
"[ADV ABER.]","[C] [LM - PRINCIPAL] - [PLANO B] 2 TESTE","ADS 3 — Cópia",prospecting,inactive,7679,9846,1.2821982,"Compras no site",1,69.11,69.11,2026-02-25,Contínuo,7.01909405,34,2.03264706,0.3453179,2026-01-01,2026-05-25
"[AQUISIÇÃO]  [ADV. +]","[C] [LM - PRINCIPAL][EX. BASE] [ADV. +] [CBO]","AD - EVELYN",prospecting,inactive,2246,2711,1.20703473,,,,68.84378847,2026-01-23,Contínuo,25.39424141,27,2.54976994,0.99594246,2026-01-01,2026-05-25
"[RMKT LARANJA MORO-REATIVAÇÃO BASE QUENTE]","[C] [LM - RMKT] [ADV. ABO]","AD - PAM MOFU",prospecting,not_delivering,1406,1608,1.14366999,"Compras no site",1,68.75,68.75,2025-10-13,Contínuo,42.75497512,7,9.82142857,0.43532338,2026-01-01,2026-05-25
"[RMKT LARANJA MORO-REATIVAÇÃO BASE QUENTE]","[C] [LM - RMKT] [ADV. ABO]","AD - MOFU ANA ELISA — Cópia",engaged,inactive,1169,1475,1.26176219,"Compras no site",2,34.175,68.35,2025-10-13,Contínuo,46.33898305,20,3.4175,1.3559322,2026-01-01,2026-05-25
"[Publico Quente] [TESTE]","[C] [DIGESTINO] [PRINCIPAL]","AD2 - 07/01",engaged,inactive,1428,2982,2.08823529,,,,68.33349908,2025-12-24,Contínuo,22.91532498,30,2.2777833,1.00603622,2026-01-01,2026-05-25
"[AQUISIÇÃO]  [ADV. +]","[C] [LM - PRINCIPAL][EX. BASE] [ADV. +] [CBO]","AD - JADE TOFU — Cópia",prospecting,inactive,2457,2830,1.15181115,"Compras no site",1,68.26,68.26,2026-01-23,Contínuo,24.12014134,30,2.27533333,1.06007067,2026-01-01,2026-05-25
"Influ Raiza - VM","[C] [LM - TESTE] [ABO]","ADS 2",prospecting,not_delivering,3515,4267,1.21394026,,,,68.05,2026-02-19,Contínuo,15.94797281,30,2.26833333,0.70307007,2026-01-01,2026-05-25
"[AQUISIÇÃO]  [ADV. +]","[C] [LM - PRINCIPAL][EX. BASE] [ADV. +] [CBO]","ADS - MES CONSUMIDOR 3",engaged,inactive,1723,2449,1.4213581,"Compras no site",2,33.995,67.99,2026-01-23,Contínuo,27.76235198,22,3.09045455,0.89832585,2026-01-01,2026-05-25
"LP - 1","[C] [LM - PRINCIPAL][EX. BASE] [ADV. +] [CBO]","ADS - ANA ELISA 2",existing,archived,2049,3510,1.71303075,,,,67.88,2026-01-19,Contínuo,19.33903134,27,2.51407407,0.76923077,2026-01-01,2026-05-25
"[ADV ABER.]","[C] [LM - PRINCIPAL] - [PLANO B] 2 TESTE","[ADS] - [LARISSA] [TOPO] [25-02]",prospecting,inactive,3264,3508,1.0747549,"Compras no site",1,67.44,67.44,2026-02-25,Contínuo,19.22462942,28,2.40857143,0.7981756,2026-01-01,2026-05-25
"Influ Maritza 0","[C] [LM - TESTE] [ABO]","ADS 1 - MARITZA — Cópia",prospecting,archived,6862,8675,1.26420869,,,,67.28,2025-11-10,Contínuo,7.7556196,37,1.81837838,0.42651297,2026-01-01,2026-05-25
"[AQUISIÇÃO]  [ADV. +]","[C] [LM - PRINCIPAL][EX. BASE] [ADV. +] [CBO]","ADS - KAMILI",prospecting,inactive,4025,4553,1.13118012,,,,67.22,2026-01-23,Contínuo,14.76389194,19,3.53789474,0.41730727,2026-01-01,2026-05-25
"[HIBRIDO] [ESTATICO ORG.] [BID 60]","[C] [LM - TESTE] [ABO]",AD1,engaged,inactive,2563,4076,1.59032384,"Compras no site",1,67.00834498,67.00834498,2026-03-20,Contínuo,16.43973135,39,1.71816269,0.95682041,2026-01-01,2026-05-25
"[RMKT LARANJA MORO-REATIVAÇÃO BASE QUENTE]","[C] [LM - RMKT] [ADV. ABO]","AD - MOFU ISA NOGUEIRA  REFAÇÃO 17-05",engaged,inactive,1668,2009,1.20443645,"Compras no site",1,66.95,66.95,2025-10-13,Contínuo,33.32503733,40,1.67375,1.99104032,2026-01-01,2026-05-25
"[CAMPANHA AQUISIÇÃO]","[C] [JEJOOM] [CBO]","AD - NIVER",existing,inactive,1524,2637,1.73031496,"Compras no site",2,33.42773551,66.85547103,2025-10-13,Contínuo,25.35285212,40,1.67138678,1.51687524,2026-01-01,2026-05-25
"[PUBLICO ENG.] [DR]","[C] [TONS] [PB DR]","ADS - ORGANICO",prospecting,archived,2009,2703,1.3454455,"Compras no site",1,66.73,66.73,2025-06-20,Contínuo,24.68738439,17,3.92529412,0.62893082,2026-01-01,2026-05-25
"[TOFU] [TIK TOK] [EXCLUSAÕ BASE] [BID 60] - TESTE ATÉ 20-05","[C] [LM - TESTE] [ABO]","AD - MOFU teste ate 08-05",engaged,not_delivering,3538,4564,1.28999435,,,,66.35743179,2026-03-12,Contínuo,14.53931459,61,1.08782675,1.33654689,2026-01-01,2026-05-25
"[RMKT LARANJA MORO-REATIVAÇÃO BASE QUENTE]","[C] [LM - RMKT] [ADV. ABO]","AD - BOFU 2",engaged,inactive,1840,2327,1.26467391,"Compras no site",2,33.15425463,66.30850925,2025-10-13,Contínuo,28.49527686,21,3.15754806,0.90244951,2026-01-01,2026-05-25
[RMK],"[C] [JEJOOM] [CBO]","AD - MOFU PRI 17-05",engaged,inactive,2273,3489,1.5349758,,,,66.29,2026-04-17,Contínuo,18.99971338,279,0.23759857,7.99656062,2026-01-01,2026-05-25
"LP - 2","[C] [LM - PRINCIPAL][EX. BASE] [ADV. +] [CBO]","Video-Rmkt-DaniWinits — Cópia",prospecting,archived,3090,3500,1.13268608,,,,66.29,2026-01-19,Contínuo,18.94,46,1.44108696,1.31428571,2026-01-01,2026-05-25
"[CAMPANHA AQUISIÇÃO]","[C] [JEJOOM] [CBO]","AD1 - LARI",prospecting,inactive,2282,3016,1.32164768,,,,66.22,2025-10-13,Contínuo,21.95623342,31,2.13612903,1.02785146,2026-01-01,2026-05-25
"teste aquisição ate dia 15  - Lm","[C] [LM - TESTE] [ABO]","Criativo Versão 2 - Sabrina 29/12 — Cópia",prospecting,inactive,3636,4227,1.16254125,"Compras no site",1,66.18,66.18,2026-02-04,Contínuo,15.65649397,36,1.83833333,0.85166785,2026-01-01,2026-05-25
"[PUBLICO ENG.] [DR]","[C] [TONS] - TESTE MAX. VALOR ATÉ 11-03","ADS 3 - 18-02",prospecting,not_delivering,1612,2152,1.33498759,"Compras no site",1,65.99,65.99,2026-03-04,Contínuo,30.66449814,12,5.49916667,0.55762082,2026-01-01,2026-05-25
"Influ Ingrid - Lm","[C] [LM - TESTE] [ABO]","ADS 2 - INGRID VM",prospecting,inactive,6124,8473,1.38357283,"Compras no site",1,65.39696393,65.39696393,2026-02-25,Contínuo,7.71827734,61,1.07208138,0.71993391,2026-01-01,2026-05-25
ABER.,"[C] [TONS] [PB ABERTO] [TESTE BID CAP]","ADS 2 - 18-02 | Pausado ROAS baixo",engaged,archived,3751,5650,1.506265,,,,65.28988022,2026-03-16,Contínuo,11.55573101,30,2.17632934,0.53097345,2026-01-01,2026-05-25
"[PUBLICO ENG.] [DR]","[C] [TONS] [PB DR]","AD6 — Cópia",engaged,inactive,2772,3719,1.34163059,,,,65.18565804,2025-06-20,Contínuo,17.52773811,52,1.25357035,1.39822533,2026-01-01,2026-05-25
"[TOFU] [TIK TOK] [EXCLUSAÕ BASE] [BID 60] - TESTE ATÉ 20-05","[C] [LM - TESTE] [ABO]","AD - MOFU ate 14-05",engaged,not_delivering,3264,3906,1.19669118,"Compras no site",2,32.49,64.98,2026-03-12,Contínuo,16.6359447,56,1.16035714,1.43369176,2026-01-01,2026-05-25
"[PUBLICO ENG.] [DR]","[C] [TONS] - TESTE MAX. VALOR ATÉ 11-03",tons_dr-ursinho-melasma4-13-10-2025,prospecting,not_delivering,1029,1210,1.17589893,"Compras no site",1,64.88,64.88,2026-03-04,Contínuo,53.61983471,24,2.70333333,1.98347107,2026-01-01,2026-05-25
"[BOFU] [ADV+ ABERTO] [ESTATICO]","[C] [LM - TESTE] [ABO]",AD1,existing,inactive,3145,5645,1.79491256,,,,64.76642826,2026-02-25,Contínuo,11.47323796,68,0.95244747,1.20460585,2026-01-01,2026-05-25
"[VINAGRE] [RMKT]","[C] [VARIOS PRODUTO] [ABO] [BID]","AD - MI RUBACK MOFU",engaged,inactive,734,1297,1.76702997,"Compras no site",3,21.55666667,64.67,2026-01-20,Contínuo,49.8612182,296,0.21847973,22.82189668,2026-01-01,2026-05-25
"[EXCLUSÃO BASE] [ADV. +]","[C] [LM - PRINCIPAL][EX. BASE] [ADV. +] [CBO]","AD - JADE TOFU — Cópia",engaged,inactive,1702,2451,1.44007051,,,,64.63774373,2026-03-17,Contínuo,26.37198846,40,1.61594359,1.63198694,2026-01-01,2026-05-25
"Conj - Vm","[C] [LM - TESTE] [ABO]","AD - NIVER 2 — Cópia",prospecting,inactive,7635,9501,1.24440079,"Compras no site",1,64.51,64.51,2026-01-30,Contínuo,6.7898116,27,2.38925926,0.28418061,2026-01-01,2026-05-25
[RMK],"[C] [JEJOOM] [CBO]","AD - LARISSA TOFU",engaged,inactive,2099,4005,1.90805145,"Compras no site",2,32.2124227,64.42484539,2026-04-17,Contínuo,16.08610372,58,1.1107732,1.44818976,2026-01-01,2026-05-25
"[AQUISIÇÃO]  [ADV. +]","[C] [LM - PRINCIPAL][EX. BASE] [ADV. +] [CBO]","ADS - MES CONSUMIDOR 2",existing,inactive,1907,2270,1.19035134,,,,64.39348376,2026-01-23,Contínuo,28.36717346,10,6.43934838,0.44052863,2026-01-01,2026-05-25
"Influ Sabrina 2 - Lm","[C] [LM - TESTE] [ABO]","ADS 3 - SABRINA",prospecting,archived,2538,3060,1.20567376,,,,64.36,2026-02-05,Contínuo,21.03267974,19,3.38736842,0.62091503,2026-01-01,2026-05-25
"Influ Sabrina - Vm [Teste até 13-03]","[C] [LM - TESTE] [ABO]","ADS 1",existing,archived,1398,1606,1.14878398,"Compras no site",1,64.29,64.29,2026-02-05,Contínuo,40.03113325,21,3.06142857,1.30759651,2026-01-01,2026-05-25
"LP NOVA","[C] [TONS] [PB DR]","AD1 - VERAO — Cópia",prospecting,inactive,2063,2947,1.42850218,,,,63.65285099,2026-02-09,Contínuo,21.59920291,22,2.89331141,0.74652189,2026-01-01,2026-05-25
"[ADV ABER.]","[C] [LM - PRINCIPAL] - [PLANO B] 2 TESTE","AD - TOPO",existing,inactive,3090,5116,1.65566343,"Compras no site",1,63.35336003,63.35336003,2026-02-25,Contínuo,12.38337764,26,2.43666769,0.50820954,2026-01-01,2026-05-25
"Influ Dani Arte - Lm","[C] [LM - TESTE] [ABO]",AD2,prospecting,not_delivering,1277,1931,1.51213782,,,,63.28,2026-02-12,Contínuo,32.77058519,24,2.63666667,1.24287934,2026-01-01,2026-05-25
"[PUBLICO ENG.] [DR]","[C] [TONS] [PB DR]","tons4_rmkt_20-10-2025 — Cópia",existing,archived,1264,1534,1.21360759,"Compras no site",1,62.82,62.82,2025-06-20,Contínuo,40.9517601,15,4.188,0.97783572,2026-01-01,2026-05-25
"[BM JADE]","[C] [LM - TESTE] [ABO]","AD - JADE TOFU 19-05 BM JADE + DENA — Cópia",engaged,inactive,3510,5083,1.44814815,"Compras no site",1,62.71,62.71,2026-04-17,Contínuo,12.33720244,119,0.52697479,2.34113712,2026-01-01,2026-05-25
[RMK],"[C] [JEJOOM] [CBO]","AD - LARISSA TOFU",existing,inactive,1117,1386,1.24082363,,,,62.62,2026-04-17,Contínuo,45.18037518,22,2.84636364,1.58730159,2026-01-01,2026-05-25
"Influ Lari - Jejoom","[C] [LM - TESTE] [ABO]","ADS - LARI 6",engaged,inactive,2470,4162,1.68502024,,,,62.45,2026-02-12,Contínuo,15.00480538,34,1.83676471,0.81691494,2026-01-01,2026-05-25
"[RMKT LARANJA MORO-REATIVAÇÃO BASE QUENTE]","[C] [LM - RMKT] [ADV. ABO]","AD - NIVER 2",engaged,not_delivering,1495,2120,1.4180602,"Compras no site",1,62.4,62.4,2025-10-13,Contínuo,29.43396226,21,2.97142857,0.99056604,2026-01-01,2026-05-25
"Influ Ingrid - Vm","[C] [LM - TESTE] [ABO]",AD1,engaged,archived,1855,2476,1.33477089,,,,62.26,2026-01-22,Contínuo,25.1453958,53,1.17471698,2.14054927,2026-01-01,2026-05-25
"Evelyn Regly BM - LM","[C] [LM - TESTE] [ABO]","ADS 2 - NOVO VM",existing,not_delivering,1930,3682,1.90777202,"Compras no site",3,20.75284636,62.25853908,2026-02-04,Contínuo,16.90889166,33,1.8866224,0.89625204,2026-01-01,2026-05-25
"Influ Larissa Lemos - Lm","[C] [LM - TESTE] [ABO]","AD1 - 07/12 — Cópia",existing,archived,1847,2618,1.41743368,"Compras no site",3,20.74666667,62.24,2025-10-13,Contínuo,23.77387319,29,2.1462069,1.10771581,2026-01-01,2026-05-25
"TONS TESTE","[C] [TONS] [PB DR]","AD- NIVER 4",engaged,not_delivering,1108,1700,1.53429603,"Compras no site",2,31.03,62.06,2026-04-06,Contínuo,36.50588235,40,1.5515,2.35294118,2026-01-01,2026-05-25
suldes,"[C] [LM - TESTE] [ABO]",ad,engaged,not_delivering,1497,2303,1.53841015,,,,61.97,2026-05-19,Contínuo,26.90838037,39,1.58897436,1.69344333,2026-01-01,2026-05-25
"Influ Ana Elisa 2","[C] [LM - TESTE] [ABO]","AD1 - 07/12",engaged,archived,1209,1983,1.64019851,"Compras no site",1,61.89,61.89,2026-01-07,Contínuo,31.21028744,23,2.69086957,1.1598588,2026-01-01,2026-05-25
"Evelyn Regly - LM","[C] [LM - TESTE] [ABO]","ADS 3",prospecting,not_delivering,1772,2302,1.29909707,,,,61.58574601,2026-02-01,Contínuo,26.7531477,17,3.62269094,0.73848827,2026-01-01,2026-05-25
"[AQUISIÇÃO]  [ADV. +]","[C] [LM - PRINCIPAL][EX. BASE] [ADV. +] [CBO]","AD - JADE TOFU — Cópia — Cópia",existing,inactive,1915,2200,1.14882507,"Compras no site",1,61.25084576,61.25084576,2026-01-23,Contínuo,27.84129353,15,4.08338972,0.68181818,2026-01-01,2026-05-25
"[BM] [ANA ELISA]","[C] [LM - TESTE] [ABO]","AD - MOFU ANA ELISA REFAÇÃO 17-05",engaged,inactive,3672,5583,1.52042484,"Compras no site",1,61.24722449,61.24722449,2025-10-01,Contínuo,10.97030709,37,1.65533039,0.66272613,2026-01-01,2026-05-25
"[PUBLICO ENG.] [DR]","[C] [TONS] - TESTE MAX. VALOR ATÉ 11-03","ADS 3 - 18-02",engaged,not_delivering,1238,2066,1.66882068,"Compras no site",3,20.39,61.17,2026-03-04,Contínuo,29.60793804,34,1.79911765,1.64569216,2026-01-01,2026-05-25
"[RMKT LARANJA MORO-REATIVAÇÃO BASE QUENTE]","[C] [LM - RMKT] [ADV. ABO]","AD - JADE TOFU 19-05 BM JADE + DENA — Cópia — Cópia — Cópia",prospecting,inactive,1842,2064,1.12052117,,,,61.04,2025-10-13,Contínuo,29.57364341,10,6.104,0.48449612,2026-01-01,2026-05-25
"[CAMPANHA AQUISIÇÃO]","[C] [JEJOOM] [CBO]","AD - NIVER",existing,inactive,872,1206,1.38302752,"Compras no site",2,30.285,60.57,2025-10-13,Contínuo,50.2238806,10,6.057,0.8291874,2026-01-01,2026-05-25
"LP - 2","[C] [LM - PRINCIPAL][EX. BASE] [ADV. +] [CBO]","ADS - ANA ELISA 2",engaged,archived,2006,3110,1.55034895,"Compras no site",4,15.1269529,60.5078116,2026-01-19,Contínuo,19.45588797,29,2.08647626,0.93247588,2026-01-01,2026-05-25
"Influ Lari - Jejoom","[C] [LM - TESTE] [ABO]","ADS - LARI 3",engaged,not_delivering,1297,1624,1.25212028,,,,60.49465558,2026-02-12,Contínuo,37.25040368,20,3.02473278,1.23152709,2026-01-01,2026-05-25
"LP NOVA","[C] [TONS] [PB DR]","AD1 - VERAO — Cópia",existing,inactive,1378,2321,1.68432511,,,,60.41372365,2026-02-09,Contínuo,26.02917865,13,4.64720951,0.5601034,2026-01-01,2026-05-25
"[RMKT LARANJA MORO-REATIVAÇÃO BASE QUENTE]","[C] [LM - RMKT] [ADV. ABO]","ADS - DUDA",engaged,inactive,1295,2144,1.65559846,"Compras no site",1,60.41,60.41,2025-10-13,Contínuo,28.17630597,205,0.29468293,9.56156716,2026-01-01,2026-05-25
[RMK],"[C] [JEJOOM] [CBO]","AD - MORGANA TOFU",existing,inactive,1577,2392,1.51680406,"Compras no site",4,15.09034992,60.36139967,2026-04-17,Contínuo,25.23469886,70,0.86230571,2.9264214,2026-01-01,2026-05-25
"[PUBLICO ABERTO]","[C] [TONS] [PB ABERTO] [TESTE BID CAP]","ADS 2 - 18-02 | Pausado ROAS baixo",prospecting,archived,5381,6114,1.13622003,"Compras no site",1,60.29506979,60.29506979,2026-03-16,Contínuo,9.86180402,19,3.17342473,0.31076219,2026-01-01,2026-05-25
"Influ Mi Ruback - Lm","[C] [LM - TESTE] [ABO]","ADS 1",existing,archived,1175,1582,1.34638298,,,,60.29,2026-01-23,Contínuo,38.10998736,52,1.15942308,3.28697851,2026-01-01,2026-05-25
"LP NOVA","[C] [TONS] [PB DR]","tons_dr-ursinho_video-reels_18-08-2026 — Cópia",existing,inactive,1166,1228,1.05317324,,,,60.21,2026-02-09,Contínuo,49.03094463,45,1.338,3.66449511,2026-01-01,2026-05-25
"Influ Sabrina - LM TESTE TRAVA DE CPA","[C] [LM - TESTE] [ABO]","AD - TOFU",engaged,archived,3821,7690,2.01256216,"Compras no site",4,15.0375,60.15,2025-10-22,Contínuo,7.82184655,52,1.15673077,0.67620286,2026-01-01,2026-05-25
"Arte - Organica Tons ###","[C] [LM - TESTE] [ABO]",AD7,prospecting,inactive,2925,3704,1.26632479,,,,60.11,2026-01-26,Contínuo,16.22840173,35,1.71742857,0.94492441,2026-01-01,2026-05-25
"Influ Sabrina - Tons","[C] [LM - TESTE] [ABO]","ADS 3- SABRINA",existing,not_delivering,1148,1569,1.36672474,"Compras no site",1,60.1,60.1,2026-02-09,Contínuo,38.30465264,16,3.75625,1.01975781,2026-01-01,2026-05-25
"LP - ATUAL","[C] [LM - PRINCIPAL][EX. BASE] [ADV. +] [CBO]","ADS - ANA ELISA 2",engaged,archived,2093,3030,1.44768275,"Compras no site",1,60.08,60.08,2026-01-19,Contínuo,19.82838284,33,1.82060606,1.08910891,2026-01-01,2026-05-25
"Influ Sabrina - Vm [Teste até 13-03]","[C] [LM - TESTE] [ABO]",ADS4,prospecting,archived,844,938,1.11137441,,,,59.96,2026-02-05,Contínuo,63.92324094,20,2.998,2.13219616,2026-01-01,2026-05-25
"Influ Raiza 2","[C] [LM - TESTE] [ABO]","ADS 1",existing,not_delivering,1597,2294,1.43644333,"Compras no site",1,59.88,59.88,2026-01-29,Contínuo,26.10287707,29,2.06482759,1.26416739,2026-01-01,2026-05-25
"[COENZIMA] [RMKT]","[C] [VARIOS PRODUTO] [ABO] [BID]","AD - RMKT",existing,inactive,1297,1808,1.39398612,,,,59.83,2026-05-10,Contínuo,33.09181416,17,3.51941176,0.94026549,2026-01-01,2026-05-25
ABER.,"[C] [TONS] [PB ABERTO] [TESTE BID CAP]","ADS - ASIATICA — Cópia | Pausado ROAS baixo",prospecting,archived,2888,3049,1.05574792,"Compras no site",1,59.82,59.82,2026-03-16,Contínuo,19.61954739,61,0.98065574,2.00065595,2026-01-01,2026-05-25
"Influ Raiza - Lm","[C] [LM - TESTE] [ABO]",AD1,engaged,not_delivering,1290,2406,1.86511628,"Compras no site",1,59.76736841,59.76736841,2026-03-21,Contínuo,24.84096775,25,2.39069474,1.03906899,2026-01-01,2026-05-25
"[TOFU] [TIK TOK] [EXCLUSAÕ BASE] [BID 60] - TESTE ATÉ 20-05","[C] [LM - TESTE] [ABO]","AD - MOFU teste ate 08-05",existing,inactive,2807,3720,1.32525828,"Compras no site",2,29.86419299,59.72838599,2026-03-12,Contínuo,16.05601774,87,0.68653317,2.33870968,2026-01-01,2026-05-25
"Influ Mi Ruback - Lm","[C] [LM - TESTE] [ABO]","ADS 1",engaged,archived,1595,2042,1.28025078,,,,59.16,2026-01-23,Contínuo,28.97159647,19,3.11368421,0.93046033,2026-01-01,2026-05-25
"Influ Jade","[C] [LM - TESTE] [ABO]","Criativo Versão 2 - Jade",prospecting,archived,1910,2019,1.05706806,"Compras no site",1,59.14,59.14,2025-10-06,Contínuo,29.29172858,25,2.3656,1.23823675,2026-01-01,2026-05-25
"Influ Sabrina - Tons","[C] [LM - TESTE] [ABO]","ADS 2- SABRINA",existing,inactive,1088,1453,1.33547794,"Compras no site",1,59.13,59.13,2026-02-09,Contínuo,40.69511356,23,2.57086957,1.58293187,2026-01-01,2026-05-25
"teste aquisição ate dia 15  - Lm","[C] [LM - TESTE] [ABO]","ADS - TOFU — Cópia",engaged,not_delivering,2818,3740,1.3271824,"Compras no site",2,29.5429613,59.08592261,2026-02-04,Contínuo,15.79837503,18,3.28255126,0.48128342,2026-01-01,2026-05-25
"[RMKT LARANJA MORO-REATIVAÇÃO BASE QUENTE]","[C] [LM - RMKT] [ADV. ABO]","AD - NIVER 6",prospecting,not_delivering,932,1123,1.20493562,"Compras no site",1,58.92,58.92,2025-10-13,Contínuo,52.4666073,18,3.27333333,1.60284951,2026-01-01,2026-05-25
"[CAMPANHA AQUISIÇÃO]","[C] [JEJOOM] [CBO]","AD - NIVER",engaged,inactive,1615,2888,1.78823529,,,,58.82,2025-10-13,Contínuo,20.36703601,28,2.10071429,0.96952909,2026-01-01,2026-05-25
"[CAMPANHA AQUISIÇÃO]","[C] [JEJOOM] [CBO]","AD2- LARI 13-02-2025",prospecting,inactive,1855,2725,1.4690027,"Compras no site",1,58.67,58.67,2025-10-13,Contínuo,21.53027523,15,3.91133333,0.55045872,2026-01-01,2026-05-25
"Conj. - Q10","[C] [LM - TESTE] [ABO]","ADS2- Q10",prospecting,not_delivering,4357,5719,1.31260041,"Compras no site",1,58.54,58.54,2026-02-20,Contínuo,10.23605525,39,1.50102564,0.6819374,2026-01-01,2026-05-25
"Nutri - Tons [Teste até 13-03]","[C] [LM - TESTE] [ABO]",AD2,engaged,inactive,1061,1447,1.36380773,,,,58.53,2026-03-09,Contínuo,40.44920525,28,2.09035714,1.93503801,2026-01-01,2026-05-25
"LP NOVA","[C] [TONS] [PB DR]","tons2_rmkt_20-10-2025-pagdenavita — Cópia",existing,inactive,1033,1934,1.87221684,,,,58.47,2026-02-09,Contínuo,30.23267839,15,3.898,0.77559462,2026-01-01,2026-05-25
"[Publico Quente] [TESTE]","[C] [DIGESTINO] [PRINCIPAL]","Teste - ADS - LIS",engaged,inactive,1588,2369,1.4918136,,,,58.4697884,2025-12-24,Contínuo,24.6812108,67,0.87268341,2.82819755,2026-01-01,2026-05-25
"[RMKT LARANJA MORO-REATIVAÇÃO BASE QUENTE]","[C] [LM - RMKT] [ADV. ABO]","AD - PAM MOFU 2",prospecting,not_delivering,1357,1490,1.09801032,,,,58.35,2025-10-13,Contínuo,39.16107383,7,8.33571429,0.46979866,2026-01-01,2026-05-25
"[EXCLUSÃO BASE] [ADV. +]","[C] [LM - PRINCIPAL][EX. BASE] [ADV. +] [CBO]","AD - BOFU 1",existing,inactive,3434,4420,1.28712871,"Compras no site",1,58.00865627,58.00865627,2026-03-17,Contínuo,13.12413038,19,3.05308717,0.42986425,2026-01-01,2026-05-25
"Influ Sabrina - Vm [Teste até 13-03]","[C] [LM - TESTE] [ABO]",ADS4,existing,archived,657,763,1.16133942,"Compras no site",1,57.93,57.93,2026-02-05,Contínuo,75.92398427,11,5.26636364,1.44167759,2026-01-01,2026-05-25
"[CAMPANHA AQUISIÇÃO]","[C] [JEJOOM] [CBO]","AD - MORGANA",existing,inactive,2127,2747,1.29149036,,,,57.83545257,2025-10-13,Contínuo,21.05404171,36,1.60654035,1.31052057,2026-01-01,2026-05-25
"[PUBLICO ENG.] [DR]","[C] [TONS] - TESTE MAX. VALOR ATÉ 11-03","tons4_rmkt_20-10-2025 — Cópia",existing,inactive,1014,1436,1.41617357,,,,57.78,2026-03-04,Contínuo,40.2367688,9,6.42,0.62674095,2026-01-01,2026-05-25
"[BM JADE]","[C] [LM - TESTE] [ABO]","AD - LUCIANA MOFU 2",prospecting,inactive,2535,3196,1.26074951,,,,57.71,2026-04-17,Contínuo,18.05694618,24,2.40458333,0.75093867,2026-01-01,2026-05-25
"[VINAGRE] [RMKT]","[C] [VARIOS PRODUTO] [ABO] [BID]","AD - LIS TOFU",existing,inactive,587,673,1.14650767,,,,57.47,2026-01-20,Contínuo,85.39375929,20,2.8735,2.9717682,2026-01-01,2026-05-25
"[VINAGRE] [RMKT]","[C] [VARIOS PRODUTO] [ABO] [BID]","AD - TOFU",engaged,active,1541,2200,1.42764439,"Compras no site",1,57.34,57.34,2026-01-20,Contínuo,26.06363636,208,0.27567308,9.45454545,2026-01-01,2026-05-25
"[COENZIMA] [RMKT]","[C] [VARIOS PRODUTO] [ABO] [BID]","AD - RMKT",existing,inactive,1777,2199,1.2374789,,,,56.93,2026-05-10,Contínuo,25.88904047,17,3.34882353,0.77307867,2026-01-01,2026-05-25
eng,"[C] [COQ.10][PRINCIPAL] - NOVA","ADS 1 - DANI",existing,not_delivering,537,855,1.59217877,"Compras no site",1,56.63,56.63,2026-02-09,Contínuo,66.23391813,17,3.33117647,1.98830409,2026-01-01,2026-05-25
"[PUBLICO MORNO]","[C] [VM] [CAPTAÇÃO LEAD] [LANÇAMENTO]",AD4,unknown,not_delivering,3538,3791,1.07150933,"Leads no site",11,5.12272727,56.35,2026-01-14,Contínuo,14.86415194,64,0.88046875,1.68820892,2026-01-01,2026-05-25
"[TOFU] [TIK + ORG ] [ABERTO]","[C] [LM - TESTE] [ABO]","AD4 — Cópia",existing,inactive,2046,2581,1.26148583,,,,56.3,2026-02-11,Contínuo,21.81325068,8,7.0375,0.30995738,2026-01-01,2026-05-25
"Conj - Vm","[C] [LM - TESTE] [ABO]","AD - ORG",engaged,inactive,1193,2146,1.79882649,,,,56.18,2026-01-30,Contínuo,26.17893756,23,2.4426087,1.07176142,2026-01-01,2026-05-25
"[TOFU] [TIK + ORG ] [ABERTO]","[C] [LM - TESTE] [ABO]","AD - MOFU ate 14-05 — Cópia",existing,active,2277,2894,1.27097058,"Compras no site",2,28.01599003,56.03198005,2026-02-11,Contínuo,19.36143056,55,1.01876327,1.90048376,2026-01-01,2026-05-25
"Influ Sabrina - Vm [Teste até 13-03]","[C] [LM - TESTE] [ABO]",ADS3,existing,archived,1202,1379,1.14725458,,,,55.77,2026-02-05,Contínuo,40.44234953,27,2.06555556,1.95794054,2026-01-01,2026-05-25
"LP - 2","[C] [LM - PRINCIPAL][EX. BASE] [ADV. +] [CBO]","ADS - ANA ELISA 2",existing,archived,1599,2788,1.74358974,"Compras no site",1,55.35884878,55.35884878,2026-01-19,Contínuo,19.85611506,19,2.91362362,0.68149211,2026-01-01,2026-05-25
"teste aquisição ate dia 15  - Lm","[C] [LM - TESTE] [ABO]","Criativo Versão 2 - Sabrina 29/12 — Cópia",engaged,inactive,2700,3172,1.17481481,,,,55.31,2026-02-04,Contínuo,17.4369483,35,1.58028571,1.10340479,2026-01-01,2026-05-25
"LP NOVA","[C] [TONS] [PB DR]",tons_dr-ursinho-melasma2-13-10-2025,existing,inactive,754,1138,1.50928382,"Compras no site",1,55.13,55.13,2026-02-09,Contínuo,48.44463972,119,0.46327731,10.456942,2026-01-01,2026-05-25
[RMK],"[C] [JEJOOM] [CBO]","AD - RMKT PERFIL DENA + JEJOOM",engaged,active,3041,5029,1.65373232,"Compras no site",1,55.12866027,55.12866027,2026-04-17,Contínuo,10.96215158,101,0.54582832,2.00835156,2026-01-01,2026-05-25
"[CAMPANHA AQUISIÇÃO]","[C] [JEJOOM] [CBO]","AD2- LARI 13-02-2025",existing,inactive,1446,2483,1.71715076,,,,54.61,2025-10-13,Contínuo,21.99355618,36,1.51694444,1.44985904,2026-01-01,2026-05-25
"Influ Vitoria - Vm","[C] [LM - TESTE] [ABO]",AD1,existing,not_delivering,1193,1528,1.28080469,,,,54.36,2026-03-12,Contínuo,35.57591623,22,2.47090909,1.43979058,2026-01-01,2026-05-25
"Influ Marcela Jacaré - Vm","[C] [LM - TESTE] [ABO]",AD2,existing,archived,1145,1401,1.22358079,,,,54.35,2026-01-28,Contínuo,38.79371877,18,3.01944444,1.28479657,2026-01-01,2026-05-25
"[EXCLUSÃO BASE] [ADV. +]","[C] [LM - PRINCIPAL][EX. BASE] [ADV. +] [CBO]","AD - LEVE 3 PAGUE 2 — Cópia",engaged,inactive,2022,3369,1.66617211,,,,54.15844929,2026-03-17,Contínuo,16.07552665,49,1.10527448,1.45443752,2026-01-01,2026-05-25
"[EXCLUSÃO BASE] [ADV. +]","[C] [LM - PRINCIPAL][EX. BASE] [ADV. +] [CBO]","AD - LEMOS MOFU",existing,inactive,1887,2376,1.25914149,,,,53.84957723,2026-03-17,Contínuo,22.66396348,15,3.58997182,0.63131313,2026-01-01,2026-05-25
"[RMKT LARANJA MORO-REATIVAÇÃO BASE QUENTE]","[C] [LM - RMKT] [ADV. ABO]","AD - NIVER 6",engaged,not_delivering,921,1217,1.32138979,"Compras no site",3,17.93333333,53.8,2025-10-13,Contínuo,44.20706656,18,2.98888889,1.47904684,2026-01-01,2026-05-25
"Influ Leka - LM TESTE TRAVA DE CPA","[C] [LM - TESTE] [ABO]","ADS 4",existing,archived,2096,2492,1.1889313,,,,53.79,2026-01-14,Contínuo,21.58507223,22,2.445,0.88282504,2026-01-01,2026-05-25
"[VINAGRE] [RMKT]","[C] [VARIOS PRODUTO] [ABO] [BID]","AD - TOFU — Cópia — Cópia",existing,active,2538,3777,1.48817967,,,,53.74629864,2026-01-20,Contínuo,14.22989109,107,0.50230186,2.83293619,2026-01-01,2026-05-25
"LP NOVA","[C] [TONS] [PB DR]",tons_dr-ursinho_video-reels_10-07-2025_esse-foi-produto-que-a-mamae,engaged,inactive,1277,1488,1.16523101,,,,53.66,2026-02-09,Contínuo,36.06182796,31,1.73096774,2.08333333,2026-01-01,2026-05-25
"[PUBLICO ENG.] [DR]","[C] [TONS] - TESTE MAX. VALOR ATÉ 11-03",tons_dr-ursinho-melasma4-13-10-2025,engaged,not_delivering,703,1110,1.57894737,"Compras no site",2,26.805,53.61,2026-03-04,Contínuo,48.2972973,128,0.41882812,11.53153153,2026-01-01,2026-05-25
"[EXCLUSÃO BASE] [ADV. +]","[C] [LM - PRINCIPAL][EX. BASE] [ADV. +] [CBO]","AD - MOFU ISA NOGUEIRA  REFAÇÃO 17-05 — Cópia",prospecting,inactive,3726,4445,1.19296833,,,,53.56,2026-03-17,Contínuo,12.04949381,27,1.9837037,0.60742407,2026-01-01,2026-05-25
"[TESTE PB FECHADO]","[C] [LM - TESTE] [ABO]","AD - RMK  EVELYN 18-05 PERFIL DENA",prospecting,active,2319,2839,1.22423458,"Compras no site",2,26.78,53.56,2026-05-22,Contínuo,18.86579782,28,1.91285714,0.98626277,2026-01-01,2026-05-25
"LP 2 - TONS","[C] [LM - PRINCIPAL][EX. BASE] [ADV. +] [CBO]","AD1 — Cópia",engaged,archived,1998,2424,1.21321321,,,,53.37,2026-02-06,Contínuo,22.01732673,20,2.6685,0.82508251,2026-01-01,2026-05-25
"[AQUISIÇÃO]  [ADV. +]","[C] [LM - PRINCIPAL][EX. BASE] [ADV. +] [CBO]","ADS - RAIZA 4",existing,inactive,1318,1769,1.34218513,"Compras no site",1,53.31,53.31,2026-01-23,Contínuo,30.13566987,29,1.83827586,1.63934426,2026-01-01,2026-05-25
"Conj - Vm","[C] [LM - TESTE] [ABO]","AD - NIVER 2 — Cópia",existing,inactive,1194,1741,1.45812395,,,,53.25,2026-01-30,Contínuo,30.58587019,19,2.80263158,1.09132682,2026-01-01,2026-05-25
adv-aqui-rmtk_coezima-q10_engajado-existente_5-existentes_max-conv_26-05-2025,"[C] [COQ.10][PRINCIPAL]","coenzima-23-10-video-sabrina 2",existing,inactive,766,1106,1.44386423,,,,53.25,2025-01-20,Contínuo,48.14647378,25,2.13,2.26039783,2026-01-01,2026-05-25
"Influ Evelyn BM -VM","[C] [LM - TESTE] [ABO]","ADS 4 — Cópia",existing,inactive,2896,4653,1.6066989,"Compras no site",1,53.1886102,53.1886102,2026-02-04,Contínuo,11.43103593,57,0.93313351,1.22501612,2026-01-01,2026-05-25
"Influ Isa Nogueira - LM TESTE TRAVA DE CPA","[C] [LM - TESTE] [ABO]","Criativo 2 - Edição Curta",existing,archived,1503,1966,1.30805057,"Compras no site",1,53.12,53.12,2025-10-07,Contínuo,27.01932859,34,1.56235294,1.7293998,2026-01-01,2026-05-25
"[COLAGENO] [RMKT]","[C] [VARIOS PRODUTO] [ABO] [BID]","AD - BOFU 2",engaged,not_delivering,2044,3336,1.63209393,"Compras no site",1,52.83608573,52.83608573,2026-05-10,Contínuo,15.8381552,40,1.32090214,1.19904077,2026-01-01,2026-05-25
"Influ Evelyn - Vm","[C] [LM - TESTE] [ABO]","ADS 3 — Cópia",engaged,not_delivering,2155,2404,1.11554524,,,,52.73,2026-01-29,Contínuo,21.93427621,41,1.28609756,1.70549085,2026-01-01,2026-05-25
"[CAMPANHA AQUISIÇÃO]","[C] [JEJOOM] [CBO]","ARTE 1 20-10-2025 DENAVITA",prospecting,inactive,1324,1794,1.35498489,,,,52.7,2025-10-13,Contínuo,29.37569677,28,1.88214286,1.56075808,2026-01-01,2026-05-25
"Influ Mi Ruback - Lm","[C] [LM - TESTE] [ABO]",AD1,engaged,not_delivering,728,913,1.25412088,"Compras no site",1,52.6,52.6,2026-03-21,Contínuo,57.61226725,42,1.25238095,4.60021906,2026-01-01,2026-05-25
"[BM JADE]","[C] [LM - TESTE] [ABO]","AD - LUCIANA MOFU 2",engaged,inactive,2347,3321,1.41499787,,,,52.51,2026-04-17,Contínuo,15.81150256,32,1.6409375,0.96356519,2026-01-01,2026-05-25
"Influ Sabrina 2 - Lm","[C] [LM - TESTE] [ABO]","ADS 2 - SABRINA",existing,archived,1503,1911,1.27145709,,,,52.47,2026-02-05,Contínuo,27.45682889,28,1.87392857,1.46520147,2026-01-01,2026-05-25
EVELIN,"[C] [LM - TESTE] [ABO]","AD -  EVELYN",engaged,active,1716,1892,1.1025641,"Compras no site",1,52.34,52.34,2026-05-18,Contínuo,27.66384778,19,2.75473684,1.00422833,2026-01-01,2026-05-25
"Influ Lari - Jejoom","[C] [LM - TESTE] [ABO]","ADS - LARI 7",existing,not_delivering,961,1100,1.144641,,,,52.21,2026-02-12,Contínuo,47.46363636,10,5.221,0.90909091,2026-01-01,2026-05-25
"Arte Org - Digestino","[C] [LM - TESTE] [ABO]","ADS3- 18-02",existing,not_delivering,1335,1631,1.22172285,,,,52.07,2026-02-18,Contínuo,31.92519926,21,2.47952381,1.28755365,2026-01-01,2026-05-25
"TONS TESTE","[C] [TONS] [PB DR]","AD - TOFU 2",existing,not_delivering,803,1099,1.36861768,,,,52.02039104,2026-04-06,Contínuo,47.33429576,17,3.060023,1.54686078,2026-01-01,2026-05-25
"Influ Duda - Lm","[C] [LM - TESTE] [ABO]","ADS 1 - Duda",existing,archived,1382,4348,3.14616498,,,,51.89,2026-02-09,Contínuo,11.93422263,21,2.47095238,0.48298068,2026-01-01,2026-05-25
"[AQUISIÇÃO]  [ADV. +]","[C] [LM - PRINCIPAL][EX. BASE] [ADV. +] [CBO]","ADS - DUDA",prospecting,inactive,2216,2763,1.24684116,,,,51.83,2026-01-23,Contínuo,18.75859573,19,2.72789474,0.68765834,2026-01-01,2026-05-25
"[TOFU] [TIK TOK] [EXCLUSAÕ BASE] [BID 60] - TESTE ATÉ 20-05","[C] [LM - TESTE] [ABO]","AD - MOFU ate 14-05",existing,not_delivering,1760,2305,1.30965909,"Compras no site",1,51.75,51.75,2026-03-12,Contínuo,22.45119306,27,1.91666667,1.17136659,2026-01-01,2026-05-25
"[TOFU] [TIK TOK] [EXCLUSAÕ BASE] [BID 60] - TESTE ATÉ 20-05","[C] [LM - TESTE] [ABO]","AD - 6",prospecting,not_delivering,2963,3306,1.11576105,,,,51.72,2026-03-12,Contínuo,15.64428312,21,2.46285714,0.63520871,2026-01-01,2026-05-25
"Influ Ingrid - Lm","[C] [LM - TESTE] [ABO]","ADS 3",prospecting,not_delivering,4251,5571,1.31051517,"Compras no site",1,51.35,51.35,2026-02-25,Contínuo,9.2173757,24,2.13958333,0.43080237,2026-01-01,2026-05-25
"Influ Sabrina - Tons","[C] [LM - TESTE] [ABO]","ADS 2- SABRINA",engaged,inactive,1083,1523,1.40627886,,,,51.34,2026-02-09,Contínuo,33.70978332,19,2.70210526,1.24753775,2026-01-01,2026-05-25
"Influ Marcia","[C] [LM - TESTE] [ABO]","laranja-moro_influ_marcia_video-stories_20-07-2025 — Cópia",existing,archived,1516,2769,1.82651715,,,,51.01302616,2026-01-09,Contínuo,18.4229058,19,2.68489611,0.68616829,2026-01-01,2026-05-25
"[COENZIMA] [RMKT]","[C] [VARIOS PRODUTO] [ABO] [BID]","AD - RMKT 3",engaged,inactive,2463,3427,1.39139261,"Compras no site",1,50.94862861,50.94862861,2026-05-10,Contínuo,14.86683064,30,1.69828762,0.87540123,2026-01-01,2026-05-25
"[CAMPANHA AQUISIÇÃO]","[C] [JEJOOM] [CBO]","AD - SABRINA",engaged,inactive,1825,3448,1.88931507,"Compras no site",1,50.84,50.84,2025-10-13,Contínuo,14.74477958,54,0.94148148,1.56612529,2026-01-01,2026-05-25
"Influ Marcela Jacaré - Vm","[C] [LM - TESTE] [ABO]",AD1,prospecting,archived,892,1009,1.13116592,,,,50.74157978,2026-01-28,Contínuo,50.28897896,12,4.22846498,1.18929633,2026-01-01,2026-05-25
"[MOFU] [TIK TOK] - TESTE ATÉ 20-05","[C] [LM - TESTE] [ABO]","AD - 6",existing,not_delivering,632,834,1.31962025,,,,50.69,2026-05-17,Contínuo,60.7793765,89,0.56955056,10.67146283,2026-01-01,2026-05-25
ABER.,"[C] [TONS] [PB ABERTO] [TESTE BID CAP]","ADS 3 - 18-02",prospecting,archived,8224,9984,1.21400778,"Compras no site",1,50.44565217,50.44565217,2026-03-16,Contínuo,5.05264946,17,2.9673913,0.17027244,2026-01-01,2026-05-25
"[INOSITOL] [RMKT]","[C] [VARIOS PRODUTO] [ABO] [BID]","AD - BOFU RMKT4 17-05",existing,not_delivering,1436,1806,1.25766017,,,,50.42,2026-05-17,Contínuo,27.91805094,28,1.80071429,1.5503876,2026-01-01,2026-05-25
"[ADV ABER.]","[C] [LM - PRINCIPAL] - [PLANO B] 2 TESTE","AD1 — Cópia",prospecting,inactive,5315,6522,1.22709313,,,,50.4,2026-02-25,Contínuo,7.72769089,21,2.4,0.32198712,2026-01-01,2026-05-25
ABER.,"[C] [TONS] [PB ABERTO] [TESTE BID CAP]","tons4_rmkt_20-10-2025 — Cópia | Pausado ROAS baixo",existing,archived,3057,5213,1.7052666,,,,50.39136025,2026-03-16,Contínuo,9.66648,25,2.01565441,0.47957031,2026-01-01,2026-05-25
"Influ Lari - Jejoom","[C] [LM - TESTE] [ABO]","AD1 - Flexivel",existing,not_delivering,1516,2038,1.34432718,"Compras no site",1,50.28,50.28,2026-02-12,Contínuo,24.67124632,21,2.39428571,1.03042198,2026-01-01,2026-05-25
"[VINAGRE] [RMKT]","[C] [VARIOS PRODUTO] [ABO] [BID]","AD - MOFU MARCELA 17-05",engaged,inactive,2276,3164,1.39015817,,,,50.13,2026-01-20,Contínuo,15.84386852,63,0.79571429,1.99115044,2026-01-01,2026-05-25
--,"[C] [VARIOS PRODUTO] [ABO] [BID]","AD - NIVER",existing,archived,817,1098,1.34394125,"Compras no site",1,50.02,50.02,2026-04-06,Contínuo,45.55555556,11,4.54727273,1.00182149,2026-01-01,2026-05-25
"[TESTE PB FECHADO ANA ELISA]","[C] [LM - TESTE] [ABO]","AD - RMK ANA ELISA NIVER 3 — Cópia",engaged,active,1552,2281,1.46971649,"Compras no site",2,24.99959638,49.99919275,2026-05-23,Contínuo,21.91985653,20,2.49995964,0.87680842,2026-01-01,2026-05-25
"[BOFU] [ADV+ ABERTO] [ESTATICO]","[C] [LM - TESTE] [ABO]",AD3,prospecting,inactive,4495,5802,1.29076752,"Compras no site",1,49.92417522,49.92417522,2026-02-25,Contínuo,8.6046493,21,2.37734168,0.36194416,2026-01-01,2026-05-25
"[AQUISIÇÃO]  [ADV. +]","[C] [LM - PRINCIPAL][EX. BASE] [ADV. +] [CBO]","ADS - RAIZA 4",engaged,inactive,1039,1482,1.42637151,"Compras no site",2,24.85,49.7,2026-01-23,Contínuo,33.53576248,38,1.30789474,2.56410256,2026-01-01,2026-05-25
"[VINAGRE] [RMKT]","[C] [VARIOS PRODUTO] [ABO] [BID]","AD - FERNANDA — Cópia",existing,inactive,441,585,1.32653061,"Compras no site",1,49.69,49.69,2026-01-20,Contínuo,84.94017094,41,1.21195122,7.00854701,2026-01-01,2026-05-25
"Influ Ana Elisa 2","[C] [LM - TESTE] [ABO]","AD1 - 07/12",existing,archived,959,1765,1.84045881,"Compras no site",1,49.66,49.66,2026-01-07,Contínuo,28.13597734,14,3.54714286,0.79320113,2026-01-01,2026-05-25
"[VINAGRE] [RMKT]","[C] [VARIOS PRODUTO] [ABO] [BID]","ADS - SABRINA",existing,inactive,603,780,1.29353234,"Compras no site",1,49.66,49.66,2026-01-20,Contínuo,63.66666667,17,2.92117647,2.17948718,2026-01-01,2026-05-25
"Influ Larissa Lemos - Lm","[C] [LM - TESTE] [ABO]","AD1 - 07/12 — Cópia",engaged,archived,1556,2325,1.49421594,,,,49.64,2025-10-13,Contínuo,21.35053763,42,1.18190476,1.80645161,2026-01-01,2026-05-25
"Influ turbo - Vm teste ate 16-04","[C] [LM - TESTE] [ABO]","AD - ALESSANDRA KIT",prospecting,not_delivering,832,1014,1.21875,,,,49.21,2026-04-13,Contínuo,48.53057199,10,4.921,0.98619329,2026-01-01,2026-05-25
"Conj - Melato","[C] [LM - TESTE] [ABO]","ad - 1",existing,not_delivering,1526,2204,1.44429882,,,,49.14,2026-04-09,Contínuo,22.29582577,5,9.828,0.22686025,2026-01-01,2026-05-25
"LP - ATUAL","[C] [LM - PRINCIPAL][EX. BASE] [ADV. +] [CBO]","ADS - ANA ELISA 2",existing,archived,1539,2309,1.50032489,,,,49.13,2026-01-19,Contínuo,21.27760935,12,4.09416667,0.5197055,2026-01-01,2026-05-25
"Influ Sabrina - Vm [Teste até 13-03]","[C] [LM - TESTE] [ABO]",ADS7,existing,archived,445,575,1.29213483,"Compras no site",1,49,49,2026-02-05,Contínuo,85.2173913,11,4.45454545,1.91304348,2026-01-01,2026-05-25
"Influ Sabrina 2 - Lm","[C] [LM - TESTE] [ABO]","ADS 4 - SABRINA",prospecting,archived,1744,2117,1.21387615,,,,48.73,2026-02-05,Contínuo,23.0184223,19,2.56473684,0.89749646,2026-01-01,2026-05-25
"Influ Ingrid - Lm","[C] [LM - TESTE] [ABO]","ADS 2 - INGRID VM",engaged,inactive,1862,3206,1.72180451,,,,48.5877443,2026-02-25,Contínuo,15.15525399,162,0.29992435,5.05302558,2026-01-01,2026-05-25
[RMK],"[C] [JEJOOM] [CBO]","AD - RMKT PERFIL JEJOOM",engaged,inactive,2528,5018,1.98496835,,,,48.55693589,2026-04-17,Contínuo,9.67655159,29,1.6743771,0.57791949,2026-01-01,2026-05-25
"[DIGESTINO] [RMKT]","[C] [VARIOS PRODUTO] [ABO] [BID]","AD1 - 07/01 — Cópia",prospecting,not_delivering,3595,4831,1.34381085,,,,48.44154303,2026-05-10,Contínuo,10.02722894,25,1.93766172,0.5174912,2026-01-01,2026-05-25
"[PUBLICO ENG.] [DR]","[C] [TONS] - TESTE MAX. VALOR ATÉ 11-03",tons_dr-ursinho-melasma4-13-10-2025,existing,not_delivering,587,906,1.54344123,,,,48.36,2026-03-04,Contínuo,53.37748344,75,0.6448,8.2781457,2026-01-01,2026-05-25
"[COENZIMA] [RMKT]","[C] [VARIOS PRODUTO] [ABO] [BID]","AD - RMKT 4",engaged,not_delivering,1770,2977,1.6819209,"Compras no site",1,48.27,48.27,2026-05-10,Contínuo,16.21430971,60,0.8045,2.0154518,2026-01-01,2026-05-25
"Influ Marcela Jacaré - Vm","[C] [LM - TESTE] [ABO]",AD3,prospecting,archived,1570,1903,1.21210191,,,,48.04670575,2026-01-28,Contínuo,25.2478748,12,4.00389215,0.63058329,2026-01-01,2026-05-25
"Conj. - Tipo 2","[C] [LM - TESTE] [ABO]","AD - SUSANA",prospecting,not_delivering,7692,9949,1.29342174,,,,47.96,2026-02-27,Contínuo,4.82058498,43,1.11534884,0.43220424,2026-01-01,2026-05-25
"[TOFU] - [EX. PURCHASE]","[C] [LM - PRINCIPAL] - [PLANO B] 2 TESTE","ADS - MES CONSUMIDOR",existing,inactive,1586,2068,1.30390921,,,,47.91792355,2026-03-25,Contínuo,23.17114292,11,4.35617487,0.53191489,2026-01-01,2026-05-25
"Influ Vitoria - Vm","[C] [LM - TESTE] [ABO]",AD2,engaged,not_delivering,906,1151,1.27041943,,,,47.88200595,2026-03-12,Contínuo,41.60035269,42,1.14004776,3.64900087,2026-01-01,2026-05-25
"Influ Sabrina - Vm [Teste até 13-03]","[C] [LM - TESTE] [ABO]",ADS7,prospecting,archived,391,456,1.16624041,,,,47.88,2026-02-05,Contínuo,105,8,5.985,1.75438596,2026-01-01,2026-05-25
"[TESTE PB FECHADO]","[C] [LM - TESTE] [ABO]","AD - RMK  EVELYN 18-05 PERFIL DENA",existing,active,1704,2031,1.19190141,,,,47.86,2026-05-22,Contínuo,23.56474643,16,2.99125,0.78778927,2026-01-01,2026-05-25
"Influ Evelyn - Vm","[C] [LM - TESTE] [ABO]","ADS 2",engaged,not_delivering,1090,1365,1.25229358,"Compras no site",1,47.79,47.79,2026-01-29,Contínuo,35.01098901,19,2.51526316,1.39194139,2026-01-01,2026-05-25
"[DAI - DUDA - ANA]","[C] [LM - TESTE] [ABO]","AD 1 DAI",existing,active,1240,1566,1.26290323,"Compras no site",2,23.86922682,47.73845363,2026-05-21,Contínuo,30.48432544,34,1.40407217,2.17113665,2026-01-01,2026-05-25
"Influ Vitoria - Vm","[C] [LM - TESTE] [ABO]",AD1,prospecting,not_delivering,2288,2618,1.14423077,,,,47.42,2026-03-12,Contínuo,18.11306341,20,2.371,0.76394194,2026-01-01,2026-05-25
"Evelyn Regly BM - LM","[C] [LM - TESTE] [ABO]","ADS 1",engaged,inactive,1897,2931,1.54507116,"Compras no site",1,47.3,47.3,2026-02-04,Contínuo,16.13783692,15,3.15333333,0.51177073,2026-01-01,2026-05-25
"[TOFU] [TIK + ORG ] [ABERTO]","[C] [LM - TESTE] [ABO]","AD - MOFU ate 14-05 — Cópia",prospecting,active,3480,3908,1.12298851,,,,47.27509156,2026-02-11,Contínuo,12.09700398,28,1.68839613,0.71647902,2026-01-01,2026-05-25
"[PUBLICO ABERTO]","[C] [TONS] [PB ABERTO] [TESTE BID CAP]","ADS - ASIATICA | Pausado ROAS baixo",existing,archived,1138,1307,1.14850615,"Compras no site",1,47.26,47.26,2026-03-16,Contínuo,36.15914308,21,2.25047619,1.60673298,2026-01-01,2026-05-25
"Arte Org - Digestino","[C] [LM - TESTE] [ABO]","ADS3- 18-02",prospecting,not_delivering,2009,2341,1.16525635,,,,47.24,2026-02-18,Contínuo,20.17941051,27,1.74962963,1.15335327,2026-01-01,2026-05-25
"[RMKT PB FECHADO]","[C] [LM - RMKT] [ADV. ABO]","AD - LUCIANA TOFU — Cópia",existing,not_delivering,1081,1137,1.05180389,,,,46.96,2026-05-23,Contínuo,41.30167106,14,3.35428571,1.23131047,2026-01-01,2026-05-25
"[BOFU] [ADV+ ABERTO] [ESTATICO]","[C] [LM - TESTE] [ABO]","AD - DANI TOFU 3",existing,not_delivering,2484,2929,1.17914654,,,,46.93908051,2026-02-25,Contínuo,16.0256335,20,2.34695403,0.6828269,2026-01-01,2026-05-25
"[BM JADE]","[C] [LM - TESTE] [ABO]","AD - RMK  EVELYN 18-05 PERFIL DENA — Cópia — Cópia",existing,inactive,2871,3535,1.2312783,"Compras no site",1,46.93,46.93,2026-04-17,Contínuo,13.2758133,16,2.933125,0.45261669,2026-01-01,2026-05-25
"[RMKT LARANJA MORO-REATIVAÇÃO BASE QUENTE]","[C] [LM - RMKT] [ADV. ABO]","ADS 1",existing,not_delivering,1005,1199,1.19303483,,,,46.74,2025-10-13,Contínuo,38.9824854,14,3.33857143,1.1676397,2026-01-01,2026-05-25
[RMK],"[C] [JEJOOM] [CBO]","AD - MORGANA TOFU",prospecting,inactive,1398,1858,1.32904149,"Compras no site",1,46.64335423,46.64335423,2026-04-17,Contínuo,25.10406578,24,1.94347309,1.29171152,2026-01-01,2026-05-25
"[MOFU] [TIK TOK] - TESTE ATÉ 20-05","[C] [LM - TESTE] [ABO]","AD - 5",existing,not_delivering,1287,1703,1.32323232,"Compras no site",2,23.26330633,46.52661265,2026-05-17,Contínuo,27.32038324,62,0.75042924,3.64063417,2026-01-01,2026-05-25
"[ADV ABER.]","[C] [LM - PRINCIPAL] - [PLANO B] 2 TESTE","[ADS] - [RMKT] [25-02]",engaged,inactive,1550,2630,1.69677419,,,,46.31,2026-02-25,Contínuo,17.60836502,20,2.3155,0.76045627,2026-01-01,2026-05-25
"[AQUISIÇÃO]  [ADV. +]","[C] [LM - PRINCIPAL][EX. BASE] [ADV. +] [CBO]","ADS - RAIZA 5",engaged,inactive,1194,1653,1.38442211,,,,46.3,2026-01-23,Contínuo,28.00967937,27,1.71481481,1.63339383,2026-01-01,2026-05-25
"[TESTE PB FECHADO ANA ELISA]","[C] [LM - TESTE] [ABO]","AD - MOFU ANA ELISA — Cópia",prospecting,active,1711,1897,1.10870836,,,,46.14517898,2026-05-23,Contínuo,24.32534474,16,2.88407369,0.84343701,2026-01-01,2026-05-25
"[RMKT PB FECHADO]","[C] [LM - RMKT] [ADV. ABO]","AD - LEVE 3 PAGUE 2 — Cópia",prospecting,not_delivering,2609,3159,1.21080874,,,,46.07,2026-05-23,Contínuo,14.58372903,37,1.24513514,1.17125673,2026-01-01,2026-05-25
"teste aquisição ate dia 15  - Lm","[C] [LM - TESTE] [ABO]","ADS - INFLU ANA ELISA",prospecting,inactive,1524,1913,1.25524934,"Compras no site",1,46.05,46.05,2026-02-04,Contínuo,24.072138,8,5.75625,0.41819132,2026-01-01,2026-05-25
"[AQUISIÇÃO]  [ADV. +]","[C] [LM - PRINCIPAL][EX. BASE] [ADV. +] [CBO]","AD - TOFU",existing,inactive,995,1370,1.37688442,"Compras no site",2,22.995,45.99,2026-01-23,Contínuo,33.56934307,132,0.34840909,9.6350365,2026-01-01,2026-05-25
"Influ Duda - Lm","[C] [LM - TESTE] [ABO]","ADS 1 - Duda",engaged,archived,1472,3809,2.58763587,"Compras no site",1,45.84,45.84,2026-02-09,Contínuo,12.03465477,62,0.73935484,1.62772381,2026-01-01,2026-05-25
"[PUBLICO ENG.] [DR]","[C] [TONS] - TESTE MAX. VALOR ATÉ 11-03","tons4_rmkt_20-10-2025 — Cópia",engaged,inactive,876,1174,1.34018265,,,,45.79,2026-03-04,Contínuo,39.00340716,9,5.08777778,0.76660988,2026-01-01,2026-05-25
"Influ Mi Ruback - Lm","[C] [LM - TESTE] [ABO]",AD1,existing,not_delivering,706,868,1.22946176,,,,45.75,2026-03-21,Contínuo,52.70737327,42,1.08928571,4.83870968,2026-01-01,2026-05-25
"[PUBLICO ENG.] [DR]","[C] [TONS] [PB DR]","ADS - ORGANICO",existing,archived,964,1462,1.51659751,,,,45.74,2025-06-20,Contínuo,31.28590971,18,2.54111111,1.23119015,2026-01-01,2026-05-25
"Adeli - Lm e Vm","[C] [LM - TESTE] [ABO]",AD3,engaged,not_delivering,709,900,1.26939351,,,,45.72,2026-03-12,Contínuo,50.8,12,3.81,1.33333333,2026-01-01,2026-05-25
"[ADV ABER.]","[C] [LM - PRINCIPAL] - [PLANO B] 2 TESTE","AD2 — Cópia",existing,inactive,2616,3670,1.4029052,,,,45.65452182,2026-02-25,Contínuo,12.4399242,12,3.80454348,0.32697548,2026-01-01,2026-05-25
"[DIGESTINO] [RMKT]","[C] [VARIOS PRODUTO] [ABO] [BID]","AD - JESSICA",existing,not_delivering,875,1101,1.25828571,,,,45.59,2026-05-10,Contínuo,41.40781108,91,0.50098901,8.26521344,2026-01-01,2026-05-25
"Influ Sabrina - LM TESTE TRAVA DE CPA","[C] [LM - TESTE] [ABO]","AD - 1 — Cópia",existing,archived,3397,5007,1.4739476,,,,45.57485149,2025-10-22,Contínuo,9.10222718,77,0.59188119,1.53784701,2026-01-01,2026-05-25
"Influ Duda - Lm","[C] [LM - TESTE] [ABO]","ADS 3 - Duda",prospecting,archived,3454,4368,1.26462073,,,,45.54,2026-02-09,Contínuo,10.42582418,7,6.50571429,0.16025641,2026-01-01,2026-05-25
"teste aquisição ate dia 15  - Lm","[C] [LM - TESTE] [ABO]","ADS - DANI — Cópia",prospecting,not_delivering,2648,3229,1.21941088,"Compras no site",2,22.685,45.37,2026-02-04,Contínuo,14.05078972,24,1.89041667,0.74326417,2026-01-01,2026-05-25
"[VINAGRE] [RMKT]","[C] [VARIOS PRODUTO] [ABO] [BID]","ADS 3 - NOVO VM — Cópia",engaged,inactive,1938,3039,1.56811146,"Compras no site",1,45.19,45.19,2026-01-20,Contínuo,14.87002303,33,1.36939394,1.08588351,2026-01-01,2026-05-25
"[PUBLICO ENG.] [DR]","[C] [TONS] [PB DR]","AD - DR URSINHO 18-05",engaged,inactive,1054,1124,1.06641366,"Compras no site",1,45.08287255,45.08287255,2025-06-20,Contínuo,40.10931722,17,2.65193368,1.51245552,2026-01-01,2026-05-25
"[AQUISIÇÃO]  [ADV. +]","[C] [LM - PRINCIPAL][EX. BASE] [ADV. +] [CBO]","AD3 - DANI",existing,inactive,1850,2730,1.47567568,,,,45.06,2026-01-23,Contínuo,16.50549451,25,1.8024,0.91575092,2026-01-01,2026-05-25
"Influ Dani Arte - Lm","[C] [LM - TESTE] [ABO]",AD3,prospecting,not_delivering,1867,2590,1.38725228,,,,44.72,2026-02-12,Contínuo,17.26640927,15,2.98133333,0.57915058,2026-01-01,2026-05-25
EVELIN,"[C] [LM - TESTE] [ABO]","AD - EVELYN TOFU",prospecting,active,3672,4293,1.16911765,"Compras no site",1,44.43,44.43,2026-05-18,Contínuo,10.34940601,27,1.64555556,0.62893082,2026-01-01,2026-05-25
"LP NOVA","[C] [TONS] [PB DR]","tons_dr-ursinho-melasma1-13-10-2025 — Cópia — Cópia",prospecting,not_delivering,2545,2941,1.15559921,,,,44.38,2026-02-09,Contínuo,15.09010541,23,1.92956522,0.78204692,2026-01-01,2026-05-25
"Influ Dani - Vm","[C] [LM - TESTE] [ABO]",AD3,prospecting,not_delivering,2796,3430,1.2267525,"Compras no site",1,44.28,44.28,2026-02-25,Contínuo,12.90962099,16,2.7675,0.4664723,2026-01-01,2026-05-25
"Influ Ingrid - Lm","[C] [LM - TESTE] [ABO]","ADS 3",existing,not_delivering,2231,3740,1.67637831,,,,44.26,2026-02-25,Contínuo,11.8342246,51,0.86784314,1.36363636,2026-01-01,2026-05-25
"Influ Sabrina - Vm [Teste até 13-03]","[C] [LM - TESTE] [ABO]",ADS7,engaged,archived,384,507,1.3203125,,,,43.92,2026-02-05,Contínuo,86.62721893,6,7.32,1.18343195,2026-01-01,2026-05-25
"teste aquisição ate dia 15  - Lm","[C] [LM - TESTE] [ABO]","AD - DANI TOFU — Cópia",engaged,inactive,1725,2179,1.26318841,"Compras no site",1,43.9,43.9,2026-02-04,Contínuo,20.14685636,22,1.99545455,1.00963745,2026-01-01,2026-05-25
"[HIBRIDO] [ESTATICO ORG.] [BID 60]","[C] [LM - TESTE] [ABO]","AD - BOFU 3 — Cópia",engaged,inactive,2441,3135,1.28430971,,,,43.66893509,2026-03-20,Contínuo,13.92948488,30,1.45563117,0.9569378,2026-01-01,2026-05-25
"[CAMPANHA AQUISIÇÃO]","[C] [JEJOOM] [CBO]","AD5 - ORGANICO",existing,inactive,1256,1538,1.22452229,"Compras no site",1,43.62,43.62,2025-10-13,Contínuo,28.36150845,11,3.96545455,0.71521456,2026-01-01,2026-05-25
"[RMKT LARANJA MORO-REATIVAÇÃO BASE QUENTE]","[C] [LM - RMKT] [ADV. ABO]","AD - MOFU EVELYN  REFAÇÃO 17-05",engaged,active,942,1259,1.33651805,,,,43.04,2025-10-13,Contínuo,34.1858618,149,0.28885906,11.83478952,2026-01-01,2026-05-25
"[VINAGRE] [RMKT]","[C] [VARIOS PRODUTO] [ABO] [BID]",AD5,existing,inactive,1249,1678,1.34347478,"Compras no site",1,43.025,43.025,2026-01-20,Contínuo,25.64064362,16,2.6890625,0.95351609,2026-01-01,2026-05-25
"[ADV ABER.]","[C] [LM - PRINCIPAL] - [PLANO B] 2 TESTE","[ADS] - [MEIO] [04-03]",prospecting,inactive,4157,4938,1.18787587,,,,42.99,2026-02-25,Contínuo,8.70595383,12,3.5825,0.24301337,2026-01-01,2026-05-25
"[VINAGRE] [RMKT]","[C] [VARIOS PRODUTO] [ABO] [BID]","ADS - SABRINA",prospecting,inactive,475,584,1.22947368,,,,42.82,2026-01-20,Contínuo,73.32191781,11,3.89272727,1.88356164,2026-01-01,2026-05-25
"[VINAGRE] [RMKT]","[C] [VARIOS PRODUTO] [ABO] [BID]","AD10 - INGRID",engaged,inactive,900,1249,1.38777778,"Compras no site",1,42.73974871,42.73974871,2026-01-20,Contínuo,34.21917431,29,1.47378444,2.32185749,2026-01-01,2026-05-25
"[CAMPANHA AQUISIÇÃO]","[C] [JEJOOM] [CBO]","AD1 - LARI",existing,inactive,1392,2059,1.47916667,"Compras no site",2,21.34,42.68,2025-10-13,Contínuo,20.72850898,20,2.134,0.97134531,2026-01-01,2026-05-25
eng,"[C] [COQ.10][PRINCIPAL] - NOVA","ADS 1 - ORGANICO 2",engaged,not_delivering,757,1112,1.46895641,,,,42.58638629,2026-02-09,Contínuo,38.29710997,15,2.83909242,1.34892086,2026-01-01,2026-05-25
"[MOFU] [TIK TOK] - TESTE ATÉ 20-05","[C] [LM - TESTE] [ABO]","AD - 6",engaged,not_delivering,522,630,1.20689655,"Compras no site",1,42.3,42.3,2026-05-17,Contínuo,67.14285714,58,0.72931034,9.20634921,2026-01-01,2026-05-25
"Conj - Melato","[C] [LM - TESTE] [ABO]","ad - 2",prospecting,not_delivering,1925,2612,1.35688312,"Compras no site",1,42.26,42.26,2026-04-09,Contínuo,16.17917305,15,2.81733333,0.57427259,2026-01-01,2026-05-25
[RMK],"[C] [JEJOOM] [CBO]","AD - MORGANA TOFU",prospecting,inactive,2531,3235,1.27815093,"Compras no site",1,42.16,42.16,2026-04-17,Contínuo,13.0324575,37,1.13945946,1.14374034,2026-01-01,2026-05-25
"Carrossel - Lm","[C] [LM - TESTE] [ABO]","ADS1 - 18-02 — Cópia",engaged,inactive,1604,2359,1.47069825,,,,42.08208725,2026-02-20,Contínuo,17.83895178,37,1.13735371,1.56846121,2026-01-01,2026-05-25
"[HIBRIDO] [ESTATICO ORG.] [BID 60]","[C] [LM - TESTE] [ABO]","AD - NIVER 5",prospecting,inactive,4827,6727,1.39361923,,,,42.07,2026-03-20,Contínuo,6.25390219,30,1.40233333,0.44596403,2026-01-01,2026-05-25
EVELIN,"[C] [LM - TESTE] [ABO]","AD - RMK  EVELYN 18-05 PERFIL DENA",prospecting,active,2243,2590,1.15470352,"Compras no site",1,41.96,41.96,2026-05-18,Contínuo,16.2007722,21,1.99809524,0.81081081,2026-01-01,2026-05-25
"Influ Adeli - Lm","[C] [LM - TESTE] [ABO]",AD2,existing,inactive,1675,2357,1.40716418,,,,41.76,2026-03-10,Contínuo,17.71743742,15,2.784,0.63640221,2026-01-01,2026-05-25
"[DIGESTINO] [RMKT]","[C] [VARIOS PRODUTO] [ABO] [BID]","ADS1 - 18-02",prospecting,not_delivering,3732,5139,1.37700965,,,,41.55831388,2026-05-10,Contínuo,8.08684839,56,0.74211275,1.08970617,2026-01-01,2026-05-25
"[RMKT LARANJA MORO-REATIVAÇÃO BASE QUENTE]","[C] [LM - RMKT] [ADV. ABO]","laranja-moro_mi-ruback_02-07-2025_junto-com-cafe — Cópia — Cópia",engaged,inactive,983,1338,1.36113937,"Compras no site",1,41.45,41.45,2025-10-13,Contínuo,30.97907324,59,0.70254237,4.40956652,2026-01-01,2026-05-25
"[RMKT PB FECHADO]","[C] [LM - RMKT] [ADV. ABO]","AD - LEVE 3 PAGUE 2 — Cópia",existing,not_delivering,2030,2501,1.2320197,,,,41.34,2026-05-23,Contínuo,16.52938824,21,1.96857143,0.83966413,2026-01-01,2026-05-25
"[PUBLICO ABERTO]","[C] [LM - PRINCIPAL] [PLANO B] 1 TESTE","ADS - DANI",engaged,not_delivering,2700,4391,1.6262963,"Compras no site",2,20.66579319,41.33158638,2025-12-10,Contínuo,9.41279581,20,2.06657932,0.45547711,2026-01-01,2026-05-25
"Influ Isa Nogueira - LM TESTE TRAVA DE CPA","[C] [LM - TESTE] [ABO]","Criativo 2 - Edição Curta",engaged,archived,1524,2018,1.32414698,,,,41.3,2025-10-07,Contínuo,20.46580773,31,1.33225806,1.53617443,2026-01-01,2026-05-25
"[PUBLICO ABERTO]","[C] [TONS] [PB ABERTO] [TESTE BID CAP]","ADS - ASIATICA | Pausado ROAS baixo",engaged,archived,1043,1206,1.15627996,,,,41.22,2026-03-16,Contínuo,34.17910448,25,1.6488,2.07296849,2026-01-01,2026-05-25
"[BOFU] [ADV+ ABERTO] [ESTATICO]","[C] [LM - TESTE] [ABO]","AD - DANI TOFU 2",engaged,not_delivering,3032,3756,1.23878628,,,,41.1672937,2026-02-25,Contínuo,10.96040833,37,1.11262956,0.98509052,2026-01-01,2026-05-25
"[BM JADE]","[C] [LM - TESTE] [ABO]","AD - JADE TOFU 19-05 BM JADE + DENA — Cópia — Cópia",engaged,inactive,2619,3915,1.49484536,,,,41.14733795,2026-04-17,Contínuo,10.51017572,97,0.42419936,2.47765006,2026-01-01,2026-05-25
"[BM] [ANA ELISA]","[C] [LM - TESTE] [ABO]","ADS - INFLU ANA ELISA",prospecting,inactive,1036,1466,1.41505792,,,,40.89536071,2025-10-01,Contínuo,27.89588043,6,6.81589345,0.40927694,2026-01-01,2026-05-25
adv-aqui-rmtk_coezima-q10_engajado-existente_5-existentes_max-conv_26-05-2025,"[C] [COQ.10][PRINCIPAL]","AD3 - 07/01",engaged,not_delivering,1085,1734,1.59815668,,,,40.76,2025-01-20,Contínuo,23.50634371,28,1.45571429,1.61476355,2026-01-01,2026-05-25
"Evelyn Regly - LM","[C] [LM - TESTE] [ABO]","ADS 4",existing,not_delivering,898,1342,1.49443207,"Compras no site",1,40.61,40.61,2026-02-01,Contínuo,30.26080477,18,2.25611111,1.34128167,2026-01-01,2026-05-25
"[CAMPANHA AQUISIÇÃO]","[C] [JEJOOM] [CBO]","AD - MORGANA TOFU",existing,inactive,964,1269,1.31639004,,,,40.56,2025-10-13,Contínuo,31.96217494,19,2.13473684,1.49724192,2026-01-01,2026-05-25
"[PUBLICO ENG.] [DR]","[C] [TONS] [PB DR]","AD4 — Cópia",engaged,inactive,1187,1631,1.37405223,,,,40.31309462,2025-06-20,Contínuo,24.71679621,19,2.12174182,1.16492949,2026-01-01,2026-05-25
"Influ Raiza 2","[C] [LM - TESTE] [ABO]","ADS 2",existing,not_delivering,985,1708,1.73401015,,,,40.31,2026-01-29,Contínuo,23.60070258,9,4.47888889,0.52693208,2026-01-01,2026-05-25
"LP NOVA","[C] [TONS] [PB DR]","tons2_rmkt_20-10-2025-pagdenavita — Cópia",engaged,inactive,966,1570,1.6252588,"Compras no site",1,40.26,40.26,2026-02-09,Contínuo,25.6433121,17,2.36823529,1.08280255,2026-01-01,2026-05-25
"[COLAGENO] [RMKT]","[C] [VARIOS PRODUTO] [ABO] [BID]","AD - SUSANA",existing,inactive,1103,1851,1.6781505,,,,40.15,2026-05-10,Contínuo,21.69097785,211,0.19028436,11.39924365,2026-01-01,2026-05-25
"[DIGESTINO] [RMKT]","[C] [VARIOS PRODUTO] [ABO] [BID]","ADS - BRUNA 1 — Cópia",existing,not_delivering,749,919,1.22696929,"Compras no site",2,20.05,40.1,2026-05-10,Contínuo,43.6343852,9,4.45555556,0.97932535,2026-01-01,2026-05-25
"Influ Mi Ruback - Lm","[C] [LM - TESTE] [ABO]","ADS 2",prospecting,archived,1414,1814,1.28288543,,,,39.94,2026-01-23,Contínuo,22.01764057,11,3.63090909,0.60639471,2026-01-01,2026-05-25
"[DAI - DUDA - ANA]","[C] [LM - TESTE] [ABO]","AD - ANA PAULA",prospecting,active,5244,5741,1.09477498,,,,39.92,2026-05-21,Contínuo,6.95349242,14,2.85142857,0.24385995,2026-01-01,2026-05-25
"[VINAGRE] [RMKT]","[C] [VARIOS PRODUTO] [ABO] [BID]","ADS 2 - MOFU",engaged,inactive,498,630,1.26506024,"Compras no site",1,39.79,39.79,2026-01-20,Contínuo,63.15873016,59,0.67440678,9.36507937,2026-01-01,2026-05-25
"[PUBLICO ABERTO]","[C] [LM - PRINCIPAL] [PLANO B] 1 TESTE","AD - LUCIANA MOFU 2 — Cópia — Cópia",engaged,not_delivering,2121,2571,1.21216407,,,,39.73,2025-12-10,Contínuo,15.45313108,29,1.37,1.12796577,2026-01-01,2026-05-25
"Influ Sabrina - Vm [Teste até 13-03]","[C] [LM - TESTE] [ABO]",ADS4,engaged,archived,429,535,1.24708625,,,,39.63,2026-02-05,Contínuo,74.07476636,9,4.40333333,1.68224299,2026-01-01,2026-05-25
"Influ Nutri- Lm","[C] [LM - TESTE] [ABO]","ADS 2",existing,not_delivering,1972,2691,1.36460446,"Compras no site",1,39.59,39.59,2026-02-24,Contínuo,14.71200297,76,0.52092105,2.82422891,2026-01-01,2026-05-25
"[AQUISIÇÃO]  [ADV. +]","[C] [LM - PRINCIPAL][EX. BASE] [ADV. +] [CBO]","AD - TOFU",prospecting,inactive,1951,2211,1.13326499,,,,39.46,2026-01-23,Contínuo,17.847128,21,1.87904762,0.94979647,2026-01-01,2026-05-25
"[RMKT LARANJA MORO-REATIVAÇÃO BASE QUENTE]","[C] [LM - RMKT] [ADV. ABO]","laranja-moro_mi-ruback_02-07-2025_junto-com-cafe — Cópia — Cópia",prospecting,inactive,1218,1395,1.1453202,,,,39.45,2025-10-13,Contínuo,28.27956989,9,4.38333333,0.64516129,2026-01-01,2026-05-25
[MOFU],"[C] [LM - PRINCIPAL] - [PLANO B] 2 TESTE","AD - TOFU",existing,inactive,1920,3002,1.56354167,"Compras no site",1,39.42,39.42,2026-03-31,Contínuo,13.13124584,134,0.2941791,4.46369087,2026-01-01,2026-05-25
"[PUBLICO ABERTO] — Cópia","[C] [LM - PRINCIPAL] [PLANO B] 1 TESTE","ADS - RAIZA 3",engaged,archived,847,862,1.01770956,,,,39.35,2026-01-08,Contínuo,45.64965197,10,3.935,1.16009281,2026-01-01,2026-05-25
"[TOFU] [TIK TOK] [EXCLUSAÕ BASE] [BID 60] - TESTE ATÉ 20-05","[C] [LM - TESTE] [ABO]","AD - tofu  teste ate 09-05 — Cópia",engaged,inactive,2591,3180,1.22732536,,,,39.02,2026-03-12,Contínuo,12.27044025,21,1.85809524,0.66037736,2026-01-01,2026-05-25
"LP NOVA","[C] [TONS] [PB DR]","AD1 — Cópia — Cópia",engaged,inactive,1064,1468,1.37969925,,,,38.97,2026-02-09,Contínuo,26.54632153,14,2.78357143,0.95367847,2026-01-01,2026-05-25
"[ADV ABER.]","[C] [LM - PRINCIPAL] - [PLANO B] 2 TESTE","ADS 3 — Cópia",existing,inactive,2234,3574,1.59982095,,,,38.94,2026-02-25,Contínuo,10.89535534,12,3.245,0.33575825,2026-01-01,2026-05-25
"LP - TOPO LM","[C] [LM - PRINCIPAL][EX. BASE] [ADV. +] [CBO]","Rmkt Dani 2 — Cópia",prospecting,archived,1580,1975,1.25,"Compras no site",1,38.91,38.91,2026-02-06,Contínuo,19.70126582,17,2.28882353,0.86075949,2026-01-01,2026-05-25
"[CAMPANHA AQUISIÇÃO]","[C] [JEJOOM] [CBO]","AD - NIVER",prospecting,inactive,1351,1969,1.45743893,,,,38.89900162,2025-10-13,Contínuo,19.75571438,9,4.32211129,0.45708481,2026-01-01,2026-05-25
"Influ Dani Arte - Lm","[C] [LM - TESTE] [ABO]",AD2,existing,not_delivering,665,1106,1.66315789,,,,38.79,2026-02-12,Contínuo,35.07233273,7,5.54142857,0.63291139,2026-01-01,2026-05-25
"[TOFU] [TIK + ORG ] [ABERTO]","[C] [LM - TESTE] [ABO]","AD2 — Cópia",existing,inactive,1541,1778,1.15379624,,,,38.7871572,2026-02-11,Contínuo,21.81504904,7,5.54102246,0.39370079,2026-01-01,2026-05-25
"Evelyn Regly - LM","[C] [LM - TESTE] [ABO]","ADS 4",engaged,not_delivering,892,1158,1.29820628,,,,38.64,2026-02-01,Contínuo,33.36787565,11,3.51272727,0.94991364,2026-01-01,2026-05-25
"[AQUISIÇÃO]  [ADV. +]","[C] [LM - PRINCIPAL][EX. BASE] [ADV. +] [CBO]","AD - EVELYN",engaged,inactive,898,1143,1.27282851,,,,38.59848402,2026-01-23,Contínuo,33.76945233,11,3.50895309,0.9623797,2026-01-01,2026-05-25
"[PUBLICO ABERTO]","[C] [TONS] [PB ABERTO] [TESTE BID CAP]","ADS 2 - 18-02 | Pausado ROAS baixo",existing,archived,1668,2013,1.20683453,,,,38.43323158,2026-03-16,Contínuo,19.09251445,16,2.40207697,0.79483358,2026-01-01,2026-05-25
"teste aquisição ate dia 15  - Lm","[C] [LM - TESTE] [ABO]","AD - ANA MOFU — Cópia",prospecting,inactive,2132,2729,1.28001876,,,,38.43,2026-02-04,Contínuo,14.08208135,15,2.562,0.54965189,2026-01-01,2026-05-25
"Influ Evelyn BM -VM","[C] [LM - TESTE] [ABO]","AD - EVELYN",existing,not_delivering,1273,2038,1.60094266,,,,38.4228483,2026-02-04,Contínuo,18.8532131,46,0.83527931,2.25711482,2026-01-01,2026-05-25
"Influ Raiza 2","[C] [LM - TESTE] [ABO]","ADS 3",prospecting,not_delivering,1218,1533,1.25862069,"Compras no site",1,38.24,38.24,2026-01-29,Contínuo,24.94455316,10,3.824,0.65231572,2026-01-01,2026-05-25
"Influ Vitoria - Lm","[C] [LM - TESTE] [ABO]",AD3,existing,inactive,1440,2234,1.55138889,,,,38.23,2026-03-12,Contínuo,17.11280215,46,0.83108696,2.05908684,2026-01-01,2026-05-25
"LP 1 - TOPO TONS","[C] [LM - PRINCIPAL][EX. BASE] [ADV. +] [CBO]","tons_dr-ursinho_video-reels_10-07-2025_esse-foi-produto-que-a-mamae — Cópia",engaged,archived,1102,1218,1.10526316,"Compras no site",1,38.2,38.2,2026-02-06,Contínuo,31.36288998,11,3.47272727,0.90311987,2026-01-01,2026-05-25
"[TOFU] [TIK]","[C] [LM - TESTE] [ABO]","AD - 5 — Cópia",engaged,active,960,1352,1.40833333,,,,38.02904216,2026-05-23,Contínuo,28.12798976,127,0.29944128,9.39349112,2026-01-01,2026-05-25
"[TOFU] [TIK + ORG ] [ABERTO]","[C] [LM - TESTE] [ABO]","AD1 — Cópia",engaged,inactive,1269,1587,1.25059102,,,,37.7,2026-02-11,Contínuo,23.75551355,14,2.69285714,0.88216761,2026-01-01,2026-05-25
"Influ Isa Nogueira - LM TESTE TRAVA DE CPA","[C] [LM - TESTE] [ABO]","Criativo 1 - Edição Completa",prospecting,archived,1450,1567,1.08068966,,,,37.52,2025-10-07,Contínuo,23.94384174,26,1.44307692,1.65922144,2026-01-01,2026-05-25
"[BM] [MARCELA/PRI]","[C] [LM - TESTE] [ABO]","AD - MARCELA TOFU — Cópia",engaged,inactive,1464,2096,1.43169399,,,,37.48743325,2026-05-07,Contínuo,17.88522579,19,1.9730228,0.90648855,2026-01-01,2026-05-25
"[CAMPANHA AQUISIÇÃO]","[C] [JEJOOM] [CBO]","AD - MORGANA TOFU",engaged,inactive,1288,1734,1.34627329,,,,37.43635727,2025-10-13,Contínuo,21.58959473,17,2.20213866,0.98039216,2026-01-01,2026-05-25
"[VINAGRE] [RMKT]","[C] [VARIOS PRODUTO] [ABO] [BID]","AD - MOFU MARCELA 17-05",prospecting,inactive,1264,1560,1.23417722,,,,36.93,2026-01-20,Contínuo,23.67307692,21,1.75857143,1.34615385,2026-01-01,2026-05-25
"teste aquisição ate dia 15  - Lm","[C] [LM - TESTE] [ABO]","ADS - TOFU — Cópia",existing,not_delivering,1216,1861,1.53042763,"Compras no site",2,18.46247658,36.92495316,2026-02-04,Contínuo,19.8414579,16,2.30780957,0.85975282,2026-01-01,2026-05-25
"Influ Morgana - Jejoom","[C] [LM - TESTE] [ABO]",ADS7,engaged,inactive,1014,1294,1.27613412,,,,36.84,2026-03-02,Contínuo,28.4698609,20,1.842,1.54559505,2026-01-01,2026-05-25
"[EXCLUSÃO BASE] [ADV. +]","[C] [LM - PRINCIPAL][EX. BASE] [ADV. +] [CBO]","AD - BOFU 2",engaged,inactive,2141,2583,1.20644559,"Compras no site",1,36.64534671,36.64534671,2026-03-17,Contínuo,14.1871261,12,3.05377889,0.46457607,2026-01-01,2026-05-25
[EVELIN],"[C] [LM - PRINCIPAL][EX. BASE] [ADV. +] [CBO]","AD - EVELYN",engaged,inactive,1791,2103,1.17420436,,,,36.61,2026-03-31,Contínuo,17.4084641,12,3.05083333,0.57061341,2026-01-01,2026-05-25
"LP - ATUAL","[C] [LM - PRINCIPAL][EX. BASE] [ADV. +] [CBO]","Video-Rmkt-DaniWinits — Cópia",prospecting,archived,3245,3632,1.1192604,,,,36.58,2026-01-19,Contínuo,10.0715859,15,2.43866667,0.41299559,2026-01-01,2026-05-25
"Influ Lari - Jejoom","[C] [LM - TESTE] [ABO]",AD3,existing,not_delivering,1058,1473,1.39224953,"Compras no site",1,36.56,36.56,2026-02-12,Contínuo,24.82009504,14,2.61142857,0.95044128,2026-01-01,2026-05-25
"[TESTE PB FECHADO ANA ELISA]","[C] [LM - TESTE] [ABO]","AD - MOFU ANA ELISA — Cópia",engaged,active,801,1038,1.29588015,"Compras no site",1,36.33929991,36.33929991,2026-05-23,Contínuo,35.00895945,23,1.57996956,2.21579961,2026-01-01,2026-05-25
"[PUBLICO ENG.] [DR]","[C] [TONS] [PB DR]","ADS - ORGANICO",engaged,archived,979,1421,1.4514811,,,,36.32,2025-06-20,Contínuo,25.55946517,10,3.632,0.70372977,2026-01-01,2026-05-25
"LP NOVA","[C] [TONS] [PB DR]","tons 3 - 25-11 — Cópia — Cópia",prospecting,not_delivering,1450,1556,1.07310345,,,,36.29,2026-02-09,Contínuo,23.32262211,27,1.34407407,1.73521851,2026-01-01,2026-05-25
"Influ Lari - Jejoom","[C] [LM - TESTE] [ABO]",AD1,engaged,not_delivering,889,1155,1.2992126,"Compras no site",1,36.22,36.22,2026-02-12,Contínuo,31.35930736,20,1.811,1.73160173,2026-01-01,2026-05-25
"[BM JADE]","[C] [LM - TESTE] [ABO]","AD - BOFU — Cópia — Cópia — Cópia",engaged,inactive,1980,2373,1.19848485,,,,36.21,2026-04-17,Contínuo,15.25916561,11,3.29181818,0.46354825,2026-01-01,2026-05-25
"[CAMPANHA AQUISIÇÃO]","[C] [JEJOOM] [CBO]","AD - NIVER",prospecting,inactive,980,1184,1.20816327,,,,36.12,2025-10-13,Contínuo,30.50675676,9,4.01333333,0.76013514,2026-01-01,2026-05-25
"[CAMPANHA AQUISIÇÃO]","[C] [JEJOOM] [CBO]","ARTE 1 20-10-2025 DENAVITA",existing,inactive,743,1071,1.44145357,"Compras no site",2,17.91,35.82,2025-10-13,Contínuo,33.44537815,12,2.985,1.12044818,2026-01-01,2026-05-25
"Influ Sabrina 2 - Lm","[C] [LM - TESTE] [ABO]","ADS 3 - SABRINA",existing,archived,1036,1463,1.41216216,"Compras no site",1,35.6,35.6,2026-02-05,Contínuo,24.33356118,28,1.27142857,1.9138756,2026-01-01,2026-05-25
"Influ Evelyn BM -VM","[C] [LM - TESTE] [ABO]","AD - EVELYN",engaged,not_delivering,1368,2090,1.52777778,,,,35.49263108,2026-02-04,Contínuo,16.98212013,49,0.72433941,2.34449761,2026-01-01,2026-05-25
"teste publico novo - bid","[C] [LM - TESTE] [ABO]","AD - BOFU — Cópia",prospecting,not_delivering,889,1150,1.2935883,,,,35.39,2026-02-19,Contínuo,30.77391304,15,2.35933333,1.30434783,2026-01-01,2026-05-25
"LP 1 - TOPO TONS","[C] [LM - PRINCIPAL][EX. BASE] [ADV. +] [CBO]","AD1 — Cópia",engaged,archived,1177,1540,1.30841121,"Compras no site",1,35.39,35.39,2026-02-06,Contínuo,22.98051948,19,1.86263158,1.23376623,2026-01-01,2026-05-25
"[RMKT PB FECHADO]","[C] [LM - RMKT] [ADV. ABO]","AD - MOFU ANA ELISA — Cópia — Cópia",engaged,not_delivering,883,1111,1.25821065,"Compras no site",1,35.27,35.27,2026-05-23,Contínuo,31.74617462,26,1.35653846,2.34023402,2026-01-01,2026-05-25
"[TOFU] [TIK TOK] [EXCLUSAÕ BASE] [BID 60] - TESTE ATÉ 20-05","[C] [LM - TESTE] [ABO]","AD - MOFU teste ate 08-05",existing,not_delivering,1299,1757,1.35257891,"Compras no site",3,11.75621167,35.26863501,2026-03-12,Contínuo,20.07321287,36,0.97968431,2.04894707,2026-01-01,2026-05-25
"[EXCLUSÃO BASE] [ADV. +]","[C] [LM - PRINCIPAL][EX. BASE] [ADV. +] [CBO]","V - LUCIANA MOFU LP OLD",existing,active,1222,1369,1.1202946,"Compras no site",1,35.2196888,35.2196888,2026-03-17,Contínuo,25.72658057,31,1.13611899,2.26442659,2026-01-01,2026-05-25
"[INOSITOL] [RMKT]","[C] [VARIOS PRODUTO] [ABO] [BID]","AD - BOFU RMKT1 17-05",existing,not_delivering,903,1231,1.36323367,,,,35.2,2026-05-17,Contínuo,28.59463851,18,1.95555556,1.46222583,2026-01-01,2026-05-25
"Influ Raiza","[C] [LM - TESTE] [ABO]","ADS 2",engaged,archived,1034,1639,1.58510638,,,,35.2,2025-10-22,Contínuo,21.47651007,7,5.02857143,0.42708969,2026-01-01,2026-05-25
"[RMKT LARANJA MORO-REATIVAÇÃO BASE QUENTE]","[C] [LM - RMKT] [ADV. ABO]","AD - MOFU EVELYN  REFAÇÃO 17-05",prospecting,active,849,955,1.12485277,,,,35.09,2025-10-13,Contínuo,36.7434555,21,1.67095238,2.19895288,2026-01-01,2026-05-25
"teste publico novo - bid","[C] [LM - TESTE] [ABO]","AD - BOFU — Cópia",existing,not_delivering,737,1004,1.36227951,,,,35.04,2026-02-19,Contínuo,34.90039841,10,3.504,0.99601594,2026-01-01,2026-05-25
eng,"[C] [COQ.10][PRINCIPAL] - NOVA","Teste - ad1",existing,not_delivering,317,428,1.35015773,,,,35.01,2026-02-09,Contínuo,81.79906542,17,2.05941176,3.97196262,2026-01-01,2026-05-25
"Influ Sabrina - Vm [Teste até 13-03]","[C] [LM - TESTE] [ABO]",ADS2,prospecting,archived,866,941,1.08660508,,,,34.73,2026-02-05,Contínuo,36.90754516,18,1.92944444,1.91285866,2026-01-01,2026-05-25
"[PUBLICO ENG.] [DR]","[C] [TONS] [PB DR]","tons2_rmkt_01-09-2025 — Cópia",engaged,archived,889,1005,1.13048369,,,,34.61,2025-06-20,Contínuo,34.43781095,13,2.66230769,1.29353234,2026-01-01,2026-05-25
"[BM] [MARCELA/PRI]","[C] [LM - TESTE] [ABO]","AD - MARCELA TOFU",existing,not_delivering,1140,1812,1.58947368,,,,34.54,2026-05-07,Contínuo,19.06181015,28,1.23357143,1.54525386,2026-01-01,2026-05-25
"[EXCLUSÃO BASE] [ADV. +]","[C] [LM - PRINCIPAL][EX. BASE] [ADV. +] [CBO]","V - EVELYN TOFU LP OLD",existing,active,1751,1944,1.11022273,"Compras no site",1,34.49834736,34.49834736,2026-03-17,Contínuo,17.74606346,35,0.98566707,1.80041152,2026-01-01,2026-05-25
"Influ Sabrina 2 - Lm","[C] [LM - TESTE] [ABO]","ADS 4 - SABRINA",existing,archived,1242,1758,1.41545894,,,,34.42,2026-02-05,Contínuo,19.57906712,16,2.15125,0.91012514,2026-01-01,2026-05-25
adv-engajado-laranja-mouro-sudeste-sul-centro,"[C][LM - COST CAP WINNERS] [ [CBO]","ADS - RAIZA 3 — Cópia",engaged,inactive,1061,1239,1.16776626,,,,34.37,2025-08-27,Contínuo,27.74011299,21,1.63666667,1.69491525,2026-01-01,2026-05-25
"Influ Maritza 0","[C] [LM - TESTE] [ABO]","ADS 1 - MARITZA — Cópia",engaged,archived,1709,2560,1.49795202,"Compras no site",1,34.29,34.29,2025-11-10,Contínuo,13.39453125,67,0.51179104,2.6171875,2026-01-01,2026-05-25
"teste publico novo - bid","[C] [LM - TESTE] [ABO]","ADS 1",existing,not_delivering,1157,1609,1.39066551,,,,34.27948585,2026-02-19,Contínuo,21.30483894,12,2.85662382,0.74580485,2026-01-01,2026-05-25
"Influ Lari - Jejoom","[C] [LM - TESTE] [ABO]",AD4,prospecting,not_delivering,844,961,1.13862559,"Compras no site",1,34.26,34.26,2026-02-12,Contínuo,35.6503642,18,1.90333333,1.87304891,2026-01-01,2026-05-25
"[RMKT LARANJA MORO-REATIVAÇÃO BASE QUENTE]","[C] [LM - RMKT] [ADV. ABO]","AD - JADE TOFU 19-05 BM JADE + DENA — Cópia — Cópia — Cópia",existing,inactive,1301,1472,1.13143736,,,,34.21,2025-10-13,Contínuo,23.24048913,14,2.44357143,0.95108696,2026-01-01,2026-05-25
"[VINAGRE] [RMKT]","[C] [VARIOS PRODUTO] [ABO] [BID]","AD - MOFU",prospecting,active,2348,3490,1.48637138,"Compras no site",1,34.11672645,34.11672645,2026-01-20,Contínuo,9.77556632,25,1.36466906,0.71633238,2026-01-01,2026-05-25
"LP NOVA","[C] [TONS] [PB DR]","ADS - MEIO 13-02-2026",existing,not_delivering,819,875,1.06837607,"Compras no site",2,16.935,33.87,2026-02-09,Contínuo,38.70857143,13,2.60538462,1.48571429,2026-01-01,2026-05-25
"Influ turbo - Vm teste ate 16-04","[C] [LM - TESTE] [ABO]","AD - ALESSANDRA KIT",engaged,not_delivering,342,439,1.28362573,,,,33.83,2026-04-13,Contínuo,77.06150342,13,2.60230769,2.96127563,2026-01-01,2026-05-25
"Influ Lari - Jejoom","[C] [LM - TESTE] [ABO]","ADS - LARI 7",prospecting,not_delivering,1041,1111,1.06724304,,,,33.73,2026-02-12,Contínuo,30.360036,10,3.373,0.90009001,2026-01-01,2026-05-25
"Influ Evelyn BM -VM","[C] [LM - TESTE] [ABO]","ADS 1",engaged,inactive,1177,1955,1.66100255,,,,33.71,2026-02-04,Contínuo,17.24296675,31,1.08741935,1.58567775,2026-01-01,2026-05-25
"Influ Lari - Jejoom","[C] [LM - TESTE] [ABO]","AD2 - LARI",engaged,not_delivering,1303,1715,1.3161934,"Compras no site",1,33.47,33.47,2026-02-12,Contínuo,19.51603499,20,1.6735,1.16618076,2026-01-01,2026-05-25
ABER.,"[C] [TONS] [PB ABERTO] [TESTE BID CAP]","tons4_rmkt_20-10-2025 — Cópia | Pausado ROAS baixo",engaged,archived,2009,3160,1.57292185,,,,33.42426931,2026-03-16,Contínuo,10.57730041,28,1.1937239,0.88607595,2026-01-01,2026-05-25
"Influ Mi Ruback - Lm","[C] [LM - TESTE] [ABO]",ADS0,prospecting,archived,1335,1945,1.45692884,,,,33.42,2026-01-23,Contínuo,17.18251928,10,3.342,0.51413882,2026-01-01,2026-05-25
"[TOFU] [TIK TOK] [EXCLUSAÕ BASE] [BID 60] - TESTE ATÉ 20-05","[C] [LM - TESTE] [ABO]","AD - 8",prospecting,not_delivering,2559,3131,1.22352481,,,,33.39,2026-03-12,Contínuo,10.6643245,26,1.28423077,0.83040562,2026-01-01,2026-05-25
[RMK],"[C] [JEJOOM] [CBO]","AD - MORGANA TOFU",engaged,inactive,1098,1572,1.43169399,,,,33.3652461,2026-04-17,Contínuo,21.22471126,51,0.65422051,3.24427481,2026-01-01,2026-05-25
"Influ Adeli - Lm","[C] [LM - TESTE] [ABO]",AD2,engaged,inactive,1290,1767,1.36976744,,,,33.22,2026-03-10,Contínuo,18.80022637,11,3.02,0.62252405,2026-01-01,2026-05-25
"Influ Lari - Jejoom","[C] [LM - TESTE] [ABO]",AD3,prospecting,not_delivering,1231,1452,1.17952884,,,,33.07,2026-02-12,Contínuo,22.77548209,14,2.36214286,0.96418733,2026-01-01,2026-05-25
"[RMKT PB FECHADO]","[C] [LM - RMKT] [ADV. ABO]","AD - BOFU 1 — Cópia — Cópia — Cópia",existing,not_delivering,1444,1849,1.28047091,,,,32.89,2026-05-23,Contínuo,17.78799351,9,3.65444444,0.48674959,2026-01-01,2026-05-25
"[TRIO MAG] [RMKT]","[C] [VARIOS PRODUTO] [ABO] [BID]","AD - BOFU RMKT54 17-05",existing,not_delivering,932,1115,1.19635193,"Compras no site",1,32.88,32.88,2026-05-17,Contínuo,29.48878924,16,2.055,1.43497758,2026-01-01,2026-05-25
"[VINAGRE] [RMKT]","[C] [VARIOS PRODUTO] [ABO] [BID]",AD3,existing,inactive,1100,1517,1.37909091,,,,32.88,2026-01-20,Contínuo,21.67435728,24,1.37,1.58206987,2026-01-01,2026-05-25
"[RMKT LARANJA MORO-REATIVAÇÃO BASE QUENTE]","[C] [LM - RMKT] [ADV. ABO]","AD - RMK NIVER 4 — Cópia",prospecting,inactive,866,1087,1.2551963,"Compras no site",1,32.87,32.87,2025-10-13,Contínuo,30.23919043,9,3.65222222,0.82796688,2026-01-01,2026-05-25
"Adeli - Lm e Vm","[C] [LM - TESTE] [ABO]",AD2,prospecting,not_delivering,781,837,1.07170294,,,,32.83,2026-03-12,Contínuo,39.22341697,5,6.566,0.59737157,2026-01-01,2026-05-25
"Influ Sabrina 2 - Lm","[C] [LM - TESTE] [ABO]","ADS 2 - SABRINA",engaged,archived,819,1007,1.22954823,"Compras no site",1,32.82,32.82,2026-02-05,Contínuo,32.591857,13,2.52461538,1.29096326,2026-01-01,2026-05-25
"[HIBRIDO] [ESTATICO ORG.] [BID 60]","[C] [LM - TESTE] [ABO]","AD - NIVER 5",existing,inactive,2776,3752,1.35158501,,,,32.8,2026-03-20,Contínuo,8.74200426,17,1.92941176,0.45309168,2026-01-01,2026-05-25
"Adeli - Lm e Vm","[C] [LM - TESTE] [ABO]",AD3,prospecting,not_delivering,687,746,1.08588064,,,,32.61,2026-03-12,Contínuo,43.71313673,5,6.522,0.67024129,2026-01-01,2026-05-25
"Evelyn Regly - LM","[C] [LM - TESTE] [ABO]","ADS 3",existing,not_delivering,764,1146,1.5,,,,32.56303816,2026-02-01,Contínuo,28.41451847,8,4.07037977,0.69808028,2026-01-01,2026-05-25
"Influ turbo - Vm teste ate 16-04","[C] [LM - TESTE] [ABO]","AD - MANOELI",prospecting,not_delivering,591,666,1.12690355,,,,32.56,2026-04-13,Contínuo,48.88888889,2,16.28,0.3003003,2026-01-01,2026-05-25
eng,"[C] [COQ.10][PRINCIPAL] - NOVA","Teste - ad1",existing,not_delivering,235,333,1.41702128,,,,32.55,2026-02-09,Contínuo,97.74774775,18,1.80833333,5.40540541,2026-01-01,2026-05-25
"[CAMPANHA AQUISIÇÃO]","[C] [JEJOOM] [CBO]","ARTE 4 20-10-2025 DENAVITA",engaged,inactive,992,1495,1.50705645,"Compras no site",1,32.45328395,32.45328395,2025-10-13,Contínuo,21.70788224,8,4.05666049,0.53511706,2026-01-01,2026-05-25
"Influ Jade","[C] [LM - TESTE] [ABO]","Criativo Versão 2 - Jade",existing,archived,869,965,1.11047181,"Compras no site",1,32.28,32.28,2025-10-06,Contínuo,33.4507772,9,3.58666667,0.93264249,2026-01-01,2026-05-25
"Varias Influs - VM","[C] [LM - TESTE] [ABO]","ADS 2",prospecting,inactive,832,931,1.11899038,,,,32.23,2026-02-19,Contínuo,34.61868958,17,1.89588235,1.82599356,2026-01-01,2026-05-25
"[TOFU] [TIK + ORG ] [ABERTO]","[C] [LM - TESTE] [ABO]","AD - MOFU ate 14-05 — Cópia",engaged,active,1242,1610,1.2962963,"Compras no site",1,32.22292839,32.22292839,2026-02-11,Contínuo,20.01424124,37,0.87088996,2.29813665,2026-01-01,2026-05-25
[RMK],"[C] [JEJOOM] [CBO]","AD - RMKT",existing,inactive,1396,2326,1.66618911,,,,32.14,2026-04-17,Contínuo,13.81771281,19,1.69157895,0.81685297,2026-01-01,2026-05-25
"[TOFU] [TIK TOK] [EXCLUSAÕ BASE] [BID 60] - TESTE ATÉ 20-05","[C] [LM - TESTE] [ABO]","AD - MOFU",existing,inactive,1818,2342,1.28822882,,,,32.05823695,2026-03-12,Contínuo,13.68840177,9,3.56202633,0.38428693,2026-01-01,2026-05-25
"[VINAGRE] [RMKT]","[C] [VARIOS PRODUTO] [ABO] [BID]",AD5,prospecting,inactive,1528,1814,1.18717277,,,,31.95628631,2026-01-20,Contínuo,17.61647536,14,2.28259188,0.77177508,2026-01-01,2026-05-25
"[TESTE PB FECHADO JADE]","[C] [LM - TESTE] [ABO]","AD - JADE MOFU 3 — Cópia",engaged,active,1144,1647,1.43968531,,,,31.94439173,2026-05-23,Contínuo,19.39550196,22,1.45201781,1.33576199,2026-01-01,2026-05-25
"[RMKT LARANJA MORO-REATIVAÇÃO BASE QUENTE]","[C] [LM - RMKT] [ADV. ABO]","AD - RMKT",uncategorized,active,0,1173,0,,,,31.86417021,2025-10-13,Contínuo,27.16468049,,,,2026-01-01,2026-05-25
"Conj. - Tipo 2","[C] [LM - TESTE] [ABO]","AD - SUSANA",engaged,not_delivering,1867,3221,1.72522764,,,,31.84,2026-02-27,Contínuo,9.88512884,56,0.56857143,1.7385905,2026-01-01,2026-05-25
"Influ Raiza","[C] [LM - TESTE] [ABO]","ADS 2",existing,archived,738,1165,1.57859079,,,,31.66,2025-10-22,Contínuo,27.17596567,8,3.9575,0.68669528,2026-01-01,2026-05-25
"[AQUISIÇÃO]  [ADV. +]","[C] [LM - PRINCIPAL][EX. BASE] [ADV. +] [CBO]","ADS - DUDA",existing,inactive,855,1233,1.44210526,,,,31.5,2026-01-23,Contínuo,25.54744526,27,1.16666667,2.18978102,2026-01-01,2026-05-25
"Influ Sabrina - Vm [Teste até 13-03]","[C] [LM - TESTE] [ABO]",ADS2,existing,archived,611,721,1.18003273,,,,31.49,2026-02-05,Contínuo,43.67545076,21,1.49952381,2.91262136,2026-01-01,2026-05-25
"[PERFIL NOVO]","[C] [LM - PRINCIPAL] - [PLANO B] 2 TESTE","ADS 4 - NOVO VM",prospecting,inactive,1343,1640,1.22114669,,,,31.45,2026-03-25,Contínuo,19.17682927,17,1.85,1.03658537,2026-01-01,2026-05-25
"[AQUISIÇÃO]  [ADV. +]","[C] [LM - PRINCIPAL][EX. BASE] [ADV. +] [CBO]","AD3 - DANI",engaged,inactive,1604,2310,1.44014963,,,,31.43,2026-01-23,Contínuo,13.60606061,20,1.5715,0.86580087,2026-01-01,2026-05-25
"[RMKT PB FECHADO]","[C] [LM - RMKT] [ADV. ABO]","AD - BOFU 1 — Cópia — Cópia — Cópia",prospecting,not_delivering,2199,2628,1.19508868,,,,31.39,2026-05-23,Contínuo,11.94444444,8,3.92375,0.304414,2026-01-01,2026-05-25
"[DAI - DUDA - ANA]","[C] [LM - TESTE] [ABO]","AD 1 DAI",engaged,active,875,1124,1.28457143,,,,31.38240962,2026-05-21,Contínuo,27.92029326,28,1.12080034,2.4911032,2026-01-01,2026-05-25
"[COENZIMA] [RMKT]","[C] [VARIOS PRODUTO] [ABO] [BID]",ADS,engaged,inactive,1103,1526,1.38349955,,,,31.31355876,2026-05-10,Contínuo,20.5200254,22,1.42334358,1.44167759,2026-01-01,2026-05-25
"TESTE RACHEL ATE 21-03","[C] [LM - PRINCIPAL][EX. BASE] [ADV. +] [CBO]",AD1,prospecting,archived,834,996,1.1942446,,,,31.3,2026-03-17,Contínuo,31.42570281,7,4.47142857,0.70281124,2026-01-01,2026-05-25
"[BOFU] [ADV+ ABERTO] [ESTATICO]","[C] [LM - TESTE] [ABO]",AD1,engaged,inactive,1753,2950,1.68282944,,,,31.20827892,2026-02-25,Contínuo,10.5790776,38,0.8212705,1.28813559,2026-01-01,2026-05-25
"[TESTE PB FECHADO ANA ELISA]","[C] [LM - TESTE] [ABO]","AD - MOFU ANA ELISA — Cópia — Cópia",prospecting,active,1681,1890,1.12433076,,,,31.16848623,2026-05-23,Contínuo,16.49126255,15,2.07789908,0.79365079,2026-01-01,2026-05-25
"Influ Morgana - Jejoom","[C] [LM - TESTE] [ABO]",ADS5,existing,inactive,749,890,1.188251,,,,30.97,2026-03-02,Contínuo,34.79775281,14,2.21214286,1.57303371,2026-01-01,2026-05-25
"[ADV ABER.]","[C] [LM - PRINCIPAL] - [PLANO B] 2 TESTE","AD - TOPO",engaged,inactive,1732,2807,1.62066975,,,,30.90163891,2026-02-25,Contínuo,11.00877767,33,0.9364133,1.17563235,2026-01-01,2026-05-25
"[BM] [ANA ELISA]","[C] [LM - TESTE] [ABO]","AD - MOFU ANA ELISA — Cópia",engaged,inactive,1357,1832,1.35003685,,,,30.71,2025-10-01,Contínuo,16.76310044,22,1.39590909,1.20087336,2026-01-01,2026-05-25
"[VINAGRE] [RMKT]","[C] [VARIOS PRODUTO] [ABO] [BID]","AD - MOFU",engaged,active,1716,2496,1.45454545,"Compras no site",2,15.32084271,30.64168541,2026-01-20,Contínuo,12.27631627,30,1.02138951,1.20192308,2026-01-01,2026-05-25
"[VINAGRE] [RMKT]","[C] [VARIOS PRODUTO] [ABO] [BID]","AD - LIS TOFU",prospecting,inactive,322,369,1.14596273,,,,30.57,2026-01-20,Contínuo,82.84552846,11,2.77909091,2.98102981,2026-01-01,2026-05-25
"[INOSITOL] [RMKT]","[C] [VARIOS PRODUTO] [ABO] [BID]","AD - BOFU RMKT4 17-05",existing,not_delivering,687,959,1.39592431,"Compras no site",1,30.57,30.57,2026-05-17,Contínuo,31.87695516,14,2.18357143,1.45985401,2026-01-01,2026-05-25
"[TOFU] [TIK]","[C] [LM - TESTE] [ABO]","AD - 4 — Cópia",prospecting,active,2563,2940,1.14709325,,,,30.29483224,2026-05-23,Contínuo,10.30436471,18,1.68304624,0.6122449,2026-01-01,2026-05-25
"[PUBLICO ABERTO]","[C] [TESTE LP]","ADS - DANI — Cópia",prospecting,archived,6289,6385,1.01526475,,,,30.2,2026-02-24,Contínuo,4.72983555,28,1.07857143,0.4385278,2026-01-01,2026-05-25
"[TOFU] [TIK + ORG ] [ABERTO]","[C] [LM - TESTE] [ABO]","AD4 — Cópia",engaged,inactive,1295,1701,1.31351351,"Compras no site",1,30.15,30.15,2026-02-11,Contínuo,17.72486772,10,3.015,0.58788948,2026-01-01,2026-05-25
"[EXCLUSÃO BASE] [ADV. +]","[C] [LM - PRINCIPAL][EX. BASE] [ADV. +] [CBO]","AD - JADE TOFU 19-05 BM JADE + DENA",existing,active,1683,2342,1.39156269,,,,30.05455985,2026-03-17,Contínuo,12.83286074,54,0.55656592,2.30572161,2026-01-01,2026-05-25
"Arte Org - Digestino","[C] [LM - TESTE] [ABO]","ADS2- 18-02",existing,not_delivering,971,1172,1.20700309,,,,30.04,2026-02-18,Contínuo,25.63139932,13,2.31076923,1.10921502,2026-01-01,2026-05-25
"Conj. - Q10","[C] [LM - TESTE] [ABO]","ADS2- Q10",engaged,not_delivering,1468,2247,1.53065395,"Compras no site",1,29.72,29.72,2026-02-20,Contínuo,13.22652425,24,1.23833333,1.06809079,2026-01-01,2026-05-25
"[BM] [ANA ELISA]","[C] [LM - TESTE] [ABO]","ADS - INFLU ANA ELISA",existing,inactive,700,1241,1.77285714,,,,29.60664133,2025-10-01,Contínuo,23.85708407,30,0.98688804,2.41740532,2026-01-01,2026-05-25
"[COENZIMA] [RMKT]","[C] [VARIOS PRODUTO] [ABO] [BID]","ADS2- SABRINA",prospecting,inactive,430,477,1.10930233,,,,29.47,2026-05-10,Contínuo,61.78197065,6,4.91166667,1.25786164,2026-01-01,2026-05-25
[RMK],"[C] [JEJOOM] [CBO]","AD - LARISSA TOFU",engaged,inactive,642,758,1.18068536,,,,29.46,2026-04-17,Contínuo,38.86543536,11,2.67818182,1.45118734,2026-01-01,2026-05-25
eng,"[C] [COQ.10][PRINCIPAL] - NOVA","Teste - ad1",existing,not_delivering,309,410,1.32686084,,,,29.43,2026-02-09,Contínuo,71.7804878,24,1.22625,5.85365854,2026-01-01,2026-05-25
"[CAMPANHA AQUISIÇÃO]","[C] [JEJOOM] [CBO]","AD - MORGANA",prospecting,inactive,1688,2064,1.22274882,"Compras no site",1,29.38277013,29.38277013,2025-10-13,Contínuo,14.23583824,12,2.44856418,0.58139535,2026-01-01,2026-05-25
"Influ Vitoria - Lm","[C] [LM - TESTE] [ABO]",AD3,engaged,inactive,1124,1619,1.44039146,"Compras no site",1,29.37,29.37,2026-03-12,Contínuo,18.14082767,40,0.73425,2.4706609,2026-01-01,2026-05-25
"[PERFIL NOVO]","[C] [LM - PRINCIPAL] - [PLANO B] 2 TESTE","ADS 6",engaged,inactive,1784,2738,1.53475336,"Compras no site",1,29.3,29.3,2026-03-25,Contínuo,10.70124178,23,1.27391304,0.84002922,2026-01-01,2026-05-25
"[RMKT PB FECHADO]","[C] [LM - RMKT] [ADV. ABO]","AD - BOFU — Cópia",prospecting,not_delivering,1483,1700,1.14632502,"Compras no site",1,29.28,29.28,2026-05-23,Contínuo,17.22352941,12,2.44,0.70588235,2026-01-01,2026-05-25
"[COENZIMA] [RMKT]","[C] [VARIOS PRODUTO] [ABO] [BID]",ADS,existing,not_delivering,717,1089,1.51882845,,,,29.24,2026-05-10,Contínuo,26.8503214,74,0.39513514,6.79522498,2026-01-01,2026-05-25
"[COENZIMA] [RMKT]","[C] [VARIOS PRODUTO] [ABO] [BID]","AD - RMKT",prospecting,inactive,1404,1581,1.12606838,,,,29.14,2026-05-10,Contínuo,18.43137255,6,4.85666667,0.37950664,2026-01-01,2026-05-25
"Influ Dani - Vm","[C] [LM - TESTE] [ABO]",AD3,existing,not_delivering,966,1247,1.29089027,"Compras no site",1,29.1,29.1,2026-02-25,Contínuo,23.33600642,11,2.64545455,0.88211708,2026-01-01,2026-05-25
"[RMKT PB FECHADO]","[C] [LM - RMKT] [ADV. ABO]","AD - LUCIANA TOFU — Cópia",engaged,not_delivering,829,885,1.06755127,"Compras no site",1,28.91,28.91,2026-05-23,Contínuo,32.66666667,18,1.60611111,2.03389831,2026-01-01,2026-05-25
"[VINAGRE] [RMKT]","[C] [VARIOS PRODUTO] [ABO] [BID]",AD3,prospecting,inactive,1376,1685,1.22456395,,,,28.89,2026-01-20,Contínuo,17.14540059,19,1.52052632,1.12759644,2026-01-01,2026-05-25
"[CAMPANHA AQUISIÇÃO]","[C] [JEJOOM] [CBO]","AD - MORGANA TOFU",prospecting,inactive,794,994,1.25188917,,,,28.82,2025-10-13,Contínuo,28.99396378,5,5.764,0.50301811,2026-01-01,2026-05-25
"LP 2 - TONS","[C] [LM - PRINCIPAL][EX. BASE] [ADV. +] [CBO]","tons_dr-ursinho_video-reels_10-07-2025_esse-foi-produto-que-a-mamae — Cópia",engaged,archived,699,756,1.08154506,"Compras no site",1,28.74,28.74,2026-02-06,Contínuo,38.01587302,12,2.395,1.58730159,2026-01-01,2026-05-25
"[RMKT LARANJA MORO-REATIVAÇÃO BASE QUENTE]","[C] [LM - RMKT] [ADV. ABO]","AD - PAM MOFU",engaged,not_delivering,713,806,1.13043478,,,,28.35,2025-10-13,Contínuo,35.17369727,11,2.57727273,1.36476427,2026-01-01,2026-05-25
"[HIBRIDO] [ESTATICO ORG.] [BID 60]","[C] [LM - TESTE] [ABO]","AD - NIVER 4",engaged,inactive,1571,2308,1.46912794,,,,28.17740384,2026-03-20,Contínuo,12.20858052,24,1.17405849,1.03986135,2026-01-01,2026-05-25
"[AQUISIÇÃO]  [ADV. +]","[C] [LM - PRINCIPAL][EX. BASE] [ADV. +] [CBO]","ADS - RAIZA 5",existing,inactive,1136,1600,1.4084507,,,,27.95,2026-01-23,Contínuo,17.46875,28,0.99821429,1.75,2026-01-01,2026-05-25
adv-aqui-rmtk_coezima-q10_engajado-existente_5-existentes_max-conv_26-05-2025,"[C] [COQ.10][PRINCIPAL]","AD2 - 07/01",existing,inactive,446,620,1.39013453,"Compras no site",1,27.93,27.93,2025-01-20,Contínuo,45.0483871,13,2.14846154,2.09677419,2026-01-01,2026-05-25
"Influ Raiza 2","[C] [LM - TESTE] [ABO]","ADS 2",engaged,not_delivering,709,1030,1.45275035,"Compras no site",1,27.92,27.92,2026-01-29,Contínuo,27.10679612,3,9.30666667,0.29126214,2026-01-01,2026-05-25
"[PERFIL NOVO]","[C] [LM - PRINCIPAL] - [PLANO B] 2 TESTE","ADS 6",existing,inactive,1758,2750,1.56427759,,,,27.87,2026-03-25,Contínuo,10.13454545,12,2.3225,0.43636364,2026-01-01,2026-05-25
"Influ Lari - Jejoom","[C] [LM - TESTE] [ABO]",AD4,existing,not_delivering,770,947,1.22987013,,,,27.75,2026-02-12,Contínuo,29.3030623,14,1.98214286,1.47835269,2026-01-01,2026-05-25
"[ADV ABER.]","[C] [LM - PRINCIPAL] - [PLANO B] 2 TESTE","AD1 — Cópia",existing,inactive,2152,3026,1.40613383,"Compras no site",1,27.71,27.71,2026-02-25,Contínuo,9.15730337,6,4.61833333,0.19828156,2026-01-01,2026-05-25
"Varias Influs - VM","[C] [LM - TESTE] [ABO]","ADS 2",existing,inactive,834,968,1.16067146,,,,27.69,2026-02-19,Contínuo,28.6053719,6,4.615,0.61983471,2026-01-01,2026-05-25
"Influ Lari - Jejoom","[C] [LM - TESTE] [ABO]","AD1 - Flexivel",engaged,not_delivering,866,1119,1.29214781,"Compras no site",1,27.53,27.53,2026-02-12,Contínuo,24.6023235,19,1.44894737,1.69794459,2026-01-01,2026-05-25
"[TOFU] [TIK TOK] [EXCLUSAÕ BASE] [BID 60] - TESTE ATÉ 20-05","[C] [LM - TESTE] [ABO]","AD - 6",engaged,not_delivering,1650,1908,1.15636364,,,,27.52,2026-03-12,Contínuo,14.42348008,5,5.504,0.26205451,2026-01-01,2026-05-25
"Evelyn Regly BM - LM","[C] [LM - TESTE] [ABO]","ADS 3",engaged,inactive,1185,2116,1.78565401,,,,27.51,2026-02-04,Contínuo,13.00094518,18,1.52833333,0.85066163,2026-01-01,2026-05-25
"[AQUISIÇÃO]  [ADV. +]","[C] [LM - PRINCIPAL][EX. BASE] [ADV. +] [CBO]","AD - TOFU",engaged,inactive,740,986,1.33243243,,,,27.51,2026-01-23,Contínuo,27.90060852,113,0.24345133,11.46044625,2026-01-01,2026-05-25
"teste publico novo - bid","[C] [LM - TESTE] [ABO]","ADS 1",engaged,not_delivering,1061,1448,1.36475024,"Compras no site",2,13.74880458,27.49760916,2026-02-19,Contínuo,18.99006158,12,2.29146743,0.82872928,2026-01-01,2026-05-25
"LP NOVA","[C] [TONS] [PB DR]",tons_dr-ursinho_video-reels_10-07-2025_esse-foi-produto-que-a-mamae,existing,inactive,585,828,1.41538462,,,,27.46,2026-02-09,Contínuo,33.16425121,56,0.49035714,6.76328502,2026-01-01,2026-05-25
"Influ Marcela Jacaré - Vm","[C] [LM - TESTE] [ABO]",AD1,existing,archived,485,592,1.22061856,"Compras no site",1,27.41004959,27.41004959,2026-01-28,Contínuo,46.30075945,8,3.4262562,1.35135135,2026-01-01,2026-05-25
"[PUBLICO ENG.] [DR]","[C] [TONS] [PB DR]","tons2_rmkt_01-09-2025 — Cópia",existing,archived,707,885,1.25176803,"Compras no site",1,27.41,27.41,2025-06-20,Contínuo,30.97175141,7,3.91571429,0.79096045,2026-01-01,2026-05-25
"LP - 1","[C] [LM - PRINCIPAL][EX. BASE] [ADV. +] [CBO]","Video-Rmkt-DaniWinits — Cópia",existing,archived,710,895,1.26056338,,,,27.32,2026-01-19,Contínuo,30.52513966,13,2.10153846,1.45251397,2026-01-01,2026-05-25
"[AQUISIÇÃO]  [ADV. +]","[C] [LM - PRINCIPAL][EX. BASE] [ADV. +] [CBO]","AD - EVELYN",existing,inactive,665,892,1.34135338,,,,27.27772751,2026-01-23,Contínuo,30.58041201,17,1.60457221,1.9058296,2026-01-01,2026-05-25
"[TESTE PB FECHADO]","[C] [LM - TESTE] [ABO]","AD - RMK  EVELYN 18-05 PERFIL DENA",engaged,active,975,1215,1.24615385,,,,27.23,2026-05-22,Contínuo,22.41152263,9,3.02555556,0.74074074,2026-01-01,2026-05-25
"Arte Org - Digestino","[C] [LM - TESTE] [ABO]","ADS2- 18-02",prospecting,not_delivering,1205,1353,1.12282158,,,,27.05,2026-02-18,Contínuo,19.99260902,12,2.25416667,0.88691796,2026-01-01,2026-05-25
"[INOSITOL] [RMKT]","[C] [VARIOS PRODUTO] [ABO] [BID]","AD - BOFU RMKT3 17-05",existing,not_delivering,727,894,1.22971114,,,,26.98,2026-05-17,Contínuo,30.17897092,25,1.0792,2.79642058,2026-01-01,2026-05-25
"teste publico novo - bid","[C] [LM - TESTE] [ABO]","ADS 4",prospecting,not_delivering,866,1031,1.19053118,,,,26.81211938,2026-02-19,Contínuo,26.00593539,14,1.91515138,1.35790495,2026-01-01,2026-05-25
"LP 2 - TONS","[C] [LM - PRINCIPAL][EX. BASE] [ADV. +] [CBO]","AD1 — Cópia",existing,archived,1013,1262,1.24580454,"Compras no site",1,26.81,26.81,2026-02-06,Contínuo,21.24405705,13,2.06230769,1.03011094,2026-01-01,2026-05-25
eng,"[C] [COQ.10][PRINCIPAL] - NOVA","ADS 1 - DANI",prospecting,not_delivering,237,352,1.48523207,,,,26.79,2026-02-09,Contínuo,76.10795455,4,6.6975,1.13636364,2026-01-01,2026-05-25
[MOFU],"[C] [LM - PRINCIPAL] - [PLANO B] 2 TESTE","AD - PAM MOFU 2 — Cópia",prospecting,inactive,4003,5438,1.35848114,,,,26.77,2026-03-31,Contínuo,4.92276572,12,2.23083333,0.22066936,2026-01-01,2026-05-25
"[EXCLUSÃO BASE] [ADV. +]","[C] [LM - PRINCIPAL][EX. BASE] [ADV. +] [CBO]","AD - MOFU ISA NOGUEIRA  REFAÇÃO 17-05 — Cópia",engaged,inactive,846,1042,1.23167849,"Compras no site",1,26.74,26.74,2026-03-17,Contínuo,25.6621881,44,0.60772727,4.22264875,2026-01-01,2026-05-25
"Influ Isa Nogueira - LM TESTE TRAVA DE CPA","[C] [LM - TESTE] [ABO]","Criativo 1 - Edição Completa",existing,archived,604,650,1.07615894,,,,26.71,2025-10-07,Contínuo,41.09230769,11,2.42818182,1.69230769,2026-01-01,2026-05-25
[RMK],"[C] [JEJOOM] [CBO]","AD - TACI 2",prospecting,active,2258,2360,1.04517272,,,,26.71,2026-04-17,Contínuo,11.31779661,5,5.342,0.21186441,2026-01-01,2026-05-25
"Adeli - Lm e Vm","[C] [LM - TESTE] [ABO]",AD2,existing,not_delivering,531,589,1.10922787,,,,26.7,2026-03-12,Contínuo,45.33106961,9,2.96666667,1.52801358,2026-01-01,2026-05-25
"teste publico novo - bid","[C] [LM - TESTE] [ABO]","AD - JADE TOFU — Cópia",prospecting,not_delivering,516,537,1.04069767,"Compras no site",1,26.61,26.61,2026-02-19,Contínuo,49.55307263,7,3.80142857,1.30353818,2026-01-01,2026-05-25
"Carrossel - Lm","[C] [LM - TESTE] [ABO]","ADS2 - 18-02 — Cópia",engaged,inactive,1573,1980,1.25874126,,,,26.52834058,2026-02-20,Contínuo,13.39815181,29,0.91477036,1.46464646,2026-01-01,2026-05-25
"teste aquisição ate dia 15  - Lm","[C] [LM - TESTE] [ABO]","ADS - INFLU ANA ELISA",existing,inactive,1083,1621,1.49676824,,,,26.42,2026-02-04,Contínuo,16.29858112,20,1.321,1.23380629,2026-01-01,2026-05-25
"Adeli - Lm e Vm","[C] [LM - TESTE] [ABO]",AD3,existing,not_delivering,461,519,1.12581345,,,,26.33,2026-03-12,Contínuo,50.73217726,5,5.266,0.96339114,2026-01-01,2026-05-25
EVELIN,"[C] [LM - TESTE] [ABO]","AD - RMK  EVELYN 18-05 PERFIL DENA",existing,active,928,1059,1.14116379,"Compras no site",1,26.3,26.3,2026-05-18,Contínuo,24.83474976,5,5.26,0.47214353,2026-01-01,2026-05-25
"Influ Nutri- Lm","[C] [LM - TESTE] [ABO]","ADS 2",prospecting,not_delivering,2385,2839,1.19035639,"Compras no site",1,26.29,26.29,2026-02-24,Contínuo,9.26030292,16,1.643125,0.56357872,2026-01-01,2026-05-25
"Influ Evelyn BM -VM","[C] [LM - TESTE] [ABO]","ADS 1",existing,inactive,943,1531,1.62354189,,,,26.27,2026-02-04,Contínuo,17.15871979,11,2.38818182,0.71848465,2026-01-01,2026-05-25
"teste aquisição ate dia 15  - Lm","[C] [LM - TESTE] [ABO]","ADS - INFLU ANA ELISA 2",prospecting,inactive,881,982,1.11464245,,,,26.23,2026-02-04,Contínuo,26.7107943,7,3.74714286,0.71283096,2026-01-01,2026-05-25
"Conj - Vm","[C] [LM - TESTE] [ABO]","AD - MI RUBACK MOFU — Cópia",existing,not_delivering,412,522,1.26699029,,,,26.17390738,2026-01-30,Contínuo,50.14158501,21,1.24637654,4.02298851,2026-01-01,2026-05-25
"[TOFU] [TIK TOK] [EXCLUSAÕ BASE] [BID 60] - TESTE ATÉ 20-05","[C] [LM - TESTE] [ABO]","AD - MOFU",engaged,inactive,2055,2524,1.22822384,,,,26.13041203,2026-03-12,Contínuo,10.35277814,18,1.45168956,0.71315372,2026-01-01,2026-05-25
"[MOFU] [TIK TOK] - TESTE ATÉ 20-05","[C] [LM - TESTE] [ABO]","AD - 7",existing,not_delivering,253,352,1.39130435,,,,26.09,2026-05-17,Contínuo,74.11931818,38,0.68657895,10.79545455,2026-01-01,2026-05-25
"Influ Morgana - Jejoom","[C] [LM - TESTE] [ABO]",ADS2,existing,inactive,550,624,1.13454545,,,,25.97,2026-03-02,Contínuo,41.61858974,6,4.32833333,0.96153846,2026-01-01,2026-05-25
"Arte Organica - Q10","[C] [LM - TESTE] [ABO]","ADS3- Q10",existing,not_delivering,471,572,1.21443737,,,,25.91,2026-02-18,Contínuo,45.2972028,15,1.72733333,2.62237762,2026-01-01,2026-05-25
"Evelyn Regly BM - LM","[C] [LM - TESTE] [ABO]","ADS - ART 3",prospecting,inactive,1168,1797,1.5385274,,,,25.82,2026-02-04,Contínuo,14.36839176,2,12.91,0.11129661,2026-01-01,2026-05-25
"Lm Perfil Novo","[C] [LM - TESTE] [ABO]","AD - MOFU — Cópia",prospecting,not_delivering,1271,2474,1.94649882,,,,25.72,2025-11-03,Contínuo,10.39611964,861,0.02987224,34.80194018,2026-01-01,2026-05-25
"Arte - Organica Tons ###","[C] [LM - TESTE] [ABO]",AD7,engaged,inactive,1110,1459,1.31441441,"Compras no site",2,12.835,25.67,2026-01-26,Contínuo,17.59424263,13,1.97461538,0.89102125,2026-01-01,2026-05-25
"TESTE RACHEL ATE 21-03","[C] [LM - PRINCIPAL] - [PLANO B] 2 TESTE",AD2,prospecting,archived,1512,1916,1.26719577,,,,25.58,2026-03-17,Contínuo,13.35073069,10,2.558,0.52192067,2026-01-01,2026-05-25
"teste aquisição ate dia 15  - Lm","[C] [LM - TESTE] [ABO]","ADS 3 — Cópia",engaged,inactive,2225,3084,1.38606742,"Compras no site",1,25.49,25.49,2026-02-04,Contínuo,8.26523995,37,0.68891892,1.1997406,2026-01-01,2026-05-25
"[BOFU] [ADV+ ABERTO] [ESTATICO]","[C] [LM - TESTE] [ABO]",AD3,existing,inactive,1442,2183,1.51386963,,,,25.42703336,2026-02-25,Contínuo,11.64774776,27,0.94174198,1.23683005,2026-01-01,2026-05-25
"Influ turbo - Vm teste ate 16-04","[C] [LM - TESTE] [ABO]","AD - FERNANDA",engaged,not_delivering,403,504,1.25062035,,,,25.4,2026-04-13,Contínuo,50.3968254,12,2.11666667,2.38095238,2026-01-01,2026-05-25
"[PUBLICO ABERTO]","[C] [LM - PRINCIPAL] [PLANO B] 1 TESTE","ADS5 - RAIZA",engaged,inactive,1347,1834,1.36154417,,,,25.39,2025-12-10,Contínuo,13.84405671,10,2.539,0.54525627,2026-01-01,2026-05-25
"Influ Sabrina - LM TESTE TRAVA DE CPA","[C] [LM - TESTE] [ABO]","AD - 1 — Cópia",engaged,archived,2491,3383,1.35808912,,,,25.38270201,2025-10-22,Contínuo,7.50301567,51,0.49770004,1.50753769,2026-01-01,2026-05-25
eng,"[C] [COQ.10][PRINCIPAL] - NOVA","ADS 1 - ORGANICO",prospecting,not_delivering,627,716,1.14194577,,,,25.34,2026-02-09,Contínuo,35.39106145,7,3.62,0.97765363,2026-01-01,2026-05-25
"Influ Vitoria - Vm","[C] [LM - TESTE] [ABO]",AD3,existing,not_delivering,497,583,1.17303823,,,,25.33226453,2026-03-12,Contínuo,43.45156866,8,3.16653307,1.37221269,2026-01-01,2026-05-25
"LP 2 - TONS","[C] [LM - PRINCIPAL][EX. BASE] [ADV. +] [CBO]","tons_dr-ursinho-melasma2-13-10-2025 — Cópia",engaged,archived,346,404,1.16763006,,,,25.25,2026-02-06,Contínuo,62.5,8,3.15625,1.98019802,2026-01-01,2026-05-25
[RMK],"[C] [JEJOOM] [CBO]","AD - MORGANA TOFU",engaged,inactive,1273,1893,1.48703849,,,,25.2,2026-04-17,Contínuo,13.31220285,73,0.34520548,3.85631273,2026-01-01,2026-05-25
"[RMKT LARANJA MORO-REATIVAÇÃO BASE QUENTE]","[C] [LM - RMKT] [ADV. ABO]","AD - PAM MOFU 2",engaged,not_delivering,703,795,1.13086771,,,,25.14,2025-10-13,Contínuo,31.62264151,10,2.514,1.25786164,2026-01-01,2026-05-25
"[CAMPANHA AQUISIÇÃO]","[C] [JEJOOM] [CBO]","AD2- LARI 13-02-2025",engaged,inactive,910,1374,1.50989011,,,,25.08,2025-10-13,Contínuo,18.25327511,18,1.39333333,1.31004367,2026-01-01,2026-05-25
ABER.,"[C] [TONS] [PB ABERTO] [TESTE BID CAP]","ADS 3 - 18-02",existing,archived,1815,2877,1.58512397,"Compras no site",1,24.75277342,24.75277342,2026-03-16,Contínuo,8.60367515,6,4.12546224,0.20855057,2026-01-01,2026-05-25
"Influ Jade","[C] [LM - TESTE] [ABO]","Criativo Versão 2 - Jade",engaged,archived,625,683,1.0928,,,,24.75,2025-10-06,Contínuo,36.23718887,8,3.09375,1.17130307,2026-01-01,2026-05-25
ABER.,"[C] [TONS] [PB ABERTO] [TESTE BID CAP]","AD1 - VERAO — Cópia",prospecting,archived,1990,2673,1.34321608,,,,24.65,2026-03-16,Contínuo,9.22184811,9,2.73888889,0.33670034,2026-01-01,2026-05-25
"[TESTE PB FECHADO]","[C] [LM - TESTE] [ABO]","AD - RMK  EVELYN 19-05 PERFIL DENA",existing,active,199,234,1.1758794,"Compras no site",1,24.6,24.6,2026-05-22,Contínuo,105.12820513,12,2.05,5.12820513,2026-01-01,2026-05-25
"[PUBLICO ABERTO] — Cópia","[C] [LM - PRINCIPAL] [PLANO B] 1 TESTE","ADS - RAIZA 3",existing,archived,237,244,1.02953586,,,,24.59,2026-01-08,Contínuo,100.77868852,1,24.59,0.40983607,2026-01-01,2026-05-25
"Influ Dani Arte - Lm","[C] [LM - TESTE] [ABO]",AD1,existing,not_delivering,788,1083,1.37436548,,,,24.57,2026-02-12,Contínuo,22.68698061,2,12.285,0.18467221,2026-01-01,2026-05-25
"Influ Lari - Jejoom","[C] [LM - TESTE] [ABO]","ADS - LARI 7",engaged,not_delivering,575,649,1.12869565,,,,24.45,2026-02-12,Contínuo,37.67334361,12,2.0375,1.84899846,2026-01-01,2026-05-25
"teste aquisição ate dia 15  - Lm","[C] [LM - TESTE] [ABO]","ADS - DANI — Cópia",engaged,not_delivering,998,1260,1.26252505,"Compras no site",1,24.37,24.37,2026-02-04,Contínuo,19.34126984,9,2.70777778,0.71428571,2026-01-01,2026-05-25
"Influ Duda - Lm","[C] [LM - TESTE] [ABO]","ADS 2 - Duda",existing,archived,775,1844,2.37935484,"Compras no site",1,24.36,24.36,2026-02-09,Contínuo,13.21041215,9,2.70666667,0.48806941,2026-01-01,2026-05-25
[RMK],"[C] [JEJOOM] [CBO]","AD - RMKT",prospecting,inactive,1910,2331,1.22041885,,,,24.34,2026-04-17,Contínuo,10.44187044,13,1.87230769,0.55770056,2026-01-01,2026-05-25
"Conj - Vm","[C] [LM - TESTE] [ABO]","AD - LIS — Cópia",engaged,inactive,443,505,1.13995485,,,,24.32,2026-01-30,Contínuo,48.15841584,8,3.04,1.58415842,2026-01-01,2026-05-25
"Conj - Melato","[C] [LM - TESTE] [ABO]","ad - 2",engaged,not_delivering,720,1215,1.6875,,,,24.31,2026-04-09,Contínuo,20.00823045,6,4.05166667,0.49382716,2026-01-01,2026-05-25
"[PUBLICO ABERTO]","[C] [WHITE] TRAFEGO","AD5 - FUNDO — Cópia — Cópia",unknown,not_delivering,3304,4213,1.27512107,"Visualizações da página de destino",154,0.15772727,24.29,2026-03-26,Contínuo,5.76548778,227,0.10700441,5.3880845,2026-01-01,2026-05-25
"LP NOVA","[C] [TONS] [PB DR]","AD1 - VERAO — Cópia",engaged,inactive,573,868,1.51483421,"Compras no site",1,24.28345768,24.28345768,2026-02-09,Contínuo,27.97633373,9,2.69816196,1.03686636,2026-01-01,2026-05-25
"Evelyn Regly BM - LM","[C] [LM - TESTE] [ABO]","Teste - ADS 2",engaged,inactive,863,1692,1.96060255,,,,24.24,2026-02-04,Contínuo,14.32624113,13,1.86461538,0.76832151,2026-01-01,2026-05-25
"[PUBLICO ABERTO]","[C] [TONS] [PB ABERTO] [TESTE BID CAP]","ADS - ASIATICA — Cópia | Pausado sem checkout e sem conversões",prospecting,archived,1269,1381,1.08825847,,,,24.18,2026-03-16,Contínuo,17.50905141,24,1.0075,1.73787111,2026-01-01,2026-05-25
"[RMKT LARANJA MORO-REATIVAÇÃO BASE QUENTE]","[C] [LM - RMKT] [ADV. ABO]","AD - MOFU DANI  REFAÇÃO 17-05",existing,inactive,479,610,1.27348643,,,,24.18,2025-10-13,Contínuo,39.63934426,64,0.3778125,10.49180328,2026-01-01,2026-05-25
"[PUBLICO ENG.]","[C] [VM] [CAPTAÇÃO LEAD] [LANÇAMENTO]",AD4,unknown,not_delivering,2181,2194,1.00596057,"Leads no site",2,12.02,24.04,2026-01-14,Contínuo,10.95715588,31,0.77548387,1.41294439,2026-01-01,2026-05-25
"[RMKT LARANJA MORO-REATIVAÇÃO BASE QUENTE]","[C] [LM - RMKT] [ADV. ABO]","ADS 1",prospecting,not_delivering,478,517,1.08158996,,,,23.99,2025-10-13,Contínuo,46.40232108,6,3.99833333,1.16054159,2026-01-01,2026-05-25
"Influ Vitoria - Vm","[C] [LM - TESTE] [ABO]",AD1,engaged,not_delivering,649,819,1.26194145,,,,23.99,2026-03-12,Contínuo,29.29181929,27,0.88851852,3.2967033,2026-01-01,2026-05-25
"[ADV ABER.]","[C] [LM - PRINCIPAL] - [PLANO B] 2 TESTE","ADS 3 — Cópia",engaged,inactive,1460,2204,1.50958904,,,,23.96,2026-02-25,Contínuo,10.87114338,20,1.198,0.90744102,2026-01-01,2026-05-25
"Influ Paula Bigode - Vm","[C] [LM - TESTE] [ABO]",AD1,engaged,archived,502,581,1.15737052,,,,23.89,2026-01-28,Contínuo,41.11876076,18,1.32722222,3.09810671,2026-01-01,2026-05-25
"[CAMPANHA AQUISIÇÃO]","[C] [JEJOOM] [CBO]","AD - NIVER",engaged,inactive,607,957,1.57660626,,,,23.88552735,2025-10-13,Contínuo,24.95875376,12,1.99046061,1.2539185,2026-01-01,2026-05-25
"Influ Dani - Vm","[C] [LM - TESTE] [ABO]",AD2,existing,not_delivering,869,1171,1.34752589,,,,23.81,2026-02-25,Contínuo,20.33304868,13,1.83153846,1.11016225,2026-01-01,2026-05-25
"[PUBLICO ABERTO]","[C] [TONS] [PB ABERTO] [TESTE BID CAP]","ADS - MEIO 13-02-2026 | Pausado ROAS baixo",engaged,archived,573,611,1.06631763,,,,23.73,2026-03-16,Contínuo,38.83797054,20,1.1865,3.27332242,2026-01-01,2026-05-25
"[RMKT LARANJA MORO-REATIVAÇÃO BASE QUENTE]","[C] [LM - RMKT] [ADV. ABO]","AD - MOFU DANI  REFAÇÃO 17-05",prospecting,inactive,380,421,1.10789474,"Compras no site",1,23.71,23.71,2025-10-13,Contínuo,56.31828979,8,2.96375,1.90023753,2026-01-01,2026-05-25
"[TOFU] [TIK + ORG ] [ABERTO]","[C] [LM - TESTE] [ABO]","AD2 — Cópia",engaged,inactive,893,1041,1.16573348,,,,23.68826383,2026-02-11,Contínuo,22.75529667,11,2.15347853,1.05667627,2026-01-01,2026-05-25
"[AQUISIÇÃO]  [ADV. +]","[C] [LM - PRINCIPAL][EX. BASE] [ADV. +] [CBO]","ADS - KAMILI",existing,inactive,623,805,1.29213483,,,,23.66,2026-01-23,Contínuo,29.39130435,17,1.39176471,2.11180124,2026-01-01,2026-05-25
"LP - 1","[C] [LM - PRINCIPAL][EX. BASE] [ADV. +] [CBO]","Video-Rmkt-DaniWinits — Cópia",engaged,archived,657,766,1.16590563,,,,23.6,2026-01-19,Contínuo,30.80939948,17,1.38823529,2.21932115,2026-01-01,2026-05-25
"Arte Organica - VM","[C] [LM - TESTE] [ABO]","ADS1 - VM",existing,archived,542,633,1.16789668,,,,23.6,2026-02-18,Contínuo,37.28278041,5,4.72,0.78988942,2026-01-01,2026-05-25
"[TESTE PB FECHADO JADE]","[C] [LM - TESTE] [ABO]","AD - RMK  EVELYN 18-05 PERFIL DENA — Cópia — Cópia",engaged,active,1214,1709,1.407743,"Compras no site",1,23.5898829,23.5898829,2026-05-23,Contínuo,13.80332528,19,1.24157278,1.11176126,2026-01-01,2026-05-25
"[TESTE PB FECHADO]","[C] [LM - TESTE] [ABO]","AD - JADE MOFU 3 LP LM1",prospecting,inactive,1093,1154,1.0558097,,,,23.58,2026-05-22,Contínuo,20.43327556,11,2.14363636,0.95320624,2026-01-01,2026-05-25
adv-aqui-rmtk_coezima-q10_engajado-existente_5-existentes_max-conv_26-05-2025,"[C] [COQ.10][PRINCIPAL]",coenzima-sarah-14-08-2026-video,existing,inactive,489,897,1.83435583,"Compras no site",1,23.57918422,23.57918422,2025-01-20,Contínuo,26.28671597,124,0.19015471,13.8238573,2026-01-01,2026-05-25
ABER.,"[C] [TONS] [PB ABERTO] [TESTE BID CAP]","ADS 1 - 18-02",prospecting,archived,1383,1561,1.12870571,,,,23.52122732,2026-03-16,Contínuo,15.06805081,13,1.80932518,0.83279949,2026-01-01,2026-05-25
"[VINAGRE] [RMKT]","[C] [VARIOS PRODUTO] [ABO] [BID]","AD - MOFU MARCELA 17-05",engaged,inactive,811,1091,1.34525277,"Compras no site",1,23.44,23.44,2026-01-20,Contínuo,21.48487626,100,0.2344,9.16590284,2026-01-01,2026-05-25
"LP - 2","[C] [LM - PRINCIPAL][EX. BASE] [ADV. +] [CBO]","Video-Rmkt-DaniWinits — Cópia",existing,archived,469,615,1.31130064,,,,23.4,2026-01-19,Contínuo,38.04878049,7,3.34285714,1.13821138,2026-01-01,2026-05-25
"Influ Dani Arte - Lm","[C] [LM - TESTE] [ABO]",AD1,prospecting,not_delivering,1058,1359,1.28449905,,,,23.38,2026-02-12,Contínuo,17.20382634,5,4.676,0.36791759,2026-01-01,2026-05-25
"[RMKT LARANJA MORO-REATIVAÇÃO BASE QUENTE]","[C] [LM - RMKT] [ADV. ABO]","ADS 1",engaged,not_delivering,500,562,1.124,,,,23.33,2025-10-13,Contínuo,41.51245552,7,3.33285714,1.2455516,2026-01-01,2026-05-25
"LP 1 - TOPO TONS","[C] [LM - PRINCIPAL][EX. BASE] [ADV. +] [CBO]","tons_dr-ursinho-melasma2-13-10-2025 — Cópia",engaged,archived,379,435,1.14775726,,,,23.12,2026-02-06,Contínuo,53.14942529,8,2.89,1.83908046,2026-01-01,2026-05-25
"Evelyn Regly BM - LM","[C] [LM - TESTE] [ABO]","ADS 1",existing,inactive,1100,1704,1.54909091,"Compras no site",1,23.04,23.04,2026-02-04,Contínuo,13.52112676,10,2.304,0.58685446,2026-01-01,2026-05-25
"[AQUISIÇÃO]  [ADV. +]","[C] [LM - PRINCIPAL][EX. BASE] [ADV. +] [CBO]","ADS - MES CONSUMIDOR 2",engaged,inactive,628,706,1.12420382,,,,23.02766974,2026-01-23,Contínuo,32.61709594,7,3.28966711,0.99150142,2026-01-01,2026-05-25
"Influ Sabrina - LM TESTE TRAVA DE CPA","[C] [LM - TESTE] [ABO]","AD - 1 — Cópia",prospecting,archived,3618,4524,1.25041459,,,,22.97244544,2025-10-22,Contínuo,5.07790571,38,0.60453804,0.83996463,2026-01-01,2026-05-25
"ABER. — Cópia | Pausado checkout caro","[C] [TONS] [PB ABERTO] [TESTE BID CAP]","ADS - ASIATICA — Cópia",prospecting,archived,931,967,1.0386681,,,,22.96,2026-03-16,Contínuo,23.74353671,12,1.91333333,1.2409514,2026-01-01,2026-05-25
"Varias Influs - VM","[C] [LM - TESTE] [ABO]","ADS 1",prospecting,inactive,445,479,1.07640449,,,,22.8,2026-02-19,Contínuo,47.59916493,6,3.8,1.2526096,2026-01-01,2026-05-25
adv-aqui-rmtk_coezima-q10_engajado-existente_5-existentes_max-conv_26-05-2025,"[C] [COQ.10][PRINCIPAL]","AD3 - 07/01",existing,not_delivering,267,402,1.50561798,"Compras no site",1,22.78,22.78,2025-01-20,Contínuo,56.66666667,8,2.8475,1.99004975,2026-01-01,2026-05-25
"[Publico Quente] [TESTE]","[C] [DIGESTINO] [PRINCIPAL]","ADS - LIS",engaged,not_delivering,500,675,1.35,,,,22.77,2025-12-24,Contínuo,33.73333333,53,0.42962264,7.85185185,2026-01-01,2026-05-25
"Influ Morgana - Jejoom","[C] [LM - TESTE] [ABO]",ADS5,prospecting,inactive,639,725,1.13458529,,,,22.75,2026-03-02,Contínuo,31.37931034,11,2.06818182,1.51724138,2026-01-01,2026-05-25
"[TOFU] [TIK TOK] [EXCLUSAÕ BASE] [BID 60] - TESTE ATÉ 20-05","[C] [LM - TESTE] [ABO]",AD5,existing,inactive,1292,2052,1.58823529,,,,22.74,2026-03-12,Contínuo,11.08187135,25,0.9096,1.21832359,2026-01-01,2026-05-25
"[EXCLUSÃO BASE] [ADV. +]","[C] [LM - PRINCIPAL][EX. BASE] [ADV. +] [CBO]","AD - JADE TOFU 19-05 BM JADE + DENA",engaged,active,1098,1504,1.36976321,,,,22.73370572,2026-03-17,Contínuo,15.11549582,31,0.73334535,2.06117021,2026-01-01,2026-05-25
"[RMKT PB FECHADO]","[C] [LM - RMKT] [ADV. ABO]","AD - BOFU — Cópia",existing,not_delivering,1008,1135,1.12599206,,,,22.45,2026-05-23,Contínuo,19.77973568,12,1.87083333,1.05726872,2026-01-01,2026-05-25
"[RMKT LARANJA MORO-REATIVAÇÃO BASE QUENTE]","[C] [LM - RMKT] [ADV. ABO]","AD - JADE TOFU 19-05 BM JADE + DENA — Cópia — Cópia — Cópia",engaged,inactive,826,1025,1.2409201,,,,22.42,2025-10-13,Contínuo,21.87317073,4,5.605,0.3902439,2026-01-01,2026-05-25
"[Publico Quente] [TESTE]","[C] [DIGESTINO] [PRINCIPAL]","Teste - ADS - LIS",engaged,inactive,555,763,1.37477477,,,,22.3,2025-12-24,Contínuo,29.22673657,29,0.76896552,3.80078637,2026-01-01,2026-05-25
"[AQUISIÇÃO]  [ADV. +]","[C] [LM - PRINCIPAL][EX. BASE] [ADV. +] [CBO]","ADS - KAMILI",engaged,inactive,700,846,1.20857143,"Compras no site",1,22.28,22.28,2026-01-23,Contínuo,26.3356974,22,1.01272727,2.60047281,2026-01-01,2026-05-25
"Influ Lari - Jejoom","[C] [LM - TESTE] [ABO]",AD5,prospecting,not_delivering,682,787,1.15395894,,,,22.26,2026-02-12,Contínuo,28.28462516,7,3.18,0.88945362,2026-01-01,2026-05-25
"teste aquisição ate dia 15  - Lm","[C] [LM - TESTE] [ABO]","ADS 3 — Cópia",prospecting,inactive,2325,3306,1.42193548,,,,22.26,2026-02-04,Contínuo,6.73321234,39,0.57076923,1.17967332,2026-01-01,2026-05-25
"teste publico novo - bid","[C] [LM - TESTE] [ABO]","AD - JADE TOFU — Cópia",existing,not_delivering,319,358,1.12225705,,,,22.21,2026-02-19,Contínuo,62.03910615,13,1.70846154,3.63128492,2026-01-01,2026-05-25
"[EXCLUSÃO BASE] [ADV. +]","[C] [LM - PRINCIPAL][EX. BASE] [ADV. +] [CBO]","AD - LEMOS MOFU",engaged,inactive,838,1033,1.2326969,,,,22.14393833,2026-03-17,Contínuo,21.43653275,11,2.0130853,1.06485963,2026-01-01,2026-05-25
"[PUBLICO ENG.] [DR]","[C] [TONS] [PB ABERTO] [TESTE BID CAP]","ADS 3 - 18-02",prospecting,archived,1988,2248,1.13078471,,,,22.14,2026-03-16,Contínuo,9.84875445,6,3.69,0.26690391,2026-01-01,2026-05-25
"Evelyn Regly BM - LM","[C] [LM - TESTE] [ABO]","AD - JESSICA MOFU NIVER",engaged,not_delivering,407,465,1.14250614,,,,21.94,2026-02-04,Contínuo,47.1827957,3,7.31333333,0.64516129,2026-01-01,2026-05-25
"[PUBLICO ABERTO]","[C] [TONS] [PB ABERTO] [TESTE BID CAP]","ADS - MEIO 13-02-2026 | Pausado ROAS baixo",existing,archived,507,557,1.09861933,,,,21.88,2026-03-16,Contínuo,39.28186715,9,2.43111111,1.61579892,2026-01-01,2026-05-25
"[TESTE PB FECHADO ANA ELISA]","[C] [LM - TESTE] [ABO]","AD - MOFU ANA ELISA — Cópia",existing,active,607,705,1.16144975,"Compras no site",1,21.86462697,21.86462697,2026-05-23,Contínuo,31.01365528,9,2.429403,1.27659574,2026-01-01,2026-05-25
"LP 1 - TOPO TONS","[C] [LM - PRINCIPAL][EX. BASE] [ADV. +] [CBO]","AD1 — Cópia",existing,archived,873,1078,1.23482245,,,,21.86,2026-02-06,Contínuo,20.27829314,4,5.465,0.37105751,2026-01-01,2026-05-25
[RMK],"[C] [JEJOOM] [CBO]","AD - NIVER",existing,inactive,700,1119,1.59857143,,,,21.8,2026-04-17,Contínuo,19.48168007,14,1.55714286,1.25111707,2026-01-01,2026-05-25
"teste aquisição ate dia 15  - Lm","[C] [LM - TESTE] [ABO]","ADS - INFLU ANA ELISA 3",prospecting,inactive,776,1015,1.30798969,,,,21.79,2026-02-04,Contínuo,21.4679803,2,10.895,0.19704433,2026-01-01,2026-05-25
"[MOFU] [TIK TOK] - TESTE ATÉ 20-05","[C] [LM - TESTE] [ABO]","AD - 6",prospecting,not_delivering,411,457,1.11192214,,,,21.78,2026-05-17,Contínuo,47.65864333,5,4.356,1.0940919,2026-01-01,2026-05-25
"Influ Marcela Jacaré - Vm","[C] [LM - TESTE] [ABO]",AD3,existing,archived,601,734,1.22129784,"Compras no site",1,21.73303322,21.73303322,2026-01-28,Contínuo,29.60903709,5,4.34660664,0.68119891,2026-01-01,2026-05-25
"[TESTE PB FECHADO ANA ELISA]","[C] [LM - TESTE] [ABO]","AD - RMK  EVELYN 18-05 PERFIL DENA — Cópia — Cópia",engaged,active,1134,1404,1.23809524,,,,21.7177741,2026-05-23,Contínuo,15.46850007,10,2.17177741,0.71225071,2026-01-01,2026-05-25
"Influ Mi Ruback - Lm","[C] [LM - TESTE] [ABO]",ADS0,existing,archived,612,896,1.46405229,,,,21.7,2026-01-23,Contínuo,24.21875,29,0.74827586,3.23660714,2026-01-01,2026-05-25
"Influ Lari - Jejoom","[C] [LM - TESTE] [ABO]",AD5,existing,not_delivering,576,753,1.30729167,,,,21.65,2026-02-12,Contínuo,28.75166003,14,1.54642857,1.85922975,2026-01-01,2026-05-25
"Influ Morgana - Jejoom","[C] [LM - TESTE] [ABO]",ADS1,existing,inactive,726,874,1.20385675,,,,21.55,2026-03-02,Contínuo,24.65675057,15,1.43666667,1.71624714,2026-01-01,2026-05-25
"teste publico novo - bid","[C] [LM - TESTE] [ABO]","ADS 4",engaged,not_delivering,577,678,1.17504333,,,,21.43969099,2026-02-19,Contínuo,31.62196311,7,3.062813,1.03244838,2026-01-01,2026-05-25
"[VINAGRE] [RMKT]","[C] [VARIOS PRODUTO] [ABO] [BID]","ADS - SABRINA",engaged,inactive,280,377,1.34642857,"Compras no site",1,21.37,21.37,2026-01-20,Contínuo,56.68435013,5,4.274,1.32625995,2026-01-01,2026-05-25
"[ADV ABER.]","[C] [LM - PRINCIPAL] - [PLANO B] 2 TESTE","AD2 — Cópia",engaged,inactive,1360,1825,1.34191176,,,,21.22210193,2026-02-25,Contínuo,11.628549,5,4.24442039,0.2739726,2026-01-01,2026-05-25
"[ADV ABER.]","[C] [LM - PRINCIPAL] - [PLANO B] 2 TESTE","[ADS] - [LARISSA] [TOPO] [25-02]",engaged,inactive,653,742,1.13629403,,,,21.15,2026-02-25,Contínuo,28.50404313,2,10.575,0.26954178,2026-01-01,2026-05-25
"teste publico novo - bid","[C] [LM - TESTE] [ABO]","AD - BOFU — Cópia",engaged,not_delivering,411,577,1.40389294,,,,21.11,2026-02-19,Contínuo,36.58578856,8,2.63875,1.3864818,2026-01-01,2026-05-25
--,"[C] [VARIOS PRODUTO] [ABO] [BID]","AD - NIVER",engaged,archived,377,489,1.29708223,,,,21.06,2026-04-06,Contínuo,43.06748466,3,7.02,0.61349693,2026-01-01,2026-05-25
"Influ Ingrid - Lm","[C] [LM - TESTE] [ABO]","ADS 3",engaged,not_delivering,1282,2017,1.57332293,"Compras no site",1,20.84,20.84,2026-02-25,Contínuo,10.3321765,25,0.8336,1.23946455,2026-01-01,2026-05-25
"Arte Organica - VM","[C] [LM - TESTE] [ABO]","ADS2 - VM",existing,archived,448,543,1.21205357,,,,20.76,2026-02-18,Contínuo,38.2320442,10,2.076,1.84162063,2026-01-01,2026-05-25
"[EXCLUSÃO BASE] [ADV. +]","[C] [LM - PRINCIPAL][EX. BASE] [ADV. +] [CBO]","AD - BOFU 3",engaged,inactive,1545,1862,1.20517799,,,,20.57947331,2026-03-17,Contínuo,11.05234871,7,2.93992476,0.37593985,2026-01-01,2026-05-25
"Influ Luciana","[C] [LM - TESTE] [ABO]","ADS 1",existing,not_delivering,738,1120,1.51761518,"Compras no site",1,20.54,20.54,2026-01-28,Contínuo,18.33928571,4,5.135,0.35714286,2026-01-01,2026-05-25
"[TESTE PB FECHADO]","[C] [LM - TESTE] [ABO]","AD - EVELYN",prospecting,inactive,724,830,1.14640884,,,,20.49,2026-05-22,Contínuo,24.68674699,7,2.92714286,0.84337349,2026-01-01,2026-05-25
"Influ Evelyn - Vm","[C] [LM - TESTE] [ABO]","ADS 3",prospecting,not_delivering,795,914,1.14968553,,,,20.44,2026-01-29,Contínuo,22.36323851,10,2.044,1.0940919,2026-01-01,2026-05-25
"[DIGESTINO] [RMKT]","[C] [VARIOS PRODUTO] [ABO] [BID]","AD1 - 07/01 — Cópia",engaged,not_delivering,936,1322,1.41239316,,,,20.43643219,2026-05-10,Contínuo,15.45872329,6,3.40607203,0.45385779,2026-01-01,2026-05-25
adv-engajado-laranja-mouro-sudeste-sul-centro,"[C][LM - COST CAP WINNERS] [ [CBO]","ADS - RAIZA 3 — Cópia",existing,inactive,668,793,1.18712575,,,,20.38,2025-08-27,Contínuo,25.6998739,7,2.91142857,0.88272383,2026-01-01,2026-05-25
"Lm Perfil Novo","[C] [LM - TESTE] [ABO]","AD - JADE TOFU — Cópia",existing,not_delivering,963,1325,1.37590862,,,,20.3588432,2025-11-03,Contínuo,15.36516468,45,0.45241874,3.39622642,2026-01-01,2026-05-25
"Evelyn Regly BM - LM","[C] [LM - TESTE] [ABO]","ADS 3",existing,inactive,969,1644,1.69659443,"Compras no site",1,20.32,20.32,2026-02-04,Contínuo,12.36009732,11,1.84727273,0.66909976,2026-01-01,2026-05-25
"Arte Org - Digestino","[C] [LM - TESTE] [ABO]","ADS1 - 18-02",existing,inactive,559,693,1.23971377,"Compras no site",1,20.32,20.32,2026-02-18,Contínuo,29.32178932,10,2.032,1.44300144,2026-01-01,2026-05-25
"[COENZIMA] [RMKT]","[C] [VARIOS PRODUTO] [ABO] [BID]","ADS2- SABRINA",engaged,inactive,363,485,1.33608815,,,,20.29,2026-05-10,Contínuo,41.83505155,15,1.35266667,3.09278351,2026-01-01,2026-05-25
"[PUBLICO ABERTO]","[C] [TONS] [PB ABERTO] [TESTE BID CAP]","ADS 2 - 18-02 | Pausado ROAS baixo",engaged,archived,1016,1223,1.20374016,,,,20.20169862,2026-03-16,Contínuo,16.51815096,11,1.83651806,0.89942764,2026-01-01,2026-05-25
"[TESTE PB FECHADO]","[C] [LM - TESTE] [ABO]","AD - EVELYN",existing,inactive,453,538,1.18763797,,,,20.09,2026-05-22,Contínuo,37.34200743,,,,2026-01-01,2026-05-25
"Influ Raiza - VM","[C] [LM - TESTE] [ABO]","ADS 1",prospecting,not_delivering,895,1084,1.21117318,"Compras no site",1,20.08,20.08,2026-02-19,Contínuo,18.52398524,8,2.51,0.73800738,2026-01-01,2026-05-25
"[RMKT LARANJA MORO-REATIVAÇÃO BASE QUENTE]","[C] [LM - RMKT] [ADV. ABO]","AD - BOFU",unknown,active,330,358,1.08484848,"Compras no site",2,10.027594,20.05518801,2025-10-13,Contínuo,56.02007823,2,10.027594,0.55865922,2026-01-01,2026-05-25
"[ADV ABER.]","[C] [LM - PRINCIPAL] - [PLANO B] 2 TESTE","[ADS] - [LARISSA] [TOPO] [25-02]",engaged,inactive,995,1384,1.39095477,,,,19.78179183,2026-02-25,Contínuo,14.29320219,6,3.2969653,0.43352601,2026-01-01,2026-05-25
"Influ Sabrina 2 - Lm","[C] [LM - TESTE] [ABO]","ADS 3 - SABRINA",engaged,archived,697,880,1.2625538,,,,19.77,2026-02-05,Contínuo,22.46590909,18,1.09833333,2.04545455,2026-01-01,2026-05-25
"[TESTE PB FECHADO JADE]","[C] [LM - TESTE] [ABO]","AD - RMK  EVELYN 18-05 PERFIL DENA — Cópia — Cópia",engaged,active,900,1266,1.40666667,,,,19.71071703,2026-05-23,Contínuo,15.56928675,8,2.46383963,0.63191153,2026-01-01,2026-05-25
"[CAMPANHA AQUISIÇÃO]","[C] [JEJOOM] [CBO]","AD5 - ORGANICO",engaged,inactive,711,867,1.21940928,,,,19.69,2025-10-13,Contínuo,22.71049596,9,2.18777778,1.03806228,2026-01-01,2026-05-25
"Influ Morgana - Jejoom","[C] [LM - TESTE] [ABO]",ADS9,existing,inactive,446,536,1.20179372,,,,19.69,2026-03-02,Contínuo,36.73507463,9,2.18777778,1.67910448,2026-01-01,2026-05-25
"[PUBLICO ABERTO]","[C] [TONS] [PB ABERTO] [TESTE BID CAP]","AD1 - VERAO — Cópia | Pausado sem checkout e sem conversões",prospecting,archived,1485,2016,1.35757576,"Compras no site",1,19.59,19.59,2026-03-16,Contínuo,9.7172619,10,1.959,0.49603175,2026-01-01,2026-05-25
"[RMKT LARANJA MORO-REATIVAÇÃO BASE QUENTE]","[C] [LM - RMKT] [ADV. ABO]","AD - LUCIANA MOFU",unknown,inactive,230,233,1.01304348,"Compras no site",1,19.57747375,19.57747375,2025-10-13,Contínuo,84.02349249,4,4.89436844,1.7167382,2026-01-01,2026-05-25
"[TESTE PB FECHADO JADE]","[C] [LM - TESTE] [ABO]","AD - JADE TOFU 19-05 BM JADE + DENA — Cópia — Cópia",prospecting,active,916,1060,1.15720524,,,,19.53318535,2026-05-23,Contínuo,18.42753335,9,2.17035393,0.8490566,2026-01-01,2026-05-25
"[VINAGRE] [RMKT]","[C] [VARIOS PRODUTO] [ABO] [BID]","AD - TOFU — Cópia — Cópia",engaged,active,940,1375,1.46276596,,,,19.50228551,2026-01-20,Contínuo,14.18348037,68,0.28679832,4.94545455,2026-01-01,2026-05-25
"teste publico novo - bid","[C] [LM - TESTE] [ABO]","AD - JADE TOFU — Cópia",engaged,not_delivering,290,309,1.06551724,"Compras no site",2,9.695,19.39,2026-02-19,Contínuo,62.75080906,8,2.42375,2.58899676,2026-01-01,2026-05-25
"Influ Dani - Vm","[C] [LM - TESTE] [ABO]",AD2,prospecting,not_delivering,1842,2299,1.24809989,,,,19.37,2026-02-25,Contínuo,8.42540235,12,1.61416667,0.52196607,2026-01-01,2026-05-25
"[DIGESTINO] [RMKT]","[C] [VARIOS PRODUTO] [ABO] [BID]","ADS1 - 18-02",engaged,not_delivering,1311,1746,1.33180778,,,,19.2638538,2026-05-10,Contínuo,11.03313505,38,0.50694352,2.17640321,2026-01-01,2026-05-25
"[AQUISIÇÃO]  [ADV. +]","[C] [LM - PRINCIPAL][EX. BASE] [ADV. +] [CBO]","ADS - DUDA",engaged,inactive,581,801,1.37865749,,,,19.2,2026-01-23,Contínuo,23.97003745,28,0.68571429,3.49563046,2026-01-01,2026-05-25
"[MOFU] [TIK TOK] - TESTE ATÉ 20-05","[C] [LM - TESTE] [ABO]","AD - MOFU ate 14-05",engaged,inactive,559,628,1.1234347,,,,19.17,2026-05-17,Contínuo,30.52547771,4,4.7925,0.63694268,2026-01-01,2026-05-25
"[ADV ABER.]","[C] [LM - PRINCIPAL] - [PLANO B] 2 TESTE","[ADS] - [LARISSA] [TOPO] [25-02]",existing,inactive,1136,1627,1.43221831,,,,19.04172479,2026-02-25,Contínuo,11.70358008,9,2.1157472,0.55316533,2026-01-01,2026-05-25
"[VINAGRE] [RMKT]","[C] [VARIOS PRODUTO] [ABO] [BID]",AD9,prospecting,inactive,429,481,1.12121212,"Compras no site",1,18.99,18.99,2026-01-20,Contínuo,39.48024948,3,6.33,0.62370062,2026-01-01,2026-05-25
"[RMKT LARANJA MORO-REATIVAÇÃO BASE QUENTE]","[C] [LM - RMKT] [ADV. ABO]","AD - EVELYN NVIER",existing,not_delivering,381,439,1.15223097,,,,18.97,2025-10-13,Contínuo,43.2118451,3,6.32333333,0.6833713,2026-01-01,2026-05-25
"[HIBRIDO] [ESTATICO ORG.] [BID 60]","[C] [LM - TESTE] [ABO]","AD - BOFU 2 — Cópia",engaged,inactive,1426,1715,1.2026648,,,,18.94,2026-03-20,Contínuo,11.04373178,12,1.57833333,0.69970845,2026-01-01,2026-05-25
"[RMKT LARANJA MORO-REATIVAÇÃO BASE QUENTE]","[C] [LM - RMKT] [ADV. ABO]","ADS - DUDA",prospecting,inactive,757,804,1.06208719,,,,18.93,2025-10-13,Contínuo,23.54477612,13,1.45615385,1.61691542,2026-01-01,2026-05-25
EVELIN,"[C] [LM - TESTE] [ABO]","AD - RMK  EVELYN 18-05 PERFIL DENA",engaged,active,565,663,1.17345133,,,,18.89,2026-05-18,Contínuo,28.49170437,7,2.69857143,1.05580694,2026-01-01,2026-05-25
"Arte - Organica Tons ###","[C] [LM - TESTE] [ABO]",AD7,existing,inactive,770,1065,1.38311688,,,,18.87,2026-01-26,Contínuo,17.71830986,4,4.7175,0.37558685,2026-01-01,2026-05-25
"[CAMPANHA AQUISIÇÃO]","[C] [JEJOOM] [CBO]","AD - MORGANA",engaged,inactive,838,1104,1.31742243,,,,18.8517773,2025-10-13,Contínuo,17.07588523,13,1.45013672,1.17753623,2026-01-01,2026-05-25
"[MOFU] [TIK TOK] - TESTE ATÉ 20-05","[C] [LM - TESTE] [ABO]","AD - MOFU teste ate 08-05",existing,inactive,161,184,1.14285714,,,,18.85,2026-05-17,Contínuo,102.44565217,1,18.85,0.54347826,2026-01-01,2026-05-25
"[PUBLICO ENG.] [DR] — Cópia | [Réplica de Conjunto Validado] | Pausado checkout caro","[C] [TONS] [PB ABERTO] [TESTE BID CAP]","ADS - ASIATICA | Reativado ROAS bom hoje",prospecting,archived,431,459,1.0649652,,,,18.77,2026-03-24,Contínuo,40.89324619,10,1.877,2.17864924,2026-01-01,2026-05-25
"Influ Raiza - VM","[C] [LM - TESTE] [ABO]","ADS 2",existing,not_delivering,724,989,1.3660221,,,,18.74,2026-02-19,Contínuo,18.94843276,10,1.874,1.01112235,2026-01-01,2026-05-25
"[COENZIMA] [RMKT]","[C] [VARIOS PRODUTO] [ABO] [BID]","AD - RMKT 4",existing,not_delivering,490,584,1.19183673,"Compras no site",1,18.71,18.71,2026-05-10,Contínuo,32.03767123,10,1.871,1.71232877,2026-01-01,2026-05-25
"[BOFU] [ADV+ ABERTO] [ESTATICO]","[C] [LM - TESTE] [ABO]","AD - DANI TOFU 3",engaged,not_delivering,1374,1653,1.20305677,,,,18.57963604,2026-02-25,Contínuo,11.23994921,15,1.2386424,0.90744102,2026-01-01,2026-05-25
"[TESTE PB FECHADO JADE]","[C] [LM - TESTE] [ABO]","AD - JADE TOFU 19-05 BM JADE + DENA — Cópia — Cópia",existing,active,776,971,1.25128866,"Compras no site",1,18.563596,18.563596,2026-05-23,Contínuo,19.11801854,10,1.8563596,1.02986612,2026-01-01,2026-05-25
"[PUBLICO ABERTO]","[C] [TONS] [PB ABERTO] [TESTE BID CAP]","tons4_rmkt_20-10-2025 — Cópia",prospecting,archived,1902,2345,1.23291272,,,,18.56,2026-03-16,Contínuo,7.91471215,10,1.856,0.42643923,2026-01-01,2026-05-25
"[PUBLICO ABERTO]","[C] [LM - PRINCIPAL] [PLANO B] 1 TESTE","ADS - LARISSA — Cópia",existing,inactive,757,790,1.04359313,,,,18.55,2025-12-10,Contínuo,23.48101266,1,18.55,0.12658228,2026-01-01,2026-05-25
"Influ Morgana - Jejoom","[C] [LM - TESTE] [ABO]",ADS2,prospecting,inactive,435,468,1.07586207,,,,18.51,2026-03-02,Contínuo,39.55128205,10,1.851,2.13675214,2026-01-01,2026-05-25
"[RMKT LARANJA MORO-REATIVAÇÃO BASE QUENTE]","[C] [LM - RMKT] [ADV. ABO]","AD - MOFU DANI  REFAÇÃO 17-05",engaged,inactive,362,458,1.26519337,,,,18.38,2025-10-13,Contínuo,40.13100437,45,0.40844444,9.82532751,2026-01-01,2026-05-25
eng,"[C] [COQ.10][PRINCIPAL] - NOVA","ADS 1 - ORGANICO",engaged,not_delivering,340,427,1.25588235,,,,18.35,2026-02-09,Contínuo,42.97423888,3,6.11666667,0.70257611,2026-01-01,2026-05-25
[RMK],"[C] [JEJOOM] [CBO]","AD - TACI",existing,active,406,568,1.39901478,,,,18.28,2026-04-17,Contínuo,32.18309859,53,0.34490566,9.33098592,2026-01-01,2026-05-25
"[MOFU] [TIK TOK] - TESTE ATÉ 20-05","[C] [LM - TESTE] [ABO]","AD - 5",engaged,not_delivering,407,499,1.22604423,,,,18.26259559,2026-05-17,Contínuo,36.59838796,32,0.57070611,6.41282565,2026-01-01,2026-05-25
"Influ Rachel - Kit","[C] [LM - TESTE] [ABO]",AD2,prospecting,not_delivering,507,568,1.12031558,"Compras no site",1,18.2,18.2,2026-03-12,Contínuo,32.04225352,5,3.64,0.88028169,2026-01-01,2026-05-25
"LP NOVA","[C] [TONS] [PB DR]","tons_dr-ursinho-melasma1-13-10-2025 — Cópia — Cópia",engaged,not_delivering,664,734,1.10542169,,,,18.2,2026-02-09,Contínuo,24.79564033,11,1.65454545,1.4986376,2026-01-01,2026-05-25
"teste aquisição ate dia 15  - Lm","[C] [LM - TESTE] [ABO]","ADS - INFLU ANA ELISA",engaged,inactive,810,1057,1.30493827,,,,18.16,2026-02-04,Contínuo,17.18070009,15,1.21066667,1.41911069,2026-01-01,2026-05-25
"teste publico novo - bid","[C] [LM - TESTE] [ABO]","ADS 4",existing,not_delivering,527,637,1.20872865,,,,18.11818963,2026-02-19,Contínuo,28.44299785,7,2.5883128,1.0989011,2026-01-01,2026-05-25
"[TOFU] [TIK TOK] [EXCLUSAÕ BASE] [BID 60] - TESTE ATÉ 20-05","[C] [LM - TESTE] [ABO]","AD - ALESSANDRA",existing,not_delivering,947,1229,1.29778247,,,,17.95302204,2026-03-12,Contínuo,14.60782916,10,1.7953022,0.81366965,2026-01-01,2026-05-25
"Influ Nutri- Lm","[C] [LM - TESTE] [ABO]","ADS 2",engaged,not_delivering,1126,1519,1.34902309,,,,17.76,2026-02-24,Contínuo,11.69190257,57,0.31157895,3.75246873,2026-01-01,2026-05-25
"[TOFU] [TIK]","[C] [LM - TESTE] [ABO]","AD - 4 — Cópia",existing,active,432,686,1.58796296,,,,17.74727084,2026-05-23,Contínuo,25.8706572,96,0.1848674,13.9941691,2026-01-01,2026-05-25
"[BM] [ANA ELISA]","[C] [LM - TESTE] [ABO]","ADS - INFLU ANA ELISA",engaged,inactive,433,665,1.53579677,"Compras no site",1,17.64799796,17.64799796,2025-10-01,Contínuo,26.53834279,9,1.96088866,1.35338346,2026-01-01,2026-05-25
EVELIN,"[C] [LM - TESTE] [ABO]","AD - EVELYN",prospecting,active,1092,1228,1.12454212,"Compras no site",1,17.62041629,17.62041629,2026-05-18,Contínuo,14.3488732,5,3.52408326,0.40716612,2026-01-01,2026-05-25
"[CAMPANHA AQUISIÇÃO]","[C] [JEJOOM] [CBO]","AD1 - LARI",engaged,inactive,639,911,1.4256651,,,,17.62,2025-10-13,Contínuo,19.3413831,10,1.762,1.09769484,2026-01-01,2026-05-25
"Influ Rachel - Kit","[C] [LM - TESTE] [ABO]",AD2,engaged,not_delivering,320,390,1.21875,,,,17.62,2026-03-12,Contínuo,45.17948718,9,1.95777778,2.30769231,2026-01-01,2026-05-25
"[AQUISIÇÃO]  [ADV. +]","[C] [LM - PRINCIPAL][EX. BASE] [ADV. +] [CBO]","ADS - JESSICA",unknown,inactive,317,332,1.04731861,,,,17.44009251,2026-01-23,Contínuo,52.53039912,8,2.18001156,2.40963855,2026-01-01,2026-05-25
"[PUBLICO ABERTO]","[C] [LM - PRINCIPAL] [PLANO B] 1 TESTE","AD - LUCIANA TOFU — Cópia",prospecting,not_delivering,1156,1256,1.08650519,,,,17.44,2025-12-10,Contínuo,13.88535032,5,3.488,0.39808917,2026-01-01,2026-05-25
"[COENZIMA] [RMKT]","[C] [VARIOS PRODUTO] [ABO] [BID]","AD - RMKT",prospecting,inactive,893,1064,1.19148936,,,,17.31,2026-05-10,Contínuo,16.26879699,4,4.3275,0.37593985,2026-01-01,2026-05-25
"[ADV ABER.]","[C] [LM - PRINCIPAL] - [PLANO B] 2 TESTE","[ADS] - [LARISSA] [TOPO] [25-02]",existing,inactive,592,670,1.13175676,,,,17.21,2026-02-25,Contínuo,25.68656716,6,2.86833333,0.89552239,2026-01-01,2026-05-25
"Influ Morgana - Jejoom","[C] [LM - TESTE] [ABO]",ADS8,existing,inactive,393,516,1.3129771,,,,17.15,2026-03-02,Contínuo,33.23643411,90,0.19055556,17.44186047,2026-01-01,2026-05-25
"[PUBLICO ABERTO] — Cópia","[C] [LM - PRINCIPAL] [PLANO B] 1 TESTE","ADS - SABRINA 1",engaged,archived,473,473,1,,,,16.94106487,2026-01-08,Contínuo,35.81620481,12,1.41175541,2.53699789,2026-01-01,2026-05-25
"Influ Duda - Lm","[C] [LM - TESTE] [ABO]","ADS 2 - Duda",engaged,archived,585,1179,2.01538462,,,,16.86,2026-02-09,Contínuo,14.30025445,6,2.81,0.50890585,2026-01-01,2026-05-25
[RMK],"[C] [JEJOOM] [CBO]","AD - TACI 2",existing,active,435,566,1.30114943,"Compras no site",1,16.75,16.75,2026-04-17,Contínuo,29.59363958,33,0.50757576,5.83038869,2026-01-01,2026-05-25
EVELIN,"[C] [LM - TESTE] [ABO]","AD - EVELYN TOFU",existing,active,473,523,1.10570825,,,,16.71,2026-05-18,Contínuo,31.95028681,6,2.785,1.14722753,2026-01-01,2026-05-25
adv-aqui-rmtk_coezima-q10_engajado-existente_5-existentes_max-conv_26-05-2025,"[C] [COQ.10][PRINCIPAL]","ADS - KAMILI 29/12",existing,inactive,557,1054,1.89228007,,,,16.64935262,2025-01-20,Contínuo,15.79634973,98,0.16989135,9.29791271,2026-01-01,2026-05-25
ABER.,"[C] [TONS] [PB ABERTO] [TESTE BID CAP]","AD1 - VERAO — Cópia",existing,archived,600,878,1.46333333,,,,16.59,2026-03-16,Contínuo,18.8952164,3,5.53,0.34168565,2026-01-01,2026-05-25
Jejoom,"[C] [LM - TESTE] [ABO]","ADS1 - 18-02",prospecting,not_delivering,553,652,1.17902351,,,,16.57,2026-02-18,Contínuo,25.41411043,6,2.76166667,0.9202454,2026-01-01,2026-05-25
"[VINAGRE] [RMKT]","[C] [VARIOS PRODUTO] [ABO] [BID]","AD - TOFU",existing,inactive,624,777,1.24519231,,,,16.52,2026-01-20,Contínuo,21.26126126,22,0.75090909,2.83140283,2026-01-01,2026-05-25
"Influ Dani Arte - Lm","[C] [LM - TESTE] [ABO]",AD2,engaged,not_delivering,286,401,1.4020979,,,,16.44,2026-02-12,Contínuo,40.99750623,3,5.48,0.74812968,2026-01-01,2026-05-25
"Carrossel - LM ROAS","[C] [LM - TESTE] [ABO]","CARROSSEL 1 - 18-02",existing,archived,218,279,1.27981651,,,,16.43,2026-02-18,Contínuo,58.88888889,5,3.286,1.7921147,2026-01-01,2026-05-25
"teste aquisição ate dia 15  - Lm","[C] [LM - TESTE] [ABO]","AD - ANA MOFU — Cópia",engaged,inactive,1049,1499,1.42897998,,,,16.38,2026-02-04,Contínuo,10.92728486,16,1.02375,1.06737825,2026-01-01,2026-05-25
"[PUBLICO ABERTO]","[C] [TONS] [PB ABERTO] [TESTE BID CAP]","ADS 3 - MES DO CLIENTE",prospecting,archived,1196,1480,1.23745819,,,,16.31,2026-03-16,Contínuo,11.02027027,2,8.155,0.13513514,2026-01-01,2026-05-25
"[PUBLICO ABERTO]","[C] [LM - PRINCIPAL] [PLANO B] 1 TESTE","ADS - LARISSA — Cópia",engaged,inactive,883,935,1.05889015,,,,16.28,2025-12-10,Contínuo,17.41176471,9,1.80888889,0.96256684,2026-01-01,2026-05-25
Jejoom,"[C] [LM - TESTE] [ABO]","ADS1 - 18-02",existing,not_delivering,431,513,1.19025522,,,,16.21,2026-02-18,Contínuo,31.59844055,5,3.242,0.97465887,2026-01-01,2026-05-25
"Influ Sabrina - Tons","[C] [LM - TESTE] [ABO]","ADS 1 - SABRINA",prospecting,inactive,413,461,1.11622276,,,,16.18,2026-02-09,Contínuo,35.09761388,6,2.69666667,1.30151844,2026-01-01,2026-05-25
"Influ Rachel - Kit","[C] [LM - TESTE] [ABO]",AD2,existing,not_delivering,349,417,1.19484241,,,,16.06,2026-03-12,Contínuo,38.51318945,7,2.29428571,1.67865707,2026-01-01,2026-05-25
"Conj - Melato","[C] [LM - TESTE] [ABO]","ad - 1",prospecting,not_delivering,828,1042,1.25845411,,,,15.97,2026-04-09,Contínuo,15.32629559,5,3.194,0.47984645,2026-01-01,2026-05-25
"[AQUISIÇÃO]  [ADV. +]","[C] [LM - PRINCIPAL][EX. BASE] [ADV. +] [CBO]","AD - JADE TOFU — Cópia",engaged,inactive,492,590,1.19918699,"Compras no site",1,15.96,15.96,2026-01-23,Contínuo,27.05084746,5,3.192,0.84745763,2026-01-01,2026-05-25
"[VINAGRE] [RMKT]","[C] [VARIOS PRODUTO] [ABO] [BID]","ADS 2 — Cópia",existing,inactive,241,276,1.14522822,,,,15.9,2026-01-20,Contínuo,57.60869565,3,5.3,1.08695652,2026-01-01,2026-05-25
"Influ Luciana","[C] [LM - TESTE] [ABO]","ADS 1",engaged,not_delivering,723,958,1.32503458,,,,15.88,2026-01-28,Contínuo,16.57620042,,,,2026-01-01,2026-05-25
"[TESTE PB FECHADO ANA ELISA]","[C] [LM - TESTE] [ABO]","AD - MOFU ANA ELISA — Cópia",engaged,active,443,515,1.16252822,,,,15.86019405,2026-05-23,Contínuo,30.79649329,7,2.26574201,1.3592233,2026-01-01,2026-05-25
"Influ Dani Arte - Lm","[C] [LM - TESTE] [ABO]",AD3,existing,not_delivering,687,1065,1.55021834,,,,15.82,2026-02-12,Contínuo,14.85446009,4,3.955,0.37558685,2026-01-01,2026-05-25
"Influ Vitoria - Vm","[C] [LM - TESTE] [ABO]",AD3,prospecting,not_delivering,825,905,1.0969697,,,,15.64993259,2026-03-12,Contínuo,17.2927432,6,2.6083221,0.66298343,2026-01-01,2026-05-25
"Varias Influs - VM","[C] [LM - TESTE] [ABO]","ADS 1",existing,inactive,381,412,1.08136483,,,,15.63,2026-02-19,Contínuo,37.9368932,8,1.95375,1.94174757,2026-01-01,2026-05-25
"Influ Isadora N. - Lm","[C] [LM - TESTE] [ABO]","ADS 1",prospecting,archived,656,753,1.14786585,,,,15.61,2026-01-23,Contínuo,20.73041169,5,3.122,0.66401062,2026-01-01,2026-05-25
ABER.,"[C] [TONS] [PB ABERTO] [TESTE BID CAP]","ADS - MEIO 13-02-2026 | Pausado ROAS baixo",engaged,archived,309,313,1.01294498,,,,15.49,2026-03-16,Contínuo,49.48881789,6,2.58166667,1.91693291,2026-01-01,2026-05-25
"[RMKT LARANJA MORO-REATIVAÇÃO BASE QUENTE]","[C] [LM - RMKT] [ADV. ABO]","AD - RMK NIVER 4 — Cópia",engaged,inactive,401,478,1.19201995,,,,15.44,2025-10-13,Contínuo,32.30125523,5,3.088,1.0460251,2026-01-01,2026-05-25
"[MOFU] [TIK TOK] - TESTE ATÉ 20-05","[C] [LM - TESTE] [ABO]","AD - MOFU ate 14-05",existing,inactive,445,483,1.08539326,,,,15.42,2026-05-17,Contínuo,31.92546584,8,1.9275,1.6563147,2026-01-01,2026-05-25
eng,"[C] [COQ.10][PRINCIPAL] - NOVA","Teste - ad1",prospecting,not_delivering,196,224,1.14285714,,,,15.4,2026-02-09,Contínuo,68.75,6,2.56666667,2.67857143,2026-01-01,2026-05-25
"[PUBLICO ENG.] [DR]","[C] [TONS] [PB DR]","AD - CAMPEÃO TOFU",unknown,active,107,112,1.04672897,,,,15.34697163,2025-06-20,Contínuo,137.02653239,2,7.67348581,1.78571429,2026-01-01,2026-05-25
"LP NOVA","[C] [TONS] [PB DR]","AD - BOFU — Cópia",existing,not_delivering,542,683,1.2601476,,,,15.28,2026-02-09,Contínuo,22.37188873,7,2.18285714,1.02489019,2026-01-01,2026-05-25
ABER.,"[C] [TONS] [PB ABERTO] [TESTE BID CAP]","ADS 3 - MES DO CLIENTE — Cópia",prospecting,archived,456,500,1.09649123,,,,15.28,2026-03-16,Contínuo,30.56,6,2.54666667,1.2,2026-01-01,2026-05-25
"[CAMPANHA AQUISIÇÃO]","[C] [JEJOOM] [CBO]","AD - NIVER",engaged,inactive,271,352,1.29889299,,,,15.16,2025-10-13,Contínuo,43.06818182,7,2.16571429,1.98863636,2026-01-01,2026-05-25
"[CAMPANHA AQUISIÇÃO]","[C] [JEJOOM] [CBO]","AD - MORGANA TOFU",engaged,inactive,521,694,1.33205374,,,,15.11,2025-10-13,Contínuo,21.77233429,10,1.511,1.44092219,2026-01-01,2026-05-25
"TONS TESTE","[C] [TONS] [PB DR]","AD - MOFU 1",engaged,not_delivering,276,378,1.36956522,,,,15.07,2026-04-06,Contínuo,39.86772487,24,0.62791667,6.34920635,2026-01-01,2026-05-25
"[PUBLICO ENG.] [DR]","[C] [TONS] [PB ABERTO] [TESTE BID CAP]","AD1 - VERAO — Cópia",prospecting,archived,359,430,1.19777159,,,,15.03,2026-03-16,Contínuo,34.95348837,1,15.03,0.23255814,2026-01-01,2026-05-25
"Influ Morgana - Jejoom","[C] [LM - TESTE] [ABO]",ADS1,prospecting,inactive,436,495,1.1353211,,,,15.02,2026-03-02,Contínuo,30.34343434,9,1.66888889,1.81818182,2026-01-01,2026-05-25
"[TOFU] [TIK TOK] [EXCLUSAÕ BASE] [BID 60] - TESTE ATÉ 20-05","[C] [LM - TESTE] [ABO]","AD - 8",engaged,not_delivering,1036,1213,1.17084942,,,,14.95,2026-03-12,Contínuo,12.32481451,18,0.83055556,1.48392415,2026-01-01,2026-05-25
"Influ Rachel - Kit","[C] [LM - TESTE] [ABO]",AD1,existing,not_delivering,285,341,1.19649123,,,,14.94382782,2026-03-12,Contínuo,43.82354201,6,2.49063797,1.75953079,2026-01-01,2026-05-25
"[MOFU] [TIK TOK] - TESTE ATÉ 20-05","[C] [LM - TESTE] [ABO]","AD -2",existing,not_delivering,236,317,1.34322034,,,,14.93,2026-05-17,Contínuo,47.0977918,49,0.30469388,15.45741325,2026-01-01,2026-05-25
"[EXCLUSÃO BASE] [ADV. +]","[C] [LM - PRINCIPAL][EX. BASE] [ADV. +] [CBO]","AD - BOFU 1",engaged,inactive,1221,1458,1.19410319,"Compras no site",2,7.44482755,14.88965509,2026-03-17,Contínuo,10.21238347,11,1.35360501,0.75445816,2026-01-01,2026-05-25
"[CAMPANHA AQUISIÇÃO]","[C] [JEJOOM] [CBO]","AD - RAIZA MOFU",existing,inactive,246,283,1.1504065,,,,14.79,2025-10-13,Contínuo,52.2614841,4,3.6975,1.41342756,2026-01-01,2026-05-25
"Adeli - Lm e Vm","[C] [LM - TESTE] [ABO]",AD3,engaged,not_delivering,300,333,1.11,,,,14.78,2026-03-12,Contínuo,44.38438438,1,14.78,0.3003003,2026-01-01,2026-05-25
"Influ Sabrina - Vm [Teste até 13-03]","[C] [LM - TESTE] [ABO]",ADS3,engaged,archived,440,487,1.10681818,,,,14.67,2026-02-05,Contínuo,30.12320329,7,2.09571429,1.43737166,2026-01-01,2026-05-25
"[VINAGRE] [RMKT]","[C] [VARIOS PRODUTO] [ABO] [BID]",AD9,existing,inactive,222,254,1.14414414,,,,14.67,2026-01-20,Contínuo,57.75590551,5,2.934,1.96850394,2026-01-01,2026-05-25
"Influ Lari - Jejoom","[C] [LM - TESTE] [ABO]","ADS - LARI 2",existing,not_delivering,334,367,1.0988024,,,,14.67,2026-02-12,Contínuo,39.97275204,1,14.67,0.27247956,2026-01-01,2026-05-25
"Conj. - Q10","[C] [LM - TESTE] [ABO]","ADS2- ORG",prospecting,inactive,1193,1244,1.04274937,,,,14.65,2026-02-20,Contínuo,11.77652733,10,1.465,0.80385852,2026-01-01,2026-05-25
"Lm Perfil Novo","[C] [LM - TESTE] [ABO]","Criativo 1 - Brenda 29/12 — Cópia",prospecting,not_delivering,540,730,1.35185185,,,,14.6,2025-11-03,Contínuo,20,37,0.39459459,5.06849315,2026-01-01,2026-05-25
"[TESTE PB FECHADO]","[C] [LM - TESTE] [ABO]","AD - RMK  EVELYN 18-05 PERFIL DENA — Cópia — Cópia",prospecting,active,730,817,1.11917808,,,,14.59,2026-05-22,Contínuo,17.85801714,6,2.43166667,0.73439412,2026-01-01,2026-05-25
"[TESTE PB FECHADO ANA ELISA]","[C] [LM - TESTE] [ABO]","AD - ANA ELISA MOFU — Cópia",existing,active,267,323,1.20973783,,,,14.55207103,2026-05-23,Contínuo,45.05285147,14,1.03943364,4.33436533,2026-01-01,2026-05-25
"[PUBLICO ENG.] [DR]","[C] [TONS] [PB DR]","AD - MOFU",unknown,active,121,123,1.01652893,,,,14.5293795,2025-06-20,Contínuo,118.12503662,4,3.63234488,3.25203252,2026-01-01,2026-05-25
"TESTE RACHEL ATE 21-03","[C] [LM - PRINCIPAL][EX. BASE] [ADV. +] [CBO]",AD1,existing,archived,273,338,1.23809524,,,,14.5,2026-03-17,Contínuo,42.89940828,5,2.9,1.47928994,2026-01-01,2026-05-25
[RMK],"[C] [JEJOOM] [CBO]","AD - RMKT",engaged,inactive,508,809,1.59251969,,,,14.49,2026-04-17,Contínuo,17.91100124,4,3.6225,0.49443758,2026-01-01,2026-05-25
[MOFU],"[C] [LM - PRINCIPAL] - [PLANO B] 2 TESTE","AD - TOFU",prospecting,inactive,1438,1927,1.34005563,,,,14.43,2026-03-31,Contínuo,7.48832382,7,2.06142857,0.36325895,2026-01-01,2026-05-25
"[TESTE PB FECHADO]","[C] [LM - TESTE] [ABO]","AD - RMK  EVELYN 18-05 PERFIL DENA — Cópia — Cópia",existing,active,373,417,1.11796247,,,,14.41,2026-05-22,Contínuo,34.55635492,3,4.80333333,0.71942446,2026-01-01,2026-05-25
"[PUBLICO ENG.] [DR]","[C] [TONS] [PB ABERTO] [TESTE BID CAP]","tons4_rmkt_20-10-2025 — Cópia",prospecting,archived,736,817,1.11005435,,,,14.34,2026-03-16,Contínuo,17.55201958,8,1.7925,0.97919217,2026-01-01,2026-05-25
"[PUBLICO ABERTO] — Cópia","[C] [LM - PRINCIPAL] [PLANO B] 1 TESTE","ADS -  ANA ELISA 1",engaged,archived,575,578,1.00521739,,,,14.31,2026-01-08,Contínuo,24.75778547,7,2.04428571,1.21107266,2026-01-01,2026-05-25
ABER.,"[C] [TONS] [PB ABERTO] [TESTE BID CAP]","ADS - MEIO 13-02-2026 | Pausado ROAS baixo",existing,archived,225,228,1.01333333,,,,14.26,2026-03-16,Contínuo,62.54385965,12,1.18833333,5.26315789,2026-01-01,2026-05-25
"Adeli - Lm e Vm","[C] [LM - TESTE] [ABO]",AD2,engaged,not_delivering,337,360,1.06824926,,,,14.26,2026-03-12,Contínuo,39.61111111,2,7.13,0.55555556,2026-01-01,2026-05-25
"Evelyn Regly BM - LM","[C] [LM - TESTE] [ABO]","ADS 7",prospecting,not_delivering,422,499,1.18246445,,,,14.25,2026-02-04,Contínuo,28.55711423,4,3.5625,0.80160321,2026-01-01,2026-05-25
"ABER. — Cópia | Pausado checkout caro","[C] [TONS] [PB ABERTO] [TESTE BID CAP]","ADS 3 - MES DO CLIENTE — Cópia",prospecting,archived,545,587,1.07706422,,,,14.2183414,2026-03-16,Contínuo,24.22204668,15,0.94788943,2.55536627,2026-01-01,2026-05-25
"Arte Organica - Q10","[C] [LM - TESTE] [ABO]","ADS3- Q10",prospecting,not_delivering,261,306,1.17241379,,,,14.19,2026-02-18,Contínuo,46.37254902,7,2.02714286,2.2875817,2026-01-01,2026-05-25
"Arte Organica - Q10","[C] [LM - TESTE] [ABO]","ADS2- Q10",existing,not_delivering,243,274,1.12757202,,,,14.13,2026-02-18,Contínuo,51.56934307,4,3.5325,1.45985401,2026-01-01,2026-05-25
"[PUBLICO ABERTO]","[C] [LM - PRINCIPAL] [PLANO B] 1 TESTE","AD - LUCIANA TOFU — Cópia",existing,not_delivering,436,492,1.12844037,,,,14.11,2025-12-10,Contínuo,28.67886179,5,2.822,1.01626016,2026-01-01,2026-05-25
ABER.,"[C] [TONS] [PB ABERTO] [TESTE BID CAP]","ADS 3 - 18-02",engaged,archived,1041,1537,1.47646494,,,,14.05157441,2026-03-16,Contínuo,9.14220846,5,2.81031488,0.32530904,2026-01-01,2026-05-25
"[INOSITOL] [RMKT]","[C] [VARIOS PRODUTO] [ABO] [BID]","AD - BOFU RMKT2 17-05",existing,not_delivering,222,291,1.31081081,"Compras no site",1,14.02,14.02,2026-05-17,Contínuo,48.17869416,9,1.55777778,3.09278351,2026-01-01,2026-05-25
"Influ Vitoria - Vm","[C] [LM - TESTE] [ABO]",AD3,engaged,not_delivering,256,313,1.22265625,,,,13.97780288,2026-03-12,Contínuo,44.65751718,12,1.16481691,3.83386581,2026-01-01,2026-05-25
"Influ Raiza","[C] [LM - TESTE] [ABO]","Criativo Versão 1 - Raiza 29/12",prospecting,archived,619,707,1.14216478,,,,13.86,2025-10-22,Contínuo,19.6039604,7,1.98,0.99009901,2026-01-01,2026-05-25
"[EXCLUSÃO BASE] [ADV. +]","[C] [LM - PRINCIPAL][EX. BASE] [ADV. +] [CBO]","AD - DANI TOFU",engaged,active,704,843,1.19744318,,,,13.77073291,2026-03-17,Contínuo,16.33538899,12,1.14756108,1.42348754,2026-01-01,2026-05-25
"[PUBLICO ABERTO] — Cópia","[C] [LM - PRINCIPAL] [PLANO B] 1 TESTE","ADS - SABRINA 2",engaged,archived,392,400,1.02040816,,,,13.62,2026-01-08,Contínuo,34.05,5,2.724,1.25,2026-01-01,2026-05-25
"[MOFU] [TIK TOK] - TESTE ATÉ 20-05","[C] [LM - TESTE] [ABO]","AD - 7",engaged,not_delivering,195,252,1.29230769,,,,13.54,2026-05-17,Contínuo,53.73015873,36,0.37611111,14.28571429,2026-01-01,2026-05-25
"Arte Organica - Q10","[C] [LM - TESTE] [ABO]","ADS1 - Q10",existing,not_delivering,343,432,1.25947522,,,,13.44,2026-02-18,Contínuo,31.11111111,7,1.92,1.62037037,2026-01-01,2026-05-25
[RMK],"[C] [JEJOOM] [CBO]","AD - TACI 3",existing,active,238,415,1.74369748,,,,13.42,2026-04-17,Contínuo,32.3373494,58,0.23137931,13.97590361,2026-01-01,2026-05-25
"[TOFU] [TIK TOK] [EXCLUSAÕ BASE] [BID 60] - TESTE ATÉ 20-05","[C] [LM - TESTE] [ABO]",AD5,engaged,inactive,1034,1642,1.58800774,,,,13.4,2026-03-12,Contínuo,8.16077954,7,1.91428571,0.42630938,2026-01-01,2026-05-25
"teste aquisição ate dia 15  - Lm","[C] [LM - TESTE] [ABO]","ADS - INFLU ANA ELISA 3",existing,inactive,521,738,1.41650672,,,,13.27,2026-02-04,Contínuo,17.98102981,28,0.47392857,3.79403794,2026-01-01,2026-05-25
"[CAMPANHA AQUISIÇÃO]","[C] [JEJOOM] [CBO]","ARTE 2 MES CLIENTE — Cópia",existing,inactive,392,552,1.40816327,,,,13.21,2025-10-13,Contínuo,23.93115942,5,2.642,0.9057971,2026-01-01,2026-05-25
"Influ Morgana - Jejoom","[C] [LM - TESTE] [ABO]",ADS8,prospecting,inactive,294,306,1.04081633,"Compras no site",1,13.18,13.18,2026-03-02,Contínuo,43.07189542,7,1.88285714,2.2875817,2026-01-01,2026-05-25
"Influ Rachel - Kit","[C] [LM - TESTE] [ABO]",AD1,prospecting,not_delivering,446,502,1.12556054,,,,13.17337433,2026-03-12,Contínuo,26.24178153,2,6.58668716,0.39840637,2026-01-01,2026-05-25
[RMK],"[C] [JEJOOM] [CBO]","AD - MORGANA TOFU — Cópia",existing,inactive,740,904,1.22162162,,,,13.17,2026-04-17,Contínuo,14.56858407,8,1.64625,0.88495575,2026-01-01,2026-05-25
"[TOFU][PERFIL NOVO]  TESTE","[C] [LM - PRINCIPAL] - [PLANO B] 2 TESTE","AD - 1 — Cópia",existing,not_delivering,1175,1366,1.16255319,,,,13.15,2026-03-16,Contínuo,9.62664714,14,0.93928571,1.02489019,2026-01-01,2026-05-25
[MOFU],"[C] [LM - PRINCIPAL] - [PLANO B] 2 TESTE","AD - TOFU",engaged,inactive,749,1150,1.53538051,,,,13.15,2026-03-31,Contínuo,11.43478261,86,0.15290698,7.47826087,2026-01-01,2026-05-25
"Influ Morgana - Jejoom","[C] [LM - TESTE] [ABO]",ADS5,engaged,inactive,359,419,1.16713092,,,,13.13,2026-03-02,Contínuo,31.33651551,7,1.87571429,1.67064439,2026-01-01,2026-05-25
"Influ Sabrina - Vm [Teste até 13-03]","[C] [LM - TESTE] [ABO]","ADS 1",engaged,archived,299,331,1.10702341,,,,13.1,2026-02-05,Contínuo,39.57703927,5,2.62,1.51057402,2026-01-01,2026-05-25
"[PUBLICO ENG.] [DR]","[C] [TONS] [PB ABERTO] [TESTE BID CAP]","ADS 3 - 18-02",existing,archived,723,971,1.34301521,,,,13.1,2026-03-16,Contínuo,13.49124614,9,1.45555556,0.92687951,2026-01-01,2026-05-25
"LP - TOPO LM","[C] [LM - PRINCIPAL][EX. BASE] [ADV. +] [CBO]","ADS - ANA ELISA 2",prospecting,archived,604,759,1.25662252,,,,13.07,2026-02-06,Contínuo,17.22002635,2,6.535,0.26350461,2026-01-01,2026-05-25
"[DIGESTINO] [RMKT]","[C] [VARIOS PRODUTO] [ABO] [BID]","AD - JESSICA",prospecting,not_delivering,418,461,1.10287081,,,,13.05,2026-05-10,Contínuo,28.30802603,9,1.45,1.95227766,2026-01-01,2026-05-25
"Evelyn Regly - LM","[C] [LM - TESTE] [ABO]","ADS 3",engaged,not_delivering,502,659,1.312749,,,,13.03121583,2026-02-01,Contínuo,19.77422735,6,2.1718693,0.91047041,2026-01-01,2026-05-25
"[PUBLICO ABERTO] — Cópia","[C] [LM - PRINCIPAL] [PLANO B] 1 TESTE","Video-Rmkt-DaniWinits — Cópia",engaged,archived,371,371,1,,,,13.03,2026-01-08,Contínuo,35.1212938,3,4.34333333,0.80862534,2026-01-01,2026-05-25
EVELIN,"[C] [LM - TESTE] [ABO]","AD - EVELYN TOFU",engaged,active,384,432,1.125,,,,13.02,2026-05-18,Contínuo,30.13888889,2,6.51,0.46296296,2026-01-01,2026-05-25
[RMK],"[C] [JEJOOM] [CBO]","AD - RAIZA",existing,inactive,608,863,1.41940789,,,,13,2026-04-17,Contínuo,15.06373117,2,6.5,0.23174971,2026-01-01,2026-05-25
"[COLAGENO] [RMKT]","[C] [VARIOS PRODUTO] [ABO] [BID]","AD - SUSANA",engaged,inactive,329,569,1.72948328,,,,12.94,2026-05-10,Contínuo,22.74165202,105,0.1232381,18.45342707,2026-01-01,2026-05-25
"[CAMPANHA AQUISIÇÃO]","[C] [JEJOOM] [CBO]","AD - LARI",existing,inactive,418,505,1.20813397,,,,12.94,2025-10-13,Contínuo,25.62376238,2,6.47,0.3960396,2026-01-01,2026-05-25
"[TOFU] [TIK TOK] [EXCLUSAÕ BASE] [BID 60] - TESTE ATÉ 20-05","[C] [LM - TESTE] [ABO]","AD - 7",prospecting,not_delivering,1442,1644,1.14008322,,,,12.92,2026-03-12,Contínuo,7.85888078,4,3.23,0.243309,2026-01-01,2026-05-25
"Influ turbo - Vm teste ate 16-04","[C] [LM - TESTE] [ABO]","AD - MANOELI",engaged,not_delivering,172,199,1.15697674,,,,12.9,2026-04-13,Contínuo,64.8241206,6,2.15,3.01507538,2026-01-01,2026-05-25
"Influ Morgana - Jejoom","[C] [LM - TESTE] [ABO]",ADS4,existing,inactive,204,235,1.15196078,,,,12.72,2026-03-02,Contínuo,54.12765957,5,2.544,2.12765957,2026-01-01,2026-05-25
"Influ Mi Ruback - Lm","[C] [LM - TESTE] [ABO]","ADS 4",prospecting,archived,448,556,1.24107143,,,,12.58,2026-01-23,Contínuo,22.62589928,5,2.516,0.89928058,2026-01-01,2026-05-25
"[RMKT LARANJA MORO-REATIVAÇÃO BASE QUENTE]","[C] [LM - RMKT] [ADV. ABO]","AD - LEVE 3 PAGUE 2",unknown,active,183,189,1.03278689,"Compras no site",1,12.51950886,12.51950886,2025-10-13,Contínuo,66.24078764,1,12.51950886,0.52910053,2026-01-01,2026-05-25
eng,"[C] [COQ.10][PRINCIPAL] - NOVA","ADS 1 - DANI",engaged,not_delivering,141,211,1.4964539,,,,12.51,2026-02-09,Contínuo,59.28909953,2,6.255,0.9478673,2026-01-01,2026-05-25
"[CAMPANHA AQUISIÇÃO]","[C] [JEJOOM] [CBO]","AD - RAIZA",existing,inactive,227,273,1.20264317,,,,12.5,2025-10-13,Contínuo,45.78754579,7,1.78571429,2.56410256,2026-01-01,2026-05-25
"Evelyn Regly BM - LM","[C] [LM - TESTE] [ABO]","AD - JESSICA MOFU NIVER",existing,not_delivering,239,276,1.15481172,,,,12.49,2026-02-04,Contínuo,45.25362319,3,4.16333333,1.08695652,2026-01-01,2026-05-25
"Influ Morgana - Jejoom","[C] [LM - TESTE] [ABO]",ADS9,prospecting,inactive,291,308,1.05841924,,,,12.48,2026-03-02,Contínuo,40.51948052,5,2.496,1.62337662,2026-01-01,2026-05-25
[EVELIN],"[C] [LM - PRINCIPAL][EX. BASE] [ADV. +] [CBO]","ADS — Cópia — Cópia",existing,inactive,571,674,1.18038529,"Compras no site",1,12.41,12.41,2026-03-31,Contínuo,18.41246291,12,1.03416667,1.78041543,2026-01-01,2026-05-25
ABER.,"[C] [TONS] [PB ABERTO] [TESTE BID CAP]","ADS 3 - MES DO CLIENTE",prospecting,archived,1466,1782,1.21555252,,,,12.39,2026-03-16,Contínuo,6.95286195,2,6.195,0.11223345,2026-01-01,2026-05-25
[EVELIN],"[C] [LM - PRINCIPAL][EX. BASE] [ADV. +] [CBO]","ADS — Cópia — Cópia",prospecting,inactive,1641,1817,1.10725168,,,,12.31,2026-03-31,Contínuo,6.77490369,5,2.462,0.27517887,2026-01-01,2026-05-25
eng,"[C] [COQ.10][PRINCIPAL] - NOVA","Teste - ad1",prospecting,not_delivering,108,126,1.16666667,,,,12.29,2026-02-09,Contínuo,97.53968254,2,6.145,1.58730159,2026-01-01,2026-05-25
"Influ Duda - Lm","[C] [LM - TESTE] [ABO]","ADS 3 - Duda",existing,archived,422,879,2.08293839,,,,12.26,2026-02-09,Contínuo,13.9476678,4,3.065,0.45506257,2026-01-01,2026-05-25
"[VINAGRE] [RMKT]","[C] [VARIOS PRODUTO] [ABO] [BID]","AD - TOFU — Cópia — Cópia",prospecting,active,692,868,1.25433526,"Compras no site",1,12.02140881,12.02140881,2026-01-20,Contínuo,13.84954932,11,1.09285535,1.26728111,2026-01-01,2026-05-25
"Carrossel - LM ROAS","[C] [LM - TESTE] [ABO]","CARROSSEL 2 - 18-02",prospecting,archived,261,280,1.07279693,,,,12,2026-02-18,Contínuo,42.85714286,3,4,1.07142857,2026-01-01,2026-05-25
"[TESTE PB FECHADO ANA ELISA]","[C] [LM - TESTE] [ABO]","AD - MOFU ANA ELISA — Cópia — Cópia",existing,active,510,575,1.12745098,,,,11.96471047,2026-05-23,Contínuo,20.80819213,14,0.85462218,2.43478261,2026-01-01,2026-05-25
Jejoom,"[C] [LM - TESTE] [ABO]","ADS2 - 18-02",existing,not_delivering,347,374,1.0778098,,,,11.9,2026-02-18,Contínuo,31.81818182,3,3.96666667,0.80213904,2026-01-01,2026-05-25
"Influ Isa Nogueira - LM TESTE TRAVA DE CPA","[C] [LM - TESTE] [ABO]","Criativo 1 - Edição Completa",engaged,archived,336,357,1.0625,,,,11.87,2025-10-07,Contínuo,33.24929972,8,1.48375,2.24089636,2026-01-01,2026-05-25
"[RMKT PB FECHADO]","[C] [LM - RMKT] [ADV. ABO]","AD - LEVE 3 PAGUE 2 — Cópia",engaged,not_delivering,685,799,1.16642336,,,,11.83,2026-05-23,Contínuo,14.80600751,11,1.07545455,1.3767209,2026-01-01,2026-05-25
"TESTE RACHEL ATE 21-03","[C] [LM - PRINCIPAL] - [PLANO B] 2 TESTE",AD2,existing,archived,572,718,1.25524476,,,,11.82,2026-03-17,Contínuo,16.46239554,10,1.182,1.39275766,2026-01-01,2026-05-25
"Influ Mi Ruback - Lm","[C] [LM - TESTE] [ABO]","ADS 5",prospecting,archived,371,395,1.06469003,,,,11.79,2026-01-23,Contínuo,29.84810127,,,,2026-01-01,2026-05-25
"[PUBLICO ABERTO] — Cópia","[C] [LM - PRINCIPAL] [PLANO B] 1 TESTE","ADS - SABRINA 2",existing,archived,145,146,1.00689655,,,,11.79,2026-01-08,Contínuo,80.75342466,,,,2026-01-01,2026-05-25
"[PUBLICO ABERTO]","[C] [TONS] [PB ABERTO] [TESTE BID CAP]","AD1 - VERAO — Cópia | Pausado sem checkout e sem conversões",existing,archived,605,833,1.3768595,"Compras no site",1,11.75,11.75,2026-03-16,Contínuo,14.10564226,4,2.9375,0.48019208,2026-01-01,2026-05-25
"ESTUDOS CLINICOS","[C] [LM - PRINCIPAL][EX. BASE] [ADV. +] [CBO]",AD3,prospecting,archived,635,687,1.08188976,,,,11.75,2026-03-20,Contínuo,17.10334789,1,11.75,0.14556041,2026-01-01,2026-05-25
"[RMKT PB FECHADO]","[C] [LM - RMKT] [ADV. ABO]","AD - BOFU — Cópia",engaged,not_delivering,372,423,1.13709677,,,,11.68,2026-05-23,Contínuo,27.61229314,1,11.68,0.23640662,2026-01-01,2026-05-25
"[EXCLUSÃO BASE] [ADV. +]","[C] [LM - PRINCIPAL][EX. BASE] [ADV. +] [CBO]","AD - TOFU LARISSA",engaged,active,498,608,1.22088353,,,,11.66,2026-03-17,Contínuo,19.17763158,18,0.64777778,2.96052632,2026-01-01,2026-05-25
"[TESTE PB FECHADO]","[C] [LM - TESTE] [ABO]","AD - JADE MOFU 3 LP LM1",existing,inactive,457,501,1.09628009,,,,11.62,2026-05-22,Contínuo,23.19361277,5,2.324,0.99800399,2026-01-01,2026-05-25
"Influ Raiza 2","[C] [LM - TESTE] [ABO]","ADS 3",existing,not_delivering,402,564,1.40298507,,,,11.6,2026-01-29,Contínuo,20.56737589,20,0.58,3.54609929,2026-01-01,2026-05-25
"[BM JADE]","[C] [LM - TESTE] [ABO]","AD - RMK  EVELYN 18-05 PERFIL DENA — Cópia — Cópia",engaged,inactive,903,1060,1.17386489,"Compras no site",1,11.55,11.55,2026-04-17,Contínuo,10.89622642,9,1.28333333,0.8490566,2026-01-01,2026-05-25
"[TESTE PB FECHADO ANA ELISA]","[C] [LM - TESTE] [ABO]","AD - ANA ELISA MOFU — Cópia",prospecting,active,400,447,1.1175,,,,11.50365417,2026-05-23,Contínuo,25.73524422,7,1.64337917,1.56599553,2026-01-01,2026-05-25
"Conj - Melato","[C] [LM - TESTE] [ABO]","ad - 1",engaged,not_delivering,353,605,1.71388102,,,,11.48,2026-04-09,Contínuo,18.97520661,2,5.74,0.33057851,2026-01-01,2026-05-25
"Conj - Vm","[C] [LM - TESTE] [ABO]","AD - NIVER 2 — Cópia",engaged,inactive,320,441,1.378125,,,,11.47,2026-01-30,Contínuo,26.00907029,5,2.294,1.13378685,2026-01-01,2026-05-25
"[TESTE PB FECHADO]","[C] [LM - TESTE] [ABO]","AD - JADE MOFU 3 LP LM1",engaged,inactive,336,378,1.125,,,,11.4,2026-05-22,Contínuo,30.15873016,1,11.4,0.26455026,2026-01-01,2026-05-25
"teste aquisição ate dia 15  - Lm","[C] [LM - TESTE] [ABO]","ADS - INFLU ANA ELISA 2",existing,inactive,537,685,1.27560521,"Compras no site",1,11.39,11.39,2026-02-04,Contínuo,16.62773723,10,1.139,1.45985401,2026-01-01,2026-05-25
"LP NOVA","[C] [TONS] [PB DR]","tons 3 - 25-11 — Cópia — Cópia",engaged,not_delivering,329,356,1.08206687,,,,11.38,2026-02-09,Contínuo,31.96629213,7,1.62571429,1.96629213,2026-01-01,2026-05-25
"Influ Evelyn - Vm","[C] [LM - TESTE] [ABO]","ADS 3",existing,not_delivering,343,417,1.21574344,,,,11.37,2026-01-29,Contínuo,27.26618705,3,3.79,0.71942446,2026-01-01,2026-05-25
"Evelyn Regly BM - LM","[C] [LM - TESTE] [ABO]","ADS - ART 3",engaged,inactive,454,736,1.62114537,,,,11.28,2026-02-04,Contínuo,15.32608696,3,3.76,0.4076087,2026-01-01,2026-05-25
eng,"[C] [COQ.10][PRINCIPAL] - NOVA","Teste - ad1",prospecting,not_delivering,134,164,1.2238806,,,,11.24,2026-02-09,Contínuo,68.53658537,2,5.62,1.2195122,2026-01-01,2026-05-25
"[RMKT LARANJA MORO-REATIVAÇÃO BASE QUENTE]","[C] [LM - RMKT] [ADV. ABO]","AD - RMKT",unknown,inactive,132,136,1.03030303,"Compras no site",1,11.18795055,11.18795055,2025-10-13,Contínuo,82.26434228,2,5.59397528,1.47058824,2026-01-01,2026-05-25
"[TESTE PB FECHADO]","[C] [LM - TESTE] [ABO]","AD - EVELYN",engaged,inactive,317,364,1.14826498,,,,11.14,2026-05-22,Contínuo,30.6043956,4,2.785,1.0989011,2026-01-01,2026-05-25
"[DIGESTINO] [RMKT]","[C] [VARIOS PRODUTO] [ABO] [BID]","AD - JESSICA",engaged,not_delivering,231,297,1.28571429,,,,11.13,2026-05-10,Contínuo,37.47474747,36,0.30916667,12.12121212,2026-01-01,2026-05-25
[RMK],"[C] [JEJOOM] [CBO]","AD - MORGANA TOFU — Cópia",existing,inactive,910,1149,1.26263736,,,,11.09421222,2026-04-17,Contínuo,9.65553718,10,1.10942122,0.87032202,2026-01-01,2026-05-25
"[AQUISIÇÃO]  [ADV. +]","[C] [LM - PRINCIPAL][EX. BASE] [ADV. +] [CBO]","AD - JADE TOFU — Cópia",existing,inactive,349,407,1.16618911,,,,11.07,2026-01-23,Contínuo,27.1990172,4,2.7675,0.98280098,2026-01-01,2026-05-25
"[VINAGRE] [RMKT]","[C] [VARIOS PRODUTO] [ABO] [BID]",AD5,engaged,inactive,540,661,1.22407407,,,,11.06871369,2026-01-20,Contínuo,16.74540649,13,0.85143951,1.9667171,2026-01-01,2026-05-25
"[RMKT LARANJA MORO-REATIVAÇÃO BASE QUENTE]","[C] [LM - RMKT] [ADV. ABO]","AD - RMK NIVER 4 — Cópia",existing,inactive,329,425,1.29179331,"Compras no site",2,5.505,11.01,2025-10-13,Contínuo,25.90588235,3,3.67,0.70588235,2026-01-01,2026-05-25
adv-aqui-rmkt_laranja-moro_engajado-existente_5-existente_max-conv_26-05-2025,"[C][LM - PRINCIPAL] [ADV. EXCLUSÃO DE CLIENTES]",Criativo-Campeão-5-estatico-fundo,existing,inactive,492,559,1.13617886,,,,10.99,2024-09-17,Contínuo,19.66010733,3,3.66333333,0.53667263,2026-01-01,2026-05-25
"Influ Rachel - Kit","[C] [LM - TESTE] [ABO]",AD1,engaged,not_delivering,223,282,1.26457399,,,,10.92279785,2026-03-12,Contínuo,38.7333257,4,2.73069946,1.41843972,2026-01-01,2026-05-25
"[COENZIMA] [RMKT]","[C] [VARIOS PRODUTO] [ABO] [BID]","ADS DANI",existing,inactive,420,481,1.1452381,,,,10.92,2026-05-10,Contínuo,22.7027027,2,5.46,0.41580042,2026-01-01,2026-05-25
"[VINAGRE] [RMKT]","[C] [VARIOS PRODUTO] [ABO] [BID]","AD3 — Cópia",prospecting,inactive,107,129,1.20560748,,,,10.92,2026-01-20,Contínuo,84.65116279,2,5.46,1.5503876,2026-01-01,2026-05-25
"[VINAGRE] [RMKT]","[C] [VARIOS PRODUTO] [ABO] [BID]",AD14,prospecting,inactive,186,198,1.06451613,,,,10.88,2026-01-20,Contínuo,54.94949495,1,10.88,0.50505051,2026-01-01,2026-05-25
"[PERFIL NOVO]","[C] [LM - PRINCIPAL] - [PLANO B] 2 TESTE","ADS 4 - NOVO VM",engaged,inactive,336,420,1.25,,,,10.83,2026-03-25,Contínuo,25.78571429,10,1.083,2.38095238,2026-01-01,2026-05-25
"TONS TESTE","[C] [TONS] [PB DR]","AD - MOFU 1",prospecting,not_delivering,267,308,1.15355805,,,,10.78,2026-04-06,Contínuo,35,3,3.59333333,0.97402597,2026-01-01,2026-05-25
"[PUBLICO ENG.] [DR]","[C] [TONS] [PB ABERTO] [TESTE BID CAP]","ADS 3 - 18-02",engaged,archived,451,590,1.30820399,,,,10.77,2026-03-16,Contínuo,18.25423729,5,2.154,0.84745763,2026-01-01,2026-05-25
"[CAMPANHA AQUISIÇÃO]","[C] [JEJOOM] [CBO]","ARTE 2 MES CLIENTE — Cópia",prospecting,inactive,419,513,1.22434368,,,,10.72,2025-10-13,Contínuo,20.89668616,2,5.36,0.38986355,2026-01-01,2026-05-25
"[PERFIL NOVO]","[C] [LM - PRINCIPAL] - [PLANO B] 2 TESTE","ADS 4 - NOVO VM",existing,inactive,381,542,1.42257218,,,,10.69,2026-03-25,Contínuo,19.72324723,5,2.138,0.92250923,2026-01-01,2026-05-25
"[VINAGRE] [RMKT]","[C] [VARIOS PRODUTO] [ABO] [BID]","ADS 2 — Cópia",prospecting,inactive,154,167,1.08441558,,,,10.69,2026-01-20,Contínuo,64.01197605,,,,2026-01-01,2026-05-25
"[VINAGRE] [RMKT]","[C] [VARIOS PRODUTO] [ABO] [BID]","AD - FERNANDA — Cópia",prospecting,inactive,143,158,1.1048951,,,,10.68,2026-01-20,Contínuo,67.59493671,4,2.67,2.53164557,2026-01-01,2026-05-25
"Evelyn Regly BM - LM","[C] [LM - TESTE] [ABO]","AD - EVELYN NIVER",prospecting,not_delivering,500,562,1.124,,,,10.66,2026-02-04,Contínuo,18.96797153,4,2.665,0.71174377,2026-01-01,2026-05-25
"[PUBLICO ENG.] [DR]","[C] [TONS] [PB ABERTO] [TESTE BID CAP]","ADS - MEIO 13-02-2026 | Pausado ROAS baixo",engaged,archived,183,187,1.02185792,,,,10.65,2026-03-16,Contínuo,56.95187166,9,1.18333333,4.81283422,2026-01-01,2026-05-25
--,"[C] [VARIOS PRODUTO] [ABO] [BID]","AD - NIVER",prospecting,archived,375,454,1.21066667,,,,10.64,2026-04-06,Contínuo,23.43612335,2,5.32,0.44052863,2026-01-01,2026-05-25
[MOFU],"[C] [LM - PRINCIPAL] - [PLANO B] 2 TESTE","AD - PAM MOFU 2 — Cópia",existing,inactive,459,558,1.21568627,,,,10.63,2026-03-31,Contínuo,19.05017921,20,0.5315,3.58422939,2026-01-01,2026-05-25
ABER.,"[C] [TONS] [PB ABERTO] [TESTE BID CAP]",tons_dr-ursinho-melasma4-13-10-2025,prospecting,archived,286,309,1.08041958,,,,10.58,2026-03-16,Contínuo,34.2394822,,,,2026-01-01,2026-05-25
"[TOFU] [TIK TOK] [EXCLUSAÕ BASE] [BID 60] - TESTE ATÉ 20-05","[C] [LM - TESTE] [ABO]","AD -2",prospecting,not_delivering,800,916,1.145,,,,10.56,2026-03-12,Contínuo,11.52838428,5,2.112,0.54585153,2026-01-01,2026-05-25
"[VINAGRE] [RMKT]","[C] [VARIOS PRODUTO] [ABO] [BID]",AD14,existing,inactive,231,258,1.11688312,,,,10.54,2026-01-20,Contínuo,40.85271318,6,1.75666667,2.3255814,2026-01-01,2026-05-25
"LP - 2","[C] [LM - PRINCIPAL][EX. BASE] [ADV. +] [CBO]","Video-Rmkt-DaniWinits — Cópia",engaged,archived,367,455,1.23978202,"Compras no site",2,5.27,10.54,2026-01-19,Contínuo,23.16483516,9,1.17111111,1.97802198,2026-01-01,2026-05-25
"LP - ATUAL","[C] [LM - PRINCIPAL][EX. BASE] [ADV. +] [CBO]","Video-Rmkt-DaniWinits — Cópia",existing,archived,262,315,1.20229008,,,,10.5,2026-01-19,Contínuo,33.33333333,2,5.25,0.63492063,2026-01-01,2026-05-25
"Influ Raiza - VM","[C] [LM - TESTE] [ABO]","ADS 2",engaged,not_delivering,448,552,1.23214286,,,,10.45,2026-02-19,Contínuo,18.93115942,2,5.225,0.36231884,2026-01-01,2026-05-25
"Conj - Vm","[C] [LM - TESTE] [ABO]","AD - MI RUBACK MOFU — Cópia",prospecting,not_delivering,154,176,1.14285714,,,,10.41757505,2026-01-30,Contínuo,59.19076734,4,2.60439376,2.27272727,2026-01-01,2026-05-25
"teste publico novo - bid","[C] [LM - TESTE] [ABO]","AD1 - BOFU — Cópia",existing,not_delivering,377,461,1.22281167,,,,10.39,2026-02-19,Contínuo,22.53796095,6,1.73166667,1.30151844,2026-01-01,2026-05-25
"[BOFU] [ADV+ ABERTO] [ESTATICO]","[C] [LM - TESTE] [ABO]",AD3,engaged,inactive,706,953,1.34985836,,,,10.35879141,2026-02-25,Contínuo,10.8696657,22,0.47085416,2.30849948,2026-01-01,2026-05-25
"Influ Evelyn - Vm 2","[C] [LM - TESTE] [ABO]","ADS 2",prospecting,inactive,239,288,1.20502092,,,,10.34,2026-02-02,Contínuo,35.90277778,3,3.44666667,1.04166667,2026-01-01,2026-05-25
"Influ Marcela Jacaré - Vm","[C] [LM - TESTE] [ABO]",AD2,engaged,archived,322,352,1.0931677,,,,10.34,2026-01-28,Contínuo,29.375,5,2.068,1.42045455,2026-01-01,2026-05-25
"Arte Org - Digestino","[C] [LM - TESTE] [ABO]","ADS1 - 18-02",prospecting,inactive,412,486,1.17961165,,,,10.29,2026-02-18,Contínuo,21.17283951,6,1.715,1.2345679,2026-01-01,2026-05-25
"Influ Mi Ruback - Lm","[C] [LM - TESTE] [ABO]","ADS 2",existing,archived,314,385,1.22611465,,,,10.28,2026-01-23,Contínuo,26.7012987,4,2.57,1.03896104,2026-01-01,2026-05-25
"[PUBLICO ENG.] [DR]","[C] [TONS] [PB ABERTO] [TESTE BID CAP]","ADS 3 - MES DO CLIENTE",prospecting,archived,615,693,1.12682927,,,,10.21,2026-03-16,Contínuo,14.73304473,1,10.21,0.14430014,2026-01-01,2026-05-25
"[DIGESTINO] [RMKT]","[C] [VARIOS PRODUTO] [ABO] [BID]","ADS - BRUNA 1 — Cópia",prospecting,not_delivering,259,318,1.22779923,,,,10.2,2026-05-10,Contínuo,32.0754717,2,5.1,0.62893082,2026-01-01,2026-05-25
"[PUBLICO ENG.] [DR]","[C] [TONS] [PB ABERTO] [TESTE BID CAP]","tons4_rmkt_20-10-2025 — Cópia",engaged,archived,273,341,1.24908425,,,,10.19,2026-03-16,Contínuo,29.88269795,1,10.19,0.29325513,2026-01-01,2026-05-25
"[VINAGRE] [RMKT]","[C] [VARIOS PRODUTO] [ABO] [BID]","AD - ORG TOFU",prospecting,inactive,169,201,1.18934911,,,,10.18,2026-01-20,Contínuo,50.64676617,3,3.39333333,1.49253731,2026-01-01,2026-05-25
"[RMKT LARANJA MORO-REATIVAÇÃO BASE QUENTE]","[C] [LM - RMKT] [ADV. ABO]","AD - RMKT DANI — Cópia",prospecting,inactive,341,388,1.13782991,,,,10.15,2025-10-13,Contínuo,26.15979381,3,3.38333333,0.77319588,2026-01-01,2026-05-25
"TESTE RAIZA ATE 21-03","[C] [LM - PRINCIPAL][EX. BASE] [ADV. +] [CBO]",AD1,prospecting,archived,272,339,1.24632353,,,,10.13,2026-03-17,Contínuo,29.8820059,1,10.13,0.29498525,2026-01-01,2026-05-25
"[COENZIMA] [RMKT]","[C] [VARIOS PRODUTO] [ABO] [BID]","AD - RMKT",engaged,inactive,423,536,1.26713948,,,,10.13,2026-05-10,Contínuo,18.89925373,8,1.26625,1.49253731,2026-01-01,2026-05-25
"TONS TESTE","[C] [TONS] [PB DR]","AD - MOFU 1",existing,not_delivering,160,257,1.60625,"Compras no site",0,,10.12,2026-04-06,Contínuo,39.37743191,32,0.31625,12.45136187,2026-01-01,2026-05-25
"Evelyn Regly BM - LM","[C] [LM - TESTE] [ABO]","ADS 7",engaged,not_delivering,310,384,1.23870968,,,,10.09,2026-02-04,Contínuo,26.27604167,2,5.045,0.52083333,2026-01-01,2026-05-25
"LP - TOPO LM","[C] [LM - PRINCIPAL][EX. BASE] [ADV. +] [CBO]","Rmkt Dani 2 — Cópia",engaged,archived,328,410,1.25,,,,10.08,2026-02-06,Contínuo,24.58536585,5,2.016,1.2195122,2026-01-01,2026-05-25
"Influ Lari - Jejoom","[C] [LM - TESTE] [ABO]","ADS - LARI 2",prospecting,not_delivering,220,232,1.05454545,,,,10.07,2026-02-12,Contínuo,43.40517241,4,2.5175,1.72413793,2026-01-01,2026-05-25
"[MOFU] [TIK TOK] - TESTE ATÉ 20-05","[C] [LM - TESTE] [ABO]","AD - MOFU ate 14-05",prospecting,inactive,457,477,1.04376368,,,,10.07,2026-05-17,Contínuo,21.11111111,4,2.5175,0.83857442,2026-01-01,2026-05-25
"[TESTE PB FECHADO JADE]","[C] [LM - TESTE] [ABO]","AD - JADE TOFU 19-05 BM JADE + DENA — Cópia",prospecting,active,591,671,1.13536379,"Compras no site",1,10.04477544,10.04477544,2026-05-23,Contínuo,14.96985907,3,3.34825848,0.44709389,2026-01-01,2026-05-25
"[HIBRIDO] [ESTATICO ORG.] [BID 60]","[C] [LM - TESTE] [ABO]","AD3 -",prospecting,inactive,825,895,1.08484848,,,,10.04,2026-03-20,Contínuo,11.21787709,6,1.67333333,0.67039106,2026-01-01,2026-05-25
"[ADV ABER.]","[C] [LM - PRINCIPAL] - [PLANO B] 2 TESTE","[ADS] - [MEIO] [04-03]",existing,inactive,601,732,1.21797005,,,,10.03,2026-02-25,Contínuo,13.70218579,1,10.03,0.13661202,2026-01-01,2026-05-25
"[TRIO MAG] [RMKT]","[C] [VARIOS PRODUTO] [ABO] [BID]","AD - BOFU RMKT3 17-05",existing,not_delivering,326,350,1.07361963,,,,10.02,2026-05-17,Contínuo,28.62857143,6,1.67,1.71428571,2026-01-01,2026-05-25
"Influ Lari - Jejoom","[C] [LM - TESTE] [ABO]",AD3,engaged,not_delivering,497,609,1.22535211,,,,10.01,2026-02-12,Contínuo,16.43678161,1,10.01,0.16420361,2026-01-01,2026-05-25
"[PUBLICO ENG.] [DR]","[C] [TONS] [PB DR]","AD - SHOOTING BOFU",unknown,active,132,134,1.01515152,"Compras no site",1,10.00494168,10.00494168,2025-06-20,Contínuo,74.66374388,1,10.00494168,0.74626866,2026-01-01,2026-05-25
"Evelyn Regly BM - LM","[C] [LM - TESTE] [ABO]","AD - EVELYN NIVER 2",prospecting,not_delivering,440,539,1.225,,,,9.96,2026-02-04,Contínuo,18.47866419,1,9.96,0.18552876,2026-01-01,2026-05-25
"Lm Perfil Novo","[C] [LM - TESTE] [ABO]","AD - MOFU — Cópia",engaged,not_delivering,257,831,3.23346304,,,,9.93,2025-11-03,Contínuo,11.94945848,391,0.02539642,47.05174489,2026-01-01,2026-05-25
"Conj. - Q10","[C] [LM - TESTE] [ABO]","ADS2- ORG",existing,inactive,391,453,1.15856777,,,,9.92,2026-02-20,Contínuo,21.89845475,3,3.30666667,0.66225166,2026-01-01,2026-05-25
"Evelyn Regly BM - LM","[C] [LM - TESTE] [ABO]","AD - EVELYN NIVER 2",engaged,not_delivering,338,377,1.11538462,,,,9.9,2026-02-04,Contínuo,26.25994695,,,,2026-01-01,2026-05-25
"Influ Sabrina 2 - Lm","[C] [LM - TESTE] [ABO]","ADS 4 - SABRINA",engaged,archived,459,596,1.29847495,,,,9.87,2026-02-05,Contínuo,16.56040268,5,1.974,0.83892617,2026-01-01,2026-05-25
"teste aquisição ate dia 15  - Lm","[C] [LM - TESTE] [ABO]","ADS - INFLU ANA ELISA 2",engaged,inactive,417,506,1.21342926,,,,9.83,2026-02-04,Contínuo,19.42687747,4,2.4575,0.79051383,2026-01-01,2026-05-25
"Influ Lari - Jejoom","[C] [LM - TESTE] [ABO]",AD2,existing,not_delivering,324,392,1.20987654,,,,9.8,2026-02-12,Contínuo,25,1,9.8,0.25510204,2026-01-01,2026-05-25
"Arte Organica - VM","[C] [LM - TESTE] [ABO]","ADS3 - VM",existing,archived,231,271,1.17316017,,,,9.76,2026-02-18,Contínuo,36.01476015,4,2.44,1.47601476,2026-01-01,2026-05-25
"[TOFU] [TIK]","[C] [LM - TESTE] [ABO]","AD - 4 — Cópia",engaged,active,244,348,1.42622951,,,,9.7067935,2026-05-23,Contínuo,27.89308476,42,0.23111413,12.06896552,2026-01-01,2026-05-25
"[VINAGRE] [RMKT]","[C] [VARIOS PRODUTO] [ABO] [BID]","AD - FERNANDA — Cópia",engaged,inactive,147,203,1.38095238,,,,9.69,2026-01-20,Contínuo,47.73399015,22,0.44045455,10.83743842,2026-01-01,2026-05-25
"Influ Lari - Jejoom","[C] [LM - TESTE] [ABO]",AD4,engaged,not_delivering,313,376,1.20127796,,,,9.69,2026-02-12,Contínuo,25.7712766,9,1.07666667,2.39361702,2026-01-01,2026-05-25
"TESTE RACHEL ATE 21-03","[C] [LM - PRINCIPAL] - [PLANO B] 2 TESTE",AD3,prospecting,archived,838,1080,1.28878282,,,,9.67,2026-03-17,Contínuo,8.9537037,5,1.934,0.46296296,2026-01-01,2026-05-25
"Carrossel - LM ROAS","[C] [LM - TESTE] [ABO]","CARROSSEL 2 - 18-02",engaged,archived,228,265,1.1622807,,,,9.66,2026-02-18,Contínuo,36.45283019,2,4.83,0.75471698,2026-01-01,2026-05-25
"[PUBLICO ABERTO]","[C] [TESTE LP]","ADS — Cópia",engaged,archived,291,295,1.0137457,,,,9.63,2026-02-24,Contínuo,32.6440678,1,9.63,0.33898305,2026-01-01,2026-05-25
"Evelyn Regly BM - LM","[C] [LM - TESTE] [ABO]","AD - JESSICA MOFU NIVER",prospecting,not_delivering,279,325,1.16487455,,,,9.63,2026-02-04,Contínuo,29.63076923,3,3.21,0.92307692,2026-01-01,2026-05-25
"[PUBLICO ENG.] [DR]","[C] [TONS] [PB DR]","tons 3 - 25-11",unknown,inactive,97,101,1.04123711,,,,9.60301514,2025-06-20,Contínuo,95.0793578,2,4.80150757,1.98019802,2026-01-01,2026-05-25
"[PUBLICO ABERTO] — Cópia","[C] [LM - PRINCIPAL] [PLANO B] 1 TESTE","ADS - SABRINA 1",existing,archived,192,193,1.00520833,,,,9.60060347,2026-01-08,Contínuo,49.74405943,2,4.80030173,1.03626943,2026-01-01,2026-05-25
"[ADV ABER.]","[C] [LM - PRINCIPAL] - [PLANO B] 2 TESTE","AD1 — Cópia",engaged,inactive,857,1146,1.33722287,,,,9.57,2026-02-25,Contínuo,8.35078534,2,4.785,0.17452007,2026-01-01,2026-05-25
"[VINAGRE] [RMKT]","[C] [VARIOS PRODUTO] [ABO] [BID]","AD3 — Cópia",existing,inactive,99,115,1.16161616,,,,9.55,2026-01-20,Contínuo,83.04347826,2,4.775,1.73913043,2026-01-01,2026-05-25
"Arte Org - Digestino","[C] [LM - TESTE] [ABO]","ADS3- 18-02",engaged,not_delivering,322,391,1.21428571,,,,9.45,2026-02-18,Contínuo,24.16879795,8,1.18125,2.04603581,2026-01-01,2026-05-25
[RMK],"[C] [JEJOOM] [CBO]","AD - TACI",prospecting,active,527,559,1.06072106,,,,9.37,2026-04-17,Contínuo,16.76207513,2,4.685,0.35778175,2026-01-01,2026-05-25
"Influ Mi Ruback - Lm","[C] [LM - TESTE] [ABO]","ADS 2",engaged,archived,381,436,1.14435696,,,,9.33,2026-01-23,Contínuo,21.39908257,2,4.665,0.4587156,2026-01-01,2026-05-25
"[ADV ABER.]","[C] [LM - PRINCIPAL] - [PLANO B] 2 TESTE","[ADS] - [MEIO] [04-03]",engaged,inactive,451,569,1.2616408,"Compras no site",1,9.32,9.32,2026-02-25,Contínuo,16.37961336,1,9.32,0.17574692,2026-01-01,2026-05-25
"[COENZIMA] [RMKT]","[C] [VARIOS PRODUTO] [ABO] [BID]","AD - RMKT",engaged,inactive,363,508,1.39944904,,,,9.31,2026-05-10,Contínuo,18.32677165,4,2.3275,0.78740157,2026-01-01,2026-05-25
"[PUBLICO ENG.] [DR]","[C] [TONS] [PB ABERTO] [TESTE BID CAP]","tons4_rmkt_20-10-2025 — Cópia",existing,archived,246,298,1.21138211,,,,9.31,2026-03-16,Contínuo,31.24161074,1,9.31,0.33557047,2026-01-01,2026-05-25
"[EXCLUSÃO BASE] [ADV. +]","[C] [LM - PRINCIPAL][EX. BASE] [ADV. +] [CBO]","AD - TOFU LARISSA",existing,active,395,502,1.27088608,,,,9.3,2026-03-17,Contínuo,18.52589641,16,0.58125,3.187251,2026-01-01,2026-05-25
ABER.,"[C] [TONS] [PB ABERTO] [TESTE BID CAP]","ADS 1 - 18-02",engaged,archived,395,461,1.16708861,,,,9.28443171,2026-03-16,Contínuo,20.1397651,1,9.28443171,0.21691974,2026-01-01,2026-05-25
"[RMKT PB FECHADO]","[C] [LM - RMKT] [ADV. ABO]","AD - BOFU 1 — Cópia — Cópia — Cópia",engaged,not_delivering,403,476,1.18114144,"Compras no site",1,9.27,9.27,2026-05-23,Contínuo,19.47478992,7,1.32428571,1.47058824,2026-01-01,2026-05-25
"ABER. — Cópia | Pausado checkout caro","[C] [TONS] [PB ABERTO] [TESTE BID CAP]","ADS 3 - MES DO CLIENTE — Cópia",existing,archived,286,317,1.10839161,,,,9.26941594,2026-03-16,Contínuo,29.24105975,1,9.26941594,0.31545741,2026-01-01,2026-05-25
[RMK],"[C] [JEJOOM] [CBO]","AD - NIVER",prospecting,inactive,444,583,1.31306306,,,,9.25,2026-04-17,Contínuo,15.86620926,7,1.32142857,1.20068611,2026-01-01,2026-05-25
"[PUBLICO ABERTO] — Cópia","[C] [LM - PRINCIPAL] [PLANO B] 1 TESTE","ADS -  ANA ELISA 1",existing,archived,182,182,1,,,,9.24,2026-01-08,Contínuo,50.76923077,2,4.62,1.0989011,2026-01-01,2026-05-25
"[TOFU] [TIK TOK] [EXCLUSAÕ BASE] [BID 60] - TESTE ATÉ 20-05","[C] [LM - TESTE] [ABO]","AD - 8",existing,not_delivering,375,449,1.19733333,,,,9.22,2026-03-12,Contínuo,20.53452116,15,0.61466667,3.34075724,2026-01-01,2026-05-25
"LP NOVA","[C] [TONS] [PB DR]","AD - BOFU — Cópia",engaged,not_delivering,349,450,1.28939828,"Compras no site",1,9.21,9.21,2026-02-09,Contínuo,20.46666667,8,1.15125,1.77777778,2026-01-01,2026-05-25
"Influ Morgana - Jejoom","[C] [LM - TESTE] [ABO]",ADS1,engaged,inactive,359,394,1.09749304,,,,9.21,2026-03-02,Contínuo,23.37563452,7,1.31571429,1.77664975,2026-01-01,2026-05-25
"[RMKT LARANJA MORO-REATIVAÇÃO BASE QUENTE]","[C] [LM - RMKT] [ADV. ABO]","AD - RMKT DANI — Cópia",existing,inactive,258,296,1.14728682,,,,9.19,2025-10-13,Contínuo,31.0472973,2,4.595,0.67567568,2026-01-01,2026-05-25
[RMK],"[C] [JEJOOM] [CBO]","AD - NIVER",engaged,inactive,312,462,1.48076923,,,,9.13,2026-04-17,Contínuo,19.76190476,4,2.2825,0.86580087,2026-01-01,2026-05-25
"[DIGESTINO] [RMKT]","[C] [VARIOS PRODUTO] [ABO] [BID]","ADS - BRUNA 1 — Cópia",engaged,not_delivering,237,283,1.19409283,,,,9.1,2026-05-10,Contínuo,32.15547703,1,9.1,0.35335689,2026-01-01,2026-05-25
ABER.,"[C] [TONS] [PB ABERTO] [TESTE BID CAP]","ADS 1 - 18-02",existing,archived,508,636,1.2519685,,,,9.09434097,2026-03-16,Contínuo,14.29927826,8,1.13679262,1.25786164,2026-01-01,2026-05-25
"Influ Morgana - Jejoom","[C] [LM - TESTE] [ABO]",ADS4,prospecting,inactive,126,129,1.02380952,,,,9.06,2026-03-02,Contínuo,70.23255814,1,9.06,0.7751938,2026-01-01,2026-05-25
"[PUBLICO ENG.] [DR]","[C] [TONS] [PB ABERTO] [TESTE BID CAP]",tons_dr-ursinho-melasma2-13-10-2025,existing,archived,189,236,1.24867725,,,,9.05,2026-03-16,Contínuo,38.34745763,3,3.01666667,1.27118644,2026-01-01,2026-05-25
"[AQUISIÇÃO]  [ADV. +]","[C] [LM - PRINCIPAL][EX. BASE] [ADV. +] [CBO]","AD - DANI TOFU",unknown,inactive,225,231,1.02666667,,,,9.04999629,2026-01-23,Contínuo,39.17747314,,,,2026-01-01,2026-05-25
"[CAMPANHA AQUISIÇÃO]","[C] [JEJOOM] [CBO]","AD4 - ORGANICO",prospecting,inactive,423,434,1.02600473,,,,9.01,2025-10-13,Contínuo,20.76036866,4,2.2525,0.92165899,2026-01-01,2026-05-25
"[MOFU] [TIK TOK] - TESTE ATÉ 20-05","[C] [LM - TESTE] [ABO]","AD - 4",existing,not_delivering,181,265,1.4640884,"Compras no site",2,4.475,8.95,2026-05-17,Contínuo,33.77358491,40,0.22375,15.09433962,2026-01-01,2026-05-25
"[VINAGRE] [RMKT]","[C] [VARIOS PRODUTO] [ABO] [BID]","ADS 2 - INGRID VM — Cópia",existing,inactive,166,193,1.1626506,,,,8.92,2026-01-20,Contínuo,46.21761658,7,1.27428571,3.62694301,2026-01-01,2026-05-25
"[TESTE PB FECHADO JADE]","[C] [LM - TESTE] [ABO]","AD - RMK  EVELYN 18-05 PERFIL DENA — Cópia — Cópia — Cópia",existing,active,597,686,1.14907873,,,,8.81467983,2026-05-23,Contínuo,12.84938751,3,2.93822661,0.43731778,2026-01-01,2026-05-25
"Carrossel - LM ROAS","[C] [LM - TESTE] [ABO]","CARROSSEL 2 - 18-02",existing,archived,202,227,1.12376238,,,,8.78,2026-02-18,Contínuo,38.6784141,1,8.78,0.44052863,2026-01-01,2026-05-25
"[TESTE PB FECHADO]","[C] [LM - TESTE] [ABO]","AD - EVELYN TOFU",existing,active,248,256,1.03225806,,,,8.78,2026-05-22,Contínuo,34.296875,5,1.756,1.953125,2026-01-01,2026-05-25
"[TOFU][PERFIL NOVO]  TESTE","[C] [LM - PRINCIPAL] - [PLANO B] 2 TESTE","AD - 1 — Cópia",prospecting,not_delivering,1262,1390,1.10142631,"Compras no site",1,8.75,8.75,2026-03-16,Contínuo,6.29496403,24,0.36458333,1.72661871,2026-01-01,2026-05-25
"TESTE RACHEL ATE 21-03","[C] [LM - PRINCIPAL] - [PLANO B] 2 TESTE",AD2,engaged,archived,357,461,1.29131653,,,,8.75,2026-03-17,Contínuo,18.98047722,7,1.25,1.51843818,2026-01-01,2026-05-25
"Evelyn Regly BM - LM","[C] [LM - TESTE] [ABO]","ADS 7",existing,not_delivering,255,297,1.16470588,,,,8.55,2026-02-04,Contínuo,28.78787879,1,8.55,0.33670034,2026-01-01,2026-05-25
"LP - ATUAL","[C] [LM - PRINCIPAL][EX. BASE] [ADV. +] [CBO]","Video-Rmkt-DaniWinits — Cópia",engaged,archived,260,321,1.23461538,,,,8.53,2026-01-19,Contínuo,26.57320872,8,1.06625,2.49221184,2026-01-01,2026-05-25
"[PUBLICO ENG.] [DR]","[C] [TONS] [PB ABERTO] [TESTE BID CAP]","ADS - MEIO 13-02-2026 | Pausado ROAS baixo",existing,archived,126,127,1.00793651,,,,8.46,2026-03-16,Contínuo,66.61417323,5,1.692,3.93700787,2026-01-01,2026-05-25
Jejoom,"[C] [LM - TESTE] [ABO]","ADS2 - 18-02",prospecting,not_delivering,326,334,1.02453988,,,,8.44,2026-02-18,Contínuo,25.26946108,6,1.40666667,1.79640719,2026-01-01,2026-05-25
"[MOFU] [TIK TOK] - TESTE ATÉ 20-05","[C] [LM - TESTE] [ABO]","AD -2",prospecting,not_delivering,144,158,1.09722222,,,,8.44,2026-05-17,Contínuo,53.41772152,1,8.44,0.63291139,2026-01-01,2026-05-25
"Influ Morgana - Jejoom","[C] [LM - TESTE] [ABO]",ADS2,engaged,inactive,277,300,1.08303249,,,,8.42,2026-03-02,Contínuo,28.06666667,7,1.20285714,2.33333333,2026-01-01,2026-05-25
"Carrossel - LM ROAS","[C] [LM - TESTE] [ABO]","CARROSSEL 1 - 18-02",prospecting,archived,139,160,1.15107914,"Compras no site",2,4.2,8.4,2026-02-18,Contínuo,52.5,3,2.8,1.875,2026-01-01,2026-05-25
"TONS TESTE","[C] [TONS] [PB DR]","AD - BOFU — Cópia",engaged,not_delivering,153,166,1.08496732,,,,8.38,2026-04-06,Contínuo,50.48192771,1,8.38,0.60240964,2026-01-01,2026-05-25
[MOFU],"[C] [LM - PRINCIPAL] - [PLANO B] 2 TESTE","AD - PAM MOFU 2 — Cópia",engaged,inactive,321,401,1.24922118,,,,8.37,2026-03-31,Contínuo,20.87281796,35,0.23914286,8.72817955,2026-01-01,2026-05-25
"[RMKT LARANJA MORO-REATIVAÇÃO BASE QUENTE]","[C] [LM - RMKT] [ADV. ABO]","AD - EVELYN NVIER",engaged,not_delivering,122,140,1.14754098,,,,8.29,2025-10-13,Contínuo,59.21428571,4,2.0725,2.85714286,2026-01-01,2026-05-25
"[AQUISIÇÃO]  [ADV. +]","[C] [LM - PRINCIPAL][EX. BASE] [ADV. +] [CBO]","ADS - TOFU",unknown,inactive,127,133,1.04724409,,,,8.28958012,2026-01-23,Contínuo,62.32767005,,,,2026-01-01,2026-05-25
[RMK],"[C] [JEJOOM] [CBO]","AD - MORGANA TOFU — Cópia",prospecting,inactive,608,732,1.20394737,,,,8.25337621,2026-04-17,Contínuo,11.27510411,4,2.06334405,0.54644809,2026-01-01,2026-05-25
"Evelyn Regly BM - LM","[C] [LM - TESTE] [ABO]","Teste - ADS 2",existing,inactive,308,612,1.98701299,,,,8.24,2026-02-04,Contínuo,13.46405229,3,2.74666667,0.49019608,2026-01-01,2026-05-25
"TONS TESTE","[C] [TONS] [PB DR]","AD - TOFU 4",existing,inactive,63,67,1.06349206,,,,8.24,2026-04-06,Contínuo,122.98507463,2,4.12,2.98507463,2026-01-01,2026-05-25
"Arte Organica - VM","[C] [LM - TESTE] [ABO]","ADS1 - VM",prospecting,archived,242,257,1.06198347,,,,8.21,2026-02-18,Contínuo,31.94552529,4,2.0525,1.55642023,2026-01-01,2026-05-25
"[HIBRIDO] [ESTATICO ORG.] [BID 60]","[C] [LM - TESTE] [ABO]","AD - NIVER 5",engaged,inactive,709,896,1.26375176,,,,8.2,2026-03-20,Contínuo,9.15178571,8,1.025,0.89285714,2026-01-01,2026-05-25
"[RMKT LARANJA MORO-REATIVAÇÃO BASE QUENTE]","[C] [LM - RMKT] [ADV. ABO]","AD - LUCIANA MOFU 2 — Cópia",unknown,inactive,76,77,1.01315789,,,,8.19870946,2025-10-13,Contínuo,106.4767462,1,8.19870946,1.2987013,2026-01-01,2026-05-25
"[VINAGRE] [RMKT]","[C] [VARIOS PRODUTO] [ABO] [BID]","AD - ORG TOFU",existing,inactive,133,150,1.12781955,,,,8.19,2026-01-20,Contínuo,54.6,3,2.73,2,2026-01-01,2026-05-25
"[VINAGRE] [RMKT]","[C] [VARIOS PRODUTO] [ABO] [BID]","AD - LIS TOFU",engaged,inactive,141,173,1.22695035,,,,8.13,2026-01-20,Contínuo,46.99421965,8,1.01625,4.62427746,2026-01-01,2026-05-25
"[PUBLICO ENG.] [DR]","[C] [TONS] [PB ABERTO] [TESTE BID CAP]","ADS 2 - 18-02",existing,archived,155,174,1.12258065,,,,8.12,2026-03-16,Contínuo,46.66666667,2,4.06,1.14942529,2026-01-01,2026-05-25
"[PUBLICO ENG.] [DR]","[C] [TONS] [PB ABERTO] [TESTE BID CAP]",tons_dr-ursinho-melasma2-13-10-2025,engaged,archived,172,209,1.21511628,,,,8.09,2026-03-16,Contínuo,38.70813397,7,1.15571429,3.3492823,2026-01-01,2026-05-25
"[COENZIMA] [RMKT]","[C] [VARIOS PRODUTO] [ABO] [BID]",ADS,engaged,not_delivering,224,381,1.70089286,,,,8.08,2026-05-10,Contínuo,21.20734908,46,0.17565217,12.07349081,2026-01-01,2026-05-25
[RMK],"[C] [JEJOOM] [CBO]","AD - MORGANA TOFU — Cópia",prospecting,inactive,581,661,1.13769363,,,,8.08,2026-04-17,Contínuo,12.22390318,9,0.89777778,1.36157337,2026-01-01,2026-05-25
adv-aqui-rmkt_laranja-moro_engajado-existente_5-existente_max-conv_26-05-2025,"[C][LM - PRINCIPAL] [ADV. EXCLUSÃO DE CLIENTES]",laranja-moro_isa-nogueira_02-07-2025_olha-so-o-relato_v3_47s,existing,not_delivering,218,251,1.15137615,,,,8.08,2024-09-17,Contínuo,32.19123506,5,1.616,1.99203187,2026-01-01,2026-05-25
"Arte Organica - Digestino","[C] [LM - TESTE] [ABO]","ADS1 - 18-02",prospecting,inactive,367,386,1.05177112,,,,8.07508827,2026-02-20,Contínuo,20.9199178,5,1.61501765,1.29533679,2026-01-01,2026-05-25
"[PUBLICO ABERTO]","[C] [TONS] [PB ABERTO] [TESTE BID CAP]","tons4_rmkt_20-10-2025 — Cópia",engaged,archived,366,464,1.26775956,,,,8.05,2026-03-16,Contínuo,17.34913793,1,8.05,0.21551724,2026-01-01,2026-05-25
"[PUBLICO ENG.] [DR]","[C] [TONS] [PB ABERTO] [TESTE BID CAP]","ADS 2 - 18-02",prospecting,archived,250,275,1.1,,,,8.01,2026-03-16,Contínuo,29.12727273,,,,2026-01-01,2026-05-25
"Influ Duda - Lm","[C] [LM - TESTE] [ABO]","ADS 3 - Duda",engaged,archived,331,563,1.70090634,,,,8,2026-02-09,Contínuo,14.20959147,6,1.33333333,1.06571936,2026-01-01,2026-05-25
"[VINAGRE] [RMKT]","[C] [VARIOS PRODUTO] [ABO] [BID]","ADS 4 — Cópia",existing,inactive,134,145,1.08208955,,,,8,2026-01-20,Contínuo,55.17241379,7,1.14285714,4.82758621,2026-01-01,2026-05-25
"[MOFU] [TIK TOK] - TESTE ATÉ 20-05","[C] [LM - TESTE] [ABO]","AD -2",engaged,not_delivering,125,152,1.216,,,,7.97,2026-05-17,Contínuo,52.43421053,9,0.88555556,5.92105263,2026-01-01,2026-05-25
"[TESTE PB FECHADO JADE]","[C] [LM - TESTE] [ABO]","AD - JADE TOFU 19-05 BM JADE + DENA — Cópia",existing,active,370,440,1.18918919,,,,7.952956,2026-05-23,Contínuo,18.07490001,2,3.976478,0.45454545,2026-01-01,2026-05-25
"[TOFU] [TIK TOK] [EXCLUSAÕ BASE] [BID 60] - TESTE ATÉ 20-05","[C] [LM - TESTE] [ABO]","AD - 9",prospecting,not_delivering,875,1028,1.17485714,,,,7.93,2026-03-12,Contínuo,7.71400778,4,1.9825,0.38910506,2026-01-01,2026-05-25
EVELIN,"[C] [LM - TESTE] [ABO]","AD - EVELYN",existing,active,266,289,1.08646617,,,,7.90504977,2026-05-18,Contínuo,27.3531134,2,3.95252489,0.69204152,2026-01-01,2026-05-25
"Evelyn Regly BM - LM","[C] [LM - TESTE] [ABO]","AD - EVELYN NIVER",engaged,not_delivering,292,324,1.10958904,,,,7.89,2026-02-04,Contínuo,24.35185185,4,1.9725,1.2345679,2026-01-01,2026-05-25
"[PUBLICO ENG.] [DR]","[C] [TONS] [PB ABERTO] [TESTE BID CAP]","ADS 3 - MES DO CLIENTE",existing,archived,260,312,1.2,,,,7.89,2026-03-16,Contínuo,25.28846154,2,3.945,0.64102564,2026-01-01,2026-05-25
"[TOFU] [TIK TOK] [EXCLUSAÕ BASE] [BID 60] - TESTE ATÉ 20-05","[C] [LM - TESTE] [ABO]","AD - 3",engaged,not_delivering,760,946,1.24473684,,,,7.82,2026-03-12,Contínuo,8.26638478,14,0.55857143,1.47991543,2026-01-01,2026-05-25
EVELIN,"[C] [LM - TESTE] [ABO]","AD - EVELYN",engaged,active,254,279,1.0984252,,,,7.81453394,2026-05-18,Contínuo,28.00908221,6,1.30242232,2.15053763,2026-01-01,2026-05-25
"[PUBLICO ENG.] [DR]","[C] [TONS] [PB ABERTO] [TESTE BID CAP]",tons_dr-ursinho-melasma2-13-10-2025,prospecting,archived,237,271,1.14345992,,,,7.8,2026-03-16,Contínuo,28.78228782,4,1.95,1.47601476,2026-01-01,2026-05-25
"[TESTE PB FECHADO]","[C] [LM - TESTE] [ABO]","AD - EVELYN TOFU",prospecting,active,300,312,1.04,,,,7.79,2026-05-22,Contínuo,24.96794872,2,3.895,0.64102564,2026-01-01,2026-05-25
"[AQUISIÇÃO]  [ADV. +]","[C] [LM - PRINCIPAL][EX. BASE] [ADV. +] [CBO]","AD - MOFU teste ate 08-05 — Cópia",prospecting,inactive,334,368,1.10179641,,,,7.77,2026-01-23,Contínuo,21.11413043,3,2.59,0.81521739,2026-01-01,2026-05-25
"[PUBLICO LARISSA]","[C] [JEJOOM] [CBO]","AD1 - ORGANICO — Cópia",prospecting,archived,255,269,1.05490196,,,,7.76,2025-10-13,Contínuo,28.84758364,4,1.94,1.48698885,2026-01-01,2026-05-25
"[EXCLUSÃO BASE] [ADV. +]","[C] [LM - PRINCIPAL][EX. BASE] [ADV. +] [CBO]","AD - LUCIANA MOFU",prospecting,inactive,443,521,1.17607223,,,,7.74,2026-03-17,Contínuo,14.85604607,6,1.29,1.15163148,2026-01-01,2026-05-25
"[VINAGRE] [RMKT]","[C] [VARIOS PRODUTO] [ABO] [BID]",AD3,engaged,inactive,512,613,1.19726562,,,,7.74,2026-01-20,Contínuo,12.62642741,8,0.9675,1.3050571,2026-01-01,2026-05-25
"[RMKT LARANJA MORO-REATIVAÇÃO BASE QUENTE]","[C] [LM - RMKT] [ADV. ABO]","AD - RMKT DANI",unknown,active,87,88,1.01149425,"Compras no site",1,7.71944561,7.71944561,2025-10-13,Contínuo,87.72097289,,,,2026-01-01,2026-05-25
adv-aqui-rmkt_laranja-moro_engajado-existente_5-existente_max-conv_26-05-2025,"[C][LM - PRINCIPAL] [ADV. EXCLUSÃO DE CLIENTES]",Criativo-Campeão-7-topo,engaged,not_delivering,97,107,1.10309278,,,,7.7,2024-09-17,Contínuo,71.96261682,,,,2026-01-01,2026-05-25
"TONS TESTE","[C] [TONS] [PB DR]","AD - BOFU — Cópia",prospecting,not_delivering,276,289,1.04710145,,,,7.68,2026-04-06,Contínuo,26.57439446,5,1.536,1.73010381,2026-01-01,2026-05-25
"[VINAGRE] [RMKT]","[C] [VARIOS PRODUTO] [ABO] [BID]","AD - MANOELI — Cópia",existing,inactive,115,149,1.29565217,,,,7.66,2026-01-20,Contínuo,51.40939597,20,0.383,13.42281879,2026-01-01,2026-05-25
ABER.,"[C] [TONS] [PB ABERTO] [TESTE BID CAP]","AD1 - VERAO — Cópia",engaged,archived,354,557,1.57344633,,,,7.58,2026-03-16,Contínuo,13.60861759,5,1.516,0.89766607,2026-01-01,2026-05-25
"[AQUISIÇÃO]  [ADV. +]","[C] [LM - PRINCIPAL][EX. BASE] [ADV. +] [CBO]","AD - MOFU teste ate 08-05 — Cópia",prospecting,inactive,346,378,1.09248555,,,,7.57,2026-01-23,Contínuo,20.02645503,2,3.785,0.52910053,2026-01-01,2026-05-25
ABER.,"[C] [TONS] [PB ABERTO] [TESTE BID CAP]","ADS - ASIATICA — Cópia | Pausado ROAS baixo",existing,archived,295,315,1.06779661,,,,7.55,2026-03-16,Contínuo,23.96825397,7,1.07857143,2.22222222,2026-01-01,2026-05-25
"teste aquisição ate dia 15  - Lm","[C] [LM - TESTE] [ABO]","ADS - INFLU ANA ELISA 3",engaged,inactive,340,458,1.34705882,,,,7.55,2026-02-04,Contínuo,16.48471616,11,0.68636364,2.40174672,2026-01-01,2026-05-25
"Arte Organica - VM","[C] [LM - TESTE] [ABO]","ADS2 - VM",existing,not_delivering,201,206,1.02487562,,,,7.51,2026-02-20,Contínuo,36.45631068,2,3.755,0.97087379,2026-01-01,2026-05-25
"[TOFU][PERFIL NOVO]  TESTE","[C] [LM - PRINCIPAL] - [PLANO B] 2 TESTE","AD - 1 — Cópia",engaged,not_delivering,760,885,1.16447368,,,,7.46,2026-03-16,Contínuo,8.42937853,14,0.53285714,1.5819209,2026-01-01,2026-05-25
ABER.,"[C] [TONS] [PB ABERTO] [TESTE BID CAP]","ADS 3 - MES DO CLIENTE — Cópia",existing,archived,243,275,1.13168724,,,,7.43,2026-03-16,Contínuo,27.01818182,4,1.8575,1.45454545,2026-01-01,2026-05-25
"[TESTE PB FECHADO JADE]","[C] [LM - TESTE] [ABO]","AD - JADE TOFU 19-05 BM JADE + DENA — Cópia — Cópia",engaged,active,305,381,1.24918033,,,,7.40321865,2026-05-23,Contínuo,19.43102007,17,0.43548345,4.46194226,2026-01-01,2026-05-25
ABER.,"[C] [TONS] [PB ABERTO] [TESTE BID CAP]","tons 1 - 25-11",prospecting,archived,258,274,1.0620155,,,,7.38,2026-03-16,Contínuo,26.93430657,4,1.845,1.45985401,2026-01-01,2026-05-25
"[PUBLICO ABERTO]","[C] [TONS] [PB ABERTO] [TESTE BID CAP]","ADS - ASIATICA — Cópia | Pausado sem checkout e sem conversões",engaged,archived,256,286,1.1171875,,,,7.29,2026-03-16,Contínuo,25.48951049,6,1.215,2.0979021,2026-01-01,2026-05-25
[RMK],"[C] [JEJOOM] [CBO]","AD - TACI 2",engaged,active,176,224,1.27272727,,,,7.27,2026-04-17,Contínuo,32.45535714,19,0.38263158,8.48214286,2026-01-01,2026-05-25
"[TESTE PB FECHADO]","[C] [LM - TESTE] [ABO]","AD - RMK  EVELYN 18-05 PERFIL DENA — Cópia — Cópia",engaged,active,223,251,1.12556054,,,,7.24,2026-05-22,Contínuo,28.84462151,1,7.24,0.39840637,2026-01-01,2026-05-25
"[TESTE PB FECHADO JADE]","[C] [LM - TESTE] [ABO]","AD - RMK  EVELYN 18-05 PERFIL DENA — Cópia — Cópia — Cópia",prospecting,active,711,839,1.18002813,,,,7.20160383,2026-05-23,Contínuo,8.58355641,5,1.44032077,0.59594756,2026-01-01,2026-05-25
"teste aquisição ate dia 15  - Lm","[C] [LM - TESTE] [ABO]","ADS - DANI — Cópia",existing,not_delivering,294,347,1.18027211,,,,7.2,2026-02-04,Contínuo,20.74927954,7,1.02857143,2.01729107,2026-01-01,2026-05-25
"Influ Raiza - VM","[C] [LM - TESTE] [ABO]","ADS 1",existing,not_delivering,256,337,1.31640625,"Compras no site",1,7.18,7.18,2026-02-19,Contínuo,21.30563798,3,2.39333333,0.89020772,2026-01-01,2026-05-25
"Influ Lari - Jejoom","[C] [LM - TESTE] [ABO]",AD5,engaged,not_delivering,262,332,1.26717557,,,,7.15,2026-02-12,Contínuo,21.53614458,8,0.89375,2.40963855,2026-01-01,2026-05-25
"[PUBLICO ABERTO]","[C] [TONS] [PB ABERTO] [TESTE BID CAP]","tons4_rmkt_20-10-2025 — Cópia",existing,archived,471,587,1.2462845,,,,7.14,2026-03-16,Contínuo,12.16354344,2,3.57,0.3407155,2026-01-01,2026-05-25
"[AQUISIÇÃO]  [ADV. +]","[C] [LM - PRINCIPAL][EX. BASE] [ADV. +] [CBO]","AD - ALESSANDRA TOFU",prospecting,inactive,344,357,1.0377907,,,,7.12,2026-01-23,Contínuo,19.94397759,2,3.56,0.56022409,2026-01-01,2026-05-25
"[TOFU] [TIK TOK] [EXCLUSAÕ BASE] [BID 60] - TESTE ATÉ 20-05","[C] [LM - TESTE] [ABO]","AD - 3",prospecting,not_delivering,702,892,1.27065527,,,,7.09,2026-03-12,Contínuo,7.94843049,8,0.88625,0.89686099,2026-01-01,2026-05-25
"[MOFU] [TIK TOK] - TESTE ATÉ 20-05","[C] [LM - TESTE] [ABO]","AD - MOFU teste ate 08-05",engaged,inactive,146,162,1.10958904,,,,7.08,2026-05-17,Contínuo,43.7037037,2,3.54,1.2345679,2026-01-01,2026-05-25
"[PUBLICO ENG.] [DR]","[C] [TONS] [PB ABERTO] [TESTE BID CAP]","AD1 - VERAO — Cópia",existing,archived,167,197,1.17964072,,,,7.03,2026-03-16,Contínuo,35.68527919,1,7.03,0.50761421,2026-01-01,2026-05-25
"[AQUISIÇÃO]  [ADV. +]","[C] [LM - PRINCIPAL][EX. BASE] [ADV. +] [CBO]","AD - BOFU",unknown,inactive,143,147,1.02797203,,,,7.01967712,2026-01-23,Contínuo,47.75290558,1,7.01967712,0.68027211,2026-01-01,2026-05-25
"[PUBLICO ABERTO]","[C] [LM - PRINCIPAL] [PLANO B] 1 TESTE","AD - LUCIANA TOFU — Cópia",engaged,not_delivering,414,448,1.0821256,,,,7,2025-12-10,Contínuo,15.625,3,2.33333333,0.66964286,2026-01-01,2026-05-25
"[CAMPANHA AQUISIÇÃO]","[C] [JEJOOM] [CBO]","ARTE 1 20-10-2025 DENAVITA",engaged,inactive,229,278,1.2139738,,,,6.99,2025-10-13,Contínuo,25.14388489,2,3.495,0.71942446,2026-01-01,2026-05-25
"TONS TESTE","[C] [TONS] [PB DR]","AD - MOFU 9",engaged,not_delivering,97,116,1.19587629,,,,6.98,2026-04-06,Contínuo,60.17241379,4,1.745,3.44827586,2026-01-01,2026-05-25
"TONS TESTE","[C] [TONS] [PB DR]","AD - MOFU 3",engaged,not_delivering,158,215,1.36075949,,,,6.98,2026-04-06,Contínuo,32.46511628,29,0.24068966,13.48837209,2026-01-01,2026-05-25
"[RMKT LARANJA MORO-REATIVAÇÃO BASE QUENTE]","[C] [LM - RMKT] [ADV. ABO]","AD - EVELYN NVIER",prospecting,not_delivering,171,207,1.21052632,,,,6.98,2025-10-13,Contínuo,33.71980676,,,,2026-01-01,2026-05-25
"ABER. — Cópia | Pausado checkout caro","[C] [TONS] [PB ABERTO] [TESTE BID CAP]","ADS 3 - MES DO CLIENTE — Cópia",engaged,archived,113,123,1.08849558,,,,6.94224266,2026-03-16,Contínuo,56.44099723,2,3.47112133,1.62601626,2026-01-01,2026-05-25
"TONS TESTE","[C] [TONS] [PB DR]","AD - BOFU — Cópia",existing,not_delivering,163,177,1.08588957,,,,6.9,2026-04-06,Contínuo,38.98305085,2,3.45,1.1299435,2026-01-01,2026-05-25
ABER.,"[C] [TONS] [PB ABERTO] [TESTE BID CAP]","ADS 3 - MES DO CLIENTE",existing,archived,449,628,1.3986637,,,,6.9,2026-03-16,Contínuo,10.98726115,1,6.9,0.15923567,2026-01-01,2026-05-25
"[VINAGRE] [RMKT]","[C] [VARIOS PRODUTO] [ABO] [BID]","ADS 4 — Cópia",prospecting,inactive,142,151,1.06338028,,,,6.77,2026-01-20,Contínuo,44.83443709,4,1.6925,2.64900662,2026-01-01,2026-05-25
"Influ Mi Ruback - Lm","[C] [LM - TESTE] [ABO]",ADS0,engaged,archived,310,464,1.49677419,,,,6.75,2026-01-23,Contínuo,14.54741379,3,2.25,0.64655172,2026-01-01,2026-05-25
"[HIBRIDO] [ESTATICO ORG.] [BID 60]","[C] [LM - TESTE] [ABO]","AD - NIVER 3",prospecting,inactive,1085,1313,1.21013825,,,,6.74,2026-03-20,Contínuo,5.13328256,8,0.8425,0.6092917,2026-01-01,2026-05-25
"[RMKT LARANJA MORO-REATIVAÇÃO BASE QUENTE]","[C] [LM - RMKT] [ADV. ABO]","AD - TOFU LARISSA — Cópia",existing,inactive,160,169,1.05625,"Compras no site",1,6.71,6.71,2025-10-13,Contínuo,39.70414201,5,1.342,2.95857988,2026-01-01,2026-05-25
"[VINAGRE] [RMKT]","[C] [VARIOS PRODUTO] [ABO] [BID]","AD3 — Cópia",engaged,inactive,40,46,1.15,,,,6.67,2026-01-20,Contínuo,145,3,2.22333333,6.52173913,2026-01-01,2026-05-25
"[PUBLICO LARISSA]","[C] [JEJOOM] [CBO]","AD2 - ORGANICO — Cópia",prospecting,archived,303,316,1.04290429,,,,6.65,2025-10-13,Contínuo,21.0443038,7,0.95,2.21518987,2026-01-01,2026-05-25
"[CAMPANHA AQUISIÇÃO]","[C] [JEJOOM] [CBO]","AD - LARI",prospecting,inactive,250,292,1.168,,,,6.65,2025-10-13,Contínuo,22.7739726,3,2.21666667,1.02739726,2026-01-01,2026-05-25
"[TOFU] [TIK TOK] [EXCLUSAÕ BASE] [BID 60] - TESTE ATÉ 20-05","[C] [LM - TESTE] [ABO]","AD -1",prospecting,not_delivering,581,639,1.09982788,,,,6.62,2026-03-12,Contínuo,10.3599374,4,1.655,0.62597809,2026-01-01,2026-05-25
"[VINAGRE] [RMKT]","[C] [VARIOS PRODUTO] [ABO] [BID]","ADS 2 — Cópia",engaged,inactive,106,119,1.12264151,,,,6.62,2026-01-20,Contínuo,55.6302521,1,6.62,0.84033613,2026-01-01,2026-05-25
"[DAI - DUDA - ANA]","[C] [LM - TESTE] [ABO]","AD - ANA PAULA",existing,active,99,106,1.07070707,,,,6.6,2026-05-21,Contínuo,62.26415094,1,6.6,0.94339623,2026-01-01,2026-05-25
EVELIN,"[C] [LM - TESTE] [ABO]","ADS  - EVELYN VM",prospecting,inactive,263,295,1.121673,,,,6.6,2026-05-18,Contínuo,22.37288136,3,2.2,1.01694915,2026-01-01,2026-05-25
"Influ Evelyn - Vm 2","[C] [LM - TESTE] [ABO]","ADS 2",existing,inactive,239,304,1.27196653,,,,6.59,2026-02-02,Contínuo,21.67763158,3,2.19666667,0.98684211,2026-01-01,2026-05-25
"[PUBLICO ABERTO]","[C] [LM - PRINCIPAL] [PLANO B] 1 TESTE","ADS - LARISSA — Cópia — Cópia",prospecting,inactive,791,811,1.02528445,,,,6.55,2025-12-10,Contínuo,8.07644883,6,1.09166667,0.73982737,2026-01-01,2026-05-25
"Influ Lari - Jejoom","[C] [LM - TESTE] [ABO]",AD2,prospecting,not_delivering,250,293,1.172,,,,6.53,2026-02-12,Contínuo,22.28668942,4,1.6325,1.36518771,2026-01-01,2026-05-25
"LP - TOPO LM","[C] [LM - PRINCIPAL][EX. BASE] [ADV. +] [CBO]","ADS - ANA ELISA 2",engaged,archived,232,307,1.32327586,,,,6.51,2026-02-06,Contínuo,21.20521173,3,2.17,0.9771987,2026-01-01,2026-05-25
"[TOFU] [TIK TOK] [EXCLUSAÕ BASE] [BID 60] - TESTE ATÉ 20-05","[C] [LM - TESTE] [ABO]","AD -2",engaged,not_delivering,371,427,1.1509434,,,,6.51,2026-03-12,Contínuo,15.24590164,1,6.51,0.23419204,2026-01-01,2026-05-25
"Influ Sabrina - Vm [Teste até 13-03]","[C] [LM - TESTE] [ABO]",ADS6,existing,archived,58,63,1.0862069,,,,6.47,2026-02-05,Contínuo,102.6984127,1,6.47,1.58730159,2026-01-01,2026-05-25
"Influ Morgana - Jejoom","[C] [LM - TESTE] [ABO]",ADS4,engaged,inactive,108,128,1.18518519,,,,6.47,2026-03-02,Contínuo,50.546875,4,1.6175,3.125,2026-01-01,2026-05-25
"Varias Influs - VM","[C] [LM - TESTE] [ABO]","ADS 2",engaged,inactive,193,220,1.13989637,"Compras no site",1,6.47,6.47,2026-02-19,Contínuo,29.40909091,8,0.80875,3.63636364,2026-01-01,2026-05-25
"Influ Dani Arte - Lm","[C] [LM - TESTE] [ABO]",AD3,engaged,not_delivering,337,443,1.31454006,,,,6.47,2026-02-12,Contínuo,14.60496614,4,1.6175,0.90293454,2026-01-01,2026-05-25
"[VINAGRE] [RMKT]","[C] [VARIOS PRODUTO] [ABO] [BID]","AD - ORG TOFU",unknown,inactive,29,34,1.17241379,,,,6.46008104,2026-01-20,Contínuo,190.00238363,1,6.46008104,2.94117647,2026-01-01,2026-05-25
ABER.,"[C] [TONS] [PB ABERTO] [TESTE BID CAP]","ADS 3 - MES DO CLIENTE — Cópia",engaged,archived,155,174,1.12258065,,,,6.46,2026-03-16,Contínuo,37.12643678,2,3.23,1.14942529,2026-01-01,2026-05-25
"[PUBLICO ENG.] [DR]","[C] [TONS] [PB ABERTO] [TESTE BID CAP]","ADS 3 - MES DO CLIENTE",engaged,archived,171,208,1.21637427,,,,6.45,2026-03-16,Contínuo,31.00961538,1,6.45,0.48076923,2026-01-01,2026-05-25
"Influ Raiza 2","[C] [LM - TESTE] [ABO]","ADS 3",engaged,not_delivering,250,317,1.268,,,,6.43,2026-01-29,Contínuo,20.28391167,1,6.43,0.31545741,2026-01-01,2026-05-25
"Conj. - Q10","[C] [LM - TESTE] [ABO]","ADS3- Q10",existing,not_delivering,206,231,1.12135922,,,,6.39,2026-02-20,Contínuo,27.66233766,3,2.13,1.2987013,2026-01-01,2026-05-25
"[RMKT LARANJA MORO-REATIVAÇÃO BASE QUENTE]","[C] [LM - RMKT] [ADV. ABO]","AD - DANI TOFU — Cópia",existing,inactive,140,145,1.03571429,,,,6.38,2025-10-13,Contínuo,44,3,2.12666667,2.06896552,2026-01-01,2026-05-25
"[COENZIMA] [RMKT]","[C] [VARIOS PRODUTO] [ABO] [BID]","ADS DANI",prospecting,inactive,446,471,1.05605381,,,,6.38,2026-05-10,Contínuo,13.54564756,1,6.38,0.21231423,2026-01-01,2026-05-25
Jejoom,"[C] [LM - TESTE] [ABO]","ADS1 - 18-02",prospecting,not_delivering,154,163,1.05844156,"Compras no site",1,6.38,6.38,2026-02-20,Contínuo,39.14110429,4,1.595,2.45398773,2026-01-01,2026-05-25
"Conj - Vm","[C] [LM - TESTE] [ABO]","AD - MI RUBACK MOFU — Cópia",engaged,not_delivering,149,186,1.24832215,,,,6.36851757,2026-01-30,Contínuo,34.23934178,7,0.90978822,3.76344086,2026-01-01,2026-05-25
"Arte Organica - Q10","[C] [LM - TESTE] [ABO]","ADS1 - Q10",prospecting,not_delivering,173,193,1.11560694,,,,6.35,2026-02-18,Contínuo,32.9015544,4,1.5875,2.07253886,2026-01-01,2026-05-25
"Influ Sabrina - Tons","[C] [LM - TESTE] [ABO]","ADS 1 - SABRINA",engaged,inactive,226,256,1.13274336,,,,6.35,2026-02-09,Contínuo,24.8046875,5,1.27,1.953125,2026-01-01,2026-05-25
"[PUBLICO ENG.] [DR]","[C] [TONS] [PB ABERTO] [TESTE BID CAP]","ADS 2 - 18-02",engaged,archived,136,154,1.13235294,,,,6.34,2026-03-16,Contínuo,41.16883117,2,3.17,1.2987013,2026-01-01,2026-05-25
"[TOFU] [TIK + ORG ] [ABERTO]","[C] [LM - TESTE] [ABO]",AD3,unknown,inactive,92,96,1.04347826,,,,6.3249527,2026-02-11,Contínuo,65.884924,,,,2026-01-01,2026-05-25
"[RMKT LARANJA MORO-REATIVAÇÃO BASE QUENTE]","[C] [LM - RMKT] [ADV. ABO]","AD - TOFU LARISSA — Cópia",prospecting,inactive,205,208,1.01463415,"Compras no site",1,6.32,6.32,2025-10-13,Contínuo,30.38461538,2,3.16,0.96153846,2026-01-01,2026-05-25
"[MOFU] [TIK TOK] - TESTE ATÉ 20-05","[C] [LM - TESTE] [ABO]","AD - MOFU teste ate 08-05",prospecting,inactive,141,163,1.15602837,,,,6.28,2026-05-17,Contínuo,38.52760736,1,6.28,0.61349693,2026-01-01,2026-05-25
"[COENZIMA] [RMKT]","[C] [VARIOS PRODUTO] [ABO] [BID]","AD - RMKT 4",prospecting,not_delivering,373,423,1.13404826,,,,6.28,2026-05-10,Contínuo,14.8463357,,,,2026-01-01,2026-05-25
"Arte Organica - Digestino","[C] [LM - TESTE] [ABO]","ADS1 - 18-02",existing,inactive,240,262,1.09166667,,,,6.27395334,2026-02-20,Contínuo,23.9463868,1,6.27395334,0.38167939,2026-01-01,2026-05-25
"Influ Sabrina - Vm [Teste até 13-03]","[C] [LM - TESTE] [ABO]",ADS2,engaged,archived,175,194,1.10857143,,,,6.25,2026-02-05,Contínuo,32.21649485,3,2.08333333,1.54639175,2026-01-01,2026-05-25
"LP - 1","[C] [LM - PRINCIPAL][EX. BASE] [ADV. +] [CBO]","ADS - LARISSA 2",prospecting,archived,281,287,1.02135231,,,,6.25,2026-01-19,Contínuo,21.77700348,3,2.08333333,1.04529617,2026-01-01,2026-05-25
"Arte Org - Digestino","[C] [LM - TESTE] [ABO]","ADS2- 18-02",engaged,not_delivering,324,377,1.16358025,,,,6.24,2026-02-18,Contínuo,16.55172414,4,1.56,1.06100796,2026-01-01,2026-05-25
"[TESTE PB FECHADO]","[C] [LM - TESTE] [ABO]","AD - EVELYN",prospecting,inactive,392,448,1.14285714,,,,6.22,2026-05-22,Contínuo,13.88392857,3,2.07333333,0.66964286,2026-01-01,2026-05-25
"Influ Morgana - Jejoom","[C] [LM - TESTE] [ABO]",ADS9,engaged,inactive,200,223,1.115,,,,6.22,2026-03-02,Contínuo,27.89237668,1,6.22,0.44843049,2026-01-01,2026-05-25
"[PUBLICO ABERTO] — Cópia","[C] [LM - PRINCIPAL] [PLANO B] 1 TESTE","Video-Rmkt-DaniWinits — Cópia",existing,archived,104,107,1.02884615,,,,6.18,2026-01-08,Contínuo,57.75700935,1,6.18,0.93457944,2026-01-01,2026-05-25
"[PUBLICO ABERTO]","[C] [TONS] [PB ABERTO] [TESTE BID CAP]","ADS - ASIATICA — Cópia | Pausado sem checkout e sem conversões",existing,archived,321,368,1.14641745,,,,6.18,2026-03-16,Contínuo,16.79347826,9,0.68666667,2.44565217,2026-01-01,2026-05-25
"ABER. — Cópia | Pausado checkout caro","[C] [TONS] [PB ABERTO] [TESTE BID CAP]","ADS - ASIATICA",prospecting,archived,167,174,1.04191617,,,,6.18,2026-03-16,Contínuo,35.51724138,10,0.618,5.74712644,2026-01-01,2026-05-25
"[EXCLUSÃO BASE] [ADV. +]","[C] [LM - PRINCIPAL][EX. BASE] [ADV. +] [CBO]","AD - BOFU ANA ELISA 22K",unknown,active,109,111,1.01834862,,,,6.15897766,2026-03-17,Contínuo,55.4862852,11,0.55990706,9.90990991,2026-01-01,2026-05-25
"[MOFU] [TIK TOK] - TESTE ATÉ 20-05","[C] [LM - TESTE] [ABO]","AD - 7",prospecting,not_delivering,210,240,1.14285714,,,,6.15,2026-05-17,Contínuo,25.625,3,2.05,1.25,2026-01-01,2026-05-25
"Influ Lari - Jejoom","[C] [LM - TESTE] [ABO]","ADS - LARI 4",existing,not_delivering,94,112,1.19148936,,,,6.12,2026-02-12,Contínuo,54.64285714,1,6.12,0.89285714,2026-01-01,2026-05-25
[RMK],"[C] [JEJOOM] [CBO]","AD - TACI",engaged,active,134,220,1.64179104,,,,6.12,2026-04-17,Contínuo,27.81818182,29,0.21103448,13.18181818,2026-01-01,2026-05-25
"[AQUISIÇÃO]  [ADV. +]","[C] [LM - PRINCIPAL][EX. BASE] [ADV. +] [CBO]","ADS - MES CONSUMIDOR",unknown,inactive,147,152,1.03401361,,,,6.11991683,2026-01-23,Contínuo,40.26261073,,,,2026-01-01,2026-05-25
"[EXCLUSÃO BASE] [ADV. +]","[C] [LM - PRINCIPAL][EX. BASE] [ADV. +] [CBO]","AD - DANI TOFU",existing,active,352,419,1.19034091,,,,6.10032468,2026-03-17,Contínuo,14.55924744,18,0.33890693,4.29594272,2026-01-01,2026-05-25
"Influ Evelyn - Vm 2","[C] [LM - TESTE] [ABO]","ADS 1",existing,inactive,124,169,1.36290323,,,,6.08,2026-02-02,Contínuo,35.97633136,1,6.08,0.59171598,2026-01-01,2026-05-25
[RMK],"[C] [JEJOOM] [CBO]","AD - TACI 3",prospecting,active,422,448,1.06161137,,,,6.07,2026-04-17,Contínuo,13.54910714,2,3.035,0.44642857,2026-01-01,2026-05-25
"Influ Raiza","[C] [LM - TESTE] [ABO]","Criativo Versão 1 - Raiza 29/12",existing,archived,153,193,1.26143791,,,,6.05,2025-10-22,Contínuo,31.34715026,,,,2026-01-01,2026-05-25
"[BOFU] [ADV+ ABERTO] [ESTATICO]","[C] [LM - TESTE] [ABO]","AD - DANI TOFU 1",prospecting,not_delivering,962,962,1,,,,6.05,2026-02-25,Contínuo,6.28898129,1,6.05,0.1039501,2026-01-01,2026-05-25
"Influ Dani - Vm","[C] [LM - TESTE] [ABO]",AD2,engaged,not_delivering,226,273,1.2079646,,,,6.01,2026-02-25,Contínuo,22.01465201,1,6.01,0.36630037,2026-01-01,2026-05-25
"[TESTE PB FECHADO]","[C] [LM - TESTE] [ABO]","AD - RMK  EVELYN 18-05 PERFIL DENA — Cópia — Cópia — Cópia",existing,active,224,240,1.07142857,,,,5.99,2026-05-22,Contínuo,24.95833333,1,5.99,0.41666667,2026-01-01,2026-05-25
"[PUBLICO ABERTO]","[C] [TESTE LP]","ADS - RAIZA 3 — Cópia",engaged,archived,165,165,1,,,,5.96,2026-02-24,Contínuo,36.12121212,2,2.98,1.21212121,2026-01-01,2026-05-25
"[CAMPANHA AQUISIÇÃO]","[C] [JEJOOM] [CBO]","AD4 - ORGANICO",existing,inactive,215,234,1.08837209,,,,5.93,2025-10-13,Contínuo,25.34188034,1,5.93,0.42735043,2026-01-01,2026-05-25
"[VINAGRE] [RMKT]","[C] [VARIOS PRODUTO] [ABO] [BID]",AD9,engaged,inactive,72,106,1.47222222,,,,5.91,2026-01-20,Contínuo,55.75471698,6,0.985,5.66037736,2026-01-01,2026-05-25
adv-aqui-rmkt_laranja-moro_engajado-existente_5-existente_max-conv_26-05-2025,"[C][LM - PRINCIPAL] [ADV. EXCLUSÃO DE CLIENTES]",Criativo-Campeão-7-topo,prospecting,not_delivering,123,140,1.13821138,,,,5.9,2024-09-17,Contínuo,42.14285714,,,,2026-01-01,2026-05-25
"Evelyn Regly BM - LM","[C] [LM - TESTE] [ABO]","AD - EVELYN NIVER",existing,not_delivering,144,154,1.06944444,,,,5.9,2026-02-04,Contínuo,38.31168831,,,,2026-01-01,2026-05-25
"[PUBLICO ENG.] [DR] — Cópia | [Réplica de Conjunto Validado] | Pausado checkout caro","[C] [TONS] [PB ABERTO] [TESTE BID CAP]","ADS - ASIATICA | Reativado ROAS bom hoje",existing,archived,130,140,1.07692308,,,,5.88,2026-03-24,Contínuo,42,6,0.98,4.28571429,2026-01-01,2026-05-25
"[CAMPANHA AQUISIÇÃO]","[C] [JEJOOM] [CBO]","ARTE 2 MES CLIENTE — Cópia",engaged,inactive,244,352,1.44262295,,,,5.86,2025-10-13,Contínuo,16.64772727,,,,2026-01-01,2026-05-25
"[PUBLICO ENG.] [DR]","[C] [TONS] [PB ABERTO] [TESTE BID CAP]","AD1 - VERAO — Cópia",engaged,archived,135,165,1.22222222,,,,5.85,2026-03-16,Contínuo,35.45454545,,,,2026-01-01,2026-05-25
Jejoom,"[C] [LM - TESTE] [ABO]","ADS3 - 18-02",prospecting,not_delivering,142,145,1.02112676,,,,5.84,2026-02-20,Contínuo,40.27586207,4,1.46,2.75862069,2026-01-01,2026-05-25
"[RMKT LARANJA MORO-REATIVAÇÃO BASE QUENTE]","[C] [LM - RMKT] [ADV. ABO]","AD - EVELYN",unknown,inactive,80,82,1.025,,,,5.82877765,2025-10-13,Contínuo,71.08265426,2,2.91438882,2.43902439,2026-01-01,2026-05-25
"[VINAGRE] [RMKT]","[C] [VARIOS PRODUTO] [ABO] [BID]","ADS 2 - INGRID VM — Cópia",prospecting,inactive,82,99,1.20731707,,,,5.82,2026-01-20,Contínuo,58.78787879,,,,2026-01-01,2026-05-25
"LP NOVA","[C] [TONS] [PB DR]","AD - BOFU — Cópia",prospecting,not_delivering,319,369,1.15673981,"Compras no site",1,5.8,5.8,2026-02-09,Contínuo,15.71815718,2,2.9,0.54200542,2026-01-01,2026-05-25
"[VINAGRE] [RMKT]","[C] [VARIOS PRODUTO] [ABO] [BID]","AD - TOFU",prospecting,inactive,146,180,1.23287671,,,,5.78,2026-01-20,Contínuo,32.11111111,6,0.96333333,3.33333333,2026-01-01,2026-05-25
"LP 2 - TONS","[C] [LM - PRINCIPAL][EX. BASE] [ADV. +] [CBO]","tons_dr-ursinho-melasma2-13-10-2025 — Cópia",existing,archived,82,88,1.07317073,,,,5.77,2026-02-06,Contínuo,65.56818182,,,,2026-01-01,2026-05-25
"Arte Organica - VM","[C] [LM - TESTE] [ABO]","ADS2 - VM",engaged,archived,161,200,1.24223602,,,,5.72,2026-02-18,Contínuo,28.6,7,0.81714286,3.5,2026-01-01,2026-05-25
ABER.,"[C] [TONS] [PB ABERTO] [TESTE BID CAP]","ADS - ASIATICA — Cópia | Pausado ROAS baixo",engaged,archived,192,199,1.03645833,,,,5.72,2026-03-16,Contínuo,28.74371859,4,1.43,2.01005025,2026-01-01,2026-05-25
"Influ Dani - Vm","[C] [LM - TESTE] [ABO]",AD3,engaged,not_delivering,267,315,1.17977528,,,,5.7,2026-02-25,Contínuo,18.0952381,2,2.85,0.63492063,2026-01-01,2026-05-25
"[PUBLICO ABERTO]","[C] [WHITE] TRAFEGO","AD1 — Cópia — Cópia",unknown,not_delivering,928,1017,1.09590517,"Visualizações da página de destino",28,0.20285714,5.68,2026-03-26,Contínuo,5.58505408,38,0.14947368,3.73647984,2026-01-01,2026-05-25
Jejoom,"[C] [LM - TESTE] [ABO]","ADS3 - 18-02",existing,not_delivering,168,289,1.7202381,,,,5.56,2026-02-18,Contínuo,19.23875433,,,,2026-01-01,2026-05-25
"[VINAGRE] [RMKT]","[C] [VARIOS PRODUTO] [ABO] [BID]","AD9 - CARROSSEL",prospecting,inactive,163,188,1.15337423,,,,5.56,2026-01-20,Contínuo,29.57446809,2,2.78,1.06382979,2026-01-01,2026-05-25
"[CAMPANHA AQUISIÇÃO]","[C] [JEJOOM] [CBO]","AD - LARI",engaged,inactive,292,346,1.18493151,,,,5.55,2025-10-13,Contínuo,16.04046243,1,5.55,0.28901734,2026-01-01,2026-05-25
"TESTE RACHEL ATE 21-03","[C] [LM - PRINCIPAL][EX. BASE] [ADV. +] [CBO]",AD1,engaged,archived,139,147,1.05755396,,,,5.55,2026-03-17,Contínuo,37.75510204,,,,2026-01-01,2026-05-25
"[PUBLICO ABERTO]","[C] [WHITE] TRAFEGO","ADS - DANI 3 — Cópia — Cópia",unknown,not_delivering,702,762,1.08547009,"Visualizações da página de destino",10,0.555,5.55,2026-03-26,Contínuo,7.28346457,12,0.4625,1.57480315,2026-01-01,2026-05-25
"[MOFU] [TIK TOK] - TESTE ATÉ 20-05","[C] [LM - TESTE] [ABO]","AD - 5",prospecting,not_delivering,270,297,1.1,,,,5.51078323,2026-05-17,Contínuo,18.55482568,5,1.10215665,1.68350168,2026-01-01,2026-05-25
"[PUBLICO ENG.] [DR]","[C] [TONS] [PB DR]","AD - BOFU",unknown,active,57,59,1.03508772,,,,5.50868231,2025-06-20,Contínuo,93.3674968,2,2.75434116,3.38983051,2026-01-01,2026-05-25
"[DAI - DUDA - ANA]","[C] [LM - TESTE] [ABO]","AD - ANA PAULA",engaged,active,81,90,1.11111111,,,,5.49,2026-05-21,Contínuo,61,,,,2026-01-01,2026-05-25
"[TOFU] [TIK TOK] [EXCLUSAÕ BASE] [BID 60] - TESTE ATÉ 20-05","[C] [LM - TESTE] [ABO]","AD - 7",engaged,not_delivering,398,489,1.22864322,,,,5.47,2026-03-12,Contínuo,11.18609407,13,0.42076923,2.65848671,2026-01-01,2026-05-25
[RMK],"[C] [JEJOOM] [CBO]","AD - MORGANA TOFU — Cópia",engaged,inactive,412,483,1.1723301,,,,5.45241158,2026-04-17,Contínuo,11.2886368,3,1.81747053,0.62111801,2026-01-01,2026-05-25
"Evelyn Regly BM - LM","[C] [LM - TESTE] [ABO]","AD - EVELYN NIVER 2",existing,not_delivering,183,196,1.07103825,,,,5.45,2026-02-04,Contínuo,27.80612245,1,5.45,0.51020408,2026-01-01,2026-05-25
"TONS TESTE","[C] [TONS] [PB DR]","AD - MOFU 3",existing,not_delivering,119,159,1.33613445,,,,5.44,2026-04-06,Contínuo,34.21383648,5,1.088,3.14465409,2026-01-01,2026-05-25
"Lm Perfil Novo","[C] [LM - TESTE] [ABO]","Criativo 1 - Brenda 29/12 — Cópia",existing,not_delivering,227,280,1.23348018,,,,5.43,2025-11-03,Contínuo,19.39285714,6,0.905,2.14285714,2026-01-01,2026-05-25
"[PUBLICO ABERTO] — Cópia","[C] [LM - PRINCIPAL] [PLANO B] 1 TESTE","ADS - ANA ELISA 2",prospecting,archived,265,271,1.02264151,,,,5.42,2026-01-08,Contínuo,20,,,,2026-01-01,2026-05-25
"[TESTE PB FECHADO]","[C] [LM - TESTE] [ABO]","AD - RMK  EVELYN 19-05 PERFIL DENA",prospecting,active,403,416,1.03225806,,,,5.41,2026-05-22,Contínuo,13.00480769,2,2.705,0.48076923,2026-01-01,2026-05-25
"Influ Sabrina - Tons","[C] [LM - TESTE] [ABO]","ADS 1 - SABRINA",existing,inactive,203,232,1.14285714,,,,5.4,2026-02-09,Contínuo,23.27586207,,,,2026-01-01,2026-05-25
"[CAMPANHA AQUISIÇÃO]","[C] [JEJOOM] [CBO]","AD - RAIZA MOFU",prospecting,inactive,106,125,1.17924528,,,,5.38,2025-10-13,Contínuo,43.04,1,5.38,0.8,2026-01-01,2026-05-25
"[AQUISIÇÃO]  [ADV. +]","[C] [LM - PRINCIPAL][EX. BASE] [ADV. +] [CBO]","AD - MOFU teste ate 08-05 — Cópia",engaged,inactive,270,280,1.03703704,,,,5.38,2026-01-23,Contínuo,19.21428571,2,2.69,0.71428571,2026-01-01,2026-05-25
"[TESTE PB FECHADO]","[C] [LM - TESTE] [ABO]","AD - RMK  EVELYN 18-05 PERFIL DENA — Cópia — Cópia — Cópia",prospecting,active,323,334,1.03405573,,,,5.37,2026-05-22,Contínuo,16.07784431,3,1.79,0.89820359,2026-01-01,2026-05-25
"[TOFU] [TIK TOK] [EXCLUSAÕ BASE] [BID 60] - TESTE ATÉ 20-05","[C] [LM - TESTE] [ABO]","AD - 6",existing,not_delivering,242,292,1.20661157,,,,5.36,2026-03-12,Contínuo,18.35616438,7,0.76571429,2.39726027,2026-01-01,2026-05-25
"Influ Mi Ruback - Lm","[C] [LM - TESTE] [ABO]","ADS 5",existing,archived,122,137,1.12295082,,,,5.33,2026-01-23,Contínuo,38.90510949,1,5.33,0.72992701,2026-01-01,2026-05-25
"[CAMPANHA AQUISIÇÃO]","[C] [JEJOOM] [CBO]","AD - RAIZA",engaged,inactive,108,122,1.12962963,"Compras no site",1,5.3,5.3,2025-10-13,Contínuo,43.44262295,1,5.3,0.81967213,2026-01-01,2026-05-25
"TESTE RACHEL ATE 21-03","[C] [LM - PRINCIPAL] - [PLANO B] 2 TESTE",AD3,existing,archived,362,493,1.36187845,"Compras no site",1,5.29,5.29,2026-03-17,Contínuo,10.73022312,4,1.3225,0.81135903,2026-01-01,2026-05-25
"Carrossel - LM ROAS","[C] [LM - TESTE] [ABO]","CARROSSEL 1 - 18-02",engaged,archived,98,143,1.45918367,,,,5.26,2026-02-18,Contínuo,36.78321678,15,0.35066667,10.48951049,2026-01-01,2026-05-25
"[TESTE PB FECHADO ANA ELISA]","[C] [LM - TESTE] [ABO]","AD - ANA ELISA MOFU — Cópia",engaged,active,142,161,1.13380282,,,,5.25233986,2026-05-23,Contínuo,32.62322895,7,0.75033427,4.34782609,2026-01-01,2026-05-25
"[VINAGRE] [RMKT]","[C] [VARIOS PRODUTO] [ABO] [BID]",AD4,existing,inactive,131,146,1.11450382,,,,5.25,2026-01-20,Contínuo,35.95890411,2,2.625,1.36986301,2026-01-01,2026-05-25
"Influ Mi Ruback - Lm","[C] [LM - TESTE] [ABO]","ADS 5",engaged,archived,154,169,1.0974026,,,,5.22,2026-01-23,Contínuo,30.88757396,2,2.61,1.18343195,2026-01-01,2026-05-25
"Influ Morgana - Jejoom","[C] [LM - TESTE] [ABO]",ADS8,engaged,inactive,172,222,1.29069767,,,,5.22,2026-03-02,Contínuo,23.51351351,18,0.29,8.10810811,2026-01-01,2026-05-25
"Carrossel - LM ROAS","[C] [LM - TESTE] [ABO]","CARROSSEL 3 - 18-02",existing,archived,87,119,1.36781609,,,,5.21,2026-02-18,Contínuo,43.78151261,7,0.74428571,5.88235294,2026-01-01,2026-05-25
"Arte Organica - VM","[C] [LM - TESTE] [ABO]","ADS2 - VM",prospecting,archived,178,195,1.09550562,,,,5.19,2026-02-18,Contínuo,26.61538462,,,,2026-01-01,2026-05-25
"[CAMPANHA AQUISIÇÃO]","[C] [JEJOOM] [CBO]","AD - NIVER",existing,inactive,124,151,1.21774194,,,,5.18,2025-10-13,Contínuo,34.30463576,4,1.295,2.64900662,2026-01-01,2026-05-25
"Arte Organica - Q10","[C] [LM - TESTE] [ABO]","ADS3- Q10",engaged,not_delivering,102,119,1.16666667,,,,5.17,2026-02-18,Contínuo,43.44537815,4,1.2925,3.36134454,2026-01-01,2026-05-25
"Influ Raiza - Lm","[C] [LM - TESTE] [ABO]",AD2,prospecting,not_delivering,163,199,1.2208589,,,,5.17,2026-03-21,Contínuo,25.9798995,,,,2026-01-01,2026-05-25
"Arte Organica - VM","[C] [LM - TESTE] [ABO]","ADS3 - VM",prospecting,archived,141,147,1.04255319,,,,5.16,2026-02-18,Contínuo,35.10204082,1,5.16,0.68027211,2026-01-01,2026-05-25
"[VINAGRE] [RMKT]","[C] [VARIOS PRODUTO] [ABO] [BID]","AD - TOFU",engaged,inactive,192,237,1.234375,,,,5.16,2026-01-20,Contínuo,21.7721519,12,0.43,5.06329114,2026-01-01,2026-05-25
"Influ Lari - Jejoom","[C] [LM - TESTE] [ABO]","ADS - LARI 5",existing,not_delivering,123,137,1.11382114,,,,5.16,2026-02-12,Contínuo,37.66423358,,,,2026-01-01,2026-05-25
[RMK],"[C] [JEJOOM] [CBO]","AD - TACI 3",engaged,active,118,194,1.6440678,,,,5.13,2026-04-17,Contínuo,26.44329897,29,0.17689655,14.94845361,2026-01-01,2026-05-25
"Influ Lari - Jejoom","[C] [LM - TESTE] [ABO]","ADS - LARI 2",engaged,not_delivering,135,149,1.1037037,,,,5.09,2026-02-12,Contínuo,34.16107383,1,5.09,0.67114094,2026-01-01,2026-05-25
eng,"[C] [COQ.10][PRINCIPAL] - NOVA","Teste - ad1",engaged,not_delivering,64,97,1.515625,"Compras no site",1,5.07,5.07,2026-02-09,Contínuo,52.26804124,11,0.46090909,11.34020619,2026-01-01,2026-05-25
"Influ Raiza 3 - LM TESTE TRAVA DE CPA","[C] [LM - TESTE] [ABO]","ADS 1",prospecting,archived,113,118,1.04424779,,,,5.04,2026-01-30,Contínuo,42.71186441,,,,2026-01-01,2026-05-25
"[TOFU] [TIK TOK] [EXCLUSAÕ BASE] [BID 60] - TESTE ATÉ 20-05","[C] [LM - TESTE] [ABO]","AD - 7",existing,not_delivering,276,340,1.23188406,,,,5,2026-03-12,Contínuo,14.70588235,1,5,0.29411765,2026-01-01,2026-05-25
"[CAMPANHA AQUISIÇÃO]","[C] [JEJOOM] [CBO]","AD - RAIZA MOFU",engaged,inactive,110,124,1.12727273,,,,4.99,2025-10-13,Contínuo,40.24193548,2,2.495,1.61290323,2026-01-01,2026-05-25
"[PUBLICO ABERTO]","[C] [TONS] [PB ABERTO] [TESTE BID CAP]","ADS 3 - MES DO CLIENTE",existing,archived,344,422,1.22674419,,,,4.99,2026-03-16,Contínuo,11.82464455,2,2.495,0.47393365,2026-01-01,2026-05-25
"[TESTE PB FECHADO]","[C] [LM - TESTE] [ABO]","AD - EVELYN TOFU",engaged,active,142,145,1.02112676,,,,4.98,2026-05-22,Contínuo,34.34482759,1,4.98,0.68965517,2026-01-01,2026-05-25
"[PUBLICO LARISSA]","[C] [JEJOOM] [CBO]","AD2 - ORGANICO — Cópia",existing,archived,148,156,1.05405405,,,,4.97,2025-10-13,Contínuo,31.85897436,,,,2026-01-01,2026-05-25
"Influ Sabrina - Vm [Teste até 13-03]","[C] [LM - TESTE] [ABO]",ADS6,prospecting,archived,45,52,1.15555556,,,,4.91,2026-02-05,Contínuo,94.42307692,,,,2026-01-01,2026-05-25
"[TOFU] [TIK TOK] [EXCLUSAÕ BASE] [BID 60] - TESTE ATÉ 20-05","[C] [LM - TESTE] [ABO]","AD - 7",engaged,not_delivering,439,511,1.16400911,,,,4.9,2026-03-12,Contínuo,9.5890411,4,1.225,0.78277886,2026-01-01,2026-05-25
"[RMKT LARANJA MORO-REATIVAÇÃO BASE QUENTE]","[C] [LM - RMKT] [ADV. ABO]","AD - DANI TOFU — Cópia",prospecting,inactive,127,133,1.04724409,,,,4.89,2025-10-13,Contínuo,36.76691729,1,4.89,0.7518797,2026-01-01,2026-05-25
"Arte Organica - VM","[C] [LM - TESTE] [ABO]","ADS1 - VM",engaged,archived,163,224,1.37423313,,,,4.86,2026-02-18,Contínuo,21.69642857,1,4.86,0.44642857,2026-01-01,2026-05-25
"[MOFU] [TIK TOK] - TESTE ATÉ 20-05","[C] [LM - TESTE] [ABO]","AD - 4",engaged,not_delivering,87,135,1.55172414,,,,4.84,2026-05-17,Contínuo,35.85185185,27,0.17925926,20,2026-01-01,2026-05-25
"Influ Dani Arte - Lm","[C] [LM - TESTE] [ABO]",AD1,engaged,not_delivering,215,262,1.21860465,"Compras no site",1,4.8,4.8,2026-02-12,Contínuo,18.32061069,1,4.8,0.38167939,2026-01-01,2026-05-25
"ESTUDOS CLINICOS","[C] [LM - PRINCIPAL][EX. BASE] [ADV. +] [CBO]",AD3,engaged,archived,224,242,1.08035714,,,,4.79,2026-03-20,Contínuo,19.79338843,1,4.79,0.41322314,2026-01-01,2026-05-25
"[TESTE PB FECHADO ANA ELISA]","[C] [LM - TESTE] [ABO]","AD - MOFU ANA ELISA — Cópia — Cópia",engaged,active,207,236,1.14009662,,,,4.7568033,2026-05-23,Contínuo,20.15594617,6,0.79280055,2.54237288,2026-01-01,2026-05-25
"[RMKT LARANJA MORO-REATIVAÇÃO BASE QUENTE]","[C] [LM - RMKT] [ADV. ABO]","AD - RMKT",unknown,active,71,71,1,,,,4.7435982,2025-10-13,Contínuo,66.8112423,1,4.7435982,1.4084507,2026-01-01,2026-05-25
"[PUBLICO ABERTO]","[C] [TONS] [PB ABERTO] [TESTE BID CAP]","AD1 - VERAO — Cópia | Pausado sem checkout e sem conversões",engaged,archived,319,413,1.29467085,,,,4.74,2026-03-16,Contínuo,11.47699758,2,2.37,0.4842615,2026-01-01,2026-05-25
"[TOFU] [TIK TOK] [EXCLUSAÕ BASE] [BID 60] - TESTE ATÉ 20-05","[C] [LM - TESTE] [ABO]","AD - 7",prospecting,not_delivering,479,535,1.11691023,,,,4.72,2026-03-12,Contínuo,8.82242991,4,1.18,0.74766355,2026-01-01,2026-05-25
"[COLAGENO] [RMKT]","[C] [VARIOS PRODUTO] [ABO] [BID]","AD - SUSANA",prospecting,inactive,243,275,1.13168724,,,,4.71,2026-05-10,Contínuo,17.12727273,4,1.1775,1.45454545,2026-01-01,2026-05-25
"[PUBLICO LARISSA]","[C] [JEJOOM] [CBO]","AD1 - ORGANICO — Cópia",existing,archived,137,143,1.04379562,,,,4.7,2025-10-13,Contínuo,32.86713287,2,2.35,1.3986014,2026-01-01,2026-05-25
"TESTE RACHEL ATE 21-03","[C] [LM - PRINCIPAL] - [PLANO B] 2 TESTE",AD1,prospecting,archived,429,498,1.16083916,,,,4.69,2026-03-17,Contínuo,9.41767068,,,,2026-01-01,2026-05-25
[RMK],"[C] [JEJOOM] [CBO]","AD - RAIZA",engaged,inactive,264,350,1.32575758,,,,4.68,2026-04-17,Contínuo,13.37142857,1,4.68,0.28571429,2026-01-01,2026-05-25
"[PUBLICO ENG.] [DR]","[C] [TONS] [PB DR]","AD - TOFU — Cópia",unknown,active,57,57,1,"Compras no site",1,4.67779594,4.67779594,2025-06-20,Contínuo,82.06659551,1,4.67779594,1.75438596,2026-01-01,2026-05-25
"TESTE MI RUBACK ATE 22-03","[C] [LM - PRINCIPAL] - [PLANO B] 2 TESTE",AD1,prospecting,archived,272,342,1.25735294,,,,4.65,2026-03-18,Contínuo,13.59649123,2,2.325,0.58479532,2026-01-01,2026-05-25
"Influ Lari - Jejoom","[C] [LM - TESTE] [ABO]",AD2,engaged,not_delivering,148,171,1.15540541,,,,4.61,2026-02-12,Contínuo,26.95906433,,,,2026-01-01,2026-05-25
"[HIBRIDO] [ESTATICO ORG.] [BID 60]","[C] [LM - TESTE] [ABO]","AD3 -",existing,inactive,335,367,1.09552239,"Compras no site",1,4.6,4.6,2026-03-20,Contínuo,12.53405995,3,1.53333333,0.81743869,2026-01-01,2026-05-25
"Arte Organica - VM","[C] [LM - TESTE] [ABO]","ADS1 - VM",existing,not_delivering,122,128,1.04918033,,,,4.54,2026-02-20,Contínuo,35.46875,,,,2026-01-01,2026-05-25
"[VINAGRE] [RMKT]","[C] [VARIOS PRODUTO] [ABO] [BID]","ADS 2 - INGRID VM — Cópia",engaged,inactive,38,43,1.13157895,,,,4.53,2026-01-20,Contínuo,105.34883721,3,1.51,6.97674419,2026-01-01,2026-05-25
"Influ Isadora N. - Lm","[C] [LM - TESTE] [ABO]","ADS 2 — Cópia",prospecting,archived,95,100,1.05263158,,,,4.53,2026-01-23,Contínuo,45.3,1,4.53,1,2026-01-01,2026-05-25
"[PUBLICO ENG.] [DR] — Cópia | [Réplica de Conjunto Validado] | Pausado checkout caro","[C] [TONS] [PB ABERTO] [TESTE BID CAP]","ADS - ASIATICA | Reativado ROAS bom hoje",engaged,archived,105,110,1.04761905,,,,4.52,2026-03-24,Contínuo,41.09090909,4,1.13,3.63636364,2026-01-01,2026-05-25
Jejoom,"[C] [LM - TESTE] [ABO]","ADS3 - 18-02",prospecting,not_delivering,181,185,1.02209945,,,,4.5,2026-02-18,Contínuo,24.32432432,1,4.5,0.54054054,2026-01-01,2026-05-25
"[AQUISIÇÃO]  [ADV. +]","[C] [LM - PRINCIPAL][EX. BASE] [ADV. +] [CBO]","AD -2 — Cópia — Cópia",existing,inactive,88,98,1.11363636,,,,4.5,2026-01-23,Contínuo,45.91836735,1,4.5,1.02040816,2026-01-01,2026-05-25
"Influ Marcela Jacaré - Vm","[C] [LM - TESTE] [ABO]",AD1,engaged,archived,126,145,1.15079365,,,,4.45838152,2026-01-28,Contínuo,30.74745874,1,4.45838152,0.68965517,2026-01-01,2026-05-25
"Evelyn Regly BM - LM","[C] [LM - TESTE] [ABO]","ADS - ART 3",existing,inactive,232,354,1.52586207,"Compras no site",1,4.45,4.45,2026-02-04,Contínuo,12.57062147,2,2.225,0.56497175,2026-01-01,2026-05-25
"Influ Larissa Lemos - Lm","[C] [LM - TESTE] [ABO]","ADS - LARISSA MES CLIENTE",prospecting,archived,130,143,1.1,,,,4.44,2025-10-13,Contínuo,31.04895105,,,,2026-01-01,2026-05-25
"[AQUISIÇÃO]  [ADV. +]","[C] [LM - PRINCIPAL][EX. BASE] [ADV. +] [CBO]","ADS - LARISSA",unknown,inactive,91,91,1,,,,4.43993401,2026-01-23,Contínuo,48.79048358,,,,2026-01-01,2026-05-25
"Influ Mi Ruback - Vm","[C] [LM - TESTE] [ABO]",AD1,prospecting,archived,124,139,1.12096774,,,,4.43,2026-01-22,Contínuo,31.8705036,,,,2026-01-01,2026-05-25
"[COENZIMA] [RMKT]","[C] [VARIOS PRODUTO] [ABO] [BID]","AD - RMKT 4",engaged,not_delivering,154,200,1.2987013,,,,4.42,2026-05-10,Contínuo,22.1,2,2.21,1,2026-01-01,2026-05-25
eng,"[C] [COQ.10][PRINCIPAL] - NOVA","Teste - ad1",engaged,not_delivering,68,96,1.41176471,,,,4.4,2026-02-09,Contínuo,45.83333333,1,4.4,1.04166667,2026-01-01,2026-05-25
"[TOFU] [TIK TOK] [EXCLUSAÕ BASE] [BID 60] - TESTE ATÉ 20-05","[C] [LM - TESTE] [ABO]","AD - 3",existing,not_delivering,272,360,1.32352941,,,,4.4,2026-03-12,Contínuo,12.22222222,7,0.62857143,1.94444444,2026-01-01,2026-05-25
"[PUBLICO ENG.] [DR]","[C] [TONS] [PB DR]","ADS - ASIATICA",unknown,active,45,46,1.02222222,,,,4.38953333,2025-06-20,Contínuo,95.42463764,3,1.46317778,6.52173913,2026-01-01,2026-05-25
"[RMKT LARANJA MORO-REATIVAÇÃO BASE QUENTE]","[C] [LM - RMKT] [ADV. ABO]","AD - TOFU LARISSA — Cópia",engaged,inactive,124,131,1.05645161,,,,4.38,2025-10-13,Contínuo,33.4351145,,,,2026-01-01,2026-05-25
"[BM JADE]","[C] [LM - TESTE] [ABO]","AD - JADE TOFU",unknown,inactive,56,56,1,,,,4.37321399,2026-04-17,Contínuo,78.09310704,,,,2026-01-01,2026-05-25
"[CAMPANHA AQUISIÇÃO]","[C] [JEJOOM] [CBO]","AD - MORGANA",existing,inactive,67,74,1.10447761,,,,4.37,2025-10-13,Contínuo,59.05405405,2,2.185,2.7027027,2026-01-01,2026-05-25
"[EXCLUSÃO BASE] [ADV. +]","[C] [LM - PRINCIPAL][EX. BASE] [ADV. +] [CBO]","AD - LUCIANA MOFU",engaged,inactive,126,149,1.18253968,,,,4.34,2026-03-17,Contínuo,29.12751678,3,1.44666667,2.01342282,2026-01-01,2026-05-25
EVELIN,"[C] [LM - TESTE] [ABO]","ADS  - EVELYN VM",existing,inactive,106,114,1.0754717,,,,4.34,2026-05-18,Contínuo,38.07017544,,,,2026-01-01,2026-05-25
eng,"[C] [COQ.10][PRINCIPAL] - NOVA","Teste - ad1",engaged,not_delivering,50,58,1.16,,,,4.33,2026-02-09,Contínuo,74.65517241,4,1.0825,6.89655172,2026-01-01,2026-05-25
"TONS TESTE","[C] [TONS] [PB DR]","AD - TOFU 4",engaged,inactive,84,92,1.0952381,,,,4.32,2026-04-06,Contínuo,46.95652174,2,2.16,2.17391304,2026-01-01,2026-05-25
"[VINAGRE] [RMKT]","[C] [VARIOS PRODUTO] [ABO] [BID]","AD9 - CARROSSEL",existing,inactive,99,117,1.18181818,,,,4.3,2026-01-20,Contínuo,36.75213675,2,2.15,1.70940171,2026-01-01,2026-05-25
"[TOFU] [TIK TOK] [EXCLUSAÕ BASE] [BID 60] - TESTE ATÉ 20-05","[C] [LM - TESTE] [ABO]","AD - 4",prospecting,not_delivering,445,487,1.09438202,,,,4.29,2026-03-12,Contínuo,8.80903491,4,1.0725,0.82135524,2026-01-01,2026-05-25
"Influ Raiza - Lm","[C] [LM - TESTE] [ABO]",AD2,existing,not_delivering,82,114,1.3902439,,,,4.27,2026-03-21,Contínuo,37.45614035,1,4.27,0.87719298,2026-01-01,2026-05-25
"[EXCLUSÃO BASE] [ADV. +]","[C] [LM - PRINCIPAL][EX. BASE] [ADV. +] [CBO]",AD2,engaged,inactive,57,66,1.15789474,,,,4.27,2026-03-17,Contínuo,64.6969697,1,4.27,1.51515152,2026-01-01,2026-05-25
"[PUBLICO ABERTO] — Cópia","[C] [LM - PRINCIPAL] [PLANO B] 1 TESTE","CRIATIVO 2 RMKT — Cópia",engaged,archived,190,190,1,,,,4.26020902,2026-01-08,Contínuo,22.42215273,1,4.26020902,0.52631579,2026-01-01,2026-05-25
"[AQUISIÇÃO]  [ADV. +]","[C] [LM - PRINCIPAL][EX. BASE] [ADV. +] [CBO]","AD - MOFU teste ate 08-05 — Cópia",engaged,inactive,159,184,1.1572327,,,,4.25,2026-01-23,Contínuo,23.09782609,,,,2026-01-01,2026-05-25
"TONS TESTE","[C] [TONS] [PB DR]","AD - MOFU 2",existing,not_delivering,55,97,1.76363636,,,,4.22,2026-04-06,Contínuo,43.50515464,11,0.38363636,11.34020619,2026-01-01,2026-05-25
"Influ Mi Ruback","[C] [LM - TESTE] [ABO]","Criativo 2 - Melhora retenção 29/12",prospecting,archived,177,201,1.13559322,,,,4.19,2025-10-08,Contínuo,20.84577114,2,2.095,0.99502488,2026-01-01,2026-05-25
"[VINAGRE] [RMKT]","[C] [VARIOS PRODUTO] [ABO] [BID]","ADS 1 - MARITZA",prospecting,inactive,56,57,1.01785714,,,,4.14,2026-01-20,Contínuo,72.63157895,4,1.035,7.01754386,2026-01-01,2026-05-25
"[CAMPANHA AQUISIÇÃO]","[C] [JEJOOM] [CBO]","ARTE DANI",existing,inactive,89,108,1.21348315,,,,4.13,2025-10-13,Contínuo,38.24074074,2,2.065,1.85185185,2026-01-01,2026-05-25
"[HIBRIDO] [ESTATICO ORG.] [BID 60]","[C] [LM - TESTE] [ABO]","AD - NIVER 3",existing,inactive,429,528,1.23076923,,,,4.13,2026-03-20,Contínuo,7.8219697,4,1.0325,0.75757576,2026-01-01,2026-05-25
"[TOFU] [TIK TOK] [EXCLUSAÕ BASE] [BID 60] - TESTE ATÉ 20-05","[C] [LM - TESTE] [ABO]","AD -1",existing,not_delivering,219,242,1.10502283,,,,4.13,2026-03-12,Contínuo,17.0661157,,,,2026-01-01,2026-05-25
"Arte Org - Digestino","[C] [LM - TESTE] [ABO]","ADS1 - 18-02",engaged,inactive,176,214,1.21590909,,,,4.12,2026-02-18,Contínuo,19.25233645,4,1.03,1.86915888,2026-01-01,2026-05-25
"[CAMPANHA AQUISIÇÃO]","[C] [JEJOOM] [CBO]","AD - NIVER",existing,inactive,167,198,1.18562874,,,,4.12,2025-10-13,Contínuo,20.80808081,,,,2026-01-01,2026-05-25
"Influ Sabrina - Vm [Teste até 13-03]","[C] [LM - TESTE] [ABO]",ADS6,engaged,archived,55,65,1.18181818,,,,4.11,2026-02-05,Contínuo,63.23076923,,,,2026-01-01,2026-05-25
[RMK],"[C] [JEJOOM] [CBO]","AD - MORGANA TOFU — Cópia",engaged,inactive,296,340,1.14864865,,,,4.07,2026-04-17,Contínuo,11.97058824,2,2.035,0.58823529,2026-01-01,2026-05-25
"[TESTE PB FECHADO JADE]","[C] [LM - TESTE] [ABO]","AD - JADE TOFU 19-05 BM JADE + DENA — Cópia",engaged,active,191,216,1.13089005,,,,4.05226856,2026-05-23,Contínuo,18.7605026,1,4.05226856,0.46296296,2026-01-01,2026-05-25
"[EXCLUSÃO BASE] [ADV. +]","[C] [LM - PRINCIPAL][EX. BASE] [ADV. +] [CBO]","AD - LUCIANA MOFU",existing,inactive,292,351,1.20205479,"Compras no site",1,4.05,4.05,2026-03-17,Contínuo,11.53846154,1,4.05,0.28490028,2026-01-01,2026-05-25
"TESTE RAIZA ATE 21-03","[C] [LM - PRINCIPAL][EX. BASE] [ADV. +] [CBO]",AD1,existing,archived,88,116,1.31818182,,,,4.04,2026-03-17,Contínuo,34.82758621,1,4.04,0.86206897,2026-01-01,2026-05-25
"[AQUISIÇÃO]  [ADV. +]","[C] [LM - PRINCIPAL][EX. BASE] [ADV. +] [CBO]","AD - ALESSANDRA TOFU",existing,inactive,179,186,1.03910615,,,,4.03,2026-01-23,Contínuo,21.66666667,2,2.015,1.07526882,2026-01-01,2026-05-25
"[PUBLICO ABERTO]","[C] [TESTE LP]","ADS — Cópia",existing,archived,101,101,1,,,,4.03,2026-02-24,Contínuo,39.9009901,,,,2026-01-01,2026-05-25
"[TOFU] [TIK TOK] [EXCLUSAÕ BASE] [BID 60] - TESTE ATÉ 20-05","[C] [LM - TESTE] [ABO]","AD - 9",engaged,not_delivering,368,424,1.15217391,,,,4,2026-03-12,Contínuo,9.43396226,10,0.4,2.35849057,2026-01-01,2026-05-25
"ESTUDOS CLINICOS","[C] [LM - PRINCIPAL][EX. BASE] [ADV. +] [CBO]",AD3,existing,archived,220,237,1.07727273,,,,4,2026-03-20,Contínuo,16.87763713,1,4,0.42194093,2026-01-01,2026-05-25
"Influ Sabrina - Vm [Teste até 13-03]","[C] [LM - TESTE] [ABO]",ADS9,engaged,archived,54,57,1.05555556,,,,3.99,2026-02-05,Contínuo,70,1,3.99,1.75438596,2026-01-01,2026-05-25
EVELIN,"[C] [LM - TESTE] [ABO]","AD - RMK  EVELYN 19-05 PERFIL DENA",existing,active,48,51,1.0625,"Compras no site",1,3.98,3.98,2026-05-18,Contínuo,78.03921569,2,1.99,3.92156863,2026-01-01,2026-05-25
"teste aquisição ate dia 15  - Lm","[C] [LM - TESTE] [ABO]","Criativo Versão 2 - Sabrina 29/12 — Cópia",existing,inactive,212,235,1.10849057,,,,3.98,2026-02-04,Contínuo,16.93617021,4,0.995,1.70212766,2026-01-01,2026-05-25
"[DIGESTINO] [RMKT]","[C] [VARIOS PRODUTO] [ABO] [BID]","ADS3- 18-02",existing,inactive,117,131,1.11965812,,,,3.98,2026-05-10,Contínuo,30.38167939,1,3.98,0.76335878,2026-01-01,2026-05-25
"[CAMPANHA AQUISIÇÃO]","[C] [JEJOOM] [CBO]","AD - NIVER",prospecting,inactive,133,145,1.09022556,,,,3.96,2025-10-13,Contínuo,27.31034483,1,3.96,0.68965517,2026-01-01,2026-05-25
"[TOFU] [TIK TOK] [EXCLUSAÕ BASE] [BID 60] - TESTE ATÉ 20-05","[C] [LM - TESTE] [ABO]","AD - 4",engaged,not_delivering,255,295,1.15686275,,,,3.95,2026-03-12,Contínuo,13.38983051,2,1.975,0.6779661,2026-01-01,2026-05-25
Jejoom,"[C] [LM - TESTE] [ABO]","ADS2 - 18-02",prospecting,not_delivering,161,166,1.0310559,,,,3.95,2026-02-20,Contínuo,23.79518072,2,1.975,1.20481928,2026-01-01,2026-05-25
"LP - 1","[C] [LM - PRINCIPAL][EX. BASE] [ADV. +] [CBO]","Criativo 1 - Brenda 29/12 — Cópia",prospecting,archived,196,201,1.0255102,,,,3.95,2026-01-19,Contínuo,19.65174129,1,3.95,0.49751244,2026-01-01,2026-05-25
"[RMKT LARANJA MORO-REATIVAÇÃO BASE QUENTE]","[C] [LM - RMKT] [ADV. ABO]","AD - ISA MOFU",unknown,inactive,24,24,1,,,,3.93001117,2025-10-13,Contínuo,163.75046557,,,,2026-01-01,2026-05-25
ABER.,"[C] [TONS] [PB ABERTO] [TESTE BID CAP]",tons_dr-ursinho-melasma2-13-10-2025,prospecting,archived,204,221,1.08333333,,,,3.93,2026-03-16,Contínuo,17.78280543,,,,2026-01-01,2026-05-25
"LP 1 - TOPO TONS","[C] [LM - PRINCIPAL][EX. BASE] [ADV. +] [CBO]","tons_dr-ursinho-melasma2-13-10-2025 — Cópia",existing,archived,65,74,1.13846154,,,,3.93,2026-02-06,Contínuo,53.10810811,,,,2026-01-01,2026-05-25
Jejoom,"[C] [LM - TESTE] [ABO]","ADS3 - 18-02",existing,not_delivering,84,84,1,,,,3.89,2026-02-20,Contínuo,46.30952381,,,,2026-01-01,2026-05-25
ABER.,"[C] [TONS] [PB ABERTO] [TESTE BID CAP]",tons_dr-ursinho-melasma2-13-10-2025,engaged,archived,92,101,1.09782609,,,,3.87,2026-03-16,Contínuo,38.31683168,1,3.87,0.99009901,2026-01-01,2026-05-25
"Influ Isadora N. - Lm","[C] [LM - TESTE] [ABO]","ADS 1",engaged,archived,181,202,1.1160221,,,,3.87,2026-01-23,Contínuo,19.15841584,2,1.935,0.99009901,2026-01-01,2026-05-25
"Influ Evelyn - Vm 2","[C] [LM - TESTE] [ABO]","ADS 1",prospecting,inactive,115,126,1.09565217,,,,3.87,2026-02-02,Contínuo,30.71428571,,,,2026-01-01,2026-05-25
"Arte Organica - VM","[C] [LM - TESTE] [ABO]","ADS1 - VM",prospecting,not_delivering,84,86,1.02380952,,,,3.86,2026-02-20,Contínuo,44.88372093,,,,2026-01-01,2026-05-25
"TONS TESTE","[C] [TONS] [PB DR]","AD - TOFU 4",prospecting,inactive,75,81,1.08,,,,3.86,2026-04-06,Contínuo,47.65432099,7,0.55142857,8.64197531,2026-01-01,2026-05-25
"teste publico novo - bid","[C] [LM - TESTE] [ABO]","AD1 - BOFU — Cópia",engaged,not_delivering,81,88,1.08641975,,,,3.84,2026-02-19,Contínuo,43.63636364,2,1.92,2.27272727,2026-01-01,2026-05-25
"[AQUISIÇÃO]  [ADV. +]","[C] [LM - PRINCIPAL][EX. BASE] [ADV. +] [CBO]","AD - ALESSANDRA TOFU",engaged,inactive,192,198,1.03125,,,,3.83,2026-01-23,Contínuo,19.34343434,2,1.915,1.01010101,2026-01-01,2026-05-25
"[VINAGRE] [RMKT]","[C] [VARIOS PRODUTO] [ABO] [BID]","AD - MOFU",uncategorized,active,0,230,0,,,,3.82254515,2026-01-20,Contínuo,16.6197615,,,,2026-01-01,2026-05-25
"[PUBLICO ABERTO]","[C] [LM - PRINCIPAL] [PLANO B] 1 TESTE","ADS - ORGANICO LM 2",existing,inactive,124,301,2.42741935,,,,3.80009038,2025-12-10,Contínuo,12.624885,1,3.80009038,0.33222591,2026-01-01,2026-05-25
"Arte Organica - VM","[C] [LM - TESTE] [ABO]","ADS3 - VM",engaged,archived,96,102,1.0625,,,,3.75,2026-02-18,Contínuo,36.76470588,3,1.25,2.94117647,2026-01-01,2026-05-25
"LP 1 - TOPO TONS","[C] [LM - PRINCIPAL][EX. BASE] [ADV. +] [CBO]","tons_dr-ursinho_video-reels_10-07-2025_esse-foi-produto-que-a-mamae — Cópia",existing,archived,112,121,1.08035714,,,,3.74,2026-02-06,Contínuo,30.90909091,,,,2026-01-01,2026-05-25
"[TOFU] [TIK TOK] [EXCLUSAÕ BASE] [BID 60] - TESTE ATÉ 20-05","[C] [LM - TESTE] [ABO]","AD - 9",existing,not_delivering,284,334,1.17605634,,,,3.74,2026-03-12,Contínuo,11.19760479,1,3.74,0.2994012,2026-01-01,2026-05-25
[EVELIN],"[C] [LM - PRINCIPAL][EX. BASE] [ADV. +] [CBO]","ADS — Cópia — Cópia",engaged,inactive,263,311,1.18250951,"Compras no site",1,3.73,3.73,2026-03-31,Contínuo,11.99356913,4,0.9325,1.28617363,2026-01-01,2026-05-25
"TONS TESTE","[C] [TONS] [PB DR]","AD - MOFU 4",engaged,not_delivering,103,119,1.15533981,,,,3.72,2026-04-06,Contínuo,31.2605042,5,0.744,4.20168067,2026-01-01,2026-05-25
"[ADV ABER.]","[C] [LM - PRINCIPAL] - [PLANO B] 2 TESTE","ADS 1 — Cópia",existing,inactive,191,228,1.19371728,,,,3.66,2026-02-25,Contínuo,16.05263158,1,3.66,0.43859649,2026-01-01,2026-05-25
"Influ Maritza 1 - LM TESTE TRAVA DE CPA","[C] [LM - TESTE] [ABO]",24-12,prospecting,archived,236,289,1.22457627,,,,3.66,2025-11-25,Contínuo,12.66435986,2,1.83,0.69204152,2026-01-01,2026-05-25
"[EXCLUSÃO BASE] [ADV. +]","[C] [LM - PRINCIPAL][EX. BASE] [ADV. +] [CBO]","ADS - 4",unknown,inactive,40,43,1.075,,,,3.64811702,2026-03-17,Contínuo,84.83993061,,,,2026-01-01,2026-05-25
"[AQUISIÇÃO]  [ADV. +]","[C] [LM - PRINCIPAL][EX. BASE] [ADV. +] [CBO]","AD - MOFU teste ate 08-05 — Cópia",existing,inactive,185,198,1.07027027,,,,3.63,2026-01-23,Contínuo,18.33333333,2,1.815,1.01010101,2026-01-01,2026-05-25
"[RMKT LARANJA MORO-REATIVAÇÃO BASE QUENTE]","[C] [LM - RMKT] [ADV. ABO]","AD - MOFU teste ate 08-05 — Cópia — Cópia — Cópia",unknown,not_delivering,42,42,1,,,,3.62005265,2025-10-13,Contínuo,86.19172975,,,,2026-01-01,2026-05-25
"TESTE RACHEL ATE 21-03","[C] [LM - PRINCIPAL] - [PLANO B] 2 TESTE",AD3,engaged,archived,276,363,1.31521739,,,,3.6,2026-03-17,Contínuo,9.91735537,10,0.36,2.75482094,2026-01-01,2026-05-25
"[ADV ABER.]","[C] [LM - PRINCIPAL] - [PLANO B] 2 TESTE","ADS 1 — Cópia",prospecting,inactive,328,386,1.17682927,,,,3.59,2026-02-25,Contínuo,9.30051813,2,1.795,0.51813472,2026-01-01,2026-05-25
"[PUBLICO ABERTO]","[C] [LM - PRINCIPAL] [PLANO B] 1 TESTE","ADS - RAIZA 3",unknown,inactive,29,29,1,,,,3.589729,2025-12-10,Contínuo,123.78375849,3,1.19657633,10.34482759,2026-01-01,2026-05-25
"TESTE RAIZA ATE 21-03","[C] [LM - PRINCIPAL] - [PLANO B] 2 TESTE",AD2,prospecting,archived,245,318,1.29795918,,,,3.58,2026-03-17,Contínuo,11.25786164,1,3.58,0.31446541,2026-01-01,2026-05-25
"[RMKT LARANJA MORO-REATIVAÇÃO BASE QUENTE]","[C] [LM - RMKT] [ADV. ABO]","AD - RMKT DANI — Cópia",engaged,inactive,146,160,1.09589041,,,,3.58,2025-10-13,Contínuo,22.375,1,3.58,0.625,2026-01-01,2026-05-25
"[AQUISIÇÃO]  [ADV. +]","[C] [LM - PRINCIPAL][EX. BASE] [ADV. +] [CBO]","AD -2 — Cópia — Cópia",prospecting,inactive,99,121,1.22222222,,,,3.56,2026-01-23,Contínuo,29.4214876,,,,2026-01-01,2026-05-25
"[RMKT LARANJA MORO-REATIVAÇÃO BASE QUENTE]","[C] [LM - RMKT] [ADV. ABO]","AD - BOFU 3",unknown,not_delivering,24,26,1.08333333,,,,3.53966055,2025-10-13,Contínuo,136.14079025,,,,2026-01-01,2026-05-25
"Influ Mi Ruback - Vm","[C] [LM - TESTE] [ABO]",AD2,prospecting,archived,233,245,1.05150215,,,,3.53,2026-01-22,Contínuo,14.40816327,3,1.17666667,1.2244898,2026-01-01,2026-05-25
"[BOFU] [ADV+ ABERTO] [ESTATICO]","[C] [LM - TESTE] [ABO]","AD - DANI TOFU 1",existing,not_delivering,307,320,1.04234528,,,,3.53,2026-02-25,Contínuo,11.03125,1,3.53,0.3125,2026-01-01,2026-05-25
"teste aquisição ate dia 15  - Lm","[C] [LM - TESTE] [ABO]","AD - DANI TOFU — Cópia",existing,inactive,169,188,1.11242604,,,,3.5,2026-02-04,Contínuo,18.61702128,3,1.16666667,1.59574468,2026-01-01,2026-05-25
"[TESTE PB FECHADO]","[C] [LM - TESTE] [ABO]","AD - RMK  EVELYN 19-05 PERFIL DENA",engaged,active,84,89,1.05952381,,,,3.5,2026-05-22,Contínuo,39.3258427,2,1.75,2.24719101,2026-01-01,2026-05-25
"[HIBRIDO] [ESTATICO ORG.] [BID 60]","[C] [LM - TESTE] [ABO]",AD2,unknown,active,135,138,1.02222222,"Compras no site",1,3.48413888,3.48413888,2026-03-20,Contínuo,25.24738316,3,1.16137963,2.17391304,2026-01-01,2026-05-25
"teste aquisição ate dia 15  - Lm","[C] [LM - TESTE] [ABO]","ADS 3 — Cópia",existing,inactive,307,367,1.19543974,,,,3.48,2026-02-04,Contínuo,9.48228883,3,1.16,0.81743869,2026-01-01,2026-05-25
"[AQUISIÇÃO]  [ADV. +]","[C] [LM - PRINCIPAL][EX. BASE] [ADV. +] [CBO]","AD - ALESSANDRA TOFU",prospecting,inactive,138,142,1.02898551,,,,3.47,2026-01-23,Contínuo,24.43661972,,,,2026-01-01,2026-05-25
"[VINAGRE] [RMKT]","[C] [VARIOS PRODUTO] [ABO] [BID]",AD4,prospecting,inactive,195,207,1.06153846,,,,3.45,2026-01-20,Contínuo,16.66666667,,,,2026-01-01,2026-05-25
"[VINAGRE] [RMKT]","[C] [VARIOS PRODUTO] [ABO] [BID]","AD - MANOELI — Cópia",prospecting,inactive,34,40,1.17647059,,,,3.41,2026-01-20,Contínuo,85.25,3,1.13666667,7.5,2026-01-01,2026-05-25
"[VINAGRE] [RMKT]","[C] [VARIOS PRODUTO] [ABO] [BID]","AD2 — Cópia",existing,inactive,133,154,1.15789474,,,,3.4,2026-01-20,Contínuo,22.07792208,,,,2026-01-01,2026-05-25
"[PUBLICO ABERTO] — Cópia","[C] [LM - PRINCIPAL] [PLANO B] 1 TESTE","CRIATIVO 2 RMKT — Cópia",existing,archived,65,67,1.03076923,,,,3.39016633,2026-01-08,Contínuo,50.59949748,,,,2026-01-01,2026-05-25
adv-aqui-rmkt_laranja-moro_engajado-existente_5-existente_max-conv_26-05-2025,"[C][LM - PRINCIPAL] [ADV. EXCLUSÃO DE CLIENTES]",laranja-moro_influ_sabrina-dutra_video-stories_26-05-2025_emagrece-muito,existing,not_delivering,158,167,1.05696203,,,,3.38,2024-09-17,Contínuo,20.23952096,2,1.69,1.19760479,2026-01-01,2026-05-25
"[AQUISIÇÃO]  [ADV. +]","[C] [LM - PRINCIPAL][EX. BASE] [ADV. +] [CBO]","AD - FERNANDA — Cópia",existing,inactive,93,98,1.05376344,,,,3.36,2026-01-23,Contínuo,34.28571429,3,1.12,3.06122449,2026-01-01,2026-05-25
"[EXCLUSÃO BASE] [ADV. +]","[C] [LM - PRINCIPAL][EX. BASE] [ADV. +] [CBO]",AD2,existing,inactive,114,153,1.34210526,,,,3.36,2026-03-17,Contínuo,21.96078431,1,3.36,0.65359477,2026-01-01,2026-05-25
"LP 2 - TONS","[C] [LM - PRINCIPAL][EX. BASE] [ADV. +] [CBO]","tons_dr-ursinho_video-reels_10-07-2025_esse-foi-produto-que-a-mamae — Cópia",existing,archived,98,109,1.1122449,,,,3.36,2026-02-06,Contínuo,30.82568807,2,1.68,1.83486239,2026-01-01,2026-05-25
"Carrossel - LM ROAS","[C] [LM - TESTE] [ABO]","CARROSSEL 3 - 18-02",engaged,archived,57,83,1.45614035,,,,3.36,2026-02-18,Contínuo,40.48192771,13,0.25846154,15.6626506,2026-01-01,2026-05-25
"[COENZIMA] [RMKT]","[C] [VARIOS PRODUTO] [ABO] [BID]","ADS DANI",engaged,inactive,125,144,1.152,,,,3.35,2026-05-10,Contínuo,23.26388889,3,1.11666667,2.08333333,2026-01-01,2026-05-25
"[PUBLICO ABERTO] — Cópia","[C] [LM - PRINCIPAL] [PLANO B] 1 TESTE","Rmkt Dani 2 — Cópia",engaged,archived,111,111,1,,,,3.34,2026-01-08,Contínuo,30.09009009,,,,2026-01-01,2026-05-25
"[EXCLUSÃO BASE] [ADV. +]","[C] [LM - PRINCIPAL][EX. BASE] [ADV. +] [CBO]","AD - RMKT — Cópia",existing,inactive,371,515,1.38814016,,,,3.33,2026-03-17,Contínuo,6.46601942,7,0.47571429,1.3592233,2026-01-01,2026-05-25
[RMK],"[C] [JEJOOM] [CBO]","AD - RMKT",existing,inactive,258,281,1.08914729,,,,3.32,2026-04-17,Contínuo,11.81494662,4,0.83,1.42348754,2026-01-01,2026-05-25
"[EXCLUSÃO BASE] [ADV. +]","[C] [LM - PRINCIPAL][EX. BASE] [ADV. +] [CBO]","AD - 5 — Cópia",prospecting,inactive,195,214,1.0974359,,,,3.3,2026-03-17,Contínuo,15.42056075,3,1.1,1.40186916,2026-01-01,2026-05-25
"Influ Lari - Jejoom","[C] [LM - TESTE] [ABO]","ADS - LARI 4",prospecting,not_delivering,57,62,1.0877193,,,,3.3,2026-02-12,Contínuo,53.22580645,2,1.65,3.22580645,2026-01-01,2026-05-25
Jejoom,"[C] [LM - TESTE] [ABO]","ADS2 - 18-02",existing,not_delivering,93,95,1.02150538,,,,3.29,2026-02-20,Contínuo,34.63157895,2,1.645,2.10526316,2026-01-01,2026-05-25
"[PUBLICO ABERTO]","[C] [LM - PRINCIPAL] [PLANO B] 1 TESTE","ADS - LARISSA — Cópia — Cópia",existing,inactive,210,218,1.03809524,,,,3.28,2025-12-10,Contínuo,15.04587156,2,1.64,0.91743119,2026-01-01,2026-05-25
"Influ Sabrina - Vm [Teste até 13-03]","[C] [LM - TESTE] [ABO]",ADS9,prospecting,archived,54,55,1.01851852,,,,3.28,2026-02-05,Contínuo,59.63636364,1,3.28,1.81818182,2026-01-01,2026-05-25
"[TESTE PB FECHADO]","[C] [LM - TESTE] [ABO]","AD - EVELYN",existing,inactive,95,107,1.12631579,,,,3.28,2026-05-22,Contínuo,30.65420561,1,3.28,0.93457944,2026-01-01,2026-05-25
"TONS TESTE","[C] [TONS] [PB DR]","AD - MOFU 9",prospecting,not_delivering,106,117,1.10377358,,,,3.28,2026-04-06,Contínuo,28.03418803,2,1.64,1.70940171,2026-01-01,2026-05-25
ABER.,"[C] [TONS] [PB ABERTO] [TESTE BID CAP]","ADS 3 - MES DO CLIENTE",engaged,archived,219,297,1.35616438,,,,3.27,2026-03-16,Contínuo,11.01010101,1,3.27,0.33670034,2026-01-01,2026-05-25
"TONS TESTE","[C] [TONS] [PB DR]","AD - MOFU 3",prospecting,not_delivering,96,99,1.03125,,,,3.27,2026-04-06,Contínuo,33.03030303,5,0.654,5.05050505,2026-01-01,2026-05-25
"[AQUISIÇÃO]  [ADV. +]","[C] [LM - PRINCIPAL][EX. BASE] [ADV. +] [CBO]","AD - MOFU teste ate 08-05 — Cópia",existing,inactive,130,154,1.18461538,,,,3.24,2026-01-23,Contínuo,21.03896104,3,1.08,1.94805195,2026-01-01,2026-05-25
"[AQUISIÇÃO]  [ADV. +]","[C] [LM - PRINCIPAL][EX. BASE] [ADV. +] [CBO]","ADS - MES CONSUMIDOR STORIE",unknown,inactive,55,56,1.01818182,,,,3.23012349,2026-01-23,Contínuo,57.68077658,2,1.61506174,3.57142857,2026-01-01,2026-05-25
"Influ Raiza","[C] [LM - TESTE] [ABO]","Criativo Versão 1 - Raiza 29/12",engaged,archived,135,159,1.17777778,,,,3.23,2025-10-22,Contínuo,20.31446541,,,,2026-01-01,2026-05-25
"[COENZIMA] [RMKT]","[C] [VARIOS PRODUTO] [ABO] [BID]",ADS,prospecting,not_delivering,98,105,1.07142857,,,,3.22,2026-05-10,Contínuo,30.66666667,1,3.22,0.95238095,2026-01-01,2026-05-25
"Conj. - Q10","[C] [LM - TESTE] [ABO]","ADS2- ORG",engaged,inactive,174,192,1.10344828,,,,3.22,2026-02-20,Contínuo,16.77083333,1,3.22,0.52083333,2026-01-01,2026-05-25
"[AQUISIÇÃO]  [ADV. +]","[C] [LM - PRINCIPAL][EX. BASE] [ADV. +] [CBO]","ADS - LARI TOFU",unknown,inactive,46,46,1,,,,3.21999733,2026-01-23,Contínuo,69.99994186,1,3.21999733,2.17391304,2026-01-01,2026-05-25
"[PUBLICO ENG.] [DR]","[C] [TONS] [PB DR]","AD - BOFU",unknown,active,39,40,1.02564103,,,,3.21955308,2025-06-20,Contínuo,80.4888269,1,3.21955308,2.5,2026-01-01,2026-05-25
"Influ Mi Ruback - Lm","[C] [LM - TESTE] [ABO]","ADS 4",existing,archived,137,166,1.21167883,,,,3.21,2026-01-23,Contínuo,19.3373494,7,0.45857143,4.21686747,2026-01-01,2026-05-25
"[PUBLICO ABERTO]","[C] [CATALAGO]",[CATALAGO],unknown,not_delivering,534,583,1.0917603,,,,3.19007671,2026-03-04,Contínuo,5.4718297,6,0.53167945,1.02915952,2026-01-01,2026-05-25
"[HIBRIDO] [ESTATICO ORG.] [BID 60]","[C] [LM - TESTE] [ABO]","AD3 -",engaged,inactive,226,244,1.07964602,,,,3.19,2026-03-20,Contínuo,13.07377049,1,3.19,0.40983607,2026-01-01,2026-05-25
"[PUBLICO ENG.] [DR]","[C] [TONS] [PB DR]","AD - TOFU",unknown,inactive,5,6,1.2,,,,3.17997615,2025-06-20,Contínuo,529.99602454,,,,2026-01-01,2026-05-25
"[RMKT LARANJA MORO-REATIVAÇÃO BASE QUENTE]","[C] [LM - RMKT] [ADV. ABO]","AD - DANI TOFU — Cópia",engaged,inactive,91,95,1.04395604,,,,3.16,2025-10-13,Contínuo,33.26315789,1,3.16,1.05263158,2026-01-01,2026-05-25
"Arte Organica - Q10","[C] [LM - TESTE] [ABO]","ADS2- Q10",prospecting,not_delivering,132,140,1.06060606,,,,3.14,2026-02-18,Contínuo,22.42857143,1,3.14,0.71428571,2026-01-01,2026-05-25
"[AQUISIÇÃO]  [ADV. +]","[C] [LM - PRINCIPAL][EX. BASE] [ADV. +] [CBO]","ADS - SABRINA TOPO 2",engaged,inactive,87,93,1.06896552,,,,3.13,2026-01-23,Contínuo,33.65591398,,,,2026-01-01,2026-05-25
"[AQUISIÇÃO]  [ADV. +]","[C] [LM - PRINCIPAL][EX. BASE] [ADV. +] [CBO]","ADS - SABRINA TOPO 2",prospecting,inactive,110,114,1.03636364,,,,3.12,2026-01-23,Contínuo,27.36842105,1,3.12,0.87719298,2026-01-01,2026-05-25
ABER.,"[C] [TONS] [PB ABERTO] [TESTE BID CAP]","tons 1 - 25-11",existing,archived,140,161,1.15,,,,3.11,2026-03-16,Contínuo,19.31677019,4,0.7775,2.48447205,2026-01-01,2026-05-25
"Conj. - Q10","[C] [LM - TESTE] [ABO]","ADS3- Q10",prospecting,not_delivering,172,181,1.05232558,,,,3.1,2026-02-20,Contínuo,17.12707182,3,1.03333333,1.65745856,2026-01-01,2026-05-25
"[CAMPANHA AQUISIÇÃO]","[C] [JEJOOM] [CBO]","AD - INGRID 3",existing,inactive,62,72,1.16129032,,,,3.09,2025-10-13,Contínuo,42.91666667,,,,2026-01-01,2026-05-25
"LP - ATUAL","[C] [LM - PRINCIPAL][EX. BASE] [ADV. +] [CBO]","ADS - LARISSA 2",prospecting,archived,159,159,1,,,,3.06,2026-01-19,Contínuo,19.24528302,2,1.53,1.25786164,2026-01-01,2026-05-25
"[PUBLICO ABERTO]","[C] [TONS] [PB ABERTO] [TESTE BID CAP]","ADS 3 - MES DO CLIENTE",engaged,archived,213,271,1.27230047,,,,3.05,2026-03-16,Contínuo,11.25461255,2,1.525,0.73800738,2026-01-01,2026-05-25
"[TOFU] [TIK TOK] [EXCLUSAÕ BASE] [BID 60] - TESTE ATÉ 20-05","[C] [LM - TESTE] [ABO]","AD -1",engaged,not_delivering,174,207,1.18965517,,,,3.05,2026-03-12,Contínuo,14.73429952,2,1.525,0.96618357,2026-01-01,2026-05-25
"[TESTE PB FECHADO]","[C] [LM - TESTE] [ABO]","ADS  - EVELYN VM",existing,inactive,39,40,1.02564103,,,,3.04,2026-05-22,Contínuo,76,,,,2026-01-01,2026-05-25
"[RMKT LARANJA MORO-REATIVAÇÃO BASE QUENTE]","[C] [LM - RMKT] [ADV. ABO]","AD - RMKT — Cópia — Cópia",existing,inactive,66,70,1.06060606,,,,3.04,2025-10-13,Contínuo,43.42857143,,,,2026-01-01,2026-05-25
ABER.,"[C] [TONS] [PB ABERTO] [TESTE BID CAP]","tons 1 - 25-11",engaged,archived,124,132,1.06451613,,,,3.04,2026-03-16,Contínuo,23.03030303,2,1.52,1.51515152,2026-01-01,2026-05-25
"Influ Isadora N. - Lm","[C] [LM - TESTE] [ABO]","ADS 1",existing,archived,117,137,1.17094017,,,,3.03,2026-01-23,Contínuo,22.11678832,1,3.03,0.72992701,2026-01-01,2026-05-25
"Influ Mi Ruback","[C] [LM - TESTE] [ABO]","Criativo 2 - Melhora retenção 29/12",existing,archived,119,153,1.28571429,,,,3.02,2025-10-08,Contínuo,19.73856209,2,1.51,1.30718954,2026-01-01,2026-05-25
Jejoom,"[C] [LM - TESTE] [ABO]","ADS1 - 18-02",existing,not_delivering,65,69,1.06153846,,,,2.99,2026-02-20,Contínuo,43.33333333,1,2.99,1.44927536,2026-01-01,2026-05-25
"[AQUISIÇÃO]  [ADV. +]","[C] [LM - PRINCIPAL][EX. BASE] [ADV. +] [CBO]","AD - JADE TOFU LP LM1",unknown,active,37,37,1,,,,2.97974949,2026-01-23,Contínuo,80.53376991,,,,2026-01-01,2026-05-25
Jejoom,"[C] [LM - TESTE] [ABO]","ADS1 - 18-02",engaged,not_delivering,85,98,1.15294118,,,,2.95,2026-02-18,Contínuo,30.10204082,1,2.95,1.02040816,2026-01-01,2026-05-25
"Influ Evelyn - Vm","[C] [LM - TESTE] [ABO]","ADS 1",prospecting,not_delivering,88,93,1.05681818,,,,2.95,2026-01-29,Contínuo,31.72043011,1,2.95,1.07526882,2026-01-01,2026-05-25
adv-engajado-laranja-mouro-sudeste-sul-centro,"[C][LM - COST CAP WINNERS] [ [CBO]","[1] — Cópia",unknown,not_delivering,16,16,1,,,,2.94004865,2025-08-27,Contínuo,183.75304051,,,,2026-01-01,2026-05-25
[RMK],"[C] [JEJOOM] [CBO]","ADS - LARI 6",existing,inactive,115,148,1.28695652,,,,2.94,2026-04-17,Contínuo,19.86486486,5,0.588,3.37837838,2026-01-01,2026-05-25
"[CAMPANHA AQUISIÇÃO]","[C] [JEJOOM] [CBO]","AD - LARI",existing,inactive,148,159,1.07432432,,,,2.94,2025-10-13,Contínuo,18.49056604,,,,2026-01-01,2026-05-25
"[CAMPANHA AQUISIÇÃO]","[C] [JEJOOM] [CBO]","AD - NIVER",prospecting,inactive,129,150,1.1627907,,,,2.92,2025-10-13,Contínuo,19.46666667,,,,2026-01-01,2026-05-25
"Lm Perfil Novo","[C] [LM - TESTE] [ABO]","Criativo 1 - Brenda 29/12 — Cópia",engaged,not_delivering,130,181,1.39230769,,,,2.91,2025-11-03,Contínuo,16.07734807,24,0.12125,13.25966851,2026-01-01,2026-05-25
"[PUBLICO ABERTO]","[C] [LM - PRINCIPAL] [PLANO B] 1 TESTE","ADS - LARISSA — Cópia — Cópia",engaged,inactive,211,222,1.0521327,,,,2.9,2025-12-10,Contínuo,13.06306306,1,2.9,0.45045045,2026-01-01,2026-05-25
"[TOFU] [TIK TOK] [EXCLUSAÕ BASE] [BID 60] - TESTE ATÉ 20-05","[C] [LM - TESTE] [ABO]","AD - 7",existing,not_delivering,218,255,1.16972477,,,,2.89,2026-03-12,Contínuo,11.33333333,1,2.89,0.39215686,2026-01-01,2026-05-25
"[BM] [ANA ELISA]","[C] [LM - TESTE] [ABO]","AD - RMK ANA ELISA NIVER 3",unknown,not_delivering,16,16,1,,,,2.88966498,2025-10-01,Contínuo,180.60406155,,,,2026-01-01,2026-05-25
"[VINAGRE] [RMKT]","[C] [VARIOS PRODUTO] [ABO] [BID]","AD - MANOELI — Cópia",engaged,inactive,41,52,1.26829268,,,,2.88,2026-01-20,Contínuo,55.38461538,8,0.36,15.38461538,2026-01-01,2026-05-25
"Varias Influs - VM","[C] [LM - TESTE] [ABO]","ADS 1",engaged,inactive,113,123,1.08849558,,,,2.87,2026-02-19,Contínuo,23.33333333,2,1.435,1.62601626,2026-01-01,2026-05-25
"Conj - Vm","[C] [LM - TESTE] [ABO]","AD - RAIZA TOFU — Cópia",unknown,inactive,38,39,1.02631579,"Compras no site",1,2.86995839,2.86995839,2026-01-30,Contínuo,73.58867672,,,,2026-01-01,2026-05-25
"Arte Organica - VM","[C] [LM - TESTE] [ABO]","ADS2 - VM",prospecting,not_delivering,145,151,1.04137931,,,,2.83,2026-02-20,Contínuo,18.74172185,2,1.415,1.32450331,2026-01-01,2026-05-25
"[TOFU] [TIK TOK] [EXCLUSAÕ BASE] [BID 60] - TESTE ATÉ 20-05","[C] [LM - TESTE] [ABO]","AD - tofu  teste ate 09-05 — Cópia",existing,inactive,198,216,1.09090909,,,,2.83,2026-03-12,Contínuo,13.10185185,1,2.83,0.46296296,2026-01-01,2026-05-25
"Influ Mi Ruback - Lm","[C] [LM - TESTE] [ABO]","ADS 4",engaged,archived,129,159,1.23255814,,,,2.83,2026-01-23,Contínuo,17.79874214,1,2.83,0.62893082,2026-01-01,2026-05-25
"Carrossel - LM ROAS","[C] [LM - TESTE] [ABO]","CARROSSEL 3 - 18-02",prospecting,archived,72,81,1.125,,,,2.82,2026-02-18,Contínuo,34.81481481,2,1.41,2.4691358,2026-01-01,2026-05-25
"[VINAGRE] [RMKT]","[C] [VARIOS PRODUTO] [ABO] [BID]","AD - TOFU",unknown,inactive,22,22,1,,,,2.81003446,2026-01-20,Contínuo,127.72883903,2,1.40501723,9.09090909,2026-01-01,2026-05-25
"TONS TESTE","[C] [TONS] [PB DR]","AD - MOFU 4",existing,not_delivering,61,79,1.29508197,,,,2.76,2026-04-06,Contínuo,34.93670886,11,0.25090909,13.92405063,2026-01-01,2026-05-25
"Arte Organica - VM","[C] [LM - TESTE] [ABO]","ADS2 - VM",engaged,not_delivering,75,88,1.17333333,,,,2.76,2026-02-20,Contínuo,31.36363636,4,0.69,4.54545455,2026-01-01,2026-05-25
"[PUBLICO ENG.] [DR]","[C] [TONS] [PB DR]","AD - BOFU — Cópia",unknown,active,22,22,1,,,,2.75935701,2025-06-20,Contínuo,125.42531844,1,2.75935701,4.54545455,2026-01-01,2026-05-25
"ABER. — Cópia | Pausado checkout caro","[C] [TONS] [PB ABERTO] [TESTE BID CAP]","ADS - ASIATICA — Cópia",existing,archived,75,75,1,,,,2.72,2026-03-16,Contínuo,36.26666667,2,1.36,2.66666667,2026-01-01,2026-05-25
"[RMKT LARANJA MORO-REATIVAÇÃO BASE QUENTE]","[C] [LM - RMKT] [ADV. ABO]","AD - EVELYN",unknown,inactive,13,13,1,,,,2.6899248,2025-10-13,Contínuo,206.9172921,,,,2026-01-01,2026-05-25
"[AQUISIÇÃO]  [ADV. +]","[C] [LM - PRINCIPAL][EX. BASE] [ADV. +] [CBO]","AD - FERNANDA — Cópia",prospecting,inactive,93,96,1.03225806,,,,2.66,2026-01-23,Contínuo,27.70833333,3,0.88666667,3.125,2026-01-01,2026-05-25
"[DIGESTINO] [RMKT]","[C] [VARIOS PRODUTO] [ABO] [BID]","ADS2- 18-02",existing,inactive,98,132,1.34693878,,,,2.66,2026-05-10,Contínuo,20.15151515,2,1.33,1.51515152,2026-01-01,2026-05-25
"[VINAGRE] [RMKT]","[C] [VARIOS PRODUTO] [ABO] [BID]","ADS 1 - MARITZA",existing,inactive,57,63,1.10526316,,,,2.66,2026-01-20,Contínuo,42.22222222,6,0.44333333,9.52380952,2026-01-01,2026-05-25
"Influ Lari - Jejoom","[C] [LM - TESTE] [ABO]","ADS - LARI 4",engaged,not_delivering,37,40,1.08108108,,,,2.64,2026-02-12,Contínuo,66,1,2.64,2.5,2026-01-01,2026-05-25
"[RMKT LARANJA MORO-REATIVAÇÃO BASE QUENTE]","[C] [LM - RMKT] [ADV. ABO]","AD3 — Cópia",unknown,inactive,17,19,1.11764706,,,,2.62798995,2025-10-13,Contínuo,138.31526071,,,,2026-01-01,2026-05-25
"[AQUISIÇÃO]  [ADV. +]","[C] [LM - PRINCIPAL][EX. BASE] [ADV. +] [CBO]","AD -2 — Cópia — Cópia",engaged,inactive,46,51,1.10869565,,,,2.62,2026-01-23,Contínuo,51.37254902,,,,2026-01-01,2026-05-25
[EVELIN],"[C] [LM - PRINCIPAL][EX. BASE] [ADV. +] [CBO]","AD1 — Cópia",existing,inactive,221,246,1.11312217,,,,2.62,2026-03-31,Contínuo,10.6504065,5,0.524,2.03252033,2026-01-01,2026-05-25
"TESTE MI RUBACK ATE 22-03","[C] [LM - PRINCIPAL] - [PLANO B] 2 TESTE",AD1,engaged,archived,88,132,1.5,,,,2.61,2026-03-18,Contínuo,19.77272727,17,0.15352941,12.87878788,2026-01-01,2026-05-25
"TONS TESTE","[C] [TONS] [PB DR]","AD - MOFU 2",prospecting,not_delivering,66,73,1.10606061,,,,2.6,2026-04-06,Contínuo,35.61643836,3,0.86666667,4.10958904,2026-01-01,2026-05-25
"[RMKT LARANJA MORO-REATIVAÇÃO BASE QUENTE]","[C] [LM - RMKT] [ADV. ABO]","CRIATIVO 3 RMKT",unknown,inactive,7,8,1.14285714,,,,2.59007544,2025-10-13,Contínuo,323.7594302,,,,2026-01-01,2026-05-25
"TONS TESTE","[C] [TONS] [PB DR]","AD - MOFU 2",engaged,not_delivering,81,97,1.19753086,,,,2.56,2026-04-06,Contínuo,26.39175258,3,0.85333333,3.09278351,2026-01-01,2026-05-25
"TESTE MI RUBACK ATE 22-03","[C] [LM - PRINCIPAL] - [PLANO B] 2 TESTE",AD1,existing,archived,114,165,1.44736842,,,,2.55,2026-03-18,Contínuo,15.45454545,6,0.425,3.63636364,2026-01-01,2026-05-25
"Influ Mi Ruback","[C] [LM - TESTE] [ABO]","Criativo 2 - Melhora retenção 29/12",engaged,archived,75,90,1.2,,,,2.55,2025-10-08,Contínuo,28.33333333,,,,2026-01-01,2026-05-25
EVELIN,"[C] [LM - TESTE] [ABO]","AD - EVELYN",existing,inactive,79,85,1.07594937,,,,2.54,2026-05-18,Contínuo,29.88235294,1,2.54,1.17647059,2026-01-01,2026-05-25
"[CAMPANHA AQUISIÇÃO]","[C] [JEJOOM] [CBO]","AD - INGRID 3",engaged,inactive,31,40,1.29032258,,,,2.52,2025-10-13,Contínuo,63,1,2.52,2.5,2026-01-01,2026-05-25
"[BM] [MARCELA/PRI]","[C] [LM - TESTE] [ABO]","AD - DRI MOFU",prospecting,inactive,97,101,1.04123711,,,,2.52,2026-05-07,Contínuo,24.95049505,1,2.52,0.99009901,2026-01-01,2026-05-25
"[PUBLICO ENG.] [DR]","[C] [TONS] [PB DR]",tons_dr-ursinho-melasma1-13-10-2025,unknown,inactive,29,29,1,,,,2.48629188,2025-06-20,Contínuo,85.73420289,,,,2026-01-01,2026-05-25
"TESTE RAIZA ATE 21-03","[C] [LM - PRINCIPAL] - [PLANO B] 2 TESTE",AD2,existing,archived,106,134,1.26415094,,,,2.47,2026-03-17,Contínuo,18.43283582,,,,2026-01-01,2026-05-25
"teste aquisição ate dia 15  - Lm","[C] [LM - TESTE] [ABO]","AD - ANA MOFU — Cópia",existing,inactive,147,169,1.14965986,,,,2.46,2026-02-04,Contínuo,14.55621302,4,0.615,2.36686391,2026-01-01,2026-05-25
"[VINAGRE] [RMKT]","[C] [VARIOS PRODUTO] [ABO] [BID]","AD - ORG TOFU",engaged,inactive,44,49,1.11363636,,,,2.45,2026-01-20,Contínuo,50,,,,2026-01-01,2026-05-25
"TESTE RACHEL ATE 21-03","[C] [LM - PRINCIPAL] - [PLANO B] 2 TESTE",AD1,existing,archived,123,151,1.22764228,,,,2.45,2026-03-17,Contínuo,16.22516556,6,0.40833333,3.97350993,2026-01-01,2026-05-25
"[RMKT LARANJA MORO-REATIVAÇÃO BASE QUENTE]","[C] [LM - RMKT] [ADV. ABO]","AD - BOFU 1",unknown,inactive,34,36,1.05882353,,,,2.4498736,2025-10-13,Contínuo,68.05204434,,,,2026-01-01,2026-05-25
"Lm Perfil Novo","[C] [LM - TESTE] [ABO]","AD - MOFU — Cópia",existing,not_delivering,143,172,1.2027972,,,,2.44,2025-11-03,Contínuo,14.18604651,1,2.44,0.58139535,2026-01-01,2026-05-25
"[TESTE PB FECHADO]","[C] [LM - TESTE] [ABO]","AD 2 DUDA — Cópia",prospecting,inactive,140,148,1.05714286,,,,2.42,2026-05-22,Contínuo,16.35135135,1,2.42,0.67567568,2026-01-01,2026-05-25
"Influ Mi Ruback - Vm","[C] [LM - TESTE] [ABO]",AD2,existing,archived,72,90,1.25,,,,2.38,2026-01-22,Contínuo,26.44444444,1,2.38,1.11111111,2026-01-01,2026-05-25
"[ADV ABER.]","[C] [LM - PRINCIPAL] - [PLANO B] 2 TESTE","[ADS] - [RMKT] [25-02]",unknown,not_delivering,69,76,1.10144928,"Compras no site",1,2.37997681,2.37997681,2026-02-25,Contínuo,31.31548433,1,2.37997681,1.31578947,2026-01-01,2026-05-25
"Influ Evelyn - Vm","[C] [LM - TESTE] [ABO]","ADS 3",engaged,not_delivering,72,81,1.125,,,,2.37,2026-01-29,Contínuo,29.25925926,1,2.37,1.2345679,2026-01-01,2026-05-25
"Arte Organica - Digestino","[C] [LM - TESTE] [ABO]","ADS2- 18-02",prospecting,inactive,94,95,1.0106383,,,,2.37,2026-02-20,Contínuo,24.94736842,,,,2026-01-01,2026-05-25
"[AQUISIÇÃO]  [ADV. +]","[C] [LM - PRINCIPAL][EX. BASE] [ADV. +] [CBO]","AD - ISA MOFU LP DANI",unknown,inactive,31,31,1,,,,2.34029484,2026-01-23,Contínuo,75.49338208,,,,2026-01-01,2026-05-25
"[PUBLICO ENG.] [DR]","[C] [TONS] [PB DR]","AD - SHOOTING MOFU",unknown,active,28,28,1,,,,2.29909349,2025-06-20,Contínuo,82.11048163,,,,2026-01-01,2026-05-25
"Influ Raiza - VM","[C] [LM - TESTE] [ABO]","ADS 1",engaged,not_delivering,114,131,1.14912281,,,,2.29,2026-02-19,Contínuo,17.48091603,,,,2026-01-01,2026-05-25
EVELIN,"[C] [LM - TESTE] [ABO]","AD - EVELYN",prospecting,inactive,149,155,1.04026846,,,,2.28,2026-05-18,Contínuo,14.70967742,1,2.28,0.64516129,2026-01-01,2026-05-25
"Varias Influs - VM","[C] [LM - TESTE] [ABO]","ADS 3",existing,inactive,80,87,1.0875,,,,2.28,2026-02-19,Contínuo,26.20689655,,,,2026-01-01,2026-05-25
"[VINAGRE] [RMKT]","[C] [VARIOS PRODUTO] [ABO] [BID]","AD - RAIZA TOFU",unknown,active,23,25,1.08695652,,,,2.26004802,2026-01-20,Contínuo,90.40192082,,,,2026-01-01,2026-05-25
"[CAMPANHA AQUISIÇÃO]","[C] [JEJOOM] [CBO]","AD - LARI",engaged,inactive,96,108,1.125,,,,2.26,2025-10-13,Contínuo,20.92592593,,,,2026-01-01,2026-05-25
"[TOFU] [TIK TOK] [EXCLUSAÕ BASE] [BID 60] - TESTE ATÉ 20-05","[C] [LM - TESTE] [ABO]","AD - 4",existing,not_delivering,108,130,1.2037037,,,,2.25,2026-03-12,Contínuo,17.30769231,2,1.125,1.53846154,2026-01-01,2026-05-25
Nac,"[C] [VARIOS PRODUTO] [ABO] [BID]","AD - RMK 2",existing,not_delivering,57,62,1.0877193,,,,2.22,2026-05-12,Contínuo,35.80645161,1,2.22,1.61290323,2026-01-01,2026-05-25
"Influ Sabrina - Vm [Teste até 13-03]","[C] [LM - TESTE] [ABO]",ADS9,existing,archived,50,53,1.06,,,,2.21,2026-02-05,Contínuo,41.69811321,,,,2026-01-01,2026-05-25
"Arte Organica - Q10","[C] [LM - TESTE] [ABO]","ADS1 - Q10",engaged,not_delivering,87,95,1.09195402,,,,2.21,2026-02-18,Contínuo,23.26315789,1,2.21,1.05263158,2026-01-01,2026-05-25
"ABER. — Cópia | Pausado checkout caro","[C] [TONS] [PB ABERTO] [TESTE BID CAP]","ADS - ASIATICA — Cópia",engaged,archived,55,57,1.03636364,,,,2.19,2026-03-16,Contínuo,38.42105263,4,0.5475,7.01754386,2026-01-01,2026-05-25
"[VINAGRE] [RMKT]","[C] [VARIOS PRODUTO] [ABO] [BID]",AD14,engaged,inactive,71,81,1.14084507,"Compras no site",1,2.18,2.18,2026-01-20,Contínuo,26.91358025,3,0.72666667,3.7037037,2026-01-01,2026-05-25
"[PUBLICO ABERTO]","[C] [TESTE LP]","ADS - RAIZA 3 — Cópia",existing,archived,57,57,1,,,,2.18,2026-02-24,Contínuo,38.24561404,,,,2026-01-01,2026-05-25
ABER.,"[C] [TONS] [PB ABERTO] [TESTE BID CAP]",tons_dr-ursinho-melasma2-13-10-2025,existing,archived,122,148,1.21311475,,,,2.17,2026-03-16,Contínuo,14.66216216,3,0.72333333,2.02702703,2026-01-01,2026-05-25
"Carrossel - Lm","[C] [LM - TESTE] [ABO]","ADS2- 18-02 — Cópia",prospecting,inactive,121,130,1.07438017,,,,2.16,2026-02-20,Contínuo,16.61538462,1,2.16,0.76923077,2026-01-01,2026-05-25
"[CAMPANHA AQUISIÇÃO]","[C] [JEJOOM] [CBO]","ADS - LARISSA",existing,inactive,66,73,1.10606061,,,,2.16,2025-10-13,Contínuo,29.5890411,1,2.16,1.36986301,2026-01-01,2026-05-25
"[PUBLICO ABERTO]","[C] [LM - PRINCIPAL] [PLANO B] 1 TESTE","ADS - RAIZA 1",unknown,inactive,9,9,1,,,,2.15005312,2025-12-10,Contínuo,238.89479081,,,,2026-01-01,2026-05-25
"TESTE RAIZA ATE 21-03","[C] [LM - PRINCIPAL][EX. BASE] [ADV. +] [CBO]",AD1,engaged,archived,46,53,1.15217391,,,,2.14,2026-03-17,Contínuo,40.37735849,,,,2026-01-01,2026-05-25
"[AQUISIÇÃO]  [ADV. +]","[C] [LM - PRINCIPAL][EX. BASE] [ADV. +] [CBO]","AD - FERNANDA — Cópia",engaged,inactive,54,56,1.03703704,,,,2.13,2026-01-23,Contínuo,38.03571429,2,1.065,3.57142857,2026-01-01,2026-05-25
"[RMKT LARANJA MORO-REATIVAÇÃO BASE QUENTE]","[C] [LM - RMKT] [ADV. ABO]","AD - LUCIANA TOFU",unknown,active,36,36,1,"Compras no site",1,2.11542939,2.11542939,2025-10-13,Contínuo,58.76192739,1,2.11542939,2.77777778,2026-01-01,2026-05-25
"[PUBLICO ENG.] [DR]","[C] [TONS] [PB DR]","AD - TOFU",unknown,inactive,24,25,1.04166667,,,,2.09938688,2025-06-20,Contínuo,83.97547528,,,,2026-01-01,2026-05-25
"TONS TESTE","[C] [TONS] [PB DR]","AD - MOFU 9",existing,not_delivering,51,64,1.25490196,,,,2.09,2026-04-06,Contínuo,32.65625,,,,2026-01-01,2026-05-25
[RMK],"[C] [JEJOOM] [CBO]","AD - RAIZA",prospecting,inactive,192,222,1.15625,,,,2.09,2026-04-17,Contínuo,9.41441441,,,,2026-01-01,2026-05-25
"Influ Morgana - Jejoom","[C] [LM - TESTE] [ABO]",ADS3,prospecting,inactive,56,57,1.01785714,,,,2.09,2026-03-02,Contínuo,36.66666667,1,2.09,1.75438596,2026-01-01,2026-05-25
"Carrossel - Lm","[C] [LM - TESTE] [ABO]","ADS1 - TIPO 2 04-03",existing,inactive,36,46,1.27777778,,,,2.08,2026-02-20,Contínuo,45.2173913,5,0.416,10.86956522,2026-01-01,2026-05-25
"Conj. - Q10","[C] [LM - TESTE] [ABO]","ADS3- Q10",engaged,not_delivering,72,79,1.09722222,,,,2.08,2026-02-20,Contínuo,26.32911392,3,0.69333333,3.79746835,2026-01-01,2026-05-25
"[TOFU] [TIK TOK] [EXCLUSAÕ BASE] [BID 60] - TESTE ATÉ 20-05","[C] [LM - TESTE] [ABO]","AD -2",existing,not_delivering,128,162,1.265625,,,,2.07,2026-03-12,Contínuo,12.77777778,,,,2026-01-01,2026-05-25
EVELIN,"[C] [LM - TESTE] [ABO]","AD - EVELYN",engaged,inactive,50,51,1.02,,,,2.06,2026-05-18,Contínuo,40.39215686,2,1.03,3.92156863,2026-01-01,2026-05-25
"Influ Lari - Jejoom","[C] [LM - TESTE] [ABO]","ADS - LARI 5",prospecting,not_delivering,101,105,1.03960396,,,,2.05,2026-02-12,Contínuo,19.52380952,1,2.05,0.95238095,2026-01-01,2026-05-25
"Influ Morgana - Jejoom","[C] [LM - TESTE] [ABO]",ADS3,engaged,inactive,33,34,1.03030303,,,,2.04,2026-03-02,Contínuo,60,3,0.68,8.82352941,2026-01-01,2026-05-25
"[EXCLUSÃO BASE] [ADV. +]","[C] [LM - PRINCIPAL][EX. BASE] [ADV. +] [CBO]","AD - 5 — Cópia",engaged,inactive,75,84,1.12,,,,2.02,2026-03-17,Contínuo,24.04761905,1,2.02,1.19047619,2026-01-01,2026-05-25
"Influ Morgana - Jejoom","[C] [LM - TESTE] [ABO]",ADS3,existing,inactive,51,53,1.03921569,,,,2.02,2026-03-02,Contínuo,38.11320755,,,,2026-01-01,2026-05-25
"teste aquisição ate dia 15  - Lm","[C] [LM - TESTE] [ABO]","ADS - RAIZA 3 — Cópia",prospecting,inactive,123,136,1.10569106,,,,2.02,2026-02-04,Contínuo,14.85294118,3,0.67333333,2.20588235,2026-01-01,2026-05-25
"[TESTE PB FECHADO]","[C] [LM - TESTE] [ABO]","AD - RMK  EVELYN 18-05 PERFIL DENA — Cópia — Cópia — Cópia",engaged,active,91,96,1.05494505,,,,2.01,2026-05-22,Contínuo,20.9375,,,,2026-01-01,2026-05-25
"Influ Larissa Lemos - Lm","[C] [LM - TESTE] [ABO]","Video 1 Larissa Lemos - 13-10-2025",prospecting,archived,56,58,1.03571429,"Compras no site",1,2,2,2025-10-13,Contínuo,34.48275862,2,1,3.44827586,2026-01-01,2026-05-25
"[TOFU] [TIK TOK] [EXCLUSAÕ BASE] [BID 60] - TESTE ATÉ 20-05","[C] [LM - TESTE] [ABO]",AD1,existing,inactive,134,152,1.13432836,,,,2,2026-03-12,Contínuo,13.15789474,3,0.66666667,1.97368421,2026-01-01,2026-05-25
"[PUBLICO ENG.] [DR]","[C] [TONS] [PB DR]",tons_dr-ursinho-melasma4-13-10-2025,unknown,inactive,15,15,1,"Compras no site",1,1.96957155,1.96957155,2025-06-20,Contínuo,131.30477005,1,1.96957155,6.66666667,2026-01-01,2026-05-25
"[PUBLICO ENG.] [DR]","[C] [TONS] [PB DR]","AD1 — Cópia",unknown,active,35,35,1,,,,1.9418914,2025-06-20,Contínuo,55.4826113,,,,2026-01-01,2026-05-25
"[DIGESTINO] [RMKT]","[C] [VARIOS PRODUTO] [ABO] [BID]","ADS3- 18-02",prospecting,inactive,47,55,1.17021277,,,,1.94,2026-05-10,Contínuo,35.27272727,,,,2026-01-01,2026-05-25
"TONS TESTE","[C] [TONS] [PB DR]","AD - MOFU 4",prospecting,not_delivering,44,47,1.06818182,,,,1.94,2026-04-06,Contínuo,41.27659574,5,0.388,10.63829787,2026-01-01,2026-05-25
"[AQUISIÇÃO]  [ADV. +]","[C] [LM - PRINCIPAL][EX. BASE] [ADV. +] [CBO]","AD - ALESSANDRA TOFU",engaged,inactive,55,55,1,,,,1.94,2026-01-23,Contínuo,35.27272727,,,,2026-01-01,2026-05-25
"Influ Sabrina - Tons","[C] [LM - TESTE] [ABO]","ADS 4 - SABRINA",prospecting,inactive,44,44,1,,,,1.93,2026-02-09,Contínuo,43.86363636,,,,2026-01-01,2026-05-25
"[CAMPANHA AQUISIÇÃO]","[C] [JEJOOM] [CBO]","AD2 - ORGANICO",unknown,inactive,20,21,1.05,,,,1.92003873,2025-10-13,Contínuo,91.43041561,,,,2026-01-01,2026-05-25
"[AQUISIÇÃO]  [ADV. +]","[C] [LM - PRINCIPAL][EX. BASE] [ADV. +] [CBO]","ADS - SABRINA TOPO 2",existing,inactive,67,73,1.08955224,,,,1.92,2026-01-23,Contínuo,26.30136986,,,,2026-01-01,2026-05-25
"TONS TESTE","[C] [TONS] [PB DR]","AD- NIVER 2",unknown,inactive,11,11,1,,,,1.90991465,2026-04-06,Contínuo,173.62860443,1,1.90991465,9.09090909,2026-01-01,2026-05-25
"Carrossel - Lm","[C] [LM - TESTE] [ABO]","ADS3 - 18-02 — Cópia",prospecting,inactive,77,80,1.03896104,,,,1.89,2026-02-20,Contínuo,23.625,,,,2026-01-01,2026-05-25
"Influ Marcela Jacaré - Vm","[C] [LM - TESTE] [ABO]",AD3,engaged,archived,136,155,1.13970588,,,,1.87026103,2026-01-28,Contínuo,12.06620018,1,1.87026103,0.64516129,2026-01-01,2026-05-25
"Influ Evelyn - Vm","[C] [LM - TESTE] [ABO]","ADS 1",existing,not_delivering,51,61,1.19607843,,,,1.87,2026-01-29,Contínuo,30.6557377,,,,2026-01-01,2026-05-25
"Influ Raiza - Lm","[C] [LM - TESTE] [ABO]",AD2,engaged,not_delivering,35,43,1.22857143,,,,1.87,2026-03-21,Contínuo,43.48837209,,,,2026-01-01,2026-05-25
"Influ Larissa Lemos - Lm","[C] [LM - TESTE] [ABO]","29/12 — Cópia",prospecting,archived,119,133,1.11764706,,,,1.86,2025-10-13,Contínuo,13.98496241,,,,2026-01-01,2026-05-25
"[CAMPANHA AQUISIÇÃO]","[C] [JEJOOM] [CBO]","AD - NIVER",engaged,inactive,34,39,1.14705882,,,,1.86,2025-10-13,Contínuo,47.69230769,,,,2026-01-01,2026-05-25
ABER.,"[C] [TONS] [PB ABERTO] [TESTE BID CAP]",tons_dr-ursinho-melasma4-13-10-2025,engaged,archived,62,70,1.12903226,,,,1.85,2026-03-16,Contínuo,26.42857143,1,1.85,1.42857143,2026-01-01,2026-05-25
"Carrossel - Lm","[C] [LM - TESTE] [ABO]","ADS1 - 04-03",existing,inactive,49,61,1.24489796,,,,1.85,2026-02-20,Contínuo,30.32786885,1,1.85,1.63934426,2026-01-01,2026-05-25
"Carrossel - Lm","[C] [LM - TESTE] [ABO]","ADS2- 18-02 — Cópia",existing,inactive,70,75,1.07142857,,,,1.84,2026-02-20,Contínuo,24.53333333,,,,2026-01-01,2026-05-25
"[TESTE PB FECHADO]","[C] [LM - TESTE] [ABO]","AD - EVELYN",engaged,inactive,107,114,1.06542056,,,,1.84,2026-05-22,Contínuo,16.14035088,5,0.368,4.38596491,2026-01-01,2026-05-25
"[VINAGRE] [RMKT]","[C] [VARIOS PRODUTO] [ABO] [BID]","ADS 4 — Cópia",engaged,inactive,40,43,1.075,,,,1.83,2026-01-20,Contínuo,42.55813953,1,1.83,2.3255814,2026-01-01,2026-05-25
"[CAMPANHA AQUISIÇÃO]","[C] [JEJOOM] [CBO]","ARTE DANI 2",existing,inactive,47,52,1.10638298,,,,1.82,2025-10-13,Contínuo,35,1,1.82,1.92307692,2026-01-01,2026-05-25
"ABER. — Cópia | Pausado checkout caro","[C] [TONS] [PB ABERTO] [TESTE BID CAP]","ADS - ASIATICA",existing,archived,47,47,1,,,,1.81,2026-03-16,Contínuo,38.5106383,1,1.81,2.12765957,2026-01-01,2026-05-25
"[TOFU] [TIK TOK] [EXCLUSAÕ BASE] [BID 60] - TESTE ATÉ 20-05","[C] [LM - TESTE] [ABO]",AD1,prospecting,inactive,179,203,1.13407821,,,,1.81,2026-03-12,Contínuo,8.91625616,,,,2026-01-01,2026-05-25
"[VINAGRE] [RMKT]","[C] [VARIOS PRODUTO] [ABO] [BID]",AD8,unknown,inactive,4,4,1,,,,1.80997266,2026-01-20,Contínuo,452.49316451,,,,2026-01-01,2026-05-25
ABER.,"[C] [TONS] [PB ABERTO] [TESTE BID CAP]",tons_dr-ursinho-melasma4-13-10-2025,existing,archived,71,79,1.11267606,,,,1.8,2026-03-16,Contínuo,22.78481013,1,1.8,1.26582278,2026-01-01,2026-05-25
"Influ Larissa Lemos - Lm","[C] [LM - TESTE] [ABO]","ADS - LARISSA MES CLIENTE",existing,archived,56,63,1.125,,,,1.8,2025-10-13,Contínuo,28.57142857,1,1.8,1.58730159,2026-01-01,2026-05-25
"[AQUISIÇÃO]  [ADV. +]","[C] [LM - PRINCIPAL][EX. BASE] [ADV. +] [CBO]","ADS - ORGANICO LM 2",unknown,inactive,44,50,1.13636364,,,,1.79998361,2026-01-23,Contínuo,35.99967212,,,,2026-01-01,2026-05-25
"[CAMPANHA AQUISIÇÃO]","[C] [JEJOOM] [CBO]","AD - RAIZA",prospecting,inactive,55,60,1.09090909,,,,1.78,2025-10-13,Contínuo,29.66666667,,,,2026-01-01,2026-05-25
"[PUBLICO ENG.] [DR] — Cópia | [Réplica de Conjunto Validado] | Pausado checkout caro","[C] [TONS] [PB ABERTO] [TESTE BID CAP]","tons4_rmkt_20-10-2025 — Cópia",prospecting,archived,95,100,1.05263158,,,,1.78,2026-03-24,Contínuo,17.8,1,1.78,1,2026-01-01,2026-05-25
"[PUBLICO ABERTO]","[C] [LM - PRINCIPAL] [PLANO B] 1 TESTE","ADS - DUDA",existing,inactive,51,159,3.11764706,,,,1.78,2025-12-10,Contínuo,11.19496855,3,0.59333333,1.88679245,2026-01-01,2026-05-25
"[RMKT LARANJA MORO-REATIVAÇÃO BASE QUENTE]","[C] [LM - RMKT] [ADV. ABO]","AD - RMKT — Cópia — Cópia",prospecting,inactive,44,45,1.02272727,,,,1.78,2025-10-13,Contínuo,39.55555556,2,0.89,4.44444444,2026-01-01,2026-05-25
"[VINAGRE] [RMKT]","[C] [VARIOS PRODUTO] [ABO] [BID]","AD - RAIZA MOFU",unknown,inactive,10,10,1,,,,1.75999104,2026-01-20,Contínuo,175.99910386,,,,2026-01-01,2026-05-25
"Influ Ingrid - Vm","[C] [LM - TESTE] [ABO]",AD2,existing,archived,30,31,1.03333333,,,,1.75,2026-01-22,Contínuo,56.4516129,2,0.875,6.4516129,2026-01-01,2026-05-25
"[CAMPANHA AQUISIÇÃO]","[C] [JEJOOM] [CBO]","AD - MORGANA",engaged,inactive,68,75,1.10294118,,,,1.73,2025-10-13,Contínuo,23.06666667,3,0.57666667,4,2026-01-01,2026-05-25
"Carrossel - Lm","[C] [LM - TESTE] [ABO]","CARROSSEL 2 - 18-02",existing,not_delivering,53,66,1.24528302,,,,1.73,2026-02-20,Contínuo,26.21212121,1,1.73,1.51515152,2026-01-01,2026-05-25
"[VINAGRE] [RMKT]","[C] [VARIOS PRODUTO] [ABO] [BID]","AD9 - CARROSSEL",existing,inactive,60,67,1.11666667,,,,1.71514124,2026-01-20,Contínuo,25.59912303,3,0.57171375,4.47761194,2026-01-01,2026-05-25
"[RMKT LARANJA MORO-REATIVAÇÃO BASE QUENTE]","[C] [LM - RMKT] [ADV. ABO]","laranja-moro_mi-ruback_02-07-2025_junto-com-cafe — Cópia",unknown,inactive,21,21,1,,,,1.69006201,2025-10-13,Contínuo,80.47914322,1,1.69006201,4.76190476,2026-01-01,2026-05-25
"teste publico novo - bid","[C] [LM - TESTE] [ABO]","AD1 - BOFU — Cópia",prospecting,not_delivering,85,99,1.16470588,,,,1.68,2026-02-19,Contínuo,16.96969697,3,0.56,3.03030303,2026-01-01,2026-05-25
"[CAMPANHA AQUISIÇÃO]","[C] [JEJOOM] [CBO]","AD - INGRID 2",existing,inactive,46,55,1.19565217,,,,1.68,2025-10-13,Contínuo,30.54545455,,,,2026-01-01,2026-05-25
"[PUBLICO ENG.] [DR]","[C] [TONS] [PB DR]",tons_dr-ursinho_video-reels_10-07-2025_nao-tem-clareador-oral-barra,unknown,inactive,10,10,1,,,,1.67002378,2025-06-20,Contínuo,167.00237821,,,,2026-01-01,2026-05-25
"[VINAGRE] [RMKT]","[C] [VARIOS PRODUTO] [ABO] [BID]","ADS 1 - MARITZA",engaged,inactive,31,34,1.09677419,,,,1.67,2026-01-20,Contínuo,49.11764706,1,1.67,2.94117647,2026-01-01,2026-05-25
"[AQUISIÇÃO]  [ADV. +]","[C] [LM - PRINCIPAL][EX. BASE] [ADV. +] [CBO]","ADS - TAINA 2",prospecting,inactive,67,69,1.02985075,,,,1.66,2026-01-23,Contínuo,24.05797101,,,,2026-01-01,2026-05-25
"Influ Sabrina - Tons","[C] [LM - TESTE] [ABO]","ADS 4 - SABRINA",existing,inactive,26,26,1,,,,1.66,2026-02-09,Contínuo,63.84615385,,,,2026-01-01,2026-05-25
"Influ Maritza 1 - LM TESTE TRAVA DE CPA","[C] [LM - TESTE] [ABO]",24-12,engaged,archived,90,108,1.2,,,,1.66,2025-11-25,Contínuo,15.37037037,1,1.66,0.92592593,2026-01-01,2026-05-25
"[ANA ELISA]","[C] [LM - PRINCIPAL] - [PLANO B] 2 TESTE",AD1,unknown,not_delivering,13,13,1,,,,1.6599901,2026-03-17,Contínuo,127.691546,2,0.82999505,15.38461538,2026-01-01,2026-05-25
"[CAMPANHA AQUISIÇÃO]","[C] [JEJOOM] [CBO]","ARTE DANI",prospecting,inactive,61,72,1.18032787,,,,1.64,2025-10-13,Contínuo,22.77777778,2,0.82,2.77777778,2026-01-01,2026-05-25
"TONS TESTE","[C] [TONS] [PB DR]","AD - BOFU — Cópia",engaged,inactive,40,41,1.025,,,,1.64,2026-04-06,Contínuo,40,,,,2026-01-01,2026-05-25
"Influ Maritza 1 - LM TESTE TRAVA DE CPA","[C] [LM - TESTE] [ABO]",24-12,existing,archived,43,60,1.39534884,,,,1.64,2025-11-25,Contínuo,27.33333333,,,,2026-01-01,2026-05-25
"LP - TOPO LM","[C] [LM - PRINCIPAL][EX. BASE] [ADV. +] [CBO]","ADS - RAIZA 3",existing,archived,23,49,2.13043478,,,,1.6303042,2026-02-06,Contínuo,33.27151421,2,0.8151521,4.08163265,2026-01-01,2026-05-25
Jejoom,"[C] [LM - TESTE] [ABO]","ADS2 - 18-02",engaged,not_delivering,80,89,1.1125,,,,1.63,2026-02-18,Contínuo,18.31460674,2,0.815,2.24719101,2026-01-01,2026-05-25
"ABER. — Cópia | Pausado checkout caro","[C] [TONS] [PB ABERTO] [TESTE BID CAP]","ADS - ASIATICA",engaged,archived,43,43,1,,,,1.63,2026-03-16,Contínuo,37.90697674,1,1.63,2.3255814,2026-01-01,2026-05-25
"TONS TESTE","[C] [TONS] [PB DR]","AD - MOFU 8",engaged,not_delivering,27,31,1.14814815,,,,1.63,2026-04-06,Contínuo,52.58064516,3,0.54333333,9.67741935,2026-01-01,2026-05-25
"[AQUISIÇÃO]  [ADV. +]","[C] [LM - PRINCIPAL][EX. BASE] [ADV. +] [CBO]","ADS - RAIZA 3",unknown,inactive,22,22,1,,,,1.61005647,2026-01-23,Contínuo,73.18438478,,,,2026-01-01,2026-05-25
"Conj - Vm","[C] [LM - TESTE] [ABO]","ADS 2",unknown,inactive,19,19,1,,,,1.61002554,2026-01-30,Contínuo,84.73818644,1,1.61002554,5.26315789,2026-01-01,2026-05-25
"TONS TESTE","[C] [TONS] [PB DR]","AD - TOFU 1",existing,inactive,15,18,1.2,,,,1.6,2026-04-06,Contínuo,88.88888889,,,,2026-01-01,2026-05-25
"[ADV ABER.]","[C] [LM - PRINCIPAL] - [PLANO B] 2 TESTE","[ADS] - [LARISSA] [TOPO] [27-02]",prospecting,inactive,121,126,1.04132231,,,,1.59,2026-02-25,Contínuo,12.61904762,1,1.59,0.79365079,2026-01-01,2026-05-25
"Influ Sabrina - Vm [Teste até 13-03]","[C] [LM - TESTE] [ABO]",ADS10,existing,archived,15,16,1.06666667,,,,1.58,2026-02-05,Contínuo,98.75,,,,2026-01-01,2026-05-25
"[AQUISIÇÃO]  [ADV. +]","[C] [LM - PRINCIPAL][EX. BASE] [ADV. +] [CBO]","AD - MOFU teste ate 08-05 — Cópia — Cópia",unknown,inactive,19,19,1,,,,1.57989505,2026-01-23,Contínuo,83.15237104,,,,2026-01-01,2026-05-25
"Influ Raiza 3 - LM TESTE TRAVA DE CPA","[C] [LM - TESTE] [ABO]","ADS 1",existing,archived,67,73,1.08955224,,,,1.57,2026-01-30,Contínuo,21.50684932,2,0.785,2.73972603,2026-01-01,2026-05-25
"[PUBLICO ENG.] [DR]","[C] [TONS] [PB DR]","AD1 - VERAO — Cópia",unknown,inactive,14,14,1,,,,1.56972606,2025-06-20,Contínuo,112.12329018,,,,2026-01-01,2026-05-25
"Carrossel - Lm","[C] [LM - TESTE] [ABO]","ADS3 - 18-02 — Cópia",existing,inactive,53,56,1.05660377,,,,1.56,2026-02-20,Contínuo,27.85714286,,,,2026-01-01,2026-05-25
"[TRIO MAG] [RMKT]","[C] [VARIOS PRODUTO] [ABO] [BID]","AD - BOFU RMKT2 17-05",existing,not_delivering,54,67,1.24074074,,,,1.56,2026-05-17,Contínuo,23.28358209,2,0.78,2.98507463,2026-01-01,2026-05-25
"[PUBLICO ENG.] [DR]","[C] [TONS] [PB DR]",AD10,unknown,inactive,14,15,1.07142857,,,,1.5399777,2025-06-20,Contínuo,102.66518027,1,1.5399777,6.66666667,2026-01-01,2026-05-25
"[BM] [ANA ELISA]","[C] [LM - TESTE] [ABO]","AD - ANA ELISA MOFU",unknown,not_delivering,37,37,1,,,,1.53920552,2025-10-01,Contínuo,41.60014924,2,0.76960276,5.40540541,2026-01-01,2026-05-25
"Conj. - Q10","[C] [LM - TESTE] [ABO]","ADS DANI 2",existing,not_delivering,91,111,1.21978022,,,,1.53,2026-02-20,Contínuo,13.78378378,,,,2026-01-01,2026-05-25
"Influ Sabrina - Vm [Teste até 13-03]","[C] [LM - TESTE] [ABO]",ADS10,prospecting,archived,15,17,1.13333333,,,,1.53,2026-02-05,Contínuo,90,1,1.53,5.88235294,2026-01-01,2026-05-25
"Arte Organica - Digestino","[C] [LM - TESTE] [ABO]","ADS1 - 18-02",engaged,inactive,106,112,1.05660377,,,,1.52095839,2026-02-20,Contínuo,13.57998559,1,1.52095839,0.89285714,2026-01-01,2026-05-25
"[CAMPANHA AQUISIÇÃO]","[C] [JEJOOM] [CBO]","AD - NIVER",engaged,inactive,80,97,1.2125,,,,1.52,2025-10-13,Contínuo,15.67010309,,,,2026-01-01,2026-05-25
"[VINAGRE] [RMKT]","[C] [VARIOS PRODUTO] [ABO] [BID]","AD9 - CARROSSEL",engaged,inactive,52,61,1.17307692,,,,1.51,2026-01-20,Contínuo,24.75409836,,,,2026-01-01,2026-05-25
[RMK],"[C] [JEJOOM] [CBO]","AD - RMKT",prospecting,inactive,136,140,1.02941176,,,,1.5,2026-04-17,Contínuo,10.71428571,1,1.5,0.71428571,2026-01-01,2026-05-25
[RMK],"[C] [JEJOOM] [CBO]","AD - MORGANA TOFU",unknown,active,17,18,1.05882353,,,,1.4999889,2026-04-17,Contínuo,83.33271682,,,,2026-01-01,2026-05-25
"Arte Organica - Digestino","[C] [LM - TESTE] [ABO]","ADS2- 18-02",existing,inactive,39,41,1.05128205,,,,1.49,2026-02-20,Contínuo,36.34146341,1,1.49,2.43902439,2026-01-01,2026-05-25
"[BOFU] [ADV+ ABERTO] [ESTATICO]","[C] [LM - TESTE] [ABO]",AD5,unknown,not_delivering,53,57,1.0754717,,,,1.48939632,2026-02-25,Contínuo,26.12975997,,,,2026-01-01,2026-05-25
"[PUBLICO ABERTO]","[C] [TONS] [PB DR]","tons_sabrina_video-reels_23-09-2025 — Cópia",unknown,inactive,17,17,1,,,,1.48010875,2025-12-10,Contínuo,87.06522083,1,1.48010875,5.88235294,2026-01-01,2026-05-25
"[EXCLUSÃO BASE] [ADV. +]","[C] [LM - PRINCIPAL][EX. BASE] [ADV. +] [CBO]","AD - RMKT — Cópia",prospecting,inactive,262,335,1.27862595,,,,1.48,2026-03-17,Contínuo,4.41791045,,,,2026-01-01,2026-05-25
"[ADV ABER.]","[C] [LM - PRINCIPAL] - [PLANO B] 2 TESTE","[ADS] - [LARISSA] [TOPO] [27-02]",engaged,inactive,65,71,1.09230769,,,,1.47,2026-02-25,Contínuo,20.70422535,,,,2026-01-01,2026-05-25
"[RMKT LARANJA MORO-REATIVAÇÃO BASE QUENTE]","[C] [LM - RMKT] [ADV. ABO]","AD - BOFU — Cópia",existing,inactive,70,70,1,,,,1.47,2025-10-13,Contínuo,21,,,,2026-01-01,2026-05-25
"LP - 2","[C] [LM - PRINCIPAL][EX. BASE] [ADV. +] [CBO]","ADS - SABRINA 2",prospecting,archived,55,55,1,,,,1.46,2026-01-19,Contínuo,26.54545455,,,,2026-01-01,2026-05-25
"Influ Sabrina - Tons","[C] [LM - TESTE] [ABO]","ADS 4 - SABRINA",engaged,inactive,23,23,1,,,,1.46,2026-02-09,Contínuo,63.47826087,,,,2026-01-01,2026-05-25
"[CAMPANHA AQUISIÇÃO]","[C] [JEJOOM] [CBO]","AD - LARI",prospecting,inactive,71,78,1.09859155,,,,1.46,2025-10-13,Contínuo,18.71794872,,,,2026-01-01,2026-05-25
"[CAMPANHA AQUISIÇÃO]","[C] [JEJOOM] [CBO]","ADS - LARI 6",existing,inactive,32,40,1.25,,,,1.46,2025-10-13,Contínuo,36.5,,,,2026-01-01,2026-05-25
"[PUBLICO ABERTO] — Cópia","[C] [LM - PRINCIPAL] [PLANO B] 1 TESTE","Rmkt Dani 2 — Cópia",existing,archived,36,36,1,,,,1.45,2026-01-08,Contínuo,40.27777778,,,,2026-01-01,2026-05-25
"LP - ATUAL","[C] [LM - PRINCIPAL][EX. BASE] [ADV. +] [CBO]","ADS -  ANA ELISA 1",prospecting,archived,118,118,1,,,,1.42,2026-01-19,Contínuo,12.03389831,,,,2026-01-01,2026-05-25
"[RMKT LARANJA MORO-REATIVAÇÃO BASE QUENTE]","[C] [LM - RMKT] [ADV. ABO]","ADS 3 — Cópia",unknown,not_delivering,14,14,1,,,,1.41999548,2025-10-13,Contínuo,101.42824835,,,,2026-01-01,2026-05-25
"[TOFU] [TIK + ORG ] [ABERTO]","[C] [LM - TESTE] [ABO]",AD1,unknown,inactive,25,26,1.04,,,,1.40979351,2026-02-11,Contínuo,54.22282737,1,1.40979351,3.84615385,2026-01-01,2026-05-25
"Influ Larissa Lemos - Lm","[C] [LM - TESTE] [ABO]","ADS - LARISSA MES CLIENTE",engaged,archived,52,60,1.15384615,,,,1.39,2025-10-13,Contínuo,23.16666667,,,,2026-01-01,2026-05-25
"[CAMPANHA AQUISIÇÃO]","[C] [JEJOOM] [CBO]","ARTE DANI",engaged,inactive,27,30,1.11111111,,,,1.39,2025-10-13,Contínuo,46.33333333,,,,2026-01-01,2026-05-25
"TESTE RACHEL ATE 21-03","[C] [LM - PRINCIPAL] - [PLANO B] 2 TESTE",AD1,engaged,archived,65,73,1.12307692,,,,1.38,2026-03-17,Contínuo,18.90410959,,,,2026-01-01,2026-05-25
"[TESTE PB FECHADO JADE]","[C] [LM - TESTE] [ABO]","AD - RMK  EVELYN 18-05 PERFIL DENA — Cópia — Cópia — Cópia",engaged,active,119,137,1.1512605,"Compras no site",1,1.37371634,1.37371634,2026-05-23,Contínuo,10.02712655,,,,2026-01-01,2026-05-25
"Varias Influs - VM","[C] [LM - TESTE] [ABO]","ADS 3",prospecting,inactive,36,36,1,,,,1.37,2026-02-19,Contínuo,38.05555556,1,1.37,2.77777778,2026-01-01,2026-05-25
"[TESTE PB FECHADO]","[C] [LM - TESTE] [ABO]","AD -  EVELYN",uncategorized,active,0,105,0,,,,1.3509244,2026-05-22,Contínuo,12.86594667,,,,2026-01-01,2026-05-25
adv-aqui-rmkt_laranja-moro_engajado-existente_5-existente_max-conv_26-05-2025,"[C][LM - PRINCIPAL] [ADV. EXCLUSÃO DE CLIENTES]","AD1 TOFU.- HC",engaged,not_delivering,21,21,1,,,,1.35,2024-09-17,Contínuo,64.28571429,,,,2026-01-01,2026-05-25
"[ADV ABER.]","[C] [LM - PRINCIPAL] - [PLANO B] 2 TESTE","[ADS] - [LARISSA] [TOPO] [27-02]",existing,inactive,64,68,1.0625,,,,1.35,2026-02-25,Contínuo,19.85294118,,,,2026-01-01,2026-05-25
"[EXCLUSÃO BASE] [ADV. +]","[C] [LM - PRINCIPAL][EX. BASE] [ADV. +] [CBO]","ADS - INFLU ANA ELISA 3",existing,inactive,11,13,1.18181818,,,,1.35,2026-03-17,Contínuo,103.84615385,,,,2026-01-01,2026-05-25
"[RMKT LARANJA MORO-REATIVAÇÃO BASE QUENTE]","[C] [LM - RMKT] [ADV. ABO]","ADS 1",unknown,not_delivering,12,12,1,,,,1.34011646,2025-10-13,Contínuo,111.67637133,,,,2026-01-01,2026-05-25
"[PUBLICO LARISSA]","[C] [JEJOOM] [CBO]","AD2 - ORGANICO — Cópia",engaged,archived,68,72,1.05882353,,,,1.34,2025-10-13,Contínuo,18.61111111,1,1.34,1.38888889,2026-01-01,2026-05-25
"LP - 2","[C] [LM - PRINCIPAL][EX. BASE] [ADV. +] [CBO]","[2] 29/12 — Cópia",prospecting,archived,98,98,1,,,,1.34,2026-01-19,Contínuo,13.67346939,,,,2026-01-01,2026-05-25
"[AQUISIÇÃO]  [ADV. +]","[C] [LM - PRINCIPAL][EX. BASE] [ADV. +] [CBO]","AD - TOFU",prospecting,inactive,37,39,1.05405405,,,,1.34,2026-01-23,Contínuo,34.35897436,,,,2026-01-01,2026-05-25
"[EXCLUSÃO BASE] [ADV. +]","[C] [LM - PRINCIPAL][EX. BASE] [ADV. +] [CBO]","ADS - INFLU ANA ELISA",prospecting,inactive,10,11,1.1,,,,1.34,2026-03-17,Contínuo,121.81818182,,,,2026-01-01,2026-05-25
"[RMKT LARANJA MORO-REATIVAÇÃO BASE QUENTE]","[C] [LM - RMKT] [ADV. ABO]","AD - EVELYN",unknown,not_delivering,21,21,1,,,,1.3300128,2025-10-13,Contínuo,63.33394275,,,,2026-01-01,2026-05-25
"[VINAGRE] [RMKT]","[C] [VARIOS PRODUTO] [ABO] [BID]","AD2 — Cópia",prospecting,inactive,88,104,1.18181818,,,,1.32,2026-01-20,Contínuo,12.69230769,,,,2026-01-01,2026-05-25
"[CAMPANHA AQUISIÇÃO]","[C] [JEJOOM] [CBO]","ARTE DANI 2",prospecting,inactive,44,47,1.06818182,,,,1.32,2025-10-13,Contínuo,28.08510638,,,,2026-01-01,2026-05-25
"Arte Organica - VM","[C] [LM - TESTE] [ABO]","ADS1 - VM",engaged,not_delivering,35,36,1.02857143,,,,1.31,2026-02-20,Contínuo,36.38888889,,,,2026-01-01,2026-05-25
"[PUBLICO ENG.] [DR] — Cópia | [Réplica de Conjunto Validado] | Pausado checkout caro","[C] [TONS] [PB ABERTO] [TESTE BID CAP]","tons4_rmkt_20-10-2025 — Cópia",engaged,archived,53,59,1.11320755,,,,1.31,2026-03-24,Contínuo,22.20338983,1,1.31,1.69491525,2026-01-01,2026-05-25
"[TESTE PB FECHADO]","[C] [LM - TESTE] [ABO]","AD 2 DUDA — Cópia",existing,inactive,48,52,1.08333333,,,,1.3,2026-05-22,Contínuo,25,,,,2026-01-01,2026-05-25
"[HIBRIDO] [ESTATICO ORG.] [BID 60]","[C] [LM - TESTE] [ABO]","AD - NIVER 3",engaged,inactive,130,160,1.23076923,,,,1.3,2026-03-20,Contínuo,8.125,3,0.43333333,1.875,2026-01-01,2026-05-25
"[RMKT LARANJA MORO-REATIVAÇÃO BASE QUENTE]","[C] [LM - RMKT] [ADV. ABO]","ADS1 - EVELYN",unknown,inactive,11,13,1.18181818,,,,1.29002391,2025-10-13,Contínuo,99.23260849,,,,2026-01-01,2026-05-25
"TESTE RAIZA ATE 21-03","[C] [LM - PRINCIPAL] - [PLANO B] 2 TESTE",AD2,engaged,archived,37,47,1.27027027,,,,1.29,2026-03-17,Contínuo,27.44680851,,,,2026-01-01,2026-05-25
"[AQUISIÇÃO]  [ADV. +]","[C] [LM - PRINCIPAL][EX. BASE] [ADV. +] [CBO]","AD - ALESSANDRA TOFU",existing,inactive,43,44,1.02325581,,,,1.29,2026-01-23,Contínuo,29.31818182,,,,2026-01-01,2026-05-25
"teste aquisição ate dia 15  - Lm","[C] [LM - TESTE] [ABO]","ADS - TOFU — Cópia",unknown,not_delivering,13,14,1.07692308,,,,1.28947454,2026-02-04,Contínuo,92.10532441,,,,2026-01-01,2026-05-25
"Influ Lari - Jejoom","[C] [LM - TESTE] [ABO]","ADS - LARI 5",engaged,not_delivering,56,60,1.07142857,,,,1.27,2026-02-12,Contínuo,21.16666667,2,0.635,3.33333333,2026-01-01,2026-05-25
"[PUBLICO ENG.] [DR]","[C] [TONS] [PB DR]","AD - TOFU",unknown,inactive,16,16,1,,,,1.26999176,2025-06-20,Contínuo,79.37448514,2,0.63499588,12.5,2026-01-01,2026-05-25
"[BOFU] [ADV+ ABERTO] [ESTATICO]","[C] [LM - TESTE] [ABO]","ADS - DANI — Cópia",unknown,not_delivering,34,34,1,,,,1.26954825,2026-02-25,Contínuo,37.33965439,,,,2026-01-01,2026-05-25
"Influ Sabrina - LM TESTE TRAVA DE CPA","[C] [LM - TESTE] [ABO]","Criativo Versão 2 - Sabrina 29/12",unknown,archived,25,25,1,,,,1.26000657,2025-10-22,Contínuo,50.40026285,2,0.63000329,8,2026-01-01,2026-05-25
[EVELIN],"[C] [LM - PRINCIPAL][EX. BASE] [ADV. +] [CBO]","AD1 — Cópia",engaged,inactive,92,98,1.06521739,,,,1.26,2026-03-31,Contínuo,12.85714286,1,1.26,1.02040816,2026-01-01,2026-05-25
"Influ Mi Ruback - Vm","[C] [LM - TESTE] [ABO]",AD1,existing,archived,43,51,1.18604651,,,,1.25,2026-01-22,Contínuo,24.50980392,,,,2026-01-01,2026-05-25
"Arte Organica - Digestino","[C] [LM - TESTE] [ABO]","ADS2- 18-02",engaged,inactive,25,25,1,,,,1.25,2026-02-20,Contínuo,50,,,,2026-01-01,2026-05-25
"[CAMPANHA AQUISIÇÃO]","[C] [JEJOOM] [CBO]","ADS - LARI 2 24-12",existing,inactive,28,29,1.03571429,,,,1.25,2025-10-13,Contínuo,43.10344828,,,,2026-01-01,2026-05-25
"[PUBLICO ENG.] [DR]","[C] [TONS] [PB DR]","ADS 3 - MES DO CLIENTE — Cópia",unknown,inactive,13,15,1.15384615,,,,1.23993559,2025-06-20,Contínuo,82.66237237,,,,2026-01-01,2026-05-25
"[PUBLICO ABERTO]","[C] [WHITE] TRAFEGO","CRIATIVO 3 RMKT — Cópia — Cópia",unknown,not_delivering,265,283,1.06792453,"Visualizações da página de destino",3,0.41,1.23,2026-03-26,Contínuo,4.34628975,3,0.41,1.06007067,2026-01-01,2026-05-25
"TONS TESTE","[C] [TONS] [PB DR]","AD - TOFU 1",engaged,inactive,16,18,1.125,,,,1.23,2026-04-06,Contínuo,68.33333333,1,1.23,5.55555556,2026-01-01,2026-05-25
"[PUBLICO ENG.] [DR]","[C] [TONS] [PB DR]","AD - BOFU",unknown,active,17,17,1,,,,1.22973613,2025-06-20,Contínuo,72.3374194,2,0.61486806,11.76470588,2026-01-01,2026-05-25
"[DIGESTINO] [RMKT]","[C] [VARIOS PRODUTO] [ABO] [BID]","ADS3- 18-02",engaged,inactive,32,34,1.0625,,,,1.22,2026-05-10,Contínuo,35.88235294,,,,2026-01-01,2026-05-25
"[CAMPANHA AQUISIÇÃO]","[C] [JEJOOM] [CBO]","AD4 - ORGANICO",engaged,inactive,72,78,1.08333333,,,,1.22,2025-10-13,Contínuo,15.64102564,2,0.61,2.56410256,2026-01-01,2026-05-25
"Carrossel - Lm","[C] [LM - TESTE] [ABO]","ADS2- 18-02 — Cópia",engaged,inactive,33,38,1.15151515,,,,1.22,2026-02-20,Contínuo,32.10526316,3,0.40666667,7.89473684,2026-01-01,2026-05-25
[RMK],"[C] [JEJOOM] [CBO]","AD - RMKT",engaged,inactive,136,157,1.15441176,,,,1.22,2026-04-17,Contínuo,7.77070064,1,1.22,0.63694268,2026-01-01,2026-05-25
"[VINAGRE] [RMKT]","[C] [VARIOS PRODUTO] [ABO] [BID]","ADS2 - VM — Cópia",unknown,inactive,6,6,1,,,,1.21999745,2026-01-20,Contínuo,203.33290844,,,,2026-01-01,2026-05-25
"[AQUISIÇÃO]  [ADV. +]","[C] [LM - PRINCIPAL][EX. BASE] [ADV. +] [CBO]","ADS - LARISSA MES CLIENTE",uncategorized,active,0,32,0,,,,1.21000778,2026-01-23,Contínuo,37.81274313,,,,2026-01-01,2026-05-25
"[PUBLICO ABERTO]","[C] [LM - PRINCIPAL] [PLANO B] 1 TESTE","ADS - ORGANICO LM 2",existing,inactive,73,100,1.36986301,,,,1.21,2025-12-10,Contínuo,12.1,,,,2026-01-01,2026-05-25
"[PUBLICO ENG.] [DR]","[C] [TONS] [PB DR]","AD - DR URSINHO 18-05",unknown,active,29,29,1,,,,1.20998375,2025-06-20,Contínuo,41.72357757,3,0.40332792,10.34482759,2026-01-01,2026-05-25
"[PUBLICO ENG.] [DR]","[C] [TONS] [PB DR]","AD - RMKT",unknown,inactive,13,13,1,,,,1.20001936,2025-06-20,Contínuo,92.30918135,,,,2026-01-01,2026-05-25
[EVELIN],"[C] [LM - PRINCIPAL][EX. BASE] [ADV. +] [CBO]","AD1 — Cópia",prospecting,inactive,219,243,1.10958904,,,,1.2,2026-03-31,Contínuo,4.9382716,1,1.2,0.41152263,2026-01-01,2026-05-25
"Influ Ingrid - Vm","[C] [LM - TESTE] [ABO]",AD3,prospecting,archived,33,34,1.03030303,,,,1.2,2026-01-22,Contínuo,35.29411765,1,1.2,2.94117647,2026-01-01,2026-05-25
"[AQUISIÇÃO]  [ADV. +]","[C] [LM - PRINCIPAL][EX. BASE] [ADV. +] [CBO]","AD - FERNANDA TOFU",prospecting,inactive,50,50,1,,,,1.18,2026-01-23,Contínuo,23.6,1,1.18,2,2026-01-01,2026-05-25
"[PUBLICO ABERTO]","[C] [WHITE] TRAFEGO","AD3 — Cópia — Cópia",unknown,not_delivering,233,240,1.03004292,"Visualizações da página de destino",4,0.295,1.18,2026-03-26,Contínuo,4.91666667,5,0.236,2.08333333,2026-01-01,2026-05-25
"[AQUISIÇÃO]  [ADV. +]","[C] [LM - PRINCIPAL][EX. BASE] [ADV. +] [CBO]","AD - JADE TOFU — Cópia — Cópia",unknown,inactive,8,8,1,,,,1.17001616,2026-01-23,Contínuo,146.25201947,,,,2026-01-01,2026-05-25
"[TOFU] [TIK TOK] [EXCLUSAÕ BASE] [BID 60] - TESTE ATÉ 20-05","[C] [LM - TESTE] [ABO]",AD1,engaged,inactive,99,124,1.25252525,,,,1.16,2026-03-12,Contínuo,9.35483871,1,1.16,0.80645161,2026-01-01,2026-05-25
"[PUBLICO ENG.] [DR]","[C] [TONS] [PB DR]","AD - TOFU",unknown,inactive,10,10,1,,,,1.14995884,2025-06-20,Contínuo,114.995884,1,1.14995884,10,2026-01-01,2026-05-25
"[EXCLUSÃO BASE] [ADV. +]","[C] [LM - PRINCIPAL][EX. BASE] [ADV. +] [CBO]",AD2,prospecting,inactive,59,71,1.20338983,,,,1.13,2026-03-17,Contínuo,15.91549296,,,,2026-01-01,2026-05-25
"[CAMPANHA AQUISIÇÃO]","[C] [JEJOOM] [CBO]","AD - MORGANA",prospecting,inactive,56,59,1.05357143,,,,1.13,2025-10-13,Contínuo,19.15254237,,,,2026-01-01,2026-05-25
"Conj. - Q10","[C] [LM - TESTE] [ABO]","ADS DANI 2",prospecting,not_delivering,132,167,1.26515152,,,,1.13,2026-02-20,Contínuo,6.76646707,,,,2026-01-01,2026-05-25
"[PUBLICO ENG.] [DR]","[C] [TONS] [PB DR]","ADS - ESPINHA",unknown,inactive,10,10,1,,,,1.1100298,2025-06-20,Contínuo,111.00298049,,,,2026-01-01,2026-05-25
"[PUBLICO ABERTO]","[C] [LM - PRINCIPAL] [PLANO B] 1 TESTE","ADS - SABRINA 1",unknown,inactive,8,8,1,,,,1.1000846,2025-12-10,Contínuo,137.51057491,,,,2026-01-01,2026-05-25
"LP - 1","[C] [LM - PRINCIPAL][EX. BASE] [ADV. +] [CBO]","[2] 29/12 — Cópia",prospecting,archived,68,68,1,,,,1.1,2026-01-19,Contínuo,16.17647059,,,,2026-01-01,2026-05-25
"[TESTE PB FECHADO]","[C] [LM - TESTE] [ABO]","ADS  - EVELYN VM",prospecting,inactive,142,152,1.07042254,,,,1.1,2026-05-22,Contínuo,7.23684211,,,,2026-01-01,2026-05-25
"teste publico novo - bid","[C] [LM - TESTE] [ABO]","AD - LUCIANA TOFU — Cópia",existing,not_delivering,8,8,1,,,,1.09,2026-02-19,Contínuo,136.25,,,,2026-01-01,2026-05-25
"Arte Organica - Q10","[C] [LM - TESTE] [ABO]","ADS2- Q10",engaged,not_delivering,39,41,1.05128205,,,,1.09,2026-02-18,Contínuo,26.58536585,4,0.2725,9.75609756,2026-01-01,2026-05-25
"[ADV ABER.]","[C] [LM - PRINCIPAL] - [PLANO B] 2 TESTE","ADS 1 — Cópia",engaged,inactive,92,111,1.20652174,,,,1.09,2026-02-25,Contínuo,9.81981982,,,,2026-01-01,2026-05-25
"[VINAGRE] [RMKT]","[C] [VARIOS PRODUTO] [ABO] [BID]",AD6,unknown,inactive,4,4,1,,,,1.08999384,2026-01-20,Contínuo,272.49846048,,,,2026-01-01,2026-05-25
"[VINAGRE] [RMKT]","[C] [VARIOS PRODUTO] [ABO] [BID]","AD9 - CARROSSEL",prospecting,inactive,58,60,1.03448276,,,,1.0869209,2026-01-20,Contínuo,18.1153484,,,,2026-01-01,2026-05-25
"[AQUISIÇÃO]  [ADV. +]","[C] [LM - PRINCIPAL][EX. BASE] [ADV. +] [CBO]","ADS - LARISSA MES CLIENTE",unknown,active,15,16,1.06666667,,,,1.08000694,2026-01-23,Contínuo,67.50043402,,,,2026-01-01,2026-05-25
"Arte Organica - VM","[C] [LM - TESTE] [ABO]","ADS3 - VM",existing,not_delivering,42,43,1.02380952,,,,1.08,2026-02-20,Contínuo,25.11627907,,,,2026-01-01,2026-05-25
"[TESTE PB FECHADO]","[C] [LM - TESTE] [ABO]","AD 2 DUDA — Cópia",engaged,inactive,29,31,1.06896552,,,,1.08,2026-05-22,Contínuo,34.83870968,,,,2026-01-01,2026-05-25
"[VINAGRE] [RMKT]","[C] [VARIOS PRODUTO] [ABO] [BID]","AD - PROMO BOFU",unknown,inactive,1,1,1,,,,1.07995835,2026-01-20,Contínuo,1079.9583455,,,,2026-01-01,2026-05-25
"[VINAGRE] [RMKT]","[C] [VARIOS PRODUTO] [ABO] [BID]","ADS 1 — Cópia",unknown,inactive,7,7,1,,,,1.06006254,2026-01-20,Contínuo,151.4375062,,,,2026-01-01,2026-05-25
"[CAMPANHA AQUISIÇÃO]","[C] [JEJOOM] [CBO]","ADS - LARI 3 24-12",prospecting,inactive,35,35,1,,,,1.06,2025-10-13,Contínuo,30.28571429,,,,2026-01-01,2026-05-25
"Influ Raiza 3 - LM TESTE TRAVA DE CPA","[C] [LM - TESTE] [ABO]","ADS 1",engaged,archived,60,62,1.03333333,,,,1.05,2026-01-30,Contínuo,16.93548387,,,,2026-01-01,2026-05-25
"[PUBLICO ABERTO]","[C] [WHITE] TRAFEGO","laranja-moro_fundo-dani-01-10-2025 — Cópia — Cópia",unknown,not_delivering,179,197,1.10055866,"Visualizações da página de destino",9,0.11666667,1.05,2026-03-26,Contínuo,5.32994924,11,0.09545455,5.58375635,2026-01-01,2026-05-25
"teste publico novo - bid","[C] [LM - TESTE] [ABO]","ADS 3",unknown,not_delivering,12,12,1,,,,1.04004029,2026-02-19,Contínuo,86.67002448,1,1.04004029,8.33333333,2026-01-01,2026-05-25
"[VINAGRE] [RMKT]","[C] [VARIOS PRODUTO] [ABO] [BID]","AD - ALESSANDRA KIT — Cópia",existing,inactive,17,17,1,,,,1.04,2026-01-20,Contínuo,61.17647059,,,,2026-01-01,2026-05-25
"[BOFU] [ADV+ ABERTO] [ESTATICO]","[C] [LM - TESTE] [ABO]","AD - DANI TOFU 1",engaged,not_delivering,125,128,1.024,,,,1.04,2026-02-25,Contínuo,8.125,,,,2026-01-01,2026-05-25
"[PUBLICO ABERTO]","[C] [TONS] [PB DR]","AD7 - BOFU",unknown,not_delivering,4,4,1,,,,1.03002965,2025-12-10,Contínuo,257.50741348,,,,2026-01-01,2026-05-25
"[PUBLICO ENG.] [DR] — Cópia | [Réplica de Conjunto Validado] | Pausado checkout caro","[C] [TONS] [PB ABERTO] [TESTE BID CAP]","tons4_rmkt_20-10-2025 — Cópia",existing,archived,84,96,1.14285714,,,,1.03,2026-03-24,Contínuo,10.72916667,,,,2026-01-01,2026-05-25
"[TESTE PB FECHADO]","[C] [LM - TESTE] [ABO]","AD - EVELYN TOFU",existing,active,18,18,1,,,,1.02,2026-05-22,Contínuo,56.66666667,2,0.51,11.11111111,2026-01-01,2026-05-25
"[RMKT LARANJA MORO-REATIVAÇÃO BASE QUENTE]","[C] [LM - RMKT] [ADV. ABO]","AD - BOFU — Cópia",engaged,inactive,32,34,1.0625,,,,1.02,2025-10-13,Contínuo,30,,,,2026-01-01,2026-05-25
"[PUBLICO ENG.] [DR]","[C] [TONS] [PB DR]","AD - TOFU",unknown,inactive,6,8,1.33333333,,,,1.01000759,2025-06-20,Contínuo,126.2509482,,,,2026-01-01,2026-05-25
"[CAMPANHA AQUISIÇÃO]","[C] [JEJOOM] [CBO]","AD - INGRID 3",prospecting,inactive,18,19,1.05555556,,,,1.01,2025-10-13,Contínuo,53.15789474,,,,2026-01-01,2026-05-25
"[CAMPANHA AQUISIÇÃO]","[C] [JEJOOM] [CBO]","ADS - LARI 6",prospecting,inactive,34,41,1.20588235,,,,1.01,2025-10-13,Contínuo,24.63414634,,,,2026-01-01,2026-05-25
"[EXCLUSÃO BASE] [ADV. +]","[C] [LM - PRINCIPAL][EX. BASE] [ADV. +] [CBO]","AD - RMKT — Cópia",engaged,inactive,162,216,1.33333333,,,,1,2026-03-17,Contínuo,4.62962963,2,0.5,0.92592593,2026-01-01,2026-05-25
"[AQUISIÇÃO]  [ADV. +]","[C] [LM - PRINCIPAL][EX. BASE] [ADV. +] [CBO]","ADS - NUTRI",existing,inactive,22,24,1.09090909,,,,1,2026-01-23,Contínuo,41.66666667,1,1,4.16666667,2026-01-01,2026-05-25
"[CAMPANHA AQUISIÇÃO]","[C] [JEJOOM] [CBO]","AD1 - ORGANICO",unknown,inactive,5,5,1,,,,0.98998757,2025-10-13,Contínuo,197.99751472,,,,2026-01-01,2026-05-25
"[EXCLUSÃO BASE] [ADV. +]","[C] [LM - PRINCIPAL][EX. BASE] [ADV. +] [CBO]","AD - LUCIANA  TOFU",unknown,inactive,39,39,1,,,,0.98929384,2026-03-17,Contínuo,25.36650861,2,0.49464692,5.12820513,2026-01-01,2026-05-25
"Influ Evelyn - Vm 2","[C] [LM - TESTE] [ABO]","ADS 2",engaged,inactive,49,59,1.20408163,,,,0.98,2026-02-02,Contínuo,16.61016949,,,,2026-01-01,2026-05-25
"Arte Organica - Digestino","[C] [LM - TESTE] [ABO]","ADS3- 18-02",prospecting,inactive,10,10,1,,,,0.96,2026-02-20,Contínuo,96,,,,2026-01-01,2026-05-25
"[PUBLICO ABERTO]","[C] [LM - PRINCIPAL] [PLANO B] 1 TESTE","ADS - KAMILI  29/12 — Cópia",unknown,inactive,7,7,1,,,,0.95997596,2025-12-10,Contínuo,137.13942288,,,,2026-01-01,2026-05-25
"[PUBLICO LARISSA]","[C] [JEJOOM] [CBO]","AD1 - ORGANICO — Cópia",engaged,archived,49,50,1.02040816,,,,0.95,2025-10-13,Contínuo,19,,,,2026-01-01,2026-05-25
"[AQUISIÇÃO]  [ADV. +]","[C] [LM - PRINCIPAL][EX. BASE] [ADV. +] [CBO]","ADS - ISA 2",unknown,inactive,30,30,1,,,,0.94000319,2026-01-23,Contínuo,31.33343956,,,,2026-01-01,2026-05-25
"Conj - Vm","[C] [LM - TESTE] [ABO]","AD - NURR 2",unknown,inactive,10,10,1,,,,0.94000292,2026-01-30,Contínuo,94.00029219,,,,2026-01-01,2026-05-25
"Carrossel - Lm","[C] [LM - TESTE] [ABO]","CARROSSEL 2 - 18-02",engaged,not_delivering,26,29,1.11538462,,,,0.94,2026-02-20,Contínuo,32.4137931,,,,2026-01-01,2026-05-25
"TONS TESTE","[C] [TONS] [PB DR]","AD - TOFU 1",prospecting,inactive,16,17,1.0625,,,,0.94,2026-04-06,Contínuo,55.29411765,,,,2026-01-01,2026-05-25
"TESTE RAIZA ATE 21-03","[C] [LM - PRINCIPAL] - [PLANO B] 2 TESTE",AD1,prospecting,archived,84,114,1.35714286,,,,0.93,2026-03-17,Contínuo,8.15789474,,,,2026-01-01,2026-05-25
[RMK],"[C] [JEJOOM] [CBO]","ADS - LARI 6",engaged,inactive,37,45,1.21621622,,,,0.93,2026-04-17,Contínuo,20.66666667,,,,2026-01-01,2026-05-25
"Conj. - Q10","[C] [LM - TESTE] [ABO]","ADS DANI 3",existing,inactive,40,51,1.275,,,,0.93,2026-02-20,Contínuo,18.23529412,2,0.465,3.92156863,2026-01-01,2026-05-25
"TONS TESTE","[C] [TONS] [PB DR]","AD - BOFU — Cópia",prospecting,inactive,37,38,1.02702703,,,,0.93,2026-04-06,Contínuo,24.47368421,1,0.93,2.63157895,2026-01-01,2026-05-25
"[RMKT LARANJA MORO-REATIVAÇÃO BASE QUENTE]","[C] [LM - RMKT] [ADV. ABO]","AD - BOFU — Cópia",prospecting,inactive,45,45,1,,,,0.93,2025-10-13,Contínuo,20.66666667,,,,2026-01-01,2026-05-25
"[MOFU] [TIK TOK] - TESTE ATÉ 20-05","[C] [LM - TESTE] [ABO]","AD - 4",prospecting,not_delivering,85,95,1.11764706,,,,0.92,2026-05-17,Contínuo,9.68421053,1,0.92,1.05263158,2026-01-01,2026-05-25
"[AQUISIÇÃO]  [ADV. +]","[C] [LM - PRINCIPAL][EX. BASE] [ADV. +] [CBO]","ADS - NUTRI",prospecting,inactive,17,18,1.05882353,,,,0.92,2026-01-23,Contínuo,51.11111111,,,,2026-01-01,2026-05-25
"[AQUISIÇÃO]  [ADV. +]","[C] [LM - PRINCIPAL][EX. BASE] [ADV. +] [CBO]","ADS - RACHEL",prospecting,inactive,36,37,1.02777778,,,,0.91,2026-01-23,Contínuo,24.59459459,,,,2026-01-01,2026-05-25
"teste aquisição ate dia 15  - Lm","[C] [LM - TESTE] [ABO]","ADS - RAIZA 3 — Cópia",engaged,inactive,87,97,1.11494253,,,,0.89,2026-02-04,Contínuo,9.17525773,1,0.89,1.03092784,2026-01-01,2026-05-25
EVELIN,"[C] [LM - TESTE] [ABO]","ADS  - EVELYN VM",engaged,inactive,41,45,1.09756098,,,,0.89,2026-05-18,Contínuo,19.77777778,,,,2026-01-01,2026-05-25
"[TESTE PB FECHADO]","[C] [LM - TESTE] [ABO]","AD - EVELYN VM",engaged,inactive,26,27,1.03846154,,,,0.89,2026-05-22,Contínuo,32.96296296,1,0.89,3.7037037,2026-01-01,2026-05-25
adv-engajado-laranja-mouro-sudeste-sul-centro,"[C][LM - COST CAP WINNERS] [ [CBO]","Video 3 Larissa Lemos - 13-10-2025 — Cópia",unknown,not_delivering,12,13,1.08333333,,,,0.88002657,2025-08-27,Contínuo,67.69435145,,,,2026-01-01,2026-05-25
"[PUBLICO ABERTO]","[C] [LM - PRINCIPAL] [PLANO B] 1 TESTE","Rmkt Dani 2 — Cópia",unknown,not_delivering,19,21,1.10526316,,,,0.88000704,2025-12-10,Contínuo,41.90509721,,,,2026-01-01,2026-05-25
"[CAMPANHA AQUISIÇÃO]","[C] [JEJOOM] [CBO]","ADS - LARI 2 24-12",prospecting,inactive,36,42,1.16666667,,,,0.88,2025-10-13,Contínuo,20.95238095,,,,2026-01-01,2026-05-25
"[CAMPANHA AQUISIÇÃO]","[C] [JEJOOM] [CBO]","AD - LARISSA TOFU",unknown,active,18,19,1.05555556,,,,0.86002074,2025-10-13,Contínuo,45.26424972,1,0.86002074,5.26315789,2026-01-01,2026-05-25
"TONS TESTE","[C] [TONS] [PB DR]","AD - MOFU 6",prospecting,inactive,30,32,1.06666667,,,,0.86,2026-04-06,Contínuo,26.875,1,0.86,3.125,2026-01-01,2026-05-25
"LP - 1","[C] [LM - PRINCIPAL][EX. BASE] [ADV. +] [CBO]","ADS -  ANA ELISA 1",prospecting,archived,66,68,1.03030303,,,,0.86,2026-01-19,Contínuo,12.64705882,1,0.86,1.47058824,2026-01-01,2026-05-25
"Influ Larissa Lemos - Lm","[C] [LM - TESTE] [ABO]","Video 1 Larissa Lemos - 13-10-2025",existing,archived,29,32,1.10344828,,,,0.84,2025-10-13,Contínuo,26.25,,,,2026-01-01,2026-05-25
[RMK],"[C] [JEJOOM] [CBO]","ADS - LARI 6",prospecting,inactive,51,65,1.2745098,,,,0.83,2026-04-17,Contínuo,12.76923077,1,0.83,1.53846154,2026-01-01,2026-05-25
"[CAMPANHA AQUISIÇÃO]","[C] [JEJOOM] [CBO]","AD - ORGANICO",unknown,inactive,8,9,1.125,,,,0.82001219,2025-10-13,Contínuo,91.11246504,,,,2026-01-01,2026-05-25
EVELIN,"[C] [LM - TESTE] [ABO]","AD - RMK  EVELYN 19-05 PERFIL DENA",prospecting,active,37,37,1,,,,0.82,2026-05-18,Contínuo,22.16216216,,,,2026-01-01,2026-05-25
Nac,"[C] [VARIOS PRODUTO] [ABO] [BID]","AD - RMK",existing,not_delivering,32,32,1,,,,0.82,2026-05-12,Contínuo,25.625,,,,2026-01-01,2026-05-25
"LP - 1","[C] [LM - PRINCIPAL][EX. BASE] [ADV. +] [CBO]","ADS - LARISSA 2",engaged,archived,25,25,1,,,,0.82,2026-01-19,Contínuo,32.8,1,0.82,4,2026-01-01,2026-05-25
"[AQUISIÇÃO]  [ADV. +]","[C] [LM - PRINCIPAL][EX. BASE] [ADV. +] [CBO]","ADS - ANA ELISA 2",unknown,inactive,12,12,1,,,,0.81999004,2026-01-23,Contínuo,68.33250334,,,,2026-01-01,2026-05-25
"[RMKT LARANJA MORO-REATIVAÇÃO BASE QUENTE]","[C] [LM - RMKT] [ADV. ABO]","AD - RMKT",unknown,inactive,14,14,1,,,,0.81996493,2025-10-13,Contínuo,58.56892347,1,0.81996493,7.14285714,2026-01-01,2026-05-25
"[PUBLICO ABERTO]","[C] [WHITE] TRAFEGO","AD2 - CR verde — Cópia — Cópia",unknown,not_delivering,112,115,1.02678571,,,,0.81,2026-03-26,Contínuo,7.04347826,2,0.405,1.73913043,2026-01-01,2026-05-25
"[BM] [MARCELA/PRI]","[C] [LM - TESTE] [ABO]","AD - PRI TOFU",unknown,not_delivering,14,17,1.21428571,,,,0.80993858,2026-05-07,Contínuo,47.64344591,,,,2026-01-01,2026-05-25
"[PUBLICO ABERTO]","[C] [LM - PRINCIPAL] [PLANO B] 1 TESTE","Video-Rmkt-DaniWinits — Cópia",unknown,inactive,8,8,1,,,,0.77003839,2025-12-10,Contínuo,96.25479862,,,,2026-01-01,2026-05-25
"[DIGESTINO] [RMKT]","[C] [VARIOS PRODUTO] [ABO] [BID]","ADS2- 18-02",engaged,inactive,23,24,1.04347826,,,,0.76,2026-05-10,Contínuo,31.66666667,,,,2026-01-01,2026-05-25
"Carrossel - Lm","[C] [LM - TESTE] [ABO]","ADS1 - 18-02 — Cópia",unknown,inactive,1,1,1,,,,0.7500372,2026-02-20,Contínuo,750.03720146,,,,2026-01-01,2026-05-25
"[PUBLICO ABERTO]","[C] [LM - PRINCIPAL] [PLANO B] 1 TESTE","ADS - SABRINA 2",unknown,inactive,9,9,1,,,,0.75002174,2025-12-10,Contínuo,83.33574842,,,,2026-01-01,2026-05-25
"[RMKT LARANJA MORO-REATIVAÇÃO BASE QUENTE]","[C] [LM - RMKT] [ADV. ABO]","ADS - JESSICA",unknown,inactive,12,13,1.08333333,,,,0.75001892,2025-10-13,Contínuo,57.6937631,,,,2026-01-01,2026-05-25
adv-aqui-rmtk_coezima-q10_engajado-existente_5-existentes_max-conv_26-05-2025,"[C] [COQ.10][PRINCIPAL]","AD1 - 07/01",unknown,not_delivering,3,3,1,,,,0.75000648,2025-01-20,Contínuo,250.00216022,,,,2026-01-01,2026-05-25
"[PUBLICO ABERTO]","[C] [TONS] [PB DR]","ADS - DR 2 — Cópia",unknown,inactive,8,8,1,,,,0.75000617,2025-12-10,Contínuo,93.75077094,,,,2026-01-01,2026-05-25
"[PUBLICO ABERTO]","[C] [WHITE] TRAFEGO","ADS 2 — Cópia — Cópia — Cópia",unknown,not_delivering,163,165,1.01226994,"Visualizações da página de destino",1,0.75,0.75,2026-03-26,Contínuo,4.54545455,1,0.75,0.60606061,2026-01-01,2026-05-25
"TONS TESTE","[C] [TONS] [PB DR]","AD - MOFU 8",prospecting,not_delivering,43,44,1.02325581,,,,0.75,2026-04-06,Contínuo,17.04545455,1,0.75,2.27272727,2026-01-01,2026-05-25
"[AQUISIÇÃO]  [ADV. +]","[C] [LM - PRINCIPAL][EX. BASE] [ADV. +] [CBO]","[0 (0,00) | 7 (806,90) | 0 (0,00)] ADS - LM",unknown,inactive,25,25,1,,,,0.74999588,2026-01-23,Contínuo,29.99983505,,,,2026-01-01,2026-05-25
"Influ Sabrina - Vm [Teste até 13-03]","[C] [LM - TESTE] [ABO]",ADS10,engaged,archived,14,14,1,,,,0.74,2026-02-05,Contínuo,52.85714286,,,,2026-01-01,2026-05-25
"[PUBLICO ABERTO]","[C] [LM - PRINCIPAL] [PLANO B] 1 TESTE","ADS - EVELYN 2",existing,inactive,19,47,2.47368421,,,,0.73,2025-12-10,Contínuo,15.53191489,,,,2026-01-01,2026-05-25
"[BM JADE]","[C] [LM - TESTE] [ABO]","AD - JADE MOFU 3",unknown,inactive,18,19,1.05555556,,,,0.72807532,2026-04-17,Contínuo,38.31975368,1,0.72807532,5.26315789,2026-01-01,2026-05-25
"[VINAGRE] [RMKT]","[C] [VARIOS PRODUTO] [ABO] [BID]","AD9 - CARROSSEL",engaged,inactive,24,27,1.125,,,,0.72793785,2026-01-20,Contínuo,26.96066123,,,,2026-01-01,2026-05-25
"Carrossel - Lm","[C] [LM - TESTE] [ABO]","CARROSSEL 2 - 18-02",prospecting,not_delivering,32,32,1,,,,0.72,2026-02-20,Contínuo,22.5,,,,2026-01-01,2026-05-25
"[PUBLICO ABERTO]","[C] [LM - PRINCIPAL] [PLANO B] 1 TESTE","AD1 - 07/12 — Cópia",unknown,inactive,1,1,1,,,,0.71004298,2025-12-10,Contínuo,710.04298357,,,,2026-01-01,2026-05-25
"TONS TESTE","[C] [TONS] [PB DR]","AD - MOFU 6",engaged,inactive,19,21,1.10526316,,,,0.71,2026-04-06,Contínuo,33.80952381,1,0.71,4.76190476,2026-01-01,2026-05-25
"[CAMPANHA AQUISIÇÃO]","[C] [JEJOOM] [CBO]","ADS - LARISSA",engaged,inactive,32,40,1.25,,,,0.71,2025-10-13,Contínuo,17.75,1,0.71,2.5,2026-01-01,2026-05-25
"[PUBLICO ABERTO]","[C] [WHITE]","laranja-moro_dor_estatico6-18-08-2025 — Cópia",prospecting,not_delivering,20,21,1.05,,,,0.71,2026-03-26,Contínuo,33.80952381,,,,2026-01-01,2026-05-25
"[CAMPANHA AQUISIÇÃO]","[C] [JEJOOM] [CBO]","AD - INGRID 2",engaged,inactive,27,29,1.07407407,,,,0.7,2025-10-13,Contínuo,24.13793103,,,,2026-01-01,2026-05-25
"[BM] [ANA ELISA]","[C] [LM - TESTE] [ABO]","ADS - INFLU ANA ELISA 2",prospecting,inactive,22,24,1.09090909,,,,0.7,2025-10-01,Contínuo,29.16666667,,,,2026-01-01,2026-05-25
"[PUBLICO ABERTO]","[C] [LM - PRINCIPAL] [PLANO B] 1 TESTE","Criativo 1 - Brenda 29/12 — Cópia",unknown,inactive,5,5,1,,,,0.69995997,2025-12-10,Contínuo,139.99199315,,,,2026-01-01,2026-05-25
"Influ Ingrid - Vm","[C] [LM - TESTE] [ABO]",AD2,prospecting,archived,45,45,1,,,,0.69,2026-01-22,Contínuo,15.33333333,1,0.69,2.22222222,2026-01-01,2026-05-25
"[RMKT LARANJA MORO-REATIVAÇÃO BASE QUENTE]","[C] [LM - RMKT] [ADV. ABO]","AD - RMKT DANI — Cópia",prospecting,inactive,13,13,1,,,,0.69,2025-10-13,Contínuo,53.07692308,,,,2026-01-01,2026-05-25
"[PUBLICO ABERTO]","[C] [WHITE] TRAFEGO","AD4 — Cópia — Cópia",unknown,not_delivering,120,123,1.025,"Visualizações da página de destino",7,0.09714286,0.68,2026-03-26,Contínuo,5.52845528,7,0.09714286,5.69105691,2026-01-01,2026-05-25
"[TESTE PB FECHADO]","[C] [LM - TESTE] [ABO]","ADS  - EVELYN VM",engaged,inactive,14,14,1,,,,0.68,2026-05-22,Contínuo,48.57142857,,,,2026-01-01,2026-05-25
"[PUBLICO ABERTO]","[C] [WHITE] TRAFEGO","laranja-moro_dor_estatico5-18-08-2025 — Cópia — Cópia",unknown,not_delivering,199,201,1.01005025,,,,0.68,2026-03-26,Contínuo,3.38308458,,,,2026-01-01,2026-05-25
"[PUBLICO ENG.] [DR]","[C] [TONS] [PB DR]","ADS - DR 2",unknown,inactive,3,3,1,,,,0.67998847,2025-06-20,Contínuo,226.66282249,,,,2026-01-01,2026-05-25
"[PUBLICO ABERTO]","[C] [LM - PRINCIPAL] [PLANO B] 1 TESTE","ADS - ANA ELISA 2",unknown,inactive,10,10,1,,,,0.67003892,2025-12-10,Contínuo,67.00389202,,,,2026-01-01,2026-05-25
"Influ Evelyn - Vm 2","[C] [LM - TESTE] [ABO]","ADS 1",engaged,inactive,17,19,1.11764706,,,,0.67,2026-02-02,Contínuo,35.26315789,,,,2026-01-01,2026-05-25
"Influ Ingrid - Vm","[C] [LM - TESTE] [ABO]",AD3,existing,archived,19,19,1,,,,0.67,2026-01-22,Contínuo,35.26315789,,,,2026-01-01,2026-05-25
"[BM] [MARCELA/PRI]","[C] [LM - TESTE] [ABO]","AD - DRI MOFU",engaged,inactive,28,29,1.03571429,,,,0.67,2026-05-07,Contínuo,23.10344828,1,0.67,3.44827586,2026-01-01,2026-05-25
"[VINAGRE] [RMKT]","[C] [VARIOS PRODUTO] [ABO] [BID]",AD4,engaged,inactive,38,40,1.05263158,,,,0.65,2026-01-20,Contínuo,16.25,,,,2026-01-01,2026-05-25
"LP - 1","[C] [LM - PRINCIPAL][EX. BASE] [ADV. +] [CBO]","Criativo 1 - Brenda 29/12 — Cópia",existing,archived,35,37,1.05714286,,,,0.65,2026-01-19,Contínuo,17.56756757,,,,2026-01-01,2026-05-25
"[PUBLICO ABERTO]","[C] [WHITE]","CRIATIVO 3 RMKT — Cópia",prospecting,not_delivering,28,28,1,,,,0.65,2026-03-26,Contínuo,23.21428571,,,,2026-01-01,2026-05-25
"[PUBLICO ABERTO]","[C] [TONS] [PB DR]","tons_dr-ursinho_video-reels_10-07-2025_esse-foi-produto-que-a-mamae — Cópia",unknown,not_delivering,7,7,1,,,,0.64999778,2025-12-10,Contínuo,92.85682517,1,0.64999778,14.28571429,2026-01-01,2026-05-25
"[CAMPANHA AQUISIÇÃO]","[C] [JEJOOM] [CBO]","AD - MORGANA TOFU",unknown,inactive,7,7,1,,,,0.64999736,2025-10-13,Contínuo,92.85676554,,,,2026-01-01,2026-05-25
Jejoom,"[C] [LM - TESTE] [ABO]","ADS3 - 18-02",engaged,not_delivering,42,47,1.11904762,,,,0.64,2026-02-18,Contínuo,13.61702128,1,0.64,2.12765957,2026-01-01,2026-05-25
Nac,"[C] [VARIOS PRODUTO] [ABO] [BID]","AD - RMK 3",existing,not_delivering,21,21,1,,,,0.64,2026-05-12,Contínuo,30.47619048,1,0.64,4.76190476,2026-01-01,2026-05-25
"Arte Organica - Digestino","[C] [LM - TESTE] [ABO]","ADS3- 18-02",existing,inactive,8,8,1,,,,0.64,2026-02-20,Contínuo,80,,,,2026-01-01,2026-05-25
"[VINAGRE] [RMKT]","[C] [VARIOS PRODUTO] [ABO] [BID]",AD7,unknown,inactive,12,12,1,,,,0.6399881,2026-01-20,Contínuo,53.33234207,2,0.31999405,16.66666667,2026-01-01,2026-05-25
"Conj - Vm","[C] [LM - TESTE] [ABO]","ADS 3",unknown,inactive,7,7,1,,,,0.63998288,2026-01-30,Contínuo,91.42612552,,,,2026-01-01,2026-05-25
"[PUBLICO ABERTO]","[C] [WHITE]","laranja-moro_dor_estatico2-18-08-2025 — Cópia",existing,not_delivering,4,4,1,,,,0.63,2026-03-26,Contínuo,157.5,,,,2026-01-01,2026-05-25
"[TESTE PB FECHADO]","[C] [LM - TESTE] [ABO]","AD - EVELYN TOFU",prospecting,active,47,48,1.0212766,,,,0.63,2026-05-22,Contínuo,13.125,1,0.63,2.08333333,2026-01-01,2026-05-25
[RMK],"[C] [JEJOOM] [CBO]","AD - RMKT",unknown,active,11,11,1,,,,0.6299899,2026-04-17,Contínuo,57.27180932,,,,2026-01-01,2026-05-25
Jejoom,"[C] [LM - TESTE] [ABO]","ADS2 - 18-02",engaged,not_delivering,28,30,1.07142857,,,,0.62,2026-02-20,Contínuo,20.66666667,1,0.62,3.33333333,2026-01-01,2026-05-25
"[PUBLICO ABERTO]","[C] [LM - PRINCIPAL] [PLANO B] 1 TESTE","[2] 29/12 — Cópia",unknown,inactive,2,2,1,,,,0.61997604,2025-12-10,Contínuo,309.98801927,,,,2026-01-01,2026-05-25
"[AQUISIÇÃO]  [ADV. +]","[C] [LM - PRINCIPAL][EX. BASE] [ADV. +] [CBO]","ADS - ORGANICO LM 2",unknown,inactive,5,5,1,,,,0.61000971,2026-01-23,Contínuo,122.00194246,2,0.30500486,40,2026-01-01,2026-05-25
"[CAMPANHA AQUISIÇÃO]","[C] [JEJOOM] [CBO]","ADS - LARISSA",prospecting,inactive,21,22,1.04761905,,,,0.61,2025-10-13,Contínuo,27.72727273,,,,2026-01-01,2026-05-25
"[RMKT LARANJA MORO-REATIVAÇÃO BASE QUENTE]","[C] [LM - RMKT] [ADV. ABO]","AD - BOFU 2",unknown,inactive,5,6,1.2,,,,0.60998629,2025-10-13,Contínuo,101.66438105,,,,2026-01-01,2026-05-25
"Lm Perfil Novo","[C] [LM - TESTE] [ABO]",ADS,unknown,inactive,22,22,1,,,,0.60940667,2025-11-03,Contínuo,27.70030305,6,0.10156778,27.27272727,2026-01-01,2026-05-25
Jejoom,"[C] [LM - TESTE] [ABO]","ADS1 - 18-02",engaged,not_delivering,24,24,1,,,,0.6,2026-02-20,Contínuo,25,,,,2026-01-01,2026-05-25
"Influ Isadora N. - Lm","[C] [LM - TESTE] [ABO]","ADS 2 — Cópia",existing,archived,40,42,1.05,,,,0.59,2026-01-23,Contínuo,14.04761905,,,,2026-01-01,2026-05-25
"[VINAGRE] [RMKT]","[C] [VARIOS PRODUTO] [ABO] [BID]","AD - RMKT",existing,inactive,16,17,1.0625,,,,0.59,2026-01-20,Contínuo,34.70588235,1,0.59,5.88235294,2026-01-01,2026-05-25
"Conj - Vm","[C] [LM - TESTE] [ABO]","ADS 1",unknown,not_delivering,17,17,1,"Compras no site",1,0.58998802,0.58998802,2026-01-30,Contínuo,34.7051776,1,0.58998802,5.88235294,2026-01-01,2026-05-25
"[AQUISIÇÃO]  [ADV. +]","[C] [LM - PRINCIPAL][EX. BASE] [ADV. +] [CBO]","AD - LARI MOFU — Cópia",unknown,inactive,6,6,1,,,,0.58995845,2026-01-23,Contínuo,98.3264078,,,,2026-01-01,2026-05-25
"Influ Ingrid - Lm","[C] [LM - TESTE] [ABO]","ADS 1",unknown,not_delivering,7,8,1.14285714,,,,0.58001934,2026-02-25,Contínuo,72.50241763,,,,2026-01-01,2026-05-25
"Arte Organica - Digestino","[C] [LM - TESTE] [ABO]","ADS3- 18-02",engaged,inactive,4,4,1,,,,0.58,2026-02-20,Contínuo,145,,,,2026-01-01,2026-05-25
"[PUBLICO ABERTO]","[C] [TESTE LP]","ADS - DANI — Cópia",existing,archived,19,19,1,,,,0.58,2026-02-24,Contínuo,30.52631579,,,,2026-01-01,2026-05-25
"Evelyn Regly BM - LM","[C] [LM - TESTE] [ABO]","ADS 3 - NOVO VM",engaged,not_delivering,8,9,1.125,,,,0.58,2026-02-04,Contínuo,64.44444444,,,,2026-01-01,2026-05-25
"[PUBLICO ENG.] [DR]","[C] [TONS] [PB DR]","AD - TOFU",unknown,inactive,5,5,1,,,,0.57997853,2025-06-20,Contínuo,115.99570667,1,0.57997853,20,2026-01-01,2026-05-25
"[RMKT LARANJA MORO-REATIVAÇÃO BASE QUENTE]","[C] [LM - RMKT] [ADV. ABO]","AD - RMKT — Cópia — Cópia",engaged,inactive,21,21,1,,,,0.57,2025-10-13,Contínuo,27.14285714,,,,2026-01-01,2026-05-25
"[PUBLICO ABERTO]","[C] [WHITE]","AD4 — Cópia",existing,not_delivering,2,2,1,,,,0.57,2026-03-26,Contínuo,285,,,,2026-01-01,2026-05-25
"[EXCLUSÃO BASE] [ADV. +]","[C] [LM - PRINCIPAL][EX. BASE] [ADV. +] [CBO]","ADS 4",unknown,inactive,18,20,1.11111111,,,,0.56959048,2026-03-17,Contínuo,28.47952393,2,0.28479524,10,2026-01-01,2026-05-25
"[EXCLUSÃO BASE] [ADV. +]","[C] [LM - PRINCIPAL][EX. BASE] [ADV. +] [CBO]","AD - ISA MOFU",unknown,inactive,1,1,1,,,,0.55997781,2026-03-17,Contínuo,559.97781124,,,,2026-01-01,2026-05-25
"[VINAGRE] [RMKT]","[C] [VARIOS PRODUTO] [ABO] [BID]","AD13 - SABRINA",prospecting,inactive,18,18,1,,,,0.55,2026-01-20,Contínuo,30.55555556,,,,2026-01-01,2026-05-25
"[ADV ABER.]","[C] [LM - PRINCIPAL] - [PLANO B] 2 TESTE","[ADS] - [TOPO] [27-02]",prospecting,inactive,42,43,1.02380952,,,,0.55,2026-02-25,Contínuo,12.79069767,1,0.55,2.3255814,2026-01-01,2026-05-25
adv-aqui-rmkt_laranja-moro_engajado-existente_5-existente_max-conv_26-05-2025,"[C][LM - PRINCIPAL] [ADV. EXCLUSÃO DE CLIENTES]",Criativo-Campeão-7-topo,existing,not_delivering,10,10,1,,,,0.55,2024-09-17,Contínuo,55,,,,2026-01-01,2026-05-25
"[EXCLUSÃO BASE] [ADV. +]","[C] [LM - PRINCIPAL][EX. BASE] [ADV. +] [CBO]","ADS - INFLU ANA ELISA",existing,inactive,6,6,1,,,,0.55,2026-03-17,Contínuo,91.66666667,,,,2026-01-01,2026-05-25
"[RMKT LARANJA MORO-REATIVAÇÃO BASE QUENTE]","[C] [LM - RMKT] [ADV. ABO]","ADS 1 — Cópia",unknown,not_delivering,1,1,1,,,,0.54995932,2025-10-13,Contínuo,549.95932354,,,,2026-01-01,2026-05-25
"[PUBLICO ABERTO]","[C] [LM - PRINCIPAL] [PLANO B] 1 TESTE","CRIATIVO 2 RMKT — Cópia",unknown,inactive,12,12,1,,,,0.54002762,2025-12-10,Contínuo,45.00230128,,,,2026-01-01,2026-05-25
"[CAMPANHA AQUISIÇÃO]","[C] [JEJOOM] [CBO]","ADS - LARI 3 24-12",existing,inactive,22,22,1,,,,0.54,2025-10-13,Contínuo,24.54545455,,,,2026-01-01,2026-05-25
"[AQUISIÇÃO]  [ADV. +]","[C] [LM - PRINCIPAL][EX. BASE] [ADV. +] [CBO]","ADS - TAINA 2",engaged,inactive,27,29,1.07407407,,,,0.53,2026-01-23,Contínuo,18.27586207,,,,2026-01-01,2026-05-25
"LP - 1","[C] [LM - PRINCIPAL][EX. BASE] [ADV. +] [CBO]","ADS - LARISSA 2",existing,archived,25,25,1,,,,0.53,2026-01-19,Contínuo,21.2,,,,2026-01-01,2026-05-25
"LP - ATUAL","[C] [LM - PRINCIPAL][EX. BASE] [ADV. +] [CBO]","[2] 29/12 — Cópia",prospecting,archived,48,48,1,,,,0.53,2026-01-19,Contínuo,11.04166667,,,,2026-01-01,2026-05-25
"Arte Organica - VM","[C] [LM - TESTE] [ABO]","ADS3 - VM",engaged,not_delivering,28,28,1,,,,0.53,2026-02-20,Contínuo,18.92857143,,,,2026-01-01,2026-05-25
"LP - ATUAL","[C] [LM - PRINCIPAL][EX. BASE] [ADV. +] [CBO]","ADS - RAIZA 3",unknown,archived,8,8,1,,,,0.52999386,2026-01-19,Contínuo,66.24923306,,,,2026-01-01,2026-05-25
"Influ Evelyn - Vm","[C] [LM - TESTE] [ABO]","ADS 4",unknown,not_delivering,4,4,1,,,,0.52998467,2026-01-29,Contínuo,132.49616768,,,,2026-01-01,2026-05-25
"Carrossel - Lm","[C] [LM - TESTE] [ABO]","ADS3- Q10 — Cópia",existing,inactive,24,25,1.04166667,,,,0.52,2026-02-20,Contínuo,20.8,,,,2026-01-01,2026-05-25
"[AQUISIÇÃO]  [ADV. +]","[C] [LM - PRINCIPAL][EX. BASE] [ADV. +] [CBO]","ADS - TAINA 2",existing,inactive,33,35,1.06060606,,,,0.52,2026-01-23,Contínuo,14.85714286,,,,2026-01-01,2026-05-25
"[PUBLICO ABERTO]","[C] [LM - PRINCIPAL] [PLANO B] 1 TESTE","ADS - DANI",existing,not_delivering,37,63,1.7027027,,,,0.51001958,2025-12-10,Contínuo,8.09554882,1,0.51001958,1.58730159,2026-01-01,2026-05-25
"Varias Influs - VM","[C] [LM - TESTE] [ABO]","ADS 3",engaged,inactive,18,18,1,,,,0.51,2026-02-19,Contínuo,28.33333333,,,,2026-01-01,2026-05-25
"Influ Nutri- Lm","[C] [LM - TESTE] [ABO]","ADS 1",unknown,not_delivering,8,9,1.125,,,,0.50003381,2026-02-24,Contínuo,55.55931258,,,,2026-01-01,2026-05-25
"Evelyn Regly BM - LM","[C] [LM - TESTE] [ABO]","ADS 4 - NOVO VM",unknown,not_delivering,11,11,1,,,,0.4999293,2026-02-04,Contínuo,45.44811778,2,0.24996465,18.18181818,2026-01-01,2026-05-25
"[VINAGRE] [RMKT]","[C] [VARIOS PRODUTO] [ABO] [BID]","AD11 - EVELYN",unknown,inactive,2,2,1,,,,0.49,2026-01-20,Contínuo,245,1,0.49,50,2026-01-01,2026-05-25
"[EXCLUSÃO BASE] [ADV. +]","[C] [LM - PRINCIPAL][EX. BASE] [ADV. +] [CBO]","ADS - INFLU ANA ELISA 3",prospecting,inactive,8,8,1,,,,0.49,2026-03-17,Contínuo,61.25,,,,2026-01-01,2026-05-25
"[RMKT LARANJA MORO-REATIVAÇÃO BASE QUENTE]","[C] [LM - RMKT] [ADV. ABO]","AD - RMKT DANI — Cópia",existing,inactive,12,12,1,,,,0.49,2025-10-13,Contínuo,40.83333333,,,,2026-01-01,2026-05-25
"[TESTE PB FECHADO]","[C] [LM - TESTE] [ABO]","AD 1 DAI — Cópia",engaged,inactive,8,8,1,,,,0.49,2026-05-22,Contínuo,61.25,,,,2026-01-01,2026-05-25
"[CAMPANHA AQUISIÇÃO]","[C] [JEJOOM] [CBO]","ARTE 2 MES CLIENTE",prospecting,inactive,20,20,1,,,,0.49,2025-10-13,Contínuo,24.5,,,,2026-01-01,2026-05-25
"[PUBLICO ABERTO] — Cópia","[C] [LM - PRINCIPAL] [PLANO B] 1 TESTE","ADS -  ANA ELISA 1",unknown,archived,2,2,1,,,,0.49,2026-01-08,Contínuo,245,,,,2026-01-01,2026-05-25
"Influ Isadora N. - Lm","[C] [LM - TESTE] [ABO]","ADS 2",unknown,archived,6,6,1,,,,0.48999127,2026-01-23,Contínuo,81.66521169,,,,2026-01-01,2026-05-25
"TONS TESTE","[C] [TONS] [PB DR]","AD - TOFU 5",prospecting,inactive,16,17,1.0625,,,,0.48,2026-04-06,Contínuo,28.23529412,1,0.48,5.88235294,2026-01-01,2026-05-25
"[BM] [ANA ELISA]","[C] [LM - TESTE] [ABO]","ADS - INFLU ANA ELISA 2",existing,inactive,31,37,1.19354839,,,,0.48,2025-10-01,Contínuo,12.97297297,,,,2026-01-01,2026-05-25
"[RMKT LARANJA MORO-REATIVAÇÃO BASE QUENTE]","[C] [LM - RMKT] [ADV. ABO]","AD - RMKT DANI 2",unknown,inactive,7,8,1.14285714,,,,0.48,2025-10-13,Contínuo,60,,,,2026-01-01,2026-05-25
"Carrossel - Lm","[C] [LM - TESTE] [ABO]","ADS1 - 04-03",engaged,inactive,14,21,1.5,,,,0.48,2026-02-20,Contínuo,22.85714286,1,0.48,4.76190476,2026-01-01,2026-05-25
"Influ Larissa Lemos - Lm","[C] [LM - TESTE] [ABO]","29/12 — Cópia",existing,archived,22,26,1.18181818,,,,0.47,2025-10-13,Contínuo,18.07692308,,,,2026-01-01,2026-05-25
"Influ Mi Ruback - Vm","[C] [LM - TESTE] [ABO]",AD2,engaged,archived,26,27,1.03846154,,,,0.47,2026-01-22,Contínuo,17.40740741,1,0.47,3.7037037,2026-01-01,2026-05-25
"[PUBLICO ABERTO]","[C] [WHITE]","laranja-moro_dor_estatico6-18-08-2025 — Cópia",existing,not_delivering,11,11,1,,,,0.47,2026-03-26,Contínuo,42.72727273,,,,2026-01-01,2026-05-25
adv-aqui-rmkt_laranja-moro_engajado-existente_5-existente_max-conv_26-05-2025,"[C][LM - PRINCIPAL] [ADV. EXCLUSÃO DE CLIENTES]","AD1 TOFU.- HC",prospecting,not_delivering,7,7,1,,,,0.47,2024-09-17,Contínuo,67.14285714,,,,2026-01-01,2026-05-25
"[CAMPANHA AQUISIÇÃO]","[C] [JEJOOM] [CBO]","AD - RMKT",unknown,inactive,8,8,1,,,,0.46999353,2025-10-13,Contínuo,58.74919152,,,,2026-01-01,2026-05-25
"[DIGESTINO] [RMKT]","[C] [VARIOS PRODUTO] [ABO] [BID]","[Criativo 2 Digestino] — Cópia",unknown,not_delivering,8,8,1,,,,0.46998236,2026-05-10,Contínuo,58.74779497,1,0.46998236,12.5,2026-01-01,2026-05-25
"[VINAGRE] [RMKT]","[C] [VARIOS PRODUTO] [ABO] [BID]","AD12 - PAULA",unknown,inactive,5,5,1,,,,0.46997839,2026-01-20,Contínuo,93.99567876,,,,2026-01-01,2026-05-25
"[RMKT LARANJA MORO-REATIVAÇÃO BASE QUENTE]","[C] [LM - RMKT] [ADV. ABO]","ADS - RMKT",unknown,not_delivering,9,9,1,"Compras no site",1,0.46972898,0.46972898,2025-10-13,Contínuo,52.19210871,,,,2026-01-01,2026-05-25
"LP - 1","[C] [LM - PRINCIPAL][EX. BASE] [ADV. +] [CBO]","ADS -  ANA ELISA 1",engaged,archived,10,10,1,,,,0.46,2026-01-19,Contínuo,46,,,,2026-01-01,2026-05-25
"Arte - Organica Tons ###","[C] [LM - TESTE] [ABO]",AD4,unknown,not_delivering,8,9,1.125,,,,0.45999926,2026-01-26,Contínuo,51.11102922,,,,2026-01-01,2026-05-25
"[RMKT LARANJA MORO-REATIVAÇÃO BASE QUENTE]","[C] [LM - RMKT] [ADV. ABO]","AD - BOFU",uncategorized,active,0,29,0,,,,0.45988966,2025-10-13,Contínuo,15.85826397,,,,2026-01-01,2026-05-25
"TONS TESTE","[C] [TONS] [PB DR]","AD - MOFU 7",prospecting,inactive,11,11,1,,,,0.45,2026-04-06,Contínuo,40.90909091,,,,2026-01-01,2026-05-25
"[PUBLICO ABERTO]","[C] [TESTE LP]","ADS - DANI — Cópia",engaged,archived,47,48,1.0212766,,,,0.45,2026-02-24,Contínuo,9.375,,,,2026-01-01,2026-05-25
"LP - 1","[C] [LM - PRINCIPAL][EX. BASE] [ADV. +] [CBO]","Criativo 1 - Brenda 29/12 — Cópia",engaged,archived,36,36,1,,,,0.45,2026-01-19,Contínuo,12.5,1,0.45,2.77777778,2026-01-01,2026-05-25
"[VINAGRE] [RMKT]","[C] [VARIOS PRODUTO] [ABO] [BID]","AD2 — Cópia",engaged,inactive,18,21,1.16666667,,,,0.45,2026-01-20,Contínuo,21.42857143,,,,2026-01-01,2026-05-25
"[PUBLICO ABERTO]","[C] [TONS] [PB DR]","AD2 - MOFU",unknown,not_delivering,7,7,1,,,,0.44000692,2025-12-10,Contínuo,62.85813094,,,,2026-01-01,2026-05-25
"[TESTE PB FECHADO]","[C] [LM - TESTE] [ABO]","AD 1 DAI — Cópia",existing,inactive,14,15,1.07142857,,,,0.44,2026-05-22,Contínuo,29.33333333,,,,2026-01-01,2026-05-25
"Influ Evelyn BM - Vm","[C] [LM - TESTE] [ABO]","ADS 1",prospecting,archived,32,32,1,,,,0.44,2026-02-04,Contínuo,13.75,1,0.44,3.125,2026-01-01,2026-05-25
"[TOFU] [TIK TOK] [EXCLUSAÕ BASE] [BID 60] - TESTE ATÉ 20-05","[C] [LM - TESTE] [ABO]","AD - ALESSANDRA",unknown,not_delivering,26,27,1.03846154,,,,0.43739367,2026-03-12,Contínuo,16.19976559,,,,2026-01-01,2026-05-25
"[PUBLICO ABERTO]","[C] [LM - PRINCIPAL] [PLANO B] 1 TESTE","ADS -  ANA ELISA 1",unknown,inactive,4,4,1,,,,0.43002459,2025-12-10,Contínuo,107.50614852,,,,2026-01-01,2026-05-25
"LP - TOPO LM","[C] [LM - PRINCIPAL][EX. BASE] [ADV. +] [CBO]","Rmkt Dani 2 — Cópia",existing,archived,11,14,1.27272727,,,,0.43,2026-02-06,Contínuo,30.71428571,,,,2026-01-01,2026-05-25
"LP - 2","[C] [LM - PRINCIPAL][EX. BASE] [ADV. +] [CBO]","ADS - SABRINA 2",existing,archived,12,12,1,,,,0.43,2026-01-19,Contínuo,35.83333333,,,,2026-01-01,2026-05-25
"[AQUISIÇÃO]  [ADV. +]","[C] [LM - PRINCIPAL][EX. BASE] [ADV. +] [CBO]","AD - EVELYN TOFU",unknown,inactive,13,13,1,,,,0.42999398,2026-01-23,Contínuo,33.07646012,,,,2026-01-01,2026-05-25
"[PUBLICO ABERTO]","[C] [WHITE]","AD5 - FUNDO — Cópia",existing,not_delivering,15,15,1,,,,0.42,2026-03-26,Contínuo,28,,,,2026-01-01,2026-05-25
"Conj. - Q10","[C] [LM - TESTE] [ABO]","ADS DANI 2",engaged,not_delivering,12,13,1.08333333,,,,0.42,2026-02-20,Contínuo,32.30769231,,,,2026-01-01,2026-05-25
"Conj - Vm","[C] [LM - TESTE] [ABO]","AD - NURR",unknown,inactive,4,4,1,,,,0.41,2026-01-30,Contínuo,102.5,,,,2026-01-01,2026-05-25
"LP - ATUAL","[C] [LM - PRINCIPAL][EX. BASE] [ADV. +] [CBO]","ADS -  ANA ELISA 1",existing,archived,22,22,1,,,,0.41,2026-01-19,Contínuo,18.63636364,,,,2026-01-01,2026-05-25
"[CAMPANHA AQUISIÇÃO]","[C] [JEJOOM] [CBO]","ADS - LARI 6",engaged,inactive,15,15,1,,,,0.41,2025-10-13,Contínuo,27.33333333,,,,2026-01-01,2026-05-25
"[MOFU] [TIK TOK] - TESTE ATÉ 20-05","[C] [LM - TESTE] [ABO]","AD -1",unknown,not_delivering,7,7,1,,,,0.40999745,2026-05-17,Contínuo,58.57106474,,,,2026-01-01,2026-05-25
"teste aquisição ate dia 15  - Lm","[C] [LM - TESTE] [ABO]","AD -  ANA ELISA TOFU",unknown,not_delivering,8,8,1,,,,0.40998374,2026-02-04,Contínuo,51.2479681,,,,2026-01-01,2026-05-25
"[EXCLUSÃO BASE] [ADV. +]","[C] [LM - PRINCIPAL][EX. BASE] [ADV. +] [CBO]","AD - LUCIANA MOFU 2",unknown,inactive,15,15,1,,,,0.4097725,2026-03-17,Contínuo,27.31816663,,,,2026-01-01,2026-05-25
"[VINAGRE] [RMKT]","[C] [VARIOS PRODUTO] [ABO] [BID]","AD - TOFU — Cópia",unknown,active,6,6,1,,,,0.40007665,2026-01-20,Contínuo,66.67944137,,,,2026-01-01,2026-05-25
rmkt_tons_estáticos_visitantes-engajado-compradores_max-conv_cpa35_02-09-2025_7,"[C] [TONS] [PB DR]","AD1 - VERAO",unknown,not_delivering,4,4,1,,,,0.40004076,2025-09-02,Contínuo,100.01018994,,,,2026-01-01,2026-05-25
"TONS TESTE","[C] [TONS] [PB DR]","AD - BOFU 5",unknown,not_delivering,7,7,1,,,,0.40001335,2026-04-06,Contínuo,57.14476488,,,,2026-01-01,2026-05-25
"[CAMPANHA AQUISIÇÃO]","[C] [JEJOOM] [CBO]","ARTE 2",engaged,inactive,11,12,1.09090909,,,,0.4,2025-10-13,Contínuo,33.33333333,,,,2026-01-01,2026-05-25
"[AQUISIÇÃO]  [ADV. +]","[C] [LM - PRINCIPAL][EX. BASE] [ADV. +] [CBO]","AD - FERNANDA TOFU",engaged,inactive,20,20,1,,,,0.4,2026-01-23,Contínuo,20,,,,2026-01-01,2026-05-25
"[ADV ABER.]","[C] [LM - PRINCIPAL] - [PLANO B] 2 TESTE","[ADS] - [TOPO] [27-02]",existing,inactive,41,41,1,,,,0.4,2026-02-25,Contínuo,9.75609756,,,,2026-01-01,2026-05-25
"teste publico novo - bid","[C] [LM - TESTE] [ABO]","ADS 4",unknown,not_delivering,7,8,1.14285714,,,,0.3999973,2026-02-19,Contínuo,49.99966195,,,,2026-01-01,2026-05-25
"teste aquisição ate dia 15  - Lm","[C] [LM - TESTE] [ABO]","ADS 4 — Cópia",unknown,not_delivering,17,17,1,,,,0.39998545,2026-02-04,Contínuo,23.52855601,,,,2026-01-01,2026-05-25
"[AQUISIÇÃO]  [ADV. +]","[C] [LM - PRINCIPAL][EX. BASE] [ADV. +] [CBO]","ADS - JESSICA 2",unknown,inactive,4,4,1,,,,0.39997787,2026-01-23,Contínuo,99.99446726,,,,2026-01-01,2026-05-25
"Influ Isadora N. - Lm","[C] [LM - TESTE] [ABO]","ADS 2 — Cópia",engaged,archived,22,23,1.04545455,,,,0.39,2026-01-23,Contínuo,16.95652174,,,,2026-01-01,2026-05-25
"TONS TESTE","[C] [TONS] [PB DR]","AD - MOFU 6",existing,inactive,10,10,1,,,,0.39,2026-04-06,Contínuo,39,,,,2026-01-01,2026-05-25
[EVELIN],"[C] [LM - PRINCIPAL][EX. BASE] [ADV. +] [CBO]","AD- MOFU",unknown,inactive,4,4,1,,,,0.38996788,2026-03-31,Contínuo,97.49196944,,,,2026-01-01,2026-05-25
"[TESTE PB FECHADO]","[C] [LM - TESTE] [ABO]","AD - EVELYN VM",existing,inactive,18,18,1,,,,0.38,2026-05-22,Contínuo,21.11111111,,,,2026-01-01,2026-05-25
"LP - ATUAL","[C] [LM - PRINCIPAL][EX. BASE] [ADV. +] [CBO]","ADS - LARISSA 2",engaged,archived,22,22,1,,,,0.38,2026-01-19,Contínuo,17.27272727,,,,2026-01-01,2026-05-25
"[PUBLICO ABERTO]","[C] [LM - PRINCIPAL] [PLANO B] 1 TESTE","ADS - EVELYN",unknown,inactive,4,4,1,,,,0.38,2025-12-10,Contínuo,95,,,,2026-01-01,2026-05-25
"[DIGESTINO] [RMKT]","[C] [VARIOS PRODUTO] [ABO] [BID]","ADS2- 18-02",prospecting,inactive,29,33,1.13793103,,,,0.38,2026-05-10,Contínuo,11.51515152,,,,2026-01-01,2026-05-25
"LP - 1","[C] [LM - PRINCIPAL][EX. BASE] [ADV. +] [CBO]","ADS - SABRINA 2",prospecting,archived,23,23,1,,,,0.38,2026-01-19,Contínuo,16.52173913,,,,2026-01-01,2026-05-25
"[ADV ABER.]","[C] [LM - PRINCIPAL] - [PLANO B] 2 TESTE","AD - LUCIANA TOFU — Cópia — Cópia",unknown,not_delivering,15,15,1,,,,0.37999822,2026-02-25,Contínuo,25.33321475,,,,2026-01-01,2026-05-25
"[PUBLICO ENG.] [DR]","[C] [TONS] [PB DR]","tons_dr-ursinho-bruna2-06-11-2025 — Cópia",unknown,inactive,4,5,1.25,,,,0.3799928,2025-06-20,Contínuo,75.99855992,,,,2026-01-01,2026-05-25
"[PUBLICO ABERTO]","[C] [LM - PRINCIPAL] [PLANO B] 1 TESTE","ADS - LARISSA 2",unknown,inactive,6,6,1,,,,0.37998424,2025-12-10,Contínuo,63.33070592,,,,2026-01-01,2026-05-25
"[CAMPANHA AQUISIÇÃO]","[C] [JEJOOM] [CBO]","ARTE DANI 2",engaged,inactive,14,16,1.14285714,,,,0.37,2025-10-13,Contínuo,23.125,,,,2026-01-01,2026-05-25
"[CAMPANHA AQUISIÇÃO]","[C] [JEJOOM] [CBO]","ARTE 2",existing,inactive,19,22,1.15789474,,,,0.37,2025-10-13,Contínuo,16.81818182,,,,2026-01-01,2026-05-25
"Arte Organica - VM","[C] [LM - TESTE] [ABO]","ADS3 - VM",prospecting,not_delivering,19,19,1,,,,0.37,2026-02-20,Contínuo,19.47368421,,,,2026-01-01,2026-05-25
"Influ Ingrid - Vm","[C] [LM - TESTE] [ABO]",AD2,engaged,archived,15,15,1,,,,0.37,2026-01-22,Contínuo,24.66666667,,,,2026-01-01,2026-05-25
"[VINAGRE] [RMKT]","[C] [VARIOS PRODUTO] [ABO] [BID]","AD11 - EVELYN",unknown,inactive,10,11,1.1,,,,0.36996178,2026-01-20,Contínuo,33.63288952,,,,2026-01-01,2026-05-25
"[PUBLICO ENG.] [DR]","[C] [TONS] [PB DR]","AD - BOFU — Cópia",uncategorized,active,0,12,0,,,,0.3699138,2025-06-20,Contínuo,30.82615012,,,,2026-01-01,2026-05-25
"[CAMPANHA AQUISIÇÃO]","[C] [JEJOOM] [CBO]","AD - MORGANA TOFU",unknown,active,5,5,1,,,,0.36000225,2025-10-13,Contínuo,72.00044917,1,0.36000225,20,2026-01-01,2026-05-25
"[AQUISIÇÃO]  [ADV. +]","[C] [LM - PRINCIPAL][EX. BASE] [ADV. +] [CBO]","ADS - NUTRI",engaged,inactive,11,12,1.09090909,,,,0.36,2026-01-23,Contínuo,30,1,0.36,8.33333333,2026-01-01,2026-05-25
"[AQUISIÇÃO]  [ADV. +]","[C] [LM - PRINCIPAL][EX. BASE] [ADV. +] [CBO]","AD - FERNANDA TOFU",existing,inactive,21,22,1.04761905,,,,0.36,2026-01-23,Contínuo,16.36363636,1,0.36,4.54545455,2026-01-01,2026-05-25
"[Publico Quente] [TESTE]","[C] [DIGESTINO] [PRINCIPAL]","ADS - LIS",unknown,not_delivering,2,2,1,,,,0.36,2025-12-24,Contínuo,180,,,,2026-01-01,2026-05-25
"[CAMPANHA AQUISIÇÃO]","[C] [JEJOOM] [CBO]","AD - SABRINA",unknown,inactive,1,1,1,,,,0.36,2025-10-13,Contínuo,360,,,,2026-01-01,2026-05-25
"[PUBLICO ABERTO]","[C] [WHITE]","AD2 — Cópia",existing,not_delivering,17,18,1.05882353,,,,0.36,2026-03-26,Contínuo,20,,,,2026-01-01,2026-05-25
"[Publico Quente] [TESTE]","[C] [DIGESTINO] [PRINCIPAL]","Lis 3",unknown,not_delivering,3,3,1,,,,0.35996019,2025-12-24,Contínuo,119.98672914,,,,2026-01-01,2026-05-25
"[RMKT LARANJA MORO-REATIVAÇÃO BASE QUENTE]","[C] [LM - RMKT] [ADV. ABO]","AD - MOFU ANA ELISA — Cópia",unknown,active,4,4,1,,,,0.35103962,2025-10-13,Contínuo,87.75990516,,,,2026-01-01,2026-05-25
"TONS TESTE","[C] [TONS] [PB DR]","AD - BOFU — Cópia",existing,inactive,14,14,1,,,,0.35,2026-04-06,Contínuo,25,,,,2026-01-01,2026-05-25
"Evelyn Regly BM - LM","[C] [LM - TESTE] [ABO]","ADS 3 - NOVO VM",existing,not_delivering,12,14,1.16666667,,,,0.35,2026-02-04,Contínuo,25,1,0.35,7.14285714,2026-01-01,2026-05-25
"[PUBLICO ABERTO]","[C] [WHITE]","CRIATIVO 3 RMKT — Cópia",existing,not_delivering,13,13,1,,,,0.35,2026-03-26,Contínuo,26.92307692,1,0.35,7.69230769,2026-01-01,2026-05-25
"Carrossel - Lm","[C] [LM - TESTE] [ABO]","ADS1 - 04-03",prospecting,inactive,21,25,1.19047619,,,,0.35,2026-02-20,Contínuo,14,1,0.35,4,2026-01-01,2026-05-25
"Carrossel - Lm","[C] [LM - TESTE] [ABO]","ADS3- Q10 — Cópia",prospecting,inactive,13,13,1,,,,0.35,2026-02-20,Contínuo,26.92307692,,,,2026-01-01,2026-05-25
"Influ Leka - LM TESTE TRAVA DE CPA","[C] [LM - TESTE] [ABO]","ADS 2",existing,archived,6,7,1.16666667,,,,0.35,2026-01-14,Contínuo,50,,,,2026-01-01,2026-05-25
"[VINAGRE] [RMKT]","[C] [VARIOS PRODUTO] [ABO] [BID]","AD10 - INGRID",unknown,inactive,1,1,1,,,,0.34983424,2026-01-20,Contínuo,349.83423875,,,,2026-01-01,2026-05-25
"[PUBLICO ABERTO]","[C] [WHITE]","AD2 — Cópia",prospecting,not_delivering,23,24,1.04347826,,,,0.34,2026-03-26,Contínuo,14.16666667,,,,2026-01-01,2026-05-25
"[CAMPANHA AQUISIÇÃO]","[C] [JEJOOM] [CBO]","AD - INGRID 2",prospecting,inactive,18,20,1.11111111,,,,0.34,2025-10-13,Contínuo,17,,,,2026-01-01,2026-05-25
"TONS TESTE","[C] [TONS] [PB DR]","AD - MOFU 5",engaged,inactive,9,9,1,,,,0.34,2026-04-06,Contínuo,37.77777778,1,0.34,11.11111111,2026-01-01,2026-05-25
"[EXCLUSÃO BASE] [ADV. +]","[C] [LM - PRINCIPAL][EX. BASE] [ADV. +] [CBO]","ADS - INFLU ANA ELISA 2",prospecting,inactive,6,6,1,,,,0.34,2026-03-17,Contínuo,56.66666667,,,,2026-01-01,2026-05-25
"[PUBLICO LARISSA]","[C] [JEJOOM] [CBO]","ADS - LARISSA 1 24-12",unknown,archived,6,6,1,,,,0.330003,2025-10-13,Contínuo,55.00050028,1,0.330003,16.66666667,2026-01-01,2026-05-25
"[PUBLICO ABERTO]","[C] [WHITE]","ADS - DANI 3 — Cópia",prospecting,inactive,7,7,1,,,,0.33,2026-03-26,Contínuo,47.14285714,,,,2026-01-01,2026-05-25
"[AQUISIÇÃO]  [ADV. +]","[C] [LM - PRINCIPAL][EX. BASE] [ADV. +] [CBO]","AD - TOFU",engaged,inactive,12,12,1,,,,0.33,2026-01-23,Contínuo,27.5,,,,2026-01-01,2026-05-25
"[PUBLICO ABERTO]","[C] [WHITE]","AD1 - IU DIN — Cópia",existing,not_delivering,8,10,1.25,,,,0.33,2026-03-26,Contínuo,33,,,,2026-01-01,2026-05-25
EVELIN,"[C] [LM - TESTE] [ABO]","AD - RMK  EVELYN 19-05 PERFIL DENA",engaged,active,21,21,1,,,,0.33,2026-05-18,Contínuo,15.71428571,,,,2026-01-01,2026-05-25
"[PUBLICO ENG.] [DR]","[C] [TONS] [PB ABERTO] [TESTE BID CAP]","ADS - MEIO 13-02-2026 | Pausado ROAS baixo",unknown,archived,1,1,1,,,,0.33,2026-03-16,Contínuo,330,,,,2026-01-01,2026-05-25
"LP - ATUAL","[C] [LM - PRINCIPAL][EX. BASE] [ADV. +] [CBO]","ADS -  ANA ELISA 1",engaged,archived,16,16,1,,,,0.33,2026-01-19,Contínuo,20.625,,,,2026-01-01,2026-05-25
"[ADV ABER.]","[C] [LM - PRINCIPAL] - [PLANO B] 2 TESTE","ADS 2 — Cópia",unknown,inactive,13,18,1.38461538,,,,0.32000832,2026-02-25,Contínuo,17.77824004,,,,2026-01-01,2026-05-25
"TONS TESTE","[C] [TONS] [PB DR]","AD - TOFU 5",engaged,inactive,12,17,1.41666667,,,,0.32,2026-04-06,Contínuo,18.82352941,,,,2026-01-01,2026-05-25
"[TESTE PB FECHADO]","[C] [LM - TESTE] [ABO]","AD - EVELYN TOFU",engaged,active,14,15,1.07142857,,,,0.32,2026-05-22,Contínuo,21.33333333,,,,2026-01-01,2026-05-25
Jejoom,"[C] [LM - TESTE] [ABO]","ADS3 - 18-02",engaged,not_delivering,13,13,1,,,,0.32,2026-02-20,Contínuo,24.61538462,,,,2026-01-01,2026-05-25
"[PUBLICO ABERTO]","[C] [WHITE]","ADS - DANI 3 — Cópia",engaged,not_delivering,4,4,1,,,,0.32,2026-03-26,Contínuo,80,,,,2026-01-01,2026-05-25
adv-engajado-laranja-mouro-sudeste-sul-centro,"[C][LM - COST CAP WINNERS] [ [CBO]","Estático 4 - Laranja Mouro",unknown,not_delivering,2,2,1,,,,0.31001808,2025-08-27,Contínuo,155.00903752,,,,2026-01-01,2026-05-25
"[RMKT LARANJA MORO-REATIVAÇÃO BASE QUENTE]","[C] [LM - RMKT] [ADV. ABO]","AD - JESSICA TOFU",unknown,inactive,7,7,1,,,,0.31,2025-10-13,Contínuo,44.28571429,,,,2026-01-01,2026-05-25
"[CAMPANHA AQUISIÇÃO]","[C] [JEJOOM] [CBO]","ARTE 2 MES CLIENTE",engaged,inactive,11,11,1,,,,0.31,2025-10-13,Contínuo,28.18181818,,,,2026-01-01,2026-05-25
"[TESTE PB FECHADO]","[C] [LM - TESTE] [ABO]","AD 1 DAI — Cópia",prospecting,inactive,83,84,1.01204819,,,,0.31,2026-05-22,Contínuo,3.69047619,,,,2026-01-01,2026-05-25
"[PUBLICO ENG.] [DR]","[C] [TONS] [PB DR]","tons1_rmkt_20-10-2025 — Cópia",unknown,inactive,2,2,1,,,,0.30999745,2025-06-20,Contínuo,154.99872748,,,,2026-01-01,2026-05-25
"[BM] [ANA ELISA]","[C] [LM - TESTE] [ABO]","AD - ANA MOFU",unknown,inactive,9,9,1,,,,0.30999376,2025-10-01,Contínuo,34.44375142,,,,2026-01-01,2026-05-25
"[PUBLICO ENG.] [DR]","[C] [TONS] [PB DR]","AD - SHOOTING TOFU",unknown,inactive,3,3,1,,,,0.30991072,2025-06-20,Contínuo,103.30357189,,,,2026-01-01,2026-05-25
"[HIBRIDO] [ESTATICO ORG.] [BID 60]","[C] [LM - TESTE] [ABO]","AD - BOFU 1 — Cópia",unknown,active,46,47,1.02173913,,,,0.30056074,2026-03-20,Contínuo,6.39490938,,,,2026-01-01,2026-05-25
"[PUBLICO ENG.] [DR]","[C] [TONS] - TESTE MAX. VALOR ATÉ 11-03","ADS 1 - 18-02",unknown,not_delivering,15,15,1,,,,0.30001636,2026-03-04,Contínuo,20.0010907,,,,2026-01-01,2026-05-25
"[AQUISIÇÃO]  [ADV. +]","[C] [LM - PRINCIPAL][EX. BASE] [ADV. +] [CBO]","AD - MOFU",unknown,active,10,10,1,,,,0.30000123,2026-01-23,Contínuo,30.00012331,,,,2026-01-01,2026-05-25
"Lm Perfil Novo","[C] [LM - TESTE] [ABO]","Criativo 1 - Brenda 29/12",unknown,not_delivering,28,28,1,,,,0.30000088,2025-11-03,Contínuo,10.71431729,,,,2026-01-01,2026-05-25
"Influ Vitoria - Lm","[C] [LM - TESTE] [ABO]",AD3,unknown,inactive,1,1,1,,,,0.3,2026-03-12,Contínuo,300,,,,2026-01-01,2026-05-25
"[CAMPANHA AQUISIÇÃO]","[C] [JEJOOM] [CBO]","AD - LARI 3",existing,inactive,16,16,1,,,,0.3,2025-10-13,Contínuo,18.75,1,0.3,6.25,2026-01-01,2026-05-25
"[TOFU] [TIK]","[C] [LM - TESTE] [ABO]","AD - 4 — Cópia",uncategorized,active,39,39,1,,,,0.29110342,2026-05-23,Contínuo,7.46419037,,,,2026-01-01,2026-05-25
"[RMKT LARANJA MORO-REATIVAÇÃO BASE QUENTE]","[C] [LM - RMKT] [ADV. ABO]","AD - BOFU — Cópia — Cópia",unknown,active,9,9,1,,,,0.29016579,2025-10-13,Contínuo,32.2406433,,,,2026-01-01,2026-05-25
"[CAMPANHA AQUISIÇÃO]","[C] [JEJOOM] [CBO]","AD - LARI 3",engaged,inactive,24,27,1.125,,,,0.29,2025-10-13,Contínuo,10.74074074,1,0.29,3.7037037,2026-01-01,2026-05-25
"LP - ATUAL","[C] [LM - PRINCIPAL][EX. BASE] [ADV. +] [CBO]","ADS - LARISSA 2",existing,archived,17,17,1,,,,0.29,2026-01-19,Contínuo,17.05882353,,,,2026-01-01,2026-05-25
"Carrossel - Lm","[C] [LM - TESTE] [ABO]","ADS1 - TIPO 2 04-03",prospecting,inactive,11,13,1.18181818,,,,0.29,2026-02-20,Contínuo,22.30769231,,,,2026-01-01,2026-05-25
"TONS TESTE","[C] [TONS] [PB DR]","AD - MOFU 8",existing,not_delivering,8,9,1.125,,,,0.29,2026-04-06,Contínuo,32.22222222,,,,2026-01-01,2026-05-25
EVELIN,"[C] [LM - TESTE] [ABO]","AD -  EVELYN",engaged,inactive,14,16,1.14285714,,,,0.29,2026-05-18,Contínuo,18.125,,,,2026-01-01,2026-05-25
"Influ Mi Ruback - Vm","[C] [LM - TESTE] [ABO]",AD1,engaged,archived,17,21,1.23529412,,,,0.29,2026-01-22,Contínuo,13.80952381,,,,2026-01-01,2026-05-25
"[TOFU] - [EX. PURCHASE]","[C] [LM - PRINCIPAL] - [PLANO B] 2 TESTE","ADS - DANI",unknown,not_delivering,12,12,1,,,,0.28999951,2026-03-25,Contínuo,24.16662563,1,0.28999951,8.33333333,2026-01-01,2026-05-25
"TONS TESTE","[C] [TONS] [PB DR]","AD- NIVER 3",unknown,inactive,2,2,1,"Compras no site",1,0.28999757,0.28999757,2026-04-06,Contínuo,144.99878717,1,0.28999757,50,2026-01-01,2026-05-25
"Evelyn Regly BM - LM","[C] [LM - TESTE] [ABO]","ADS 5",unknown,not_delivering,2,2,1,,,,0.28998267,2026-02-04,Contínuo,144.99133342,,,,2026-01-01,2026-05-25
"[CAMPANHA AQUISIÇÃO]","[C] [JEJOOM] [CBO]","AD - LARISSA TOFU",unknown,inactive,7,9,1.28571429,,,,0.28000178,2025-10-13,Contínuo,31.11130897,,,,2026-01-01,2026-05-25
"Influ Sabrina - Vm [Teste até 13-03]","[C] [LM - TESTE] [ABO]",ADS4,unknown,archived,2,2,1,,,,0.28000162,2026-02-05,Contínuo,140.00081065,,,,2026-01-01,2026-05-25
"Influ Dani - Vm","[C] [LM - TESTE] [ABO]",AD2,unknown,not_delivering,1,1,1,,,,0.28,2026-02-25,Contínuo,280,1,0.28,100,2026-01-01,2026-05-25
"Influ Larissa Lemos - Lm","[C] [LM - TESTE] [ABO]","Video 1 Larissa Lemos - 13-10-2025",engaged,archived,19,20,1.05263158,,,,0.28,2025-10-13,Contínuo,14,,,,2026-01-01,2026-05-25
"[PUBLICO ENG.] [DR]","[C] [TONS] [PB DR]","ADS - MEIO 13-02-2026 — Cópia",unknown,archived,1,1,1,,,,0.28,2025-06-20,Contínuo,280,,,,2026-01-01,2026-05-25
"Conj. - Q10","[C] [LM - TESTE] [ABO]","ADS DANI 3",prospecting,inactive,31,33,1.06451613,,,,0.28,2026-02-20,Contínuo,8.48484848,,,,2026-01-01,2026-05-25
EVELIN,"[C] [LM - TESTE] [ABO]","AD - EVELYN VM",existing,inactive,9,9,1,,,,0.28,2026-05-18,Contínuo,31.11111111,,,,2026-01-01,2026-05-25
"[AQUISIÇÃO]  [ADV. +]","[C] [LM - PRINCIPAL][EX. BASE] [ADV. +] [CBO]","ADS - SABRINA",unknown,inactive,5,5,1,,,,0.27001066,2026-01-23,Contínuo,54.00213283,,,,2026-01-01,2026-05-25
"[PUBLICO ABERTO]","[C] [WHITE]","CRIATIVO 3 RMKT — Cópia",engaged,not_delivering,12,12,1,"Compras no site",1,0.27,0.27,2026-03-26,Contínuo,22.5,1,0.27,8.33333333,2026-01-01,2026-05-25
"[EXCLUSÃO BASE] [ADV. +]","[C] [LM - PRINCIPAL][EX. BASE] [ADV. +] [CBO]","ADS - INFLU ANA ELISA 2",engaged,inactive,5,5,1,,,,0.27,2026-03-17,Contínuo,54,,,,2026-01-01,2026-05-25
"[CAMPANHA AQUISIÇÃO]","[C] [JEJOOM] [CBO]","AD - LARI 2",engaged,inactive,25,37,1.48,,,,0.27,2025-10-13,Contínuo,7.2972973,,,,2026-01-01,2026-05-25
"[BM] [ANA ELISA]","[C] [LM - TESTE] [ABO]","ADS - INFLU ANA ELISA 3",existing,inactive,16,16,1,,,,0.27,2025-10-01,Contínuo,16.875,,,,2026-01-01,2026-05-25
"[TESTE PB FECHADO]","[C] [LM - TESTE] [ABO]","AD - EVELYN VM",prospecting,inactive,14,15,1.07142857,,,,0.27,2026-05-22,Contínuo,18,,,,2026-01-01,2026-05-25
"Conj. - Q10","[C] [LM - TESTE] [ABO]","ADS1 - Q10",unknown,inactive,11,11,1,,,,0.26999586,2026-02-20,Contínuo,24.54507799,,,,2026-01-01,2026-05-25
"[PUBLICO ENG.] [DR]","[C] [TONS] [PB DR]",tons_sabrina_video-reels_23-09-2025,unknown,archived,2,2,1,,,,0.26999123,2025-06-20,Contínuo,134.99561706,,,,2026-01-01,2026-05-25
"[AQUISIÇÃO]  [ADV. +]","[C] [LM - PRINCIPAL][EX. BASE] [ADV. +] [CBO]","ADS - ANA ELISA 3",unknown,inactive,5,5,1,,,,0.26000041,2026-01-23,Contínuo,52.00008118,,,,2026-01-01,2026-05-25
"Influ Leka - LM TESTE TRAVA DE CPA","[C] [LM - TESTE] [ABO]","ADS 2",prospecting,archived,23,24,1.04347826,,,,0.26,2026-01-14,Contínuo,10.83333333,,,,2026-01-01,2026-05-25
"Influ Mi Ruback - Vm","[C] [LM - TESTE] [ABO]",AD3,unknown,archived,4,4,1,,,,0.25999934,2026-01-22,Contínuo,64.99983561,,,,2026-01-01,2026-05-25
"[BOFU] [ADV+ ABERTO] [ESTATICO]","[C] [LM - TESTE] [ABO]","AD - BOFU",unknown,not_delivering,64,67,1.046875,,,,0.25999645,2026-02-25,Contínuo,3.88054404,2,0.12999823,2.98507463,2026-01-01,2026-05-25
"[PUBLICO ENG.] [DR]","[C] [TONS] [PB DR]","AD2 — Cópia",unknown,inactive,5,5,1,,,,0.25945705,2025-06-20,Contínuo,51.89140901,,,,2026-01-01,2026-05-25
"[BM JADE]","[C] [LM - TESTE] [ABO]","AD - LUCIANA MOFU",unknown,inactive,9,9,1,,,,0.25845056,2026-04-17,Contínuo,28.71672855,,,,2026-01-01,2026-05-25
"[PUBLICO ABERTO]","[C] [TONS] [PB DR]","Novo anúncio de Vendas",unknown,inactive,6,6,1,,,,0.2500101,2025-12-10,Contínuo,41.66834948,,,,2026-01-01,2026-05-25
"[PUBLICO ABERTO]","[C] [WHITE]","AD7 — Cópia",existing,inactive,14,14,1,,,,0.25,2026-03-26,Contínuo,17.85714286,1,0.25,7.14285714,2026-01-01,2026-05-25
"[CAMPANHA AQUISIÇÃO]","[C] [JEJOOM] [CBO]","AD - LARI 2",existing,inactive,34,39,1.14705882,,,,0.25,2025-10-13,Contínuo,6.41025641,,,,2026-01-01,2026-05-25
"Conj. - Q10","[C] [LM - TESTE] [ABO]","ADS 2",prospecting,inactive,8,8,1,,,,0.25,2026-02-20,Contínuo,31.25,1,0.25,12.5,2026-01-01,2026-05-25
"[ADV ABER.]","[C] [LM - PRINCIPAL] - [PLANO B] 2 TESTE","Criativo 1 - Brenda 29/12 — Cópia",existing,inactive,9,9,1,,,,0.25,2026-02-25,Contínuo,27.77777778,,,,2026-01-01,2026-05-25
"[PUBLICO ABERTO]","[C] [LM - PRINCIPAL] [PLANO B] 1 TESTE","ADS - ORGANICO LM",unknown,inactive,2,2,1,,,,0.24999958,2025-12-10,Contínuo,124.99978763,,,,2026-01-01,2026-05-25
"[CAMPANHA AQUISIÇÃO]","[C] [JEJOOM] [CBO]","AD - JADE TOFU",unknown,inactive,3,3,1,,,,0.24997587,2025-10-13,Contínuo,83.32528849,,,,2026-01-01,2026-05-25
"Carrossel - Lm","[C] [LM - TESTE] [ABO]","ADS3 - 18-02 — Cópia",engaged,inactive,8,8,1,,,,0.24,2026-02-20,Contínuo,30,1,0.24,12.5,2026-01-01,2026-05-25
"TONS TESTE","[C] [TONS] [PB DR]","AD - TOFU 1",unknown,inactive,1,2,2,,,,0.24,2026-04-06,Contínuo,120,,,,2026-01-01,2026-05-25
"[TOFU] - [EX. PURCHASE]","[C] [LM - PRINCIPAL] - [PLANO B] 2 TESTE","AD1 — Cópia",engaged,inactive,3,3,1,,,,0.24,2026-03-25,Contínuo,80,,,,2026-01-01,2026-05-25
"[AQUISIÇÃO]  [ADV. +]","[C] [LM - PRINCIPAL][EX. BASE] [ADV. +] [CBO]","AD - TOFU",existing,inactive,10,11,1.1,,,,0.24,2026-01-23,Contínuo,21.81818182,,,,2026-01-01,2026-05-25
"[PUBLICO ABERTO]","[C] [WHITE]","laranja-moro_dor_estatico5-18-08-2025 — Cópia",prospecting,not_delivering,10,10,1,,,,0.24,2026-03-26,Contínuo,24,1,0.24,10,2026-01-01,2026-05-25
"TONS TESTE","[C] [TONS] [PB DR]","AD - MOFU 5",existing,inactive,4,4,1,,,,0.24,2026-04-06,Contínuo,60,,,,2026-01-01,2026-05-25
"[PUBLICO ABERTO]","[C] [WHITE] TRAFEGO","ADS - EVE — Cópia — Cópia",unknown,not_delivering,49,52,1.06122449,"Visualizações da página de destino",1,0.24,0.24,2026-03-26,Contínuo,4.61538462,1,0.24,1.92307692,2026-01-01,2026-05-25
"[RMKT LARANJA MORO-REATIVAÇÃO BASE QUENTE]","[C] [LM - RMKT] [ADV. ABO]","ADS - RAIZA VM",unknown,inactive,1,1,1,,,,0.24,2025-10-13,Contínuo,240,,,,2026-01-01,2026-05-25
"[VINAGRE] [RMKT]","[C] [VARIOS PRODUTO] [ABO] [BID]","AD13 - SABRINA",existing,inactive,6,6,1,,,,0.23,2026-01-20,Contínuo,38.33333333,,,,2026-01-01,2026-05-25
"[PUBLICO ABERTO] — Cópia","[C] [LM - PRINCIPAL] [PLANO B] 1 TESTE","ADS - ANA ELISA 2",engaged,archived,3,3,1,,,,0.23,2026-01-08,Contínuo,76.66666667,,,,2026-01-01,2026-05-25
"[PUBLICO ABERTO]","[C] [WHITE] TRAFEGO","laranja-moro_dor_estatico4-18-08-2025 — Cópia — Cópia",unknown,not_delivering,139,142,1.02158273,"Visualizações da página de destino",2,0.115,0.23,2026-03-26,Contínuo,1.61971831,2,0.115,1.4084507,2026-01-01,2026-05-25
"[RMKT LARANJA MORO-REATIVAÇÃO BASE QUENTE]","[C] [LM - RMKT] [ADV. ABO]","AD - RMKT DANI — Cópia",engaged,inactive,6,6,1,,,,0.23,2025-10-13,Contínuo,38.33333333,1,0.23,16.66666667,2026-01-01,2026-05-25
"LP - 1","[C] [LM - PRINCIPAL][EX. BASE] [ADV. +] [CBO]","ADS - RAIZA 3",unknown,archived,3,3,1,,,,0.22999846,2026-01-19,Contínuo,76.66615196,,,,2026-01-01,2026-05-25
[RMK],"[C] [JEJOOM] [CBO]","AD - RMKT PERFIL DENA + JEJOOM",unknown,active,1,1,1,,,,0.22007449,2026-04-17,Contínuo,220.0744921,,,,2026-01-01,2026-05-25
"[PUBLICO ENG.] [DR]","[C] [TONS] [PB DR]","TESTE CRIATIVOS COMENTARIOS",unknown,inactive,2,2,1,,,,0.22000876,2025-06-20,Contínuo,110.00438213,,,,2026-01-01,2026-05-25
"[PUBLICO ENG.] [DR]","[C] [TONS] [PB DR]","AD - TOFU",unknown,inactive,2,2,1,,,,0.22,2025-06-20,Contínuo,110,,,,2026-01-01,2026-05-25
"[CAMPANHA AQUISIÇÃO]","[C] [JEJOOM] [CBO]","ARTE 2",prospecting,inactive,17,21,1.23529412,,,,0.22,2025-10-13,Contínuo,10.47619048,,,,2026-01-01,2026-05-25
"TONS TESTE","[C] [TONS] [PB DR]","AD - TOFU 5",existing,inactive,9,9,1,,,,0.22,2026-04-06,Contínuo,24.44444444,,,,2026-01-01,2026-05-25
"[CAMPANHA AQUISIÇÃO]","[C] [JEJOOM] [CBO]","ADS - LARI 2 24-12",engaged,inactive,13,13,1,,,,0.22,2025-10-13,Contínuo,16.92307692,,,,2026-01-01,2026-05-25
"[RMKT LARANJA MORO-REATIVAÇÃO BASE QUENTE]","[C] [LM - RMKT] [ADV. ABO]","ADSS - ORGANICO 2",unknown,inactive,6,6,1,,,,0.21999298,2025-10-13,Contínuo,36.66549741,,,,2026-01-01,2026-05-25
"[TOFU] [TIK TOK] [EXCLUSAÕ BASE] [BID 60] - TESTE ATÉ 20-05","[C] [LM - TESTE] [ABO]","AD - MOFU ate 14-05",unknown,not_delivering,17,17,1,,,,0.21991592,2026-03-12,Contínuo,12.93623064,,,,2026-01-01,2026-05-25
"Evelyn Regly BM - LM","[C] [LM - TESTE] [ABO]","ADS 6",unknown,not_delivering,2,3,1.5,"Compras no site",1,0.219328,0.219328,2026-02-04,Contínuo,73.10933184,,,,2026-01-01,2026-05-25
"[AQUISIÇÃO]  [ADV. +]","[C] [LM - PRINCIPAL][EX. BASE] [ADV. +] [CBO]","[ADS] - [TOPO 2] [27-02]",unknown,inactive,4,4,1,,,,0.21001027,2026-01-23,Contínuo,52.50256744,,,,2026-01-01,2026-05-25
"Evelyn Regly BM - LM","[C] [LM - TESTE] [ABO]","Teste - ADS 2",unknown,not_delivering,4,5,1.25,,,,0.21000225,2026-02-04,Contínuo,42.00044985,,,,2026-01-01,2026-05-25
"[PUBLICO ABERTO]","[C] [LM - PRINCIPAL] [PLANO B] 1 TESTE","ADS5 - RAIZA",existing,inactive,11,18,1.63636364,,,,0.21,2025-12-10,Contínuo,11.66666667,1,0.21,5.55555556,2026-01-01,2026-05-25
"[PUBLICO ABERTO]","[C] [TONS] [PB DR]",AD10,unknown,not_delivering,2,2,1,,,,0.20999474,2025-12-10,Contínuo,104.99736858,1,0.20999474,50,2026-01-01,2026-05-25
"teste aquisição ate dia 15  - Lm","[C] [LM - TESTE] [ABO]","AD - ISA MOFU",unknown,inactive,6,6,1,,,,0.20998392,2026-02-04,Contínuo,34.99731935,1,0.20998392,16.66666667,2026-01-01,2026-05-25
"[BOFU] [ADV+ ABERTO] [ESTATICO]","[C] [LM - TESTE] [ABO]",AD6,unknown,inactive,3,3,1,,,,0.20001753,2026-02-25,Contínuo,66.67250881,,,,2026-01-01,2026-05-25
"LP - 2","[C] [LM - PRINCIPAL][EX. BASE] [ADV. +] [CBO]","[2] 29/12 — Cópia",existing,archived,17,17,1,,,,0.2,2026-01-19,Contínuo,11.76470588,,,,2026-01-01,2026-05-25
"[COENZIMA] [RMKT]","[C] [VARIOS PRODUTO] [ABO] [BID]","AD - RMKT 4",unknown,not_delivering,1,1,1,,,,0.2,2026-05-10,Contínuo,200,,,,2026-01-01,2026-05-25
"LP - ATUAL","[C] [LM - PRINCIPAL][EX. BASE] [ADV. +] [CBO]","ADS - SABRINA 2",prospecting,archived,20,20,1,,,,0.2,2026-01-19,Contínuo,10,1,0.2,5,2026-01-01,2026-05-25
"[BM] [ANA ELISA]","[C] [LM - TESTE] [ABO]","ADS - INFLU ANA ELISA 3",prospecting,inactive,25,25,1,,,,0.2,2025-10-01,Contínuo,8,,,,2026-01-01,2026-05-25
"[PUBLICO ABERTO]","[C] [WHITE]","AD1 - IU DIN — Cópia",engaged,not_delivering,3,4,1.33333333,,,,0.2,2026-03-26,Contínuo,50,,,,2026-01-01,2026-05-25
"[PUBLICO ABERTO]","[C] [WHITE]","AD7 — Cópia",prospecting,inactive,10,10,1,,,,0.2,2026-03-26,Contínuo,20,,,,2026-01-01,2026-05-25
"[ADV ABER.]","[C] [LM - PRINCIPAL] - [PLANO B] 2 TESTE","Criativo 1 - Brenda 29/12 — Cópia",engaged,inactive,3,3,1,,,,0.2,2026-02-25,Contínuo,66.66666667,,,,2026-01-01,2026-05-25
"[BM JADE]","[C] [LM - TESTE] [ABO]","AD - JADE TOFU — Cópia",unknown,not_delivering,16,16,1,,,,0.19999772,2026-04-17,Contínuo,12.49985727,1,0.19999772,6.25,2026-01-01,2026-05-25
"[BM JADE]","[C] [LM - TESTE] [ABO]","AD - JADE TOFU",unknown,inactive,5,5,1,,,,0.199426,2026-04-17,Contínuo,39.88520048,,,,2026-01-01,2026-05-25
"Carrossel - Lm","[C] [LM - TESTE] [ABO]","ADS1 - TIPO 2 04-03",engaged,inactive,2,2,1,,,,0.19,2026-02-20,Contínuo,95,,,,2026-01-01,2026-05-25
"[TOFU] - [EX. PURCHASE]","[C] [LM - PRINCIPAL] - [PLANO B] 2 TESTE","ADS - ANA ELISA 2",unknown,not_delivering,5,5,1,,,,0.19,2026-03-25,Contínuo,38,,,,2026-01-01,2026-05-25
"[CAMPANHA AQUISIÇÃO]","[C] [JEJOOM] [CBO]","ARTE 2 MES CLIENTE",existing,inactive,14,15,1.07142857,,,,0.19,2025-10-13,Contínuo,12.66666667,,,,2026-01-01,2026-05-25
"Conj. - Q10","[C] [LM - TESTE] [ABO]","ADS 2",existing,inactive,13,14,1.07692308,,,,0.19,2026-02-20,Contínuo,13.57142857,,,,2026-01-01,2026-05-25
"[PUBLICO ENG.] [DR]","[C] [TONS] - TESTE MAX. VALOR ATÉ 11-03","ADS - MEIO 13-02-2026",unknown,not_delivering,2,2,1,,,,0.19,2026-03-04,Contínuo,95,,,,2026-01-01,2026-05-25
"[BM] [ANA ELISA]","[C] [LM - TESTE] [ABO]","ADS - INFLU ANA ELISA 2",engaged,inactive,18,18,1,,,,0.19,2025-10-01,Contínuo,10.55555556,,,,2026-01-01,2026-05-25
"[TOFU] - [EX. PURCHASE]","[C] [LM - PRINCIPAL] - [PLANO B] 2 TESTE","AD1 — Cópia",prospecting,inactive,39,43,1.1025641,,,,0.19,2026-03-25,Contínuo,4.41860465,,,,2026-01-01,2026-05-25
"teste aquisição ate dia 15  - Lm","[C] [LM - TESTE] [ABO]","AD - EVELYN MOFU",unknown,inactive,4,4,1,,,,0.18999743,2026-02-04,Contínuo,47.49935732,,,,2026-01-01,2026-05-25
adv-engajado-laranja-mouro-sudeste-sul-centro,"[C][LM - COST CAP WINNERS] [ [CBO]","Criativo Ana Elisa 1 - 12-11-2025 — Cópia",unknown,not_delivering,2,2,1,,,,0.18001229,2025-08-27,Contínuo,90.0061446,,,,2026-01-01,2026-05-25
"[PUBLICO ENG.] [DR]","[C] [TONS] - TESTE MAX. VALOR ATÉ 11-03","ADS - ASIATICA",unknown,not_delivering,7,7,1,,,,0.18001037,2026-03-04,Contínuo,25.71576742,1,0.18001037,14.28571429,2026-01-01,2026-05-25
"[TOFU] - [EX. PURCHASE]","[C] [LM - PRINCIPAL] - [PLANO B] 2 TESTE","AD1 — Cópia",existing,inactive,15,15,1,,,,0.18,2026-03-25,Contínuo,12,,,,2026-01-01,2026-05-25
"[VINAGRE] [RMKT]","[C] [VARIOS PRODUTO] [ABO] [BID]","AD13 - SABRINA",engaged,inactive,3,3,1,,,,0.18,2026-01-20,Contínuo,60,,,,2026-01-01,2026-05-25
"[PUBLICO ABERTO]","[C] [WHITE]","ADS - DANI 3 — Cópia",existing,inactive,5,6,1.2,,,,0.18,2026-03-26,Contínuo,30,,,,2026-01-01,2026-05-25
"Influ Larissa Lemos - Lm","[C] [LM - TESTE] [ABO]","29/12 — Cópia",engaged,archived,9,10,1.11111111,,,,0.18,2025-10-13,Contínuo,18,,,,2026-01-01,2026-05-25
"[AQUISIÇÃO]  [ADV. +]","[C] [LM - PRINCIPAL][EX. BASE] [ADV. +] [CBO]","ADS - KAMILI",unknown,inactive,1,1,1,,,,0.18,2026-01-23,Contínuo,180,,,,2026-01-01,2026-05-25
"TONS TESTE","[C] [TONS] [PB DR]","AD - MOFU 5",prospecting,inactive,6,6,1,,,,0.18,2026-04-06,Contínuo,30,,,,2026-01-01,2026-05-25
"[PUBLICO ABERTO]","[C] [WHITE]","laranja-moro_dor_estatico5-18-08-2025 — Cópia",existing,not_delivering,6,7,1.16666667,,,,0.18,2026-03-26,Contínuo,25.71428571,,,,2026-01-01,2026-05-25
"[TOFU] [TIK + ORG ] [ABERTO]","[C] [LM - TESTE] [ABO]",AD2,unknown,inactive,6,6,1,,,,0.17999949,2026-02-11,Contínuo,29.99991417,,,,2026-01-01,2026-05-25
"teste aquisição ate dia 15  - Lm","[C] [LM - TESTE] [ABO]","AD - ISA MOFU",unknown,inactive,2,2,1,,,,0.17999121,2026-02-04,Contínuo,89.99560533,,,,2026-01-01,2026-05-25
"[PUBLICO ABERTO]","[C] [LM - PRINCIPAL] [PLANO B] 1 TESTE","ADS - ISA NOGUEIRA",unknown,inactive,2,2,1,,,,0.17000931,2025-12-10,Contínuo,85.00465462,,,,2026-01-01,2026-05-25
"[VINAGRE] [RMKT]","[C] [VARIOS PRODUTO] [ABO] [BID]","AD - MI RUBACK MOFU — Cópia",unknown,active,3,3,1,,,,0.1700047,2026-01-20,Contínuo,56.66823476,1,0.1700047,33.33333333,2026-01-01,2026-05-25
"LP NOVA","[C] [TONS] [PB DR]",tons_dr-ursinho-melasma2-13-10-2025,unknown,inactive,1,1,1,,,,0.17,2026-02-09,Contínuo,170,,,,2026-01-01,2026-05-25
adv-aqui-rmkt_laranja-moro_engajado-existente_5-existente_max-conv_26-05-2025,"[C][LM - PRINCIPAL] [ADV. EXCLUSÃO DE CLIENTES]","AD1 TOFU.- HC",existing,not_delivering,2,2,1,,,,0.17,2024-09-17,Contínuo,85,,,,2026-01-01,2026-05-25
"LP - 1","[C] [LM - PRINCIPAL][EX. BASE] [ADV. +] [CBO]","[2] 29/12 — Cópia",existing,archived,6,6,1,,,,0.17,2026-01-19,Contínuo,28.33333333,,,,2026-01-01,2026-05-25
"[PUBLICO ABERTO]","[C] [LM - PRINCIPAL] [PLANO B] 1 TESTE","AD4 - RAIZA",unknown,inactive,3,4,1.33333333,,,,0.16999914,2025-12-10,Contínuo,42.49978492,,,,2026-01-01,2026-05-25
"[PUBLICO ENG.] [DR]","[C] [TONS] [PB DR]",tons_dr-ursinho_video-reels_10-07-2025_esse-foi-produto-que-a-mamae,unknown,inactive,4,4,1,,,,0.16999757,2025-06-20,Contínuo,42.49939227,,,,2026-01-01,2026-05-25
"Evelyn Regly BM - LM","[C] [LM - TESTE] [ABO]","ADS 2 - NOVO VM",unknown,not_delivering,1,1,1,,,,0.16999601,2026-02-04,Contínuo,169.99601098,,,,2026-01-01,2026-05-25
"Conj. - Q10","[C] [LM - TESTE] [ABO]",ADS,unknown,not_delivering,4,4,1,,,,0.16998735,2026-02-20,Contínuo,42.49683761,,,,2026-01-01,2026-05-25
"[VINAGRE] [RMKT]","[C] [VARIOS PRODUTO] [ABO] [BID]",AD1,unknown,inactive,4,4,1,,,,0.16001678,2026-01-20,Contínuo,40.00419569,,,,2026-01-01,2026-05-25
"[CAMPANHA AQUISIÇÃO]","[C] [JEJOOM] [CBO]","AD3 - ORGANICO",unknown,inactive,1,1,1,,,,0.16000822,2025-10-13,Contínuo,160.00821994,,,,2026-01-01,2026-05-25
"[RMKT LARANJA MORO-REATIVAÇÃO BASE QUENTE]","[C] [LM - RMKT] [ADV. ABO]","ADS - ISA NOGUEIRA",unknown,inactive,3,3,1,,,,0.16000399,2025-10-13,Contínuo,53.33466304,,,,2026-01-01,2026-05-25
rmkt_tons_estáticos_visitantes-engajado-compradores_max-conv_cpa35_02-09-2025_7,"[C] [TONS] [PB DR]",tons2_rmkt_20-10-2025-pagdenavita,unknown,not_delivering,2,2,1,,,,0.16000189,2025-09-02,Contínuo,80.00094658,,,,2026-01-01,2026-05-25
"TONS TESTE","[C] [TONS] [PB DR]","AD- NIVER",unknown,inactive,2,2,1,,,,0.16000112,2026-04-06,Contínuo,80.00055842,,,,2026-01-01,2026-05-25
"teste aquisição ate dia 15  - Lm","[C] [LM - TESTE] [ABO]","ADS 3 — Cópia",unknown,inactive,10,10,1,,,,0.16,2026-02-04,Contínuo,16,,,,2026-01-01,2026-05-25
"[PUBLICO ABERTO] — Cópia","[C] [LM - PRINCIPAL] [PLANO B] 1 TESTE","ADS - RAIZA 3",unknown,archived,2,2,1,,,,0.16,2026-01-08,Contínuo,80,,,,2026-01-01,2026-05-25
"[PUBLICO ABERTO]","[C] [WHITE]","AD5 - FUNDO — Cópia",engaged,not_delivering,6,6,1,,,,0.16,2026-03-26,Contínuo,26.66666667,,,,2026-01-01,2026-05-25
"[EXCLUSÃO BASE] [ADV. +]","[C] [LM - PRINCIPAL][EX. BASE] [ADV. +] [CBO]","AD - BOFU — Cópia",unknown,inactive,42,43,1.02380952,,,,0.15999782,2026-03-17,Contínuo,3.72087955,2,0.07999891,4.65116279,2026-01-01,2026-05-25
"[RMKT LARANJA MORO-REATIVAÇÃO BASE QUENTE]","[C] [LM - RMKT] [ADV. ABO]","ADS2- EVELYN",unknown,inactive,2,2,1,,,,0.15999657,2025-10-13,Contínuo,79.99828317,,,,2026-01-01,2026-05-25
adv-engajado-laranja-mouro-sudeste-sul-centro,"[C][LM - COST CAP WINNERS] [ [CBO]","Estático 5 - Laranja Mouro",unknown,not_delivering,3,3,1,,,,0.15999607,2025-08-27,Contínuo,53.33202434,,,,2026-01-01,2026-05-25
"[PUBLICO ENG.] [DR]","[C] [TONS] [PB DR]","AD - TOFU",unknown,inactive,7,7,1,,,,0.15999212,2025-06-20,Contínuo,22.85601716,,,,2026-01-01,2026-05-25
"LP - 2","[C] [LM - PRINCIPAL][EX. BASE] [ADV. +] [CBO]","Rmkt Dani 2 — Cópia",unknown,archived,1,1,1,,,,0.15999123,2026-01-19,Contínuo,159.99122933,,,,2026-01-01,2026-05-25
"Influ Sabrina - Vm [Teste até 13-03]","[C] [LM - TESTE] [ABO]",ADS78,unknown,archived,3,3,1,,,,0.15000955,2026-02-05,Contínuo,50.00318373,,,,2026-01-01,2026-05-25
adv-engajado-laranja-mouro-sudeste-sul-centro,"[C][LM - COST CAP WINNERS] [ [CBO]","Estático  - Laranja Mouro -compre2-leve3",unknown,not_delivering,2,2,1,,,,0.15000673,2025-08-27,Contínuo,75.0033626,,,,2026-01-01,2026-05-25
"[TOFU] [TIK TOK] [EXCLUSAÕ BASE] [BID 60] - TESTE ATÉ 20-05","[C] [LM - TESTE] [ABO]","AD - MOFU ate 14-05",unknown,not_delivering,15,15,1,,,,0.15000083,2026-03-12,Contínuo,10.0000554,1,0.15000083,6.66666667,2026-01-01,2026-05-25
"Arte - Organica Lm","[C] [LM - TESTE] [ABO]",AD3,unknown,not_delivering,1,1,1,,,,0.15,2026-01-26,Contínuo,150,,,,2026-01-01,2026-05-25
"[PUBLICO ABERTO]","[C] [WHITE]","AD7 — Cópia",engaged,inactive,14,14,1,,,,0.15,2026-03-26,Contínuo,10.71428571,,,,2026-01-01,2026-05-25
"[EXCLUSÃO BASE] [ADV. +]","[C] [LM - PRINCIPAL][EX. BASE] [ADV. +] [CBO]","ADS - INFLU ANA ELISA 2",existing,inactive,2,2,1,,,,0.15,2026-03-17,Contínuo,75,,,,2026-01-01,2026-05-25
"[AQUISIÇÃO]  [ADV. +]","[C] [LM - PRINCIPAL][EX. BASE] [ADV. +] [CBO]","AD2 — DANI",unknown,inactive,1,1,1,,,,0.15,2026-01-23,Contínuo,150,,,,2026-01-01,2026-05-25
"[PUBLICO ABERTO]","[C] [WHITE]","laranja-moro_dor_estatico4-18-08-2025 — Cópia",existing,not_delivering,4,4,1,,,,0.15,2026-03-26,Contínuo,37.5,,,,2026-01-01,2026-05-25
"[AQUISIÇÃO]  [ADV. +]","[C] [LM - PRINCIPAL][EX. BASE] [ADV. +] [CBO]","ADS - DANI",unknown,inactive,5,6,1.2,,,,0.14999855,2026-01-23,Contínuo,24.99975774,,,,2026-01-01,2026-05-25
"[TOFU] [TIK TOK] [EXCLUSAÕ BASE] [BID 60] - TESTE ATÉ 20-05","[C] [LM - TESTE] [ABO]","AD - ALESSANDRA",unknown,inactive,3,3,1,,,,0.14999762,2026-03-12,Contínuo,49.99920629,,,,2026-01-01,2026-05-25
"[HIBRIDO] [ESTATICO ORG.] [BID 60]","[C] [LM - TESTE] [ABO]","AD - BOFU 3 — Cópia",unknown,inactive,2,2,1,,,,0.14999634,2026-03-20,Contínuo,74.99817109,,,,2026-01-01,2026-05-25
[MOFU],"[C] [LM - PRINCIPAL] - [PLANO B] 2 TESTE","ADS 4",unknown,inactive,4,4,1,,,,0.14999622,2026-03-31,Contínuo,37.49905429,,,,2026-01-01,2026-05-25
"Conj - Vm","[C] [LM - TESTE] [ABO]","AD - ORG 2 TOFU",unknown,inactive,2,2,1,,,,0.14999457,2026-01-30,Contínuo,74.99728572,,,,2026-01-01,2026-05-25
"[EXCLUSÃO BASE] [ADV. +]","[C] [LM - PRINCIPAL][EX. BASE] [ADV. +] [CBO]","AD - LUCIANA MOFU 2 — Cópia — Cópia",unknown,inactive,3,4,1.33333333,,,,0.14999366,2026-03-17,Contínuo,37.49841598,,,,2026-01-01,2026-05-25
"[Publico Quente] [TESTE]","[C] [DIGESTINO] [PRINCIPAL]","[Criativo 2 Digestino]",unknown,not_delivering,4,4,1,,,,0.14998525,2025-12-24,Contínuo,37.49631128,,,,2026-01-01,2026-05-25
"[PUBLICO ABERTO]","[C] [TONS] [PB DR]","AD3 - MOFU",unknown,inactive,2,2,1,,,,0.14000722,2025-12-10,Contínuo,70.00361042,,,,2026-01-01,2026-05-25
"teste publico novo - bid","[C] [LM - TESTE] [ABO]","AD - LUCIANA TOFU — Cópia",prospecting,not_delivering,2,2,1,,,,0.14,2026-02-19,Contínuo,70,,,,2026-01-01,2026-05-25
"[AQUISIÇÃO]  [ADV. +]","[C] [LM - PRINCIPAL][EX. BASE] [ADV. +] [CBO]","ADS - SABRINA TOPO",unknown,inactive,1,1,1,,,,0.14,2026-01-23,Contínuo,140,,,,2026-01-01,2026-05-25
"Influ Adeli - Lm","[C] [LM - TESTE] [ABO]",AD3,unknown,not_delivering,3,3,1,,,,0.14,2026-03-10,Contínuo,46.66666667,,,,2026-01-01,2026-05-25
"[ADV ABER.]","[C] [LM - PRINCIPAL] - [PLANO B] 2 TESTE","[ADS] - [TOPO] [27-02]",engaged,inactive,12,12,1,,,,0.14,2026-02-25,Contínuo,11.66666667,,,,2026-01-01,2026-05-25
"Influ Leka - LM TESTE TRAVA DE CPA","[C] [LM - TESTE] [ABO]","ADS 2",engaged,archived,5,5,1,,,,0.14,2026-01-14,Contínuo,28,,,,2026-01-01,2026-05-25
"[RMKT LARANJA MORO-REATIVAÇÃO BASE QUENTE]","[C] [LM - RMKT] [ADV. ABO]","ADS 1",unknown,not_delivering,1,1,1,,,,0.14,2025-10-13,Contínuo,140,,,,2026-01-01,2026-05-25
"Influ Ingrid - Vm","[C] [LM - TESTE] [ABO]",AD3,engaged,archived,12,12,1,,,,0.14,2026-01-22,Contínuo,11.66666667,,,,2026-01-01,2026-05-25
"[AQUISIÇÃO]  [ADV. +]","[C] [LM - PRINCIPAL][EX. BASE] [ADV. +] [CBO]","ADS - ANA ELISA",unknown,inactive,2,2,1,,,,0.14,2026-01-23,Contínuo,70,,,,2026-01-01,2026-05-25
"[VINAGRE] [RMKT]","[C] [VARIOS PRODUTO] [ABO] [BID]","AD - MOFU MARCELA 17-05",unknown,inactive,1,1,1,,,,0.14,2026-01-20,Contínuo,140,,,,2026-01-01,2026-05-25
"[PUBLICO ABERTO]","[C] [WHITE]","ADS - MES CONSUMIDOR 2 — Cópia — Cópia",existing,not_delivering,7,7,1,,,,0.14,2026-03-26,Contínuo,20,,,,2026-01-01,2026-05-25
"Nutri - Tons [Teste até 13-03]","[C] [LM - TESTE] [ABO]",AD3,unknown,not_delivering,2,2,1,,,,0.14,2026-03-09,Contínuo,70,,,,2026-01-01,2026-05-25
"Conj. - Q10","[C] [LM - TESTE] [ABO]","ADS DANI 3",engaged,inactive,6,6,1,,,,0.14,2026-02-20,Contínuo,23.33333333,,,,2026-01-01,2026-05-25
"Arte Organica - VM","[C] [LM - TESTE] [ABO]","ADS1 - VM",unknown,archived,1,1,1,,,,0.14,2026-02-18,Contínuo,140,,,,2026-01-01,2026-05-25
"Evelyn Regly BM - LM","[C] [LM - TESTE] [ABO]","AD - EVELYN TOFU",unknown,inactive,3,3,1,,,,0.13998694,2026-02-04,Contínuo,46.66231173,,,,2026-01-01,2026-05-25
"[BM JADE]","[C] [LM - TESTE] [ABO]","AD - JADE MOFU 2",unknown,inactive,3,3,1,,,,0.13953176,2026-04-17,Contínuo,46.5105855,,,,2026-01-01,2026-05-25
"[EXCLUSÃO BASE] [ADV. +]","[C] [LM - PRINCIPAL][EX. BASE] [ADV. +] [CBO]","V - EVELYN TOFU LP OLD",unknown,active,7,7,1,,,,0.13003146,2026-03-17,Contínuo,18.57592328,1,0.13003146,14.28571429,2026-01-01,2026-05-25
"TESTE RAIZA ATE 21-03","[C] [LM - PRINCIPAL] - [PLANO B] 2 TESTE",AD1,existing,archived,16,18,1.125,,,,0.13,2026-03-17,Contínuo,7.22222222,,,,2026-01-01,2026-05-25
"[EXCLUSÃO BASE] [ADV. +]","[C] [LM - PRINCIPAL][EX. BASE] [ADV. +] [CBO]","ADS - INFLU ANA ELISA 3",engaged,inactive,11,11,1,,,,0.13,2026-03-17,Contínuo,11.81818182,,,,2026-01-01,2026-05-25
"Evelyn Regly - LM","[C] [LM - TESTE] [ABO]","ADS 2",unknown,not_delivering,2,2,1,,,,0.13,2026-02-01,Contínuo,65,,,,2026-01-01,2026-05-25
"[ADV ABER.]","[C] [LM - PRINCIPAL] - [PLANO B] 2 TESTE","Criativo 1 - Brenda 29/12 — Cópia",prospecting,inactive,9,9,1,,,,0.13,2026-02-25,Contínuo,14.44444444,,,,2026-01-01,2026-05-25
"[PUBLICO ABERTO]","[C] [WHITE]","ADS - MES CONSUMIDOR 2 — Cópia — Cópia",prospecting,not_delivering,6,6,1,,,,0.13,2026-03-26,Contínuo,21.66666667,,,,2026-01-01,2026-05-25
adv-aqui-rmtk_coezima-q10_engajado-existente_5-existentes_max-conv_26-05-2025,"[C] [COQ.10][PRINCIPAL]","coenzima-23-10-video-sabrina 2",unknown,inactive,2,2,1,,,,0.13,2025-01-20,Contínuo,65,,,,2026-01-01,2026-05-25
"[PUBLICO ABERTO]","[C] [WHITE]","laranja-moro_dor_estatico2-18-08-2025 — Cópia",prospecting,not_delivering,6,6,1,,,,0.13,2026-03-26,Contínuo,21.66666667,,,,2026-01-01,2026-05-25
"[VINAGRE] [RMKT]","[C] [VARIOS PRODUTO] [ABO] [BID]","AD - ALESSANDRA KIT — Cópia",prospecting,inactive,4,4,1,,,,0.13,2026-01-20,Contínuo,32.5,,,,2026-01-01,2026-05-25
"[PUBLICO ENG.] [DR]","[C] [TONS] [PB DR]","AD -   TOFU",existing,archived,1,1,1,,,,0.13,2025-06-20,Contínuo,130,,,,2026-01-01,2026-05-25
"[VINAGRE] [RMKT]","[C] [VARIOS PRODUTO] [ABO] [BID]","AD - ALESSANDRA KIT — Cópia",engaged,inactive,3,3,1,,,,0.13,2026-01-20,Contínuo,43.33333333,,,,2026-01-01,2026-05-25
"Varias Influs - VM","[C] [LM - TESTE] [ABO]","ADS 2",unknown,inactive,1,1,1,,,,0.13,2026-02-19,Contínuo,130,,,,2026-01-01,2026-05-25
"ESTUDOS CLINICOS","[C] [LM - PRINCIPAL][EX. BASE] [ADV. +] [CBO]",AD1,unknown,archived,1,1,1,,,,0.13,2026-03-20,Contínuo,130,,,,2026-01-01,2026-05-25
"Influ Evelyn BM -VM","[C] [LM - TESTE] [ABO]","ADS 4 — Cópia",unknown,inactive,1,1,1,,,,0.1299966,2026-02-04,Contínuo,129.99660323,,,,2026-01-01,2026-05-25
"Evelyn Regly BM - LM","[C] [LM - TESTE] [ABO]","ADS - ART 2",unknown,not_delivering,3,3,1,,,,0.12999608,2026-02-04,Contínuo,43.33202542,,,,2026-01-01,2026-05-25
"teste publico novo - bid","[C] [LM - TESTE] [ABO]","ADS 4",unknown,not_delivering,3,3,1,,,,0.1299935,2026-02-19,Contínuo,43.33116665,,,,2026-01-01,2026-05-25
"[AQUISIÇÃO]  [ADV. +]","[C] [LM - PRINCIPAL][EX. BASE] [ADV. +] [CBO]","ADS - AINA",unknown,inactive,2,2,1,,,,0.12000234,2026-01-23,Contínuo,60.00117053,,,,2026-01-01,2026-05-25
"Influ Sabrina - Tons","[C] [LM - TESTE] [ABO]","ADS 3- SABRINA",unknown,not_delivering,1,1,1,,,,0.12,2026-02-09,Contínuo,120,,,,2026-01-01,2026-05-25
"[PUBLICO ABERTO]","[C] [WHITE]","AD2 - CR verde — Cópia",prospecting,not_delivering,2,2,1,,,,0.12,2026-03-26,Contínuo,60,,,,2026-01-01,2026-05-25
"LP - 1","[C] [LM - PRINCIPAL][EX. BASE] [ADV. +] [CBO]","CRIATIVO 2 RMKT — Cópia",existing,archived,5,5,1,,,,0.12,2026-01-19,Contínuo,24,,,,2026-01-01,2026-05-25
"Arte - Organica Tons ###","[C] [LM - TESTE] [ABO]",AD1,unknown,not_delivering,2,2,1,,,,0.11999759,2026-01-26,Contínuo,59.99879706,,,,2026-01-01,2026-05-25
"Influ Adeli - Lm","[C] [LM - TESTE] [ABO]",AD1,unknown,not_delivering,1,1,1,,,,0.11999531,2026-03-10,Contínuo,119.99531287,,,,2026-01-01,2026-05-25
"[COLAGENO] [RMKT]","[C] [VARIOS PRODUTO] [ABO] [BID]","AD - BOFU 2",unknown,not_delivering,3,3,1,,,,0.11999111,2026-05-10,Contínuo,39.99703689,,,,2026-01-01,2026-05-25
"LP - 1","[C] [LM - PRINCIPAL][EX. BASE] [ADV. +] [CBO]","Rmkt Dani 2 — Cópia",unknown,archived,1,1,1,,,,0.11998073,2026-01-19,Contínuo,119.98072645,,,,2026-01-01,2026-05-25
"LP NOVA","[C] [TONS] [PB DR]","AD1 - VERAO — Cópia",unknown,inactive,1,1,1,,,,0.11996768,2026-02-09,Contínuo,119.96767894,,,,2026-01-01,2026-05-25
"[PUBLICO ABERTO]","[C] [TONS] [PB DR]","AD5 - TOFU",unknown,not_delivering,3,3,1,,,,0.11000607,2025-12-10,Contínuo,36.66869106,,,,2026-01-01,2026-05-25
"[AQUISIÇÃO]  [ADV. +]","[C] [LM - PRINCIPAL][EX. BASE] [ADV. +] [CBO]","ADS - ISA 3",unknown,inactive,1,1,1,,,,0.11000585,2026-01-23,Contínuo,110.00585246,,,,2026-01-01,2026-05-25
"[CAMPANHA AQUISIÇÃO]","[C] [JEJOOM] [CBO]","ADS - MORGANA 2 24-12 — Cópia",unknown,inactive,1,1,1,,,,0.11000518,2025-10-13,Contínuo,110.0051798,,,,2026-01-01,2026-05-25
Nac,"[C] [VARIOS PRODUTO] [ABO] [BID]","AD - IA",unknown,not_delivering,1,1,1,,,,0.11,2026-05-12,Contínuo,110,,,,2026-01-01,2026-05-25
"[INOSITOL] [RMKT]","[C] [VARIOS PRODUTO] [ABO] [BID]","AD - BOFU RMKT1 17-05",unknown,not_delivering,1,1,1,,,,0.11,2026-05-17,Contínuo,110,,,,2026-01-01,2026-05-25
"[AQUISIÇÃO]  [ADV. +]","[C] [LM - PRINCIPAL][EX. BASE] [ADV. +] [CBO]","AD - tofu  teste ate 09-05",prospecting,inactive,8,8,1,,,,0.11,2026-01-23,Contínuo,13.75,,,,2026-01-01,2026-05-25
"[BM] [ANA ELISA]","[C] [LM - TESTE] [ABO]","EDITAR PARA CYBER",unknown,inactive,1,1,1,,,,0.11,2025-10-01,Contínuo,110,,,,2026-01-01,2026-05-25
"LP - TOPO LM","[C] [LM - PRINCIPAL][EX. BASE] [ADV. +] [CBO]","ADS - ANA ELISA 2",existing,archived,2,3,1.5,,,,0.11,2026-02-06,Contínuo,36.66666667,,,,2026-01-01,2026-05-25
"[RMKT LARANJA MORO-REATIVAÇÃO BASE QUENTE]","[C] [LM - RMKT] [ADV. ABO]","AD - NIVER 4",unknown,not_delivering,3,3,1,,,,0.11,2025-10-13,Contínuo,36.66666667,,,,2026-01-01,2026-05-25
"[TOFU] [TIK TOK] [EXCLUSAÕ BASE] [BID 60] - TESTE ATÉ 20-05","[C] [LM - TESTE] [ABO]","AD - MOFU ate 14-05",unknown,not_delivering,5,5,1,,,,0.11,2026-03-12,Contínuo,22,,,,2026-01-01,2026-05-25
"Conj - Vm","[C] [LM - TESTE] [ABO]","AD - LIS TOFU",unknown,inactive,2,2,1,,,,0.10999754,2026-01-30,Contínuo,54.99876802,,,,2026-01-01,2026-05-25
"[BOFU] [ADV+ ABERTO] [ESTATICO]","[C] [LM - TESTE] [ABO]",AD2,unknown,inactive,3,3,1,,,,0.10999587,2026-02-25,Contínuo,36.66529048,,,,2026-01-01,2026-05-25
"[BM] [ANA ELISA]","[C] [LM - TESTE] [ABO]","AD - MOFU ANA ELISA — Cópia",unknown,not_delivering,10,10,1,,,,0.10998734,2025-10-01,Contínuo,10.99873425,1,0.10998734,10,2026-01-01,2026-05-25
[RMK],"[C] [JEJOOM] [CBO]","AD - RMKT PERFIL LARI + DENA",unknown,active,6,6,1,,,,0.10007229,2026-04-17,Contínuo,16.67871566,,,,2026-01-01,2026-05-25
[RMK],"[C] [JEJOOM] [CBO]","AD - RMKT",unknown,active,5,6,1.2,,,,0.10005517,2026-04-17,Contínuo,16.675861,,,,2026-01-01,2026-05-25
"[VINAGRE] [RMKT]","[C] [VARIOS PRODUTO] [ABO] [BID]",AD2,unknown,active,4,4,1,"Compras no site",1,0.10005398,0.10005398,2026-01-20,Contínuo,25.01349446,,,,2026-01-01,2026-05-25
rmkt_tons_estáticos_visitantes-engajado-compradores_max-conv_cpa35_02-09-2025_7,"[C] [TONS] [PB DR]",tons4_rmkt_20-10-2025,unknown,not_delivering,2,2,1,,,,0.10000578,2025-09-02,Contínuo,50.00288949,,,,2026-01-01,2026-05-25
"[PUBLICO ABERTO]","[C] [WHITE]","ADS - DANI 3 — Cópia",prospecting,not_delivering,5,5,1,,,,0.1,2026-03-26,Contínuo,20,,,,2026-01-01,2026-05-25
"[AQUISIÇÃO]  [ADV. +]","[C] [LM - PRINCIPAL][EX. BASE] [ADV. +] [CBO]","ADS - EVELYN 2",unknown,inactive,1,1,1,,,,0.1,2026-01-23,Contínuo,100,,,,2026-01-01,2026-05-25
"[PUBLICO ABERTO]","[C] [TONS] [PB ABERTO] [TESTE BID CAP]","ADS 3 - MES DO CLIENTE — Cópia | Pausado ROAS baixo",unknown,archived,1,1,1,,,,0.1,2026-03-16,Contínuo,100,,,,2026-01-01,2026-05-25
"[PUBLICO ABERTO]","[C] [WHITE]","laranja-moro_dor_estatico7-18-08-2026 — Cópia",existing,not_delivering,1,1,1,,,,0.1,2026-03-26,Contínuo,100,,,,2026-01-01,2026-05-25
"[ANA ELISA]","[C] [LM - PRINCIPAL] - [PLANO B] 2 TESTE","ADS - INFLU ANA ELISA 3",engaged,archived,9,11,1.22222222,,,,0.1,2026-03-17,Contínuo,9.09090909,,,,2026-01-01,2026-05-25
"[PUBLICO ABERTO]","[C] [WHITE]","AD2 — Cópia",engaged,not_delivering,8,8,1,,,,0.1,2026-03-26,Contínuo,12.5,,,,2026-01-01,2026-05-25
"[PUBLICO ABERTO]","[C] [WHITE]","laranja-moro_dor_estatico1-18-08-2025 — Cópia",prospecting,not_delivering,4,4,1,,,,0.1,2026-03-26,Contínuo,25,,,,2026-01-01,2026-05-25
"teste publico novo - bid","[C] [LM - TESTE] [ABO]","AD - LUCIANA MOFU 2 — Cópia — Cópia",existing,not_delivering,2,2,1,,,,0.1,2026-02-19,Contínuo,50,,,,2026-01-01,2026-05-25
"Influ Evelyn BM - Vm","[C] [LM - TESTE] [ABO]","ADS 1",engaged,archived,6,6,1,,,,0.1,2026-02-04,Contínuo,16.66666667,,,,2026-01-01,2026-05-25
"[PUBLICO ABERTO]","[C] [WHITE]","AD1 — Cópia",prospecting,not_delivering,4,4,1,,,,0.1,2026-03-26,Contínuo,25,,,,2026-01-01,2026-05-25
"[PUBLICO ABERTO]","[C] [WHITE] TRAFEGO","laranja-moro_dor_estatico6-18-08-2025 — Cópia — Cópia",unknown,not_delivering,52,52,1,"Visualizações da página de destino",3,0.03333333,0.1,2026-03-26,Contínuo,1.92307692,3,0.03333333,5.76923077,2026-01-01,2026-05-25
"Influ Ingrid - Vm","[C] [LM - TESTE] [ABO]",AD3,unknown,archived,1,1,1,,,,0.1,2026-01-22,Contínuo,100,,,,2026-01-01,2026-05-25
"[PUBLICO ABERTO]","[C] [LM - PRINCIPAL] [PLANO B] 1 TESTE","ADS - EVELYN 2",unknown,inactive,1,1,1,,,,0.1,2025-12-10,Contínuo,100,,,,2026-01-01,2026-05-25
"[CAMPANHA AQUISIÇÃO]","[C] [JEJOOM] [CBO]","ADS - LARI 3 24-12",engaged,inactive,9,9,1,,,,0.1,2025-10-13,Contínuo,11.11111111,,,,2026-01-01,2026-05-25
"LP - 2","[C] [LM - PRINCIPAL][EX. BASE] [ADV. +] [CBO]","[2] 29/12 — Cópia",engaged,archived,12,12,1,,,,0.1,2026-01-19,Contínuo,8.33333333,,,,2026-01-01,2026-05-25
"[ADV ABER.]","[C] [LM - PRINCIPAL] - [PLANO B] 2 TESTE","ADS 3 — Cópia",unknown,inactive,1,1,1,,,,0.1,2026-02-25,Contínuo,100,,,,2026-01-01,2026-05-25
"[RMKT LARANJA MORO-REATIVAÇÃO BASE QUENTE]","[C] [LM - RMKT] [ADV. ABO]","AD - EVELYN NIVER 2 — Cópia",unknown,not_delivering,3,3,1,,,,0.09999961,2025-10-13,Contínuo,33.33320167,,,,2026-01-01,2026-05-25
"[TOFU] [TIK + ORG ] [ABERTO]","[C] [LM - TESTE] [ABO]","AD - MOFU ate 14-05 — Cópia",unknown,inactive,12,12,1,,,,0.09999875,2026-02-11,Contínuo,8.33322905,1,0.09999875,8.33333333,2026-01-01,2026-05-25
"[BM] [ANA ELISA]","[C] [LM - TESTE] [ABO]","AD - MOFU ANA ELISA",unknown,not_delivering,9,9,1,,,,0.09999605,2025-10-01,Contínuo,11.11067232,1,0.09999605,11.11111111,2026-01-01,2026-05-25
"[PUBLICO ABERTO]","[C] [TONS] [PB ABERTO] [TESTE BID CAP]","tons 1 - 25-11 | Reativado ROAS bom hoje",unknown,archived,1,1,1,,,,0.09999519,2026-03-16,Contínuo,99.99518664,,,,2026-01-01,2026-05-25
"[TOFU] [TIK TOK] [EXCLUSAÕ BASE] [BID 60] - TESTE ATÉ 20-05","[C] [LM - TESTE] [ABO]","AD - 5",unknown,not_delivering,10,10,1,,,,0.09000623,2026-03-12,Contínuo,9.00062267,,,,2026-01-01,2026-05-25
"[CAMPANHA AQUISIÇÃO]","[C] [JEJOOM] [CBO]","ADS - LARI 1 24-12",unknown,inactive,1,1,1,,,,0.09000405,2025-10-13,Contínuo,90.00404532,,,,2026-01-01,2026-05-25
"[PUBLICO ENG.] [DR]","[C] [TONS] [PB ABERTO] [TESTE BID CAP]","AD - TOFU 2",unknown,not_delivering,3,3,1,,,,0.09000377,2026-03-16,Contínuo,30.00125527,1,0.09000377,33.33333333,2026-01-01,2026-05-25
"[VINAGRE] [RMKT]","[C] [VARIOS PRODUTO] [ABO] [BID]","ADS1 - VM — Cópia",unknown,inactive,3,3,1,"Compras no site",1,0.09000348,0.09000348,2026-01-20,Contínuo,30.0011592,,,,2026-01-01,2026-05-25
"[EXCLUSÃO BASE] [ADV. +]","[C] [LM - PRINCIPAL][EX. BASE] [ADV. +] [CBO]","AD - BOFU",unknown,inactive,2,2,1,,,,0.09000062,2026-03-17,Contínuo,45.00031244,,,,2026-01-01,2026-05-25
"[PUBLICO ABERTO]","[C] [WHITE]","Rmkt Dani 2 — Cópia",prospecting,not_delivering,4,4,1,,,,0.09,2026-03-26,Contínuo,22.5,,,,2026-01-01,2026-05-25
"Influ Sabrina - LM TESTE TRAVA DE CPA","[C] [LM - TESTE] [ABO]","Criativo Versão 3 - Sabrina 29/12",engaged,archived,4,4,1,,,,0.09,2025-10-22,Contínuo,22.5,,,,2026-01-01,2026-05-25
"LP - 1","[C] [LM - PRINCIPAL][EX. BASE] [ADV. +] [CBO]","ADS - SABRINA 2",existing,archived,3,3,1,,,,0.09,2026-01-19,Contínuo,30,,,,2026-01-01,2026-05-25
"[AQUISIÇÃO]  [ADV. +]","[C] [LM - PRINCIPAL][EX. BASE] [ADV. +] [CBO]","ADS - RACHEL",engaged,inactive,3,4,1.33333333,,,,0.09,2026-01-23,Contínuo,22.5,,,,2026-01-01,2026-05-25
"LP - ATUAL","[C] [LM - PRINCIPAL][EX. BASE] [ADV. +] [CBO]","ADS - SABRINA 2",engaged,archived,3,3,1,,,,0.09,2026-01-19,Contínuo,30,,,,2026-01-01,2026-05-25
"[COENZIMA] [RMKT]","[C] [VARIOS PRODUTO] [ABO] [BID]","AD - RMKT",unknown,inactive,1,1,1,,,,0.09,2026-05-10,Contínuo,90,,,,2026-01-01,2026-05-25
EVELIN,"[C] [LM - TESTE] [ABO]","AD -  EVELYN",existing,inactive,7,8,1.14285714,,,,0.09,2026-05-18,Contínuo,11.25,1,0.09,12.5,2026-01-01,2026-05-25
"[ANA ELISA]","[C] [LM - PRINCIPAL] - [PLANO B] 2 TESTE","ADS - INFLU ANA ELISA 3",existing,archived,10,10,1,,,,0.09,2026-03-17,Contínuo,9,,,,2026-01-01,2026-05-25
"[EXCLUSÃO BASE] [ADV. +]","[C] [LM - PRINCIPAL][EX. BASE] [ADV. +] [CBO]","ADS - INFLU ANA ELISA",engaged,inactive,3,3,1,,,,0.09,2026-03-17,Contínuo,30,,,,2026-01-01,2026-05-25
"LP NOVA","[C] [TONS] [PB DR]","AD - DR URSINHO 18-05 — Cópia",unknown,not_delivering,2,2,1,,,,0.09,2026-02-09,Contínuo,45,,,,2026-01-01,2026-05-25
"LP - 1","[C] [LM - PRINCIPAL][EX. BASE] [ADV. +] [CBO]","ADS -  ANA ELISA 1",existing,archived,5,5,1,,,,0.09,2026-01-19,Contínuo,18,,,,2026-01-01,2026-05-25
"[BM JADE]","[C] [LM - TESTE] [ABO]","AD - JADE TOFU 19-05 BM JADE + DENA",unknown,inactive,8,9,1.125,,,,0.08999915,2026-04-17,Contínuo,9.99990607,,,,2026-01-01,2026-05-25
"Conj - Vm","[C] [LM - TESTE] [ABO]","AD - NIVER — Cópia",unknown,inactive,1,1,1,,,,0.08999897,2026-01-30,Contínuo,89.99897219,,,,2026-01-01,2026-05-25
"[RMKT LARANJA MORO-REATIVAÇÃO BASE QUENTE]","[C] [LM - RMKT] [ADV. ABO]","AD - EVELYN",unknown,not_delivering,3,3,1,,,,0.08999462,2025-10-13,Contínuo,29.99820817,,,,2026-01-01,2026-05-25
"[TOFU] [TIK + ORG ] [ABERTO]","[C] [LM - TESTE] [ABO]","AD - MOFU teste ate 08-05 — Cópia",unknown,active,7,7,1,,,,0.0804254,2026-02-11,Contínuo,11.48934237,,,,2026-01-01,2026-05-25
"[CAMPANHA AQUISIÇÃO]","[C] [JEJOOM] [CBO]","AD - MORGANA TOFU",unknown,active,10,10,1,,,,0.08004816,2025-10-13,Contínuo,8.00481625,,,,2026-01-01,2026-05-25
"Influ Kamili","[C] [LM - TESTE] [ABO]","ADS - KAMILI 29/12",unknown,archived,3,3,1,,,,0.08000787,2025-12-29,Contínuo,26.66929125,,,,2026-01-01,2026-05-25
"LP - ATUAL","[C] [LM - PRINCIPAL][EX. BASE] [ADV. +] [CBO]","[2] 29/12 — Cópia",engaged,archived,4,4,1,,,,0.08,2026-01-19,Contínuo,20,,,,2026-01-01,2026-05-25
"[PUBLICO ABERTO]","[C] [WHITE] TRAFEGO","laranja-moro_dor_estatico3-18-08-2026 — Cópia — Cópia",unknown,not_delivering,44,45,1.02272727,"Visualizações da página de destino",2,0.04,0.08,2026-03-26,Contínuo,1.77777778,2,0.04,4.44444444,2026-01-01,2026-05-25
"[ANA ELISA]","[C] [LM - PRINCIPAL] - [PLANO B] 2 TESTE","ADS - INFLU ANA ELISA",prospecting,archived,3,3,1,,,,0.08,2026-03-17,Contínuo,26.66666667,,,,2026-01-01,2026-05-25
"[PUBLICO ABERTO]","[C] [WHITE]","ADS - DANI 3 — Cópia",engaged,inactive,4,4,1,,,,0.08,2026-03-26,Contínuo,20,,,,2026-01-01,2026-05-25
EVELIN,"[C] [LM - TESTE] [ABO]","AD - EVELYN VM",engaged,inactive,10,10,1,,,,0.08,2026-05-18,Contínuo,8,1,0.08,10,2026-01-01,2026-05-25
"TONS TESTE","[C] [TONS] [PB DR]","AD - MOFU 7",existing,inactive,1,1,1,,,,0.08,2026-04-06,Contínuo,80,,,,2026-01-01,2026-05-25
"Influ Morgana - Jejoom","[C] [LM - TESTE] [ABO]",ADS1,unknown,inactive,1,1,1,,,,0.08,2026-03-02,Contínuo,80,,,,2026-01-01,2026-05-25
EVELIN,"[C] [LM - TESTE] [ABO]","AD - EVELYN VM",prospecting,inactive,12,12,1,,,,0.08,2026-05-18,Contínuo,6.66666667,,,,2026-01-01,2026-05-25
"TESTE RAIZA ATE 21-03","[C] [LM - PRINCIPAL] - [PLANO B] 2 TESTE",AD1,engaged,archived,4,4,1,,,,0.08,2026-03-17,Contínuo,20,,,,2026-01-01,2026-05-25
suldes,"[C] [LM - TESTE] [ABO]",ad,unknown,not_delivering,4,4,1,,,,0.08,2026-05-19,Contínuo,20,,,,2026-01-01,2026-05-25
"[ANA ELISA]","[C] [LM - PRINCIPAL] - [PLANO B] 2 TESTE",ADS2,unknown,inactive,2,2,1,,,,0.07999872,2026-03-17,Contínuo,39.99935933,1,0.07999872,50,2026-01-01,2026-05-25
"[PUBLICO ENG.] [DR]","[C] [TONS] [PB ABERTO] [TESTE BID CAP]","AD - TOFU 1",unknown,not_delivering,3,3,1,,,,0.07999731,2026-03-16,Contínuo,26.66576887,,,,2026-01-01,2026-05-25
"Conj. - Q10","[C] [LM - TESTE] [ABO]",ADS,unknown,not_delivering,2,2,1,,,,0.07999686,2026-02-20,Contínuo,39.9984319,,,,2026-01-01,2026-05-25
"[RMKT LARANJA MORO-REATIVAÇÃO BASE QUENTE]","[C] [LM - RMKT] [ADV. ABO]","AD - EVELYN TOFU — Cópia",unknown,active,4,4,1,,,,0.07998657,2025-10-13,Contínuo,19.99664311,,,,2026-01-01,2026-05-25
"Influ Jessica - Lm","[C] [LM - TESTE] [ABO]","ADS 1",unknown,not_delivering,1,1,1,,,,0.0700247,2026-02-27,Contínuo,70.02469717,,,,2026-01-01,2026-05-25
"[PUBLICO ABERTO] — Cópia","[C] [LM - PRINCIPAL] [PLANO B] 1 TESTE","ADS - SABRINA 1",unknown,archived,2,2,1,,,,0.0700044,2026-01-08,Contínuo,35.00220015,,,,2026-01-01,2026-05-25
"[PUBLICO LARISSA]","[C] [JEJOOM] [CBO]","ADS - LARISSA 07/01",unknown,archived,2,2,1,,,,0.07000247,2025-10-13,Contínuo,35.00123423,,,,2026-01-01,2026-05-25
"[VINAGRE] [RMKT]","[C] [VARIOS PRODUTO] [ABO] [BID]","AD - RAIZA TOFU",uncategorized,active,0,14,0,,,,0.07000149,2026-01-20,Contínuo,5.00010624,,,,2026-01-01,2026-05-25
"[AQUISIÇÃO]  [ADV. +]","[C] [LM - PRINCIPAL][EX. BASE] [ADV. +] [CBO]","ADS - LARISSA — Cópia",unknown,inactive,1,1,1,,,,0.07000079,2026-01-23,Contínuo,70.00078912,,,,2026-01-01,2026-05-25
"Arte - Organica Lm","[C] [LM - TESTE] [ABO]",AD4,unknown,not_delivering,1,1,1,,,,0.07,2026-01-26,Contínuo,70,,,,2026-01-01,2026-05-25
EVELIN,"[C] [LM - TESTE] [ABO]","AD -  EVELYN",prospecting,inactive,10,11,1.1,,,,0.07,2026-05-18,Contínuo,6.36363636,,,,2026-01-01,2026-05-25
"[PUBLICO ABERTO]","[C] [WHITE]","AD4 — Cópia",engaged,not_delivering,1,1,1,,,,0.07,2026-03-26,Contínuo,70,,,,2026-01-01,2026-05-25
"[PUBLICO ABERTO]","[C] [WHITE]","AD5 - FUNDO — Cópia",prospecting,not_delivering,3,4,1.33333333,,,,0.07,2026-03-26,Contínuo,17.5,,,,2026-01-01,2026-05-25
"Influ Evelyn - Vm","[C] [LM - TESTE] [ABO]","ADS 1",engaged,not_delivering,8,8,1,,,,0.07,2026-01-29,Contínuo,8.75,,,,2026-01-01,2026-05-25
"[BM JADE]","[C] [LM - TESTE] [ABO]","AD - JADE TOFU 19-05 BM JADE + DENA — Cópia",unknown,inactive,2,2,1,,,,0.07,2026-04-17,Contínuo,35,,,,2026-01-01,2026-05-25
"[TOFU] - [EX. PURCHASE]","[C] [LM - PRINCIPAL] - [PLANO B] 2 TESTE","AD - TOFU",existing,not_delivering,21,21,1,,,,0.07,2026-03-25,Contínuo,3.33333333,,,,2026-01-01,2026-05-25
"[PUBLICO ABERTO]","[C] [WHITE]","ADS - DANI 3 — Cópia",existing,not_delivering,6,6,1,,,,0.07,2026-03-26,Contínuo,11.66666667,,,,2026-01-01,2026-05-25
"[PUBLICO ENG.] [DR]","[C] [TONS] [PB DR]","tons2_rmkt_20-10-2025-pagdenavita — Cópia",unknown,archived,1,1,1,,,,0.07,2025-06-20,Contínuo,70,,,,2026-01-01,2026-05-25
"[AQUISIÇÃO]  [ADV. +]","[C] [LM - PRINCIPAL][EX. BASE] [ADV. +] [CBO]","ADS - RACHEL",existing,inactive,5,5,1,,,,0.07,2026-01-23,Contínuo,14,,,,2026-01-01,2026-05-25
"LP - 1","[C] [LM - PRINCIPAL][EX. BASE] [ADV. +] [CBO]","ADS - SABRINA 2",engaged,archived,4,4,1,,,,0.07,2026-01-19,Contínuo,17.5,,,,2026-01-01,2026-05-25
"[ANA ELISA]","[C] [LM - PRINCIPAL] - [PLANO B] 2 TESTE","ADS - INFLU ANA ELISA 2",existing,archived,4,4,1,,,,0.07,2026-03-17,Contínuo,17.5,,,,2026-01-01,2026-05-25
"LP - ATUAL","[C] [LM - PRINCIPAL][EX. BASE] [ADV. +] [CBO]","ADS - SABRINA 2",existing,archived,7,7,1,,,,0.07,2026-01-19,Contínuo,10,,,,2026-01-01,2026-05-25
"[AQUISIÇÃO]  [ADV. +]","[C] [LM - PRINCIPAL][EX. BASE] [ADV. +] [CBO]","ADS - ORGANICO LM 2",unknown,inactive,4,4,1,,,,0.07,2026-01-23,Contínuo,17.5,,,,2026-01-01,2026-05-25
"Carrossel - Lm","[C] [LM - TESTE] [ABO]","ADS3- Q10 — Cópia",engaged,inactive,4,4,1,,,,0.07,2026-02-20,Contínuo,17.5,,,,2026-01-01,2026-05-25
"[PUBLICO ABERTO]","[C] [WHITE] TRAFEGO","laranja-moro_dor_estatico7-18-08-2026 — Cópia — Cópia",unknown,not_delivering,51,51,1,"Visualizações da página de destino",2,0.035,0.07,2026-03-26,Contínuo,1.37254902,2,0.035,3.92156863,2026-01-01,2026-05-25
"[PUBLICO ENG.] [DR]","[C] [TONS] - TESTE MAX. VALOR ATÉ 11-03","ADS 3 - 18-02",unknown,not_delivering,1,1,1,,,,0.07,2026-03-04,Contínuo,70,,,,2026-01-01,2026-05-25
"[PUBLICO ABERTO]","[C] [WHITE]","laranja-moro_dor_estatico3-18-08-2026 — Cópia",engaged,not_delivering,1,1,1,,,,0.07,2026-03-26,Contínuo,70,,,,2026-01-01,2026-05-25
"[CAMPANHA AQUISIÇÃO]","[C] [JEJOOM] [CBO]","ADS - LARI 6",unknown,inactive,1,1,1,,,,0.06999884,2025-10-13,Contínuo,69.99884283,,,,2026-01-01,2026-05-25
"LP - ATUAL","[C] [LM - PRINCIPAL][EX. BASE] [ADV. +] [CBO]","Rmkt Dani 2 — Cópia",unknown,archived,1,1,1,,,,0.06999851,2026-01-19,Contínuo,69.99851128,,,,2026-01-01,2026-05-25
"Arte - Organica Tons ###","[C] [LM - TESTE] [ABO]",AD3,unknown,inactive,2,2,1,,,,0.06999835,2026-01-26,Contínuo,34.99917273,,,,2026-01-01,2026-05-25
"[AQUISIÇÃO]  [ADV. +]","[C] [LM - PRINCIPAL][EX. BASE] [ADV. +] [CBO]","AD - ALESSANDRA — Cópia",unknown,active,4,4,1,,,,0.06997659,2026-01-23,Contínuo,17.49414791,,,,2026-01-01,2026-05-25
"[BOFU] [ADV+ ABERTO] [ESTATICO]","[C] [LM - TESTE] [ABO]",AD1,unknown,inactive,6,6,1,,,,0.06996101,2026-02-25,Contínuo,11.66016762,,,,2026-01-01,2026-05-25
"Arte Organica - Digestino","[C] [LM - TESTE] [ABO]","AD - JESSICA",unknown,not_delivering,7,7,1,,,,0.0692476,2026-02-20,Contínuo,9.89251393,,,,2026-01-01,2026-05-25
"[MOFU] [TIK TOK] - TESTE ATÉ 20-05","[C] [LM - TESTE] [ABO]","AD - 5",unknown,not_delivering,1,1,1,,,,0.06000853,2026-05-17,Contínuo,60.00852878,,,,2026-01-01,2026-05-25
"[VINAGRE] [RMKT]","[C] [VARIOS PRODUTO] [ABO] [BID]","AD - TOFU — Cópia — Cópia",unknown,active,1,1,1,,,,0.06000703,2026-01-20,Contínuo,60.00703235,,,,2026-01-01,2026-05-25
"Influ Maritza 1 - LM TESTE TRAVA DE CPA","[C] [LM - TESTE] [ABO]",24-12,unknown,archived,1,1,1,,,,0.0600056,2025-11-25,Contínuo,60.00560329,,,,2026-01-01,2026-05-25
"[PUBLICO ABERTO]","[C] [TONS] [PB ABERTO] [TESTE BID CAP]","AD - TOFU 1",unknown,not_delivering,1,1,1,,,,0.06000165,2026-03-16,Contínuo,60.00165425,,,,2026-01-01,2026-05-25
"[RMKT LARANJA MORO-REATIVAÇÃO BASE QUENTE]","[C] [LM - RMKT] [ADV. ABO]","AD - RMKT",unknown,inactive,2,2,1,"Compras no site",1,0.06000033,0.06000033,2025-10-13,Contínuo,30.00016434,,,,2026-01-01,2026-05-25
"[EXCLUSÃO BASE] [ADV. +]","[C] [LM - PRINCIPAL][EX. BASE] [ADV. +] [CBO]","AD - EVELYN TOFU",unknown,inactive,2,2,1,,,,0.06000032,2026-03-17,Contínuo,30.00015771,,,,2026-01-01,2026-05-25
"[AQUISIÇÃO]  [ADV. +]","[C] [LM - PRINCIPAL][EX. BASE] [ADV. +] [CBO]","AD - MOFU teste ate 08-05",unknown,inactive,5,5,1,,,,0.06000031,2026-01-23,Contínuo,12.00006105,,,,2026-01-01,2026-05-25
"[PUBLICO ABERTO]","[C] [WHITE]","laranja-moro_dor_estatico3-18-08-2026 — Cópia",existing,not_delivering,2,2,1,,,,0.06,2026-03-26,Contínuo,30,,,,2026-01-01,2026-05-25
"LP NOVA","[C] [TONS] [PB DR]","AD - BOFU — Cópia",unknown,not_delivering,1,1,1,,,,0.06,2026-02-09,Contínuo,60,,,,2026-01-01,2026-05-25
"[AQUISIÇÃO]  [ADV. +]","[C] [LM - PRINCIPAL][EX. BASE] [ADV. +] [CBO]","AD - TOFU",unknown,inactive,1,1,1,,,,0.06,2026-01-23,Contínuo,60,,,,2026-01-01,2026-05-25
"Conj. - Q10","[C] [LM - TESTE] [ABO]","ADS2- DANI",unknown,not_delivering,4,6,1.5,,,,0.06,2026-02-20,Contínuo,10,,,,2026-01-01,2026-05-25
"[TOFU] [TIK + ORG ] [ABERTO]","[C] [LM - TESTE] [ABO]","AD1 — Cópia",unknown,inactive,1,1,1,,,,0.06,2026-02-11,Contínuo,60,,,,2026-01-01,2026-05-25
"ABER. — Cópia | Pausado checkout caro","[C] [TONS] [PB ABERTO] [TESTE BID CAP]","ADS 3 - MES DO CLIENTE",existing,archived,1,1,1,,,,0.06,2026-03-16,Contínuo,60,,,,2026-01-01,2026-05-25
"[CAMPANHA AQUISIÇÃO]","[C] [JEJOOM] [CBO]","AD - LARI 2",prospecting,inactive,16,18,1.125,,,,0.06,2025-10-13,Contínuo,3.33333333,,,,2026-01-01,2026-05-25
adv-aqui-rmkt_laranja-moro_engajado-existente_5-existente_max-conv_26-05-2025,"[C][LM - PRINCIPAL] [ADV. EXCLUSÃO DE CLIENTES]",Criativo-Campeão-5-estatico-fundo,unknown,inactive,2,2,1,,,,0.06,2024-09-17,Contínuo,30,,,,2026-01-01,2026-05-25
"ABER. — Cópia | Pausado checkout caro","[C] [TONS] [PB ABERTO] [TESTE BID CAP]","ADS 2 - 18-02",prospecting,archived,1,1,1,,,,0.06,2026-03-16,Contínuo,60,,,,2026-01-01,2026-05-25
"[TOFU] - [EX. PURCHASE]","[C] [LM - PRINCIPAL] - [PLANO B] 2 TESTE","ADS - LARISSA",unknown,not_delivering,4,4,1,,,,0.05999946,2026-03-25,Contínuo,14.99986394,,,,2026-01-01,2026-05-25
"[TOFU] [TIK TOK] [EXCLUSAÕ BASE] [BID 60] - TESTE ATÉ 20-05","[C] [LM - TESTE] [ABO]","AD - MOFU teste ate 08-05",unknown,inactive,12,12,1,,,,0.05999931,2026-03-12,Contínuo,4.99994212,,,,2026-01-01,2026-05-25
"teste aquisição ate dia 15  - Lm","[C] [LM - TESTE] [ABO]","ADS 6 — Cópia",unknown,inactive,2,2,1,,,,0.05999926,2026-02-04,Contínuo,29.99963108,,,,2026-01-01,2026-05-25
adv-aqui-rmtk_coezima-q10_engajado-existente_5-existentes_max-conv_26-05-2025,"[C] [COQ.10][PRINCIPAL]","AD1 ANIVERSARIO",unknown,not_delivering,1,1,1,,,,0.05999915,2025-01-20,Contínuo,59.99914725,,,,2026-01-01,2026-05-25
"[TOFU] [TIK TOK] [EXCLUSAÕ BASE] [BID 60] - TESTE ATÉ 20-05","[C] [LM - TESTE] [ABO]","AD - MOFU teste ate 08-05",unknown,inactive,13,13,1,,,,0.05999838,2026-03-12,Contínuo,4.6152599,,,,2026-01-01,2026-05-25
"[TOFU] [TIK TOK] [EXCLUSAÕ BASE] [BID 60] - TESTE ATÉ 20-05","[C] [LM - TESTE] [ABO]","AD - MOFU ate 14-05",unknown,inactive,4,4,1,,,,0.05999613,2026-03-12,Contínuo,14.9990329,,,,2026-01-01,2026-05-25
"[BOFU] [ADV+ ABERTO] [ESTATICO]","[C] [LM - TESTE] [ABO]","AD - DANI TOFU 2",unknown,not_delivering,5,6,1.2,,,,0.05999606,2026-02-25,Contínuo,9.99934265,,,,2026-01-01,2026-05-25
"[HIBRIDO] [ESTATICO ORG.] [BID 60]","[C] [LM - TESTE] [ABO]","AD - NIVER 4",unknown,inactive,1,1,1,,,,0.05999447,2026-03-20,Contínuo,59.99447234,,,,2026-01-01,2026-05-25
ABER.,"[C] [TONS] [PB ABERTO] [TESTE BID CAP]","ADS - ASIATICA | Pausado ROAS baixo",unknown,archived,4,5,1.25,,,,0.05999355,2026-03-16,Contínuo,11.99870924,,,,2026-01-01,2026-05-25
"TESTE RACHEL ATE 21-03","[C] [LM - PRINCIPAL][EX. BASE] [ADV. +] [CBO]",AD2,unknown,archived,1,1,1,,,,0.05998927,2026-03-17,Contínuo,59.98926655,,,,2026-01-01,2026-05-25
"[RMKT LARANJA MORO-REATIVAÇÃO BASE QUENTE]","[C] [LM - RMKT] [ADV. ABO]","[VERÃO 3] [BOFU]",unknown,not_delivering,2,2,1,,,,0.05000583,2025-10-13,Contínuo,25.00291283,,,,2026-01-01,2026-05-25
"[ADV ABER.]","[C] [LM - PRINCIPAL] - [PLANO B] 2 TESTE","AD1 — Cópia",unknown,inactive,3,3,1,,,,0.0500033,2026-02-25,Contínuo,16.66776674,,,,2026-01-01,2026-05-25
"[RMKT LARANJA MORO-REATIVAÇÃO BASE QUENTE]","[C] [LM - RMKT] [ADV. ABO]","ADSS - ORGANICO 2",unknown,inactive,1,1,1,,,,0.05000256,2025-10-13,Contínuo,50.0025565,,,,2026-01-01,2026-05-25
"[HIBRIDO] [ESTATICO ORG.] [BID 60]","[C] [LM - TESTE] [ABO]","AD - BOFU — Cópia",unknown,inactive,1,1,1,,,,0.05000123,2026-03-20,Contínuo,50.00123226,,,,2026-01-01,2026-05-25
"[PUBLICO ENG.] [DR]","[C] [TONS] [PB DR]","ADS 3 - 18-02",unknown,archived,2,2,1,,,,0.05000044,2025-06-20,Contínuo,25.00022101,,,,2026-01-01,2026-05-25
"Influ Evelyn BM - Vm","[C] [LM - TESTE] [ABO]","ADS 1",existing,archived,6,6,1,,,,0.05,2026-02-04,Contínuo,8.33333333,,,,2026-01-01,2026-05-25
"[PUBLICO ENG.] [DR]","[C] [TONS] [PB DR]","ADS - 2025",unknown,archived,1,1,1,,,,0.05,2025-06-20,Contínuo,50,,,,2026-01-01,2026-05-25
"teste aquisição ate dia 15  - Lm","[C] [LM - TESTE] [ABO]","AD - ANA MOFU",unknown,inactive,2,2,1,,,,0.05,2026-02-04,Contínuo,25,,,,2026-01-01,2026-05-25
"Influ Vitoria - Lm","[C] [LM - TESTE] [ABO]",AD1,unknown,not_delivering,1,1,1,,,,0.05,2026-03-12,Contínuo,50,,,,2026-01-01,2026-05-25
"[TOFU] - [EX. PURCHASE]","[C] [LM - PRINCIPAL] - [PLANO B] 2 TESTE","AD - TOFU",prospecting,not_delivering,37,37,1,,,,0.05,2026-03-25,Contínuo,1.35135135,,,,2026-01-01,2026-05-25
"[RMKT LARANJA MORO-REATIVAÇÃO BASE QUENTE]","[C] [LM - RMKT] [ADV. ABO]","AD - BOFU 1 — Cópia — Cópia",unknown,inactive,2,2,1,,,,0.05,2025-10-13,Contínuo,25,,,,2026-01-01,2026-05-25
"[PUBLICO ABERTO]","[C] [WHITE]","laranja-moro_dor_estatico1-18-08-2025 — Cópia",engaged,not_delivering,2,2,1,,,,0.05,2026-03-26,Contínuo,25,,,,2026-01-01,2026-05-25
[EVELIN],"[C] [LM - PRINCIPAL][EX. BASE] [ADV. +] [CBO]","AD - TOFU/MOFU",unknown,inactive,2,2,1,,,,0.05,2026-03-31,Contínuo,25,,,,2026-01-01,2026-05-25
"Conj. - Tipo 2","[C] [LM - TESTE] [ABO]","AD - BOFU",unknown,not_delivering,1,1,1,,,,0.05,2026-02-27,Contínuo,50,,,,2026-01-01,2026-05-25
"TONS TESTE","[C] [TONS] [PB DR]","AD- NIVER 5",unknown,not_delivering,1,1,1,,,,0.05,2026-04-06,Contínuo,50,,,,2026-01-01,2026-05-25
"LP - 1","[C] [LM - PRINCIPAL][EX. BASE] [ADV. +] [CBO]","[2] 29/12 — Cópia",engaged,archived,6,6,1,,,,0.05,2026-01-19,Contínuo,8.33333333,,,,2026-01-01,2026-05-25
"LP - 2","[C] [LM - PRINCIPAL][EX. BASE] [ADV. +] [CBO]","ADS - SABRINA 2",engaged,archived,10,10,1,,,,0.05,2026-01-19,Contínuo,5,,,,2026-01-01,2026-05-25
"Adeli - Lm e Vm","[C] [LM - TESTE] [ABO]",AD2,unknown,not_delivering,1,1,1,,,,0.05,2026-03-12,Contínuo,50,,,,2026-01-01,2026-05-25
"[PUBLICO ABERTO]","[C] [WHITE]","laranja-moro_dor_estatico5-18-08-2025 — Cópia",engaged,not_delivering,3,4,1.33333333,,,,0.05,2026-03-26,Contínuo,12.5,,,,2026-01-01,2026-05-25
"[PUBLICO ABERTO]","[C] [WHITE]","laranja-moro_dor_estatico4-18-08-2025 — Cópia",prospecting,not_delivering,5,5,1,,,,0.05,2026-03-26,Contínuo,10,,,,2026-01-01,2026-05-25
"[PUBLICO ABERTO]","[C] [WHITE]","laranja-moro_dor_estatico1-18-08-2025 — Cópia",existing,not_delivering,2,2,1,,,,0.05,2026-03-26,Contínuo,25,,,,2026-01-01,2026-05-25
"[CAMPANHA AQUISIÇÃO]","[C] [JEJOOM] [CBO]","ADS - MORGANA",unknown,inactive,1,1,1,,,,0.04999953,2025-10-13,Contínuo,49.99953463,,,,2026-01-01,2026-05-25
"[PUBLICO ENG.] [DR]","[C] [TONS] [PB DR]","AD - SHOOTING TOFU 2",unknown,inactive,1,1,1,,,,0.04999928,2025-06-20,Contínuo,49.99928028,,,,2026-01-01,2026-05-25
[MOFU],"[C] [LM - PRINCIPAL] - [PLANO B] 2 TESTE","AD - MOFU",unknown,not_delivering,4,4,1,,,,0.04999921,2026-03-31,Contínuo,12.49980221,,,,2026-01-01,2026-05-25
"[TOFU][PERFIL NOVO]  TESTE","[C] [LM - PRINCIPAL] - [PLANO B] 2 TESTE",AD3,unknown,not_delivering,2,2,1,,,,0.04999921,2026-03-16,Contínuo,24.99960377,,,,2026-01-01,2026-05-25
"[RMKT LARANJA MORO-REATIVAÇÃO BASE QUENTE]","[C] [LM - RMKT] [ADV. ABO]","AD - JADE TOFU",unknown,inactive,4,4,1,,,,0.04999895,2025-10-13,Contínuo,12.49973797,,,,2026-01-01,2026-05-25
"[COENZIMA] [RMKT]","[C] [VARIOS PRODUTO] [ABO] [BID]","AD - RMKT 3",unknown,inactive,2,2,1,,,,0.04999865,2026-05-10,Contínuo,24.99932709,,,,2026-01-01,2026-05-25
[MOFU],"[C] [LM - PRINCIPAL] - [PLANO B] 2 TESTE","ADS 4",unknown,not_delivering,1,1,1,,,,0.04999823,2026-03-31,Contínuo,49.99822609,,,,2026-01-01,2026-05-25
"[TOFU][PERFIL NOVO]  TESTE","[C] [LM - PRINCIPAL] - [PLANO B] 2 TESTE",AD2,unknown,not_delivering,4,4,1,"Compras no site",1,0.04999804,0.04999804,2026-03-16,Contínuo,12.49950986,,,,2026-01-01,2026-05-25
"[Publico Quente] [TESTE]","[C] [DIGESTINO] [PRINCIPAL]","Teste - ADS - LIS",unknown,inactive,1,1,1,,,,0.04999127,2025-12-24,Contínuo,49.99126915,,,,2026-01-01,2026-05-25
"[PUBLICO ENG.] [DR]","[C] [TONS] [PB DR]","tons 3 - 25-11 — Cópia",unknown,active,2,2,1,,,,0.0400058,2025-06-20,Contínuo,20.00290235,,,,2026-01-01,2026-05-25
"[PUBLICO ENG.] [DR]","[C] [TONS] [PB DR]","ADS - DR 1",unknown,inactive,1,1,1,,,,0.0400048,2025-06-20,Contínuo,40.00480471,,,,2026-01-01,2026-05-25
"[AQUISIÇÃO]  [ADV. +]","[C] [LM - PRINCIPAL][EX. BASE] [ADV. +] [CBO]","ADS - DANI",unknown,inactive,1,1,1,,,,0.04000021,2026-01-23,Contínuo,40.00021481,,,,2026-01-01,2026-05-25
"[BOFU] [ADV+ ABERTO] [ESTATICO]","[C] [LM - TESTE] [ABO]",AD4,unknown,inactive,3,3,1,,,,0.04000015,2026-02-25,Contínuo,13.33338433,,,,2026-01-01,2026-05-25
"[BM] [ANA ELISA]","[C] [LM - TESTE] [ABO]","AD - MOFU ANA ELISA",unknown,not_delivering,5,5,1,,,,0.04000014,2025-10-01,Contínuo,8.00002727,1,0.04000014,20,2026-01-01,2026-05-25
"[VINAGRE] [RMKT]","[C] [VARIOS PRODUTO] [ABO] [BID]","ADS 3 - NOVO VM — Cópia",unknown,inactive,1,1,1,,,,0.04,2026-01-20,Contínuo,40,,,,2026-01-01,2026-05-25
"[COENZIMA] [RMKT]","[C] [VARIOS PRODUTO] [ABO] [BID]","ADS2- SABRINA",unknown,inactive,1,1,1,,,,0.04,2026-05-10,Contínuo,40,,,,2026-01-01,2026-05-25
"Conj. - Q10","[C] [LM - TESTE] [ABO]","ADS 2",engaged,inactive,5,5,1,,,,0.04,2026-02-20,Contínuo,8,,,,2026-01-01,2026-05-25
"[HIBRIDO] [ESTATICO ORG.] [BID 60]","[C] [LM - TESTE] [ABO]","AD - BOFU 2 — Cópia",unknown,inactive,2,2,1,,,,0.04,2026-03-20,Contínuo,20,,,,2026-01-01,2026-05-25
"Influ Morgana - Jejoom","[C] [LM - TESTE] [ABO]",ADS9,unknown,inactive,1,1,1,,,,0.04,2026-03-02,Contínuo,40,,,,2026-01-01,2026-05-25
"LP NOVA","[C] [TONS] [PB DR]",tons_dr-ursinho_video-reels_10-07-2025_mais-qual-usar,unknown,inactive,1,1,1,,,,0.04,2026-02-09,Contínuo,40,,,,2026-01-01,2026-05-25
"Evelyn Regly BM - LM","[C] [LM - TESTE] [ABO]","ADS 3 - NOVO VM",prospecting,not_delivering,9,10,1.11111111,,,,0.04,2026-02-04,Contínuo,4,1,0.04,10,2026-01-01,2026-05-25
"[PUBLICO ABERTO]","[C] [WHITE] TRAFEGO","laranja-moro_dor_estatico1-18-08-2025 — Cópia — Cópia",unknown,not_delivering,40,42,1.05,"Visualizações da página de destino",2,0.02,0.04,2026-03-26,Contínuo,0.95238095,2,0.02,4.76190476,2026-01-01,2026-05-25
"Influ Djeeny Kock","[C] [LM - TESTE] [ABO]","Criativo 2 - Versão 2 Reduzida",existing,archived,1,1,1,,,,0.04,2025-10-07,Contínuo,40,,,,2026-01-01,2026-05-25
"[VINAGRE] [RMKT]","[C] [VARIOS PRODUTO] [ABO] [BID]","AD - MOFU MARCELA 17-05",unknown,inactive,2,2,1,,,,0.04,2026-01-20,Contínuo,20,,,,2026-01-01,2026-05-25
"[PUBLICO ABERTO]","[C] [WHITE]","AD1 — Cópia",existing,not_delivering,4,4,1,,,,0.04,2026-03-26,Contínuo,10,,,,2026-01-01,2026-05-25
"[PUBLICO ABERTO]","[C] [WHITE]","laranja-moro_dor_estatico6-18-08-2025 — Cópia",unknown,not_delivering,1,1,1,,,,0.04,2026-03-26,Contínuo,40,,,,2026-01-01,2026-05-25
"TESTE RACHEL ATE 21-03","[C] [LM - PRINCIPAL][EX. BASE] [ADV. +] [CBO]",AD3,unknown,archived,1,1,1,,,,0.04,2026-03-17,Contínuo,40,,,,2026-01-01,2026-05-25
"[PUBLICO ABERTO]","[C] [TONS] [PB ABERTO] [TESTE BID CAP]","AD1 - VERAO — Cópia | Pausado sem checkout e sem conversões",unknown,archived,1,1,1,,,,0.04,2026-03-16,Contínuo,40,,,,2026-01-01,2026-05-25
"[BM JADE]","[C] [LM - TESTE] [ABO]","AD - JADE TOFU",unknown,inactive,6,6,1,,,,0.04,2026-04-17,Contínuo,6.66666667,,,,2026-01-01,2026-05-25
"[PERFIL NOVO]","[C] [LM - PRINCIPAL] - [PLANO B] 2 TESTE","AD - 1",unknown,not_delivering,1,1,1,,,,0.03999881,2026-03-25,Contínuo,39.99880892,,,,2026-01-01,2026-05-25
"Lm Perfil Novo","[C] [LM - TESTE] [ABO]","AD - LARI MOFU",unknown,not_delivering,3,3,1,,,,0.03999528,2025-11-03,Contínuo,13.33175841,,,,2026-01-01,2026-05-25
ABER.,"[C] [TONS] [PB ABERTO] [TESTE BID CAP]","tons4_rmkt_20-10-2025 — Cópia | Pausado ROAS baixo",unknown,archived,8,8,1,,,,0.03999314,2026-03-16,Contínuo,4.99914288,,,,2026-01-01,2026-05-25
"[BM] [ANA ELISA]","[C] [LM - TESTE] [ABO]","AD - RMK NIVER",unknown,inactive,1,1,1,,,,0.03999093,2025-10-01,Contínuo,39.99092747,,,,2026-01-01,2026-05-25
"[TOFU] [TIK TOK] [EXCLUSAÕ BASE] [BID 60] - TESTE ATÉ 20-05","[C] [LM - TESTE] [ABO]","AD - MOFU",unknown,inactive,1,1,1,,,,0.03998533,2026-03-12,Contínuo,39.98532828,,,,2026-01-01,2026-05-25
"[TOFU] [TIK]","[C] [LM - TESTE] [ABO]","AD - MOFU ate 14-05 — Cópia",unknown,active,1,1,1,,,,0.03028477,2026-05-23,Contínuo,30.28477071,,,,2026-01-01,2026-05-25
"[AQUISIÇÃO]  [ADV. +]","[C] [LM - PRINCIPAL][EX. BASE] [ADV. +] [CBO]","AD - MOFU teste ate 08-05",unknown,inactive,4,4,1,,,,0.0300014,2026-01-23,Contínuo,7.5003492,,,,2026-01-01,2026-05-25
"teste aquisição ate dia 15  - Lm","[C] [LM - TESTE] [ABO]","AD - ANA MOFU",unknown,inactive,2,2,1,,,,0.0300008,2026-02-04,Contínuo,15.00039973,,,,2026-01-01,2026-05-25
adv-engajado-laranja-mouro-sudeste-sul-centro,"[C][LM - COST CAP WINNERS] [ [CBO]","Estático 2 - Laranja Mouro",unknown,not_delivering,1,1,1,,,,0.03000068,2025-08-27,Contínuo,30.00068157,,,,2026-01-01,2026-05-25
"[PUBLICO ABERTO]","[C] [WHITE]","laranja-moro_dor_estatico4-18-08-2025 — Cópia",engaged,not_delivering,3,3,1,,,,0.03,2026-03-26,Contínuo,10,,,,2026-01-01,2026-05-25
"Carrossel - Lm","[C] [LM - TESTE] [ABO]","CARROSSEL 3 - 18-02",existing,not_delivering,2,2,1,,,,0.03,2026-02-20,Contínuo,15,,,,2026-01-01,2026-05-25
"[RMKT LARANJA MORO-REATIVAÇÃO BASE QUENTE]","[C] [LM - RMKT] [ADV. ABO]","AD - MOFU EVELYN  REFAÇÃO 17-05",unknown,active,1,1,1,,,,0.03,2025-10-13,Contínuo,30,1,0.03,100,2026-01-01,2026-05-25
"[PUBLICO ABERTO]","[C] [WHITE] TRAFEGO","laranja-moro_dor_estatico2-18-08-2025 — Cópia — Cópia",unknown,not_delivering,28,29,1.03571429,,,,0.03,2026-03-26,Contínuo,1.03448276,,,,2026-01-01,2026-05-25
"Carrossel - Lm","[C] [LM - TESTE] [ABO]","CARROSSEL 1 - 18-02",unknown,not_delivering,1,1,1,,,,0.03,2026-02-20,Contínuo,30,,,,2026-01-01,2026-05-25
"LP - 1","[C] [LM - PRINCIPAL][EX. BASE] [ADV. +] [CBO]","CRIATIVO 2 RMKT — Cópia",prospecting,archived,2,2,1,,,,0.03,2026-01-19,Contínuo,15,,,,2026-01-01,2026-05-25
"[PUBLICO ABERTO]","[C] [WHITE]","laranja-moro_fundo-dani-01-10-2025 — Cópia",existing,not_delivering,1,1,1,,,,0.03,2026-03-26,Contínuo,30,,,,2026-01-01,2026-05-25
"[PUBLICO ABERTO]","[C] [WHITE]","laranja-moro_fundo-dani-01-10-2025 — Cópia",engaged,not_delivering,1,1,1,,,,0.03,2026-03-26,Contínuo,30,,,,2026-01-01,2026-05-25
"[PUBLICO ABERTO]","[C] [WHITE]","ADS1 - VM — Cópia — Cópia",existing,inactive,2,2,1,,,,0.03,2026-03-26,Contínuo,15,,,,2026-01-01,2026-05-25
"[HIBRIDO] [ESTATICO ORG.] [BID 60]","[C] [LM - TESTE] [ABO]","AD - NIVER 2",unknown,inactive,2,2,1,,,,0.03,2026-03-20,Contínuo,15,,,,2026-01-01,2026-05-25
"TONS TESTE","[C] [TONS] [PB DR]","AD - MOFU 7",engaged,inactive,3,3,1,,,,0.03,2026-04-06,Contínuo,10,,,,2026-01-01,2026-05-25
"[RMKT LARANJA MORO-REATIVAÇÃO BASE QUENTE]","[C] [LM - RMKT] [ADV. ABO]","AD - MOFU ANA ELISA REFAÇÃO 17-05 — Cópia — Cópia",unknown,inactive,3,3,1,,,,0.03,2025-10-13,Contínuo,10,,,,2026-01-01,2026-05-25
"[VINAGRE] [RMKT]","[C] [VARIOS PRODUTO] [ABO] [BID]","AD - RMKT",engaged,inactive,2,2,1,,,,0.03,2026-01-20,Contínuo,15,,,,2026-01-01,2026-05-25
"[RMKT LARANJA MORO-REATIVAÇÃO BASE QUENTE]","[C] [LM - RMKT] [ADV. ABO]","laranja-moro_mi-ruback_02-07-2025_junto-com-cafe — Cópia — Cópia",unknown,inactive,1,1,1,,,,0.03,2025-10-13,Contínuo,30,,,,2026-01-01,2026-05-25
"[AQUISIÇÃO]  [ADV. +]","[C] [LM - PRINCIPAL][EX. BASE] [ADV. +] [CBO]","AD - tofu  teste ate 09-05",engaged,inactive,1,1,1,,,,0.03,2026-01-23,Contínuo,30,,,,2026-01-01,2026-05-25
"[TOFU] - [EX. PURCHASE]","[C] [LM - PRINCIPAL] - [PLANO B] 2 TESTE","ADS - JESSICA",unknown,inactive,1,1,1,,,,0.02999981,2026-03-25,Contínuo,29.99981054,,,,2026-01-01,2026-05-25
[RMK],"[C] [JEJOOM] [CBO]","AD - RMKT PERFIL MORG + DENA",unknown,inactive,2,2,1,,,,0.02999964,2026-04-17,Contínuo,14.99982144,,,,2026-01-01,2026-05-25
"[COLAGENO] [RMKT]","[C] [VARIOS PRODUTO] [ABO] [BID]","AD - BOFU",unknown,not_delivering,2,2,1,,,,0.02999963,2026-05-10,Contínuo,14.9998174,,,,2026-01-01,2026-05-25
"[HIBRIDO] [ESTATICO ORG.] [BID 60]","[C] [LM - TESTE] [ABO]","AD - NIVER 1",unknown,inactive,2,2,1,,,,0.02999955,2026-03-20,Contínuo,14.99977266,,,,2026-01-01,2026-05-25
"[BOFU] [ADV+ ABERTO] [ESTATICO]","[C] [LM - TESTE] [ABO]","AD - MI RUBACK MOFU",unknown,not_delivering,8,8,1,,,,0.02999924,2026-02-25,Contínuo,3.74990541,,,,2026-01-01,2026-05-25
"Evelyn Regly BM - LM","[C] [LM - TESTE] [ABO]","ADS 1 - NOVO",unknown,not_delivering,1,1,1,,,,0.029999,2026-02-04,Contínuo,29.99900362,,,,2026-01-01,2026-05-25
"[ADV ABER.]","[C] [LM - PRINCIPAL] - [PLANO B] 2 TESTE","AD - LUCIANA MOFU 2 — Cópia — Cópia — Cópia",unknown,not_delivering,3,3,1,,,,0.02999878,2026-02-25,Contínuo,9.99959382,,,,2026-01-01,2026-05-25
"LP - 2","[C] [LM - PRINCIPAL][EX. BASE] [ADV. +] [CBO]","ADS - ANA ELISA 2",unknown,archived,2,2,1,,,,0.02999396,2026-01-19,Contínuo,14.99697908,,,,2026-01-01,2026-05-25
"[DAI - DUDA - ANA]","[C] [LM - TESTE] [ABO]","AD 1 DAI",unknown,active,1,1,1,,,,0.02999275,2026-05-21,Contínuo,29.99274574,,,,2026-01-01,2026-05-25
"[TOFU] - [EX. PURCHASE]","[C] [LM - PRINCIPAL] - [PLANO B] 2 TESTE","ADS - MES CONSUMIDOR",unknown,inactive,1,1,1,,,,0.02999244,2026-03-25,Contínuo,29.9924412,,,,2026-01-01,2026-05-25
ABER.,"[C] [TONS] [PB ABERTO] [TESTE BID CAP]","ADS 2 - 18-02 | Pausado ROAS baixo",unknown,archived,12,12,1,,,,0.02999076,2026-03-16,Contínuo,2.49922984,,,,2026-01-01,2026-05-25
"Influ Marcela Jacaré - Vm","[C] [LM - TESTE] [ABO]",AD1,unknown,archived,1,1,1,,,,0.02998911,2026-01-28,Contínuo,29.98911334,,,,2026-01-01,2026-05-25
"[TOFU] [TIK]","[C] [LM - TESTE] [ABO]","AD - MOFU ate 14-05 — Cópia",unknown,active,4,4,1,,,,0.02003436,2026-05-23,Contínuo,5.00858879,,,,2026-01-01,2026-05-25
"[AQUISIÇÃO]  [ADV. +]","[C] [LM - PRINCIPAL][EX. BASE] [ADV. +] [CBO]","ADS. VIDEO INFLU — Cópia — Cópia",unknown,inactive,2,2,1,,,,0.02000137,2026-01-23,Contínuo,10.00068573,,,,2026-01-01,2026-05-25
"Influ Djeeny Kock","[C] [LM - TESTE] [ABO]","Criativo 2 - Versão 2 Reduzida",prospecting,archived,3,3,1,,,,0.02,2025-10-07,Contínuo,6.66666667,,,,2026-01-01,2026-05-25
"teste aquisição ate dia 15  - Lm","[C] [LM - TESTE] [ABO]","Criativo Versão 2 - Sabrina 29/12 — Cópia",unknown,inactive,2,2,1,,,,0.02,2026-02-04,Contínuo,10,,,,2026-01-01,2026-05-25
"[PUBLICO ABERTO]","[C] [WHITE]","laranja-moro_dor_estatico2-18-08-2025 — Cópia",engaged,not_delivering,1,1,1,,,,0.02,2026-03-26,Contínuo,20,,,,2026-01-01,2026-05-25
"Influ Sabrina - LM TESTE TRAVA DE CPA","[C] [LM - TESTE] [ABO]","Criativo Versão 3 - Sabrina 29/12",prospecting,archived,6,6,1,,,,0.02,2025-10-22,Contínuo,3.33333333,,,,2026-01-01,2026-05-25
"[RMKT LARANJA MORO-REATIVAÇÃO BASE QUENTE]","[C] [LM - RMKT] [ADV. ABO]","AD - MOFU ISA NOGUEIRA  REFAÇÃO 17-05",unknown,inactive,2,2,1,,,,0.02,2025-10-13,Contínuo,10,,,,2026-01-01,2026-05-25
"[TOFU] - [EX. PURCHASE]","[C] [LM - PRINCIPAL] - [PLANO B] 2 TESTE","AD - TOFU",engaged,not_delivering,13,14,1.07692308,,,,0.02,2026-03-25,Contínuo,1.42857143,,,,2026-01-01,2026-05-25
"[PUBLICO ABERTO]","[C] [WHITE]","AD1 - IU DIN — Cópia",prospecting,not_delivering,2,2,1,,,,0.02,2026-03-26,Contínuo,10,1,0.02,50,2026-01-01,2026-05-25
"[PERFIL NOVO]","[C] [LM - PRINCIPAL] - [PLANO B] 2 TESTE","ADS 5",unknown,inactive,1,1,1,,,,0.02,2026-03-25,Contínuo,20,,,,2026-01-01,2026-05-25
"[RMKT LARANJA MORO-REATIVAÇÃO BASE QUENTE]","[C] [LM - RMKT] [ADV. ABO]","AD - RMKT — Cópia",unknown,inactive,1,1,1,,,,0.02,2025-10-13,Contínuo,20,,,,2026-01-01,2026-05-25
"TONS TESTE","[C] [TONS] [PB DR]","AD- NIVER 4",unknown,not_delivering,1,1,1,,,,0.02,2026-04-06,Contínuo,20,,,,2026-01-01,2026-05-25
"[PUBLICO ABERTO] — Cópia","[C] [LM - PRINCIPAL] [PLANO B] 1 TESTE","Video-Rmkt-DaniWinits — Cópia",unknown,archived,1,1,1,,,,0.02,2026-01-08,Contínuo,20,,,,2026-01-01,2026-05-25
"[PUBLICO ABERTO]","[C] [WHITE]","Rmkt Dani 2 — Cópia",existing,not_delivering,2,2,1,,,,0.02,2026-03-26,Contínuo,10,,,,2026-01-01,2026-05-25
"[PUBLICO ABERTO] — Cópia","[C] [LM - PRINCIPAL] [PLANO B] 1 TESTE","ADS - SABRINA 2",unknown,archived,1,1,1,,,,0.02,2026-01-08,Contínuo,20,,,,2026-01-01,2026-05-25
"[MOFU] [TIK TOK] - TESTE ATÉ 20-05","[C] [LM - TESTE] [ABO]","AD - 6",unknown,not_delivering,1,1,1,,,,0.02,2026-05-17,Contínuo,20,,,,2026-01-01,2026-05-25
"[BM] [MARCELA/PRI]","[C] [LM - TESTE] [ABO]","AD - MARCELA TOFU",unknown,not_delivering,1,1,1,,,,0.02,2026-05-07,Contínuo,20,,,,2026-01-01,2026-05-25
"Influ Evelyn - Vm","[C] [LM - TESTE] [ABO]","ADS 3 — Cópia",unknown,not_delivering,3,3,1,,,,0.02,2026-01-29,Contínuo,6.66666667,,,,2026-01-01,2026-05-25
"Carrossel - Lm","[C] [LM - TESTE] [ABO]","CARROSSEL 3 - 18-02",engaged,not_delivering,3,3,1,,,,0.02,2026-02-20,Contínuo,6.66666667,,,,2026-01-01,2026-05-25
"LP - ATUAL","[C] [LM - PRINCIPAL][EX. BASE] [ADV. +] [CBO]","CRIATIVO 2 RMKT — Cópia",existing,archived,1,1,1,,,,0.02,2026-01-19,Contínuo,20,,,,2026-01-01,2026-05-25
"[TESTE PB FECHADO]","[C] [LM - TESTE] [ABO]","AD - EVELYN TOFU",unknown,active,1,1,1,,,,0.01999987,2026-05-22,Contínuo,19.99986801,,,,2026-01-01,2026-05-25
"Conj. - Q10","[C] [LM - TESTE] [ABO]","ADS2- SABRINA",unknown,inactive,1,1,1,,,,0.01999965,2026-02-20,Contínuo,19.99964634,,,,2026-01-01,2026-05-25
"[TOFU] [TIK TOK] [EXCLUSAÕ BASE] [BID 60] - TESTE ATÉ 20-05","[C] [LM - TESTE] [ABO]","AD - MOFU teste ate 08-05",unknown,not_delivering,2,2,1,,,,0.01999923,2026-03-12,Contínuo,9.99961299,,,,2026-01-01,2026-05-25
EVELIN,"[C] [LM - TESTE] [ABO]","AD - EVELYN TOFU",unknown,inactive,2,2,1,,,,0.01999874,2026-05-18,Contínuo,9.99936772,,,,2026-01-01,2026-05-25
[RMK],"[C] [JEJOOM] [CBO]","AD - RMKT PERFIL JEJOOM",unknown,inactive,1,1,1,,,,0.01999874,2026-04-17,Contínuo,19.99873801,,,,2026-01-01,2026-05-25
"[BM] [ANA ELISA]","[C] [LM - TESTE] [ABO]","AD - MOFU ANA ELISA",unknown,not_delivering,2,2,1,,,,0.01999858,2025-10-01,Contínuo,9.99929039,,,,2026-01-01,2026-05-25
"[PUBLICO ENG.] [DR]","[C] [TONS] [PB DR]","ADS 3 - MES DO CLIENTE",unknown,archived,1,1,1,,,,0.01999845,2025-06-20,Contínuo,19.99845196,,,,2026-01-01,2026-05-25
"[RMKT LARANJA MORO-REATIVAÇÃO BASE QUENTE]","[C] [LM - RMKT] [ADV. ABO]","AD - MOFU LARISSA LEMOS  REFAÇÃO 17-05",unknown,inactive,2,2,1,,,,0.01999753,2025-10-13,Contínuo,9.99876686,,,,2026-01-01,2026-05-25
"[PUBLICO ENG.] [DR]","[C] [TONS] [PB DR]","AD - REFAÇAO",unknown,active,1,1,1,,,,0.01000324,2025-06-20,Contínuo,10.00323972,,,,2026-01-01,2026-05-25
"Influ Sabrina - LM TESTE TRAVA DE CPA","[C] [LM - TESTE] [ABO]","AD - 1 — Cópia",unknown,archived,1,1,1,,,,0.01000106,2025-10-22,Contínuo,10.00106462,,,,2026-01-01,2026-05-25
"[EXCLUSÃO BASE] [ADV. +]","[C] [LM - PRINCIPAL][EX. BASE] [ADV. +] [CBO]","AD - DANI TOFU",unknown,active,1,1,1,,,,0.01000053,2026-03-17,Contínuo,10.00053225,,,,2026-01-01,2026-05-25
"[VINAGRE] [RMKT]","[C] [VARIOS PRODUTO] [ABO] [BID]","AD - MI RUBACK MOFU — Cópia",uncategorized,active,1,1,1,,,,0.01000028,2026-01-20,Contínuo,10.00027672,,,,2026-01-01,2026-05-25
"Influ Larissa Lemos - Lm","[C] [LM - TESTE] [ABO]","Video 2 Larissa Lemos - 13-10-2025",prospecting,archived,1,1,1,,,,0.01,2025-10-13,Contínuo,10,,,,2026-01-01,2026-05-25
[MOFU],"[C] [LM - PRINCIPAL] - [PLANO B] 2 TESTE","AD - PAM MOFU — Cópia",unknown,not_delivering,2,2,1,,,,0.01,2026-03-31,Contínuo,5,1,0.01,50,2026-01-01,2026-05-25
"ABER. — Cópia | Pausado checkout caro","[C] [TONS] [PB ABERTO] [TESTE BID CAP]","ADS 3 - MES DO CLIENTE",engaged,archived,1,1,1,,,,0.01,2026-03-16,Contínuo,10,,,,2026-01-01,2026-05-25
"ABER. — Cópia | Pausado checkout caro","[C] [TONS] [PB ABERTO] [TESTE BID CAP]","ADS 3 - MES DO CLIENTE",prospecting,archived,2,2,1,,,,0.01,2026-03-16,Contínuo,5,,,,2026-01-01,2026-05-25
"teste aquisição ate dia 15  - Lm","[C] [LM - TESTE] [ABO]","ADS - INFLU ANA ELISA",unknown,inactive,1,1,1,,,,0.01,2026-02-04,Contínuo,10,1,0.01,100,2026-01-01,2026-05-25
"[PUBLICO ABERTO]","[C] [WHITE]","AD1 — Cópia",engaged,not_delivering,1,1,1,,,,0.01,2026-03-26,Contínuo,10,,,,2026-01-01,2026-05-25
"[COLAGENO] [RMKT]","[C] [VARIOS PRODUTO] [ABO] [BID]","AD - SUSANA",unknown,inactive,3,3,1,,,,0.01,2026-05-10,Contínuo,3.33333333,1,0.01,33.33333333,2026-01-01,2026-05-25
"[COENZIMA] [RMKT]","[C] [VARIOS PRODUTO] [ABO] [BID]",ADS,unknown,not_delivering,1,1,1,,,,0.01,2026-05-10,Contínuo,10,,,,2026-01-01,2026-05-25
"[PUBLICO ABERTO]","[C] [WHITE] TRAFEGO","Rmkt Dani 2 — Cópia — Cópia",unknown,not_delivering,12,12,1,,,,0.01,2026-03-26,Contínuo,0.83333333,,,,2026-01-01,2026-05-25
"[ANA ELISA]","[C] [LM - PRINCIPAL] - [PLANO B] 2 TESTE","ADS - INFLU ANA ELISA 3",prospecting,archived,3,4,1.33333333,,,,0.01,2026-03-17,Contínuo,2.5,,,,2026-01-01,2026-05-25
"[PUBLICO ABERTO]","[C] [WHITE]","laranja-moro_dor_estatico3-18-08-2026 — Cópia",prospecting,not_delivering,2,2,1,,,,0.01,2026-03-26,Contínuo,5,,,,2026-01-01,2026-05-25
"[PUBLICO ABERTO]","[C] [WHITE]","ADS1 - VM — Cópia — Cópia",prospecting,inactive,3,3,1,,,,0.01,2026-03-26,Contínuo,3.33333333,,,,2026-01-01,2026-05-25
"[ANA ELISA]","[C] [LM - PRINCIPAL] - [PLANO B] 2 TESTE","ADS - INFLU ANA ELISA",engaged,archived,2,2,1,,,,0.01,2026-03-17,Contínuo,5,,,,2026-01-01,2026-05-25
"[TOFU] [TIK TOK] [EXCLUSAÕ BASE] [BID 60] - TESTE ATÉ 20-05","[C] [LM - TESTE] [ABO]","AD - 3",unknown,not_delivering,1,1,1,,,,0.01,2026-03-12,Contínuo,10,,,,2026-01-01,2026-05-25
"[PUBLICO ABERTO]","[C] [WHITE]","laranja-moro_fundo-dani-01-10-2025 — Cópia",prospecting,not_delivering,2,2,1,,,,0.01,2026-03-26,Contínuo,5,,,,2026-01-01,2026-05-25
"[VINAGRE] [RMKT]","[C] [VARIOS PRODUTO] [ABO] [BID]","AD - TOFU",unknown,inactive,1,1,1,,,,0.01,2026-01-20,Contínuo,10,,,,2026-01-01,2026-05-25
"[PUBLICO ENG.] [DR]","[C] [TONS] [PB DR]","AD -   TOFU",prospecting,archived,2,2,1,,,,0.01,2025-06-20,Contínuo,5,,,,2026-01-01,2026-05-25
"LP - ATUAL","[C] [LM - PRINCIPAL][EX. BASE] [ADV. +] [CBO]","[2] 29/12 — Cópia",existing,archived,8,8,1,,,,0.01,2026-01-19,Contínuo,1.25,,,,2026-01-01,2026-05-25
"[INOSITOL] [RMKT]","[C] [VARIOS PRODUTO] [ABO] [BID]","AD - BOFU RMKT4 17-05",unknown,not_delivering,1,1,1,,,,0.01,2026-05-17,Contínuo,10,,,,2026-01-01,2026-05-25
"teste publico novo - bid","[C] [LM - TESTE] [ABO]","AD - MOFU — Cópia",engaged,not_delivering,1,1,1,,,,0.01,2026-02-19,Contínuo,10,,,,2026-01-01,2026-05-25
"[PUBLICO ABERTO]","[C] [LM - PRINCIPAL] [PLANO B] 1 TESTE","AD - LUCIANA TOFU — Cópia",unknown,not_delivering,1,1,1,,,,0.01,2025-12-10,Contínuo,10,,,,2026-01-01,2026-05-25
"[RMKT LARANJA MORO-REATIVAÇÃO BASE QUENTE]","[C] [LM - RMKT] [ADV. ABO]","AD - LUCIANA MOFU — Cópia",unknown,inactive,3,3,1,,,,0.01,2025-10-13,Contínuo,3.33333333,,,,2026-01-01,2026-05-25
"[TOFU] [TIK + ORG ] [ABERTO]","[C] [LM - TESTE] [ABO]","AD4 — Cópia",unknown,inactive,1,1,1,,,,0.01,2026-02-11,Contínuo,10,,,,2026-01-01,2026-05-25
"Influ Sabrina - LM TESTE TRAVA DE CPA","[C] [LM - TESTE] [ABO]","Criativo Versão 3 - Sabrina 29/12",existing,archived,1,1,1,,,,0.01,2025-10-22,Contínuo,10,,,,2026-01-01,2026-05-25
"[BM JADE]","[C] [LM - TESTE] [ABO]","AD - BOFU — Cópia — Cópia — Cópia",unknown,inactive,1,1,1,,,,0.01,2026-04-17,Contínuo,10,,,,2026-01-01,2026-05-25
"[EXCLUSÃO BASE] [ADV. +]","[C] [LM - PRINCIPAL][EX. BASE] [ADV. +] [CBO]","AD - 5 — Cópia",unknown,inactive,1,1,1,,,,0.01,2026-03-17,Contínuo,10,,,,2026-01-01,2026-05-25
"[TOFU] [TIK TOK] [EXCLUSAÕ BASE] [BID 60] - TESTE ATÉ 20-05","[C] [LM - TESTE] [ABO]","AD - tofu  teste ate 09-05 — Cópia",unknown,inactive,1,1,1,,,,0.01,2026-03-12,Contínuo,10,,,,2026-01-01,2026-05-25
"[VINAGRE] [RMKT]","[C] [VARIOS PRODUTO] [ABO] [BID]","AD - RMKT",prospecting,inactive,3,4,1.33333333,,,,0.01,2026-01-20,Contínuo,2.5,,,,2026-01-01,2026-05-25
"[VINAGRE] [RMKT]","[C] [VARIOS PRODUTO] [ABO] [BID]","AD2 — Cópia",unknown,inactive,1,1,1,,,,0.01,2026-01-20,Contínuo,10,,,,2026-01-01,2026-05-25
[RMK],"[C] [JEJOOM] [CBO]","AD - MORGANA TOFU",unknown,inactive,1,1,1,,,,0.01,2026-04-17,Contínuo,10,,,,2026-01-01,2026-05-25
"[CAMPANHA AQUISIÇÃO]","[C] [JEJOOM] [CBO]","AD - LARI 3",prospecting,inactive,5,5,1,,,,0.01,2025-10-13,Contínuo,2,,,,2026-01-01,2026-05-25
"teste aquisição ate dia 15  - Lm","[C] [LM - TESTE] [ABO]","ADS. VIDEO INFLU — Cópia",unknown,inactive,9,9,1,,,,0.00999996,2026-02-04,Contínuo,1.11110646,,,,2026-01-01,2026-05-25
"[PUBLICO ENG.] [DR]","[C] [TONS] [PB ABERTO] [TESTE BID CAP]","ADS - MOFU",unknown,inactive,1,1,1,,,,0.00999992,2026-03-16,Contínuo,9.99992258,,,,2026-01-01,2026-05-25
"[TOFU] [TIK TOK] [EXCLUSAÕ BASE] [BID 60] - TESTE ATÉ 20-05","[C] [LM - TESTE] [ABO]",AD1,unknown,inactive,1,1,1,,,,0.00999977,2026-03-12,Contínuo,9.99977356,,,,2026-01-01,2026-05-25
"[AQUISIÇÃO]  [ADV. +]","[C] [LM - PRINCIPAL][EX. BASE] [ADV. +] [CBO]","AD - JESSICA TOFU — Cópia",unknown,inactive,1,1,1,,,,0.00999968,2026-01-23,Contínuo,9.99968093,,,,2026-01-01,2026-05-25
"[BM] [ANA ELISA]","[C] [LM - TESTE] [ABO]","AD - MOFU ANA ELISA REFAÇÃO 17-05",unknown,inactive,1,1,1,,,,0.00999955,2025-10-01,Contínuo,9.99954686,,,,2026-01-01,2026-05-25
"[EXCLUSÃO BASE] [ADV. +]","[C] [LM - PRINCIPAL][EX. BASE] [ADV. +] [CBO]","AD - ISA MOFU — Cópia — Cópia",unknown,inactive,1,1,1,,,,0.00999951,2026-03-17,Contínuo,9.99951099,,,,2026-01-01,2026-05-25
"[BM JADE]","[C] [LM - TESTE] [ABO]","AD - JADE TOFU 19-05 BM JADE + DENA — Cópia — Cópia",unknown,inactive,1,1,1,,,,0.00999935,2026-04-17,Contínuo,9.99935309,,,,2026-01-01,2026-05-25
"[TOFU] [TIK + ORG ] [ABERTO]","[C] [LM - TESTE] [ABO]","AD - MOFU ate 14-05 — Cópia",unknown,inactive,1,1,1,,,,0.00999927,2026-02-11,Contínuo,9.99927259,,,,2026-01-01,2026-05-25
[RMK],"[C] [JEJOOM] [CBO]","AD - LARISSA TOFU",unknown,inactive,4,4,1,,,,0.0099992,2026-04-17,Contínuo,2.49979999,,,,2026-01-01,2026-05-25
"[HIBRIDO] [ESTATICO ORG.] [BID 60]","[C] [LM - TESTE] [ABO]",AD3,unknown,inactive,3,3,1,,,,0.00996578,2026-03-20,Contínuo,3.32192635,,,,2026-01-01,2026-05-25
"[TOFU] [TIK TOK] [EXCLUSAÕ BASE] [BID 60] - TESTE ATÉ 20-05","[C] [LM - TESTE] [ABO]","AD - MI MOFU",unknown,inactive,3,3,1,,,,0.0099511,2026-03-12,Contínuo,3.31703465,,,,2026-01-01,2026-05-25
adv-aqui-rmtk_coezima-q10_engajado-existente_5-existentes_max-conv_26-05-2025,"[C] [COQ.10][PRINCIPAL]","VDS05 DANI",unknown,inactive,2,2,1,,,,0,2025-01-20,Contínuo,0,,,,2026-01-01,2026-05-25
"[BM JADE]","[C] [LM - TESTE] [ABO]","AD - JADE JEJOOM TOFU",unknown,inactive,1,1,1,,,,0,2026-04-17,Contínuo,0,,,,2026-01-01,2026-05-25
"Conj. - Q10","[C] [LM - TESTE] [ABO]","AD - NIVER",unknown,not_delivering,1,1,1,,,,0,2026-02-20,Contínuo,0,,,,2026-01-01,2026-05-25
"Conj. - Q10","[C] [LM - TESTE] [ABO]","AD - NIVER",unknown,not_delivering,0,0,0,,,,0,2026-02-20,Contínuo,,1,0,,2026-01-01,2026-05-25
"teste aquisição ate dia 15  - Lm","[C] [LM - TESTE] [ABO]","ADS - RAIZA 3 — Cópia",unknown,inactive,1,1,1,,,,0,2026-02-04,Contínuo,0,,,,2026-01-01,2026-05-25
"teste aquisição ate dia 15  - Lm","[C] [LM - TESTE] [ABO]","AD - MOFU",unknown,inactive,1,1,1,,,,0,2026-02-04,Contínuo,0,,,,2026-01-01,2026-05-25
"teste publico novo - bid","[C] [LM - TESTE] [ABO]","AD - MOFU — Cópia",existing,not_delivering,1,1,1,,,,0,2026-02-19,Contínuo,0,,,,2026-01-01,2026-05-25
"[Publico Quente] [TESTE]","[C] [DIGESTINO] [PRINCIPAL]","AD3 - 07/01",unknown,not_delivering,1,1,1,,,,0,2025-12-24,Contínuo,0,,,,2026-01-01,2026-05-25
"[HIBRIDO] [ESTATICO ORG.] [BID 60]","[C] [LM - TESTE] [ABO]","AD - NIVER 5",unknown,inactive,1,1,1,,,,0,2026-03-20,Contínuo,0,,,,2026-01-01,2026-05-25
"teste publico novo - bid","[C] [LM - TESTE] [ABO]","AD - LUCIANA MOFU 2 — Cópia — Cópia",prospecting,not_delivering,1,1,1,,,,0,2026-02-19,Contínuo,0,,,,2026-01-01,2026-05-25
"[TOFU] [TIK + ORG ] [ABERTO]","[C] [LM - TESTE] [ABO]","AD3 — Cópia",unknown,inactive,1,1,1,,,,0,2026-02-11,Contínuo,0,,,,2026-01-01,2026-05-25
"[MI RUBACK]","[C] [LM - PRINCIPAL][EX. BASE] [ADV. +] [CBO]","AD - TOFU",unknown,inactive,1,1,1,,,,0,2026-03-18,Contínuo,0,,,,2026-01-01,2026-05-25
"[ANA ELISA]","[C] [LM - PRINCIPAL] - [PLANO B] 2 TESTE","ADS - INFLU ANA ELISA 2",prospecting,archived,2,3,1.5,,,,0,2026-03-17,Contínuo,0,,,,2026-01-01,2026-05-25
"[CAMPANHA AQUISIÇÃO]","[C] [JEJOOM] [CBO]","AD - INGRID 1",unknown,inactive,0,0,0,"Compras no site",1,0,0,2025-10-13,Contínuo,,,,,2026-01-01,2026-05-25
"[RMKT LARANJA MORO-REATIVAÇÃO BASE QUENTE]","[C] [LM - RMKT] [ADV. ABO]",04-04,unknown,not_delivering,1,1,1,,,,0,2025-10-13,Contínuo,0,,,,2026-01-01,2026-05-25
"[CAMPANHA AQUISIÇÃO]","[C] [JEJOOM] [CBO]","AD - MORGANA TOFU",uncategorized,active,0,0,0,,,,0,2025-10-13,Contínuo,,1,0,,2026-01-01,2026-05-25
[MOFU],"[C] [LM - PRINCIPAL] - [PLANO B] 2 TESTE","AD - PAM MOFU 2 — Cópia",unknown,inactive,1,1,1,,,,0,2026-03-31,Contínuo,0,,,,2026-01-01,2026-05-25
"[TOFU] [TIK + ORG ] [ABERTO]","[C] [LM - TESTE] [ABO]","AD - MOFU ate 14-05 — Cópia",uncategorized,active,0,0,0,,,,0,2026-02-11,Contínuo,,3,0,,2026-01-01,2026-05-25
ABER.,"[C] [TONS] [PB ABERTO] [TESTE BID CAP]","ADS 3 - 18-02",unknown,archived,0,0,0,"Compras no site",1,0,0,2026-03-16,Contínuo,,,,,2026-01-01,2026-05-25
"LP - ATUAL","[C] [LM - PRINCIPAL][EX. BASE] [ADV. +] [CBO]","CRIATIVO 2 RMKT — Cópia",prospecting,archived,1,1,1,,,,0,2026-01-19,Contínuo,0,,,,2026-01-01,2026-05-25
"Arte - Organica Tons ###","[C] [LM - TESTE] [ABO]",AD3,engaged,not_delivering,1,1,1,,,,0,2026-01-26,Contínuo,0,,,,2026-01-01,2026-05-25
"[PUBLICO ABERTO]","[C] [TONS] [PB ABERTO] [TESTE BID CAP]","AD - TOFU 2",unknown,not_delivering,0,0,0,,,,0,2026-03-16,Contínuo,,2,0,,2026-01-01,2026-05-25
"[PUBLICO ABERTO]","[C] [WHITE]","laranja-moro_dor_estatico6-18-08-2025 — Cópia",engaged,not_delivering,4,4,1,,,,0,2026-03-26,Contínuo,0,,,,2026-01-01,2026-05-25
"[TOFU][PERFIL NOVO]  TESTE","[C] [LM - PRINCIPAL] - [PLANO B] 2 TESTE",AD2,unknown,not_delivering,1,1,1,,,,0,2026-03-16,Contínuo,0,,,,2026-01-01,2026-05-25
"ABER. — Cópia | Pausado checkout caro","[C] [TONS] [PB ABERTO] [TESTE BID CAP]","ADS 2 - 18-02",engaged,archived,1,1,1,,,,0,2026-03-16,Contínuo,0,,,,2026-01-01,2026-05-25
"[PUBLICO ENG.] [DR]","[C] [TONS] [PB DR]","AD1 — Cópia",uncategorized,active,0,0,0,,,,0,2025-06-20,Contínuo,,7,0,,2026-01-01,2026-05-25
"[AQUISIÇÃO]  [ADV. +]","[C] [LM - PRINCIPAL][EX. BASE] [ADV. +] [CBO]","AD - tofu  teste ate 09-05",existing,inactive,1,1,1,,,,0,2026-01-23,Contínuo,0,,,,2026-01-01,2026-05-25
"Lm Perfil Novo","[C] [LM - TESTE] [ABO]","Criativo 1 - Brenda 29/12 — Cópia",unknown,not_delivering,1,1,1,,,,0,2025-11-03,Contínuo,0,,,,2026-01-01,2026-05-25
"[ADV ABER.]","[C] [LM - PRINCIPAL] - [PLANO B] 2 TESTE","[ADS] - [MEIO] [04-03]",unknown,inactive,1,1,1,,,,0,2026-02-25,Contínuo,0,,,,2026-01-01,2026-05-25
"[TOFU] [TIK]","[C] [LM - TESTE] [ABO]","AD - MOFU ate 14-05 — Cópia",uncategorized,active,0,0,0,,,,0,2026-05-23,Contínuo,,6,0,,2026-01-01,2026-05-25
"Lm Perfil Novo","[C] [LM - TESTE] [ABO]","AD - JADE TOFU — Cópia",unknown,not_delivering,0,0,0,,,,0,2025-11-03,Contínuo,,7,0,,2026-01-01,2026-05-25
"[PUBLICO ENG.] [DR]","[C] [TONS] [PB DR]","AD5 — Cópia",unknown,inactive,1,1,1,,,,0,2025-06-20,Contínuo,0,,,,2026-01-01,2026-05-25
"[EXCLUSÃO BASE] [ADV. +]","[C] [LM - PRINCIPAL][EX. BASE] [ADV. +] [CBO]","AD - JADE TOFU — Cópia",unknown,inactive,1,1,1,,,,0,2026-03-17,Contínuo,0,,,,2026-01-01,2026-05-25
"Influ Larissa Lemos - Lm","[C] [LM - TESTE] [ABO]","Video 2 Larissa Lemos - 13-10-2025",engaged,archived,1,1,1,,,,0,2025-10-13,Contínuo,0,,,,2026-01-01,2026-05-25
"LP - 2","[C] [LM - PRINCIPAL][EX. BASE] [ADV. +] [CBO]","CRIATIVO 2 RMKT — Cópia",prospecting,archived,1,1,1,,,,0,2026-01-19,Contínuo,0,,,,2026-01-01,2026-05-25
rmkt_tons_estáticos_visitantes-engajado-compradores_max-conv_cpa35_02-09-2025_7,"[C] [TONS] [PB DR]",tons1_rmkt_20-10-2025,unknown,not_delivering,0,0,0,"Compras no site",1,0,0,2025-09-02,Contínuo,,,,,2026-01-01,2026-05-25
"[PUBLICO ABERTO]","[C] [WHITE]","ADS - MES CONSUMIDOR 2 — Cópia — Cópia",engaged,not_delivering,1,1,1,,,,0,2026-03-26,Contínuo,0,,,,2026-01-01,2026-05-25
"[BM] [ANA ELISA]","[C] [LM - TESTE] [ABO]","AD - RMK NIVER 4",unknown,inactive,2,2,1,,,,0,2025-10-01,Contínuo,0,,,,2026-01-01,2026-05-25
EVELIN,"[C] [LM - TESTE] [ABO]","AD -  EVELYN",unknown,inactive,1,1,1,,,,0,2026-05-18,Contínuo,0,,,,2026-01-01,2026-05-25
"[PUBLICO ENG.] [DR]","[C] [TONS] [PB ABERTO] [TESTE BID CAP]","ADS - ASIATICA | Reativado ROAS bom hoje",unknown,archived,1,1,1,,,,0,2026-03-16,Contínuo,0,,,,2026-01-01,2026-05-25
"[TESTE PB FECHADO]","[C] [LM - TESTE] [ABO]","AD - EVELYN TOFU",uncategorized,active,0,0,0,,,,0,2026-05-22,Contínuo,,1,0,,2026-01-01,2026-05-25
"[PUBLICO ABERTO]","[C] [WHITE]","AD6 — Cópia",prospecting,inactive,1,1,1,,,,0,2026-03-26,Contínuo,0,,,,2026-01-01,2026-05-25
"[PUBLICO ABERTO]","[C] [WHITE]","AD3 — Cópia",existing,not_delivering,1,1,1,,,,0,2026-03-26,Contínuo,0,,,,2026-01-01,2026-05-25
"[BM] [ANA ELISA]","[C] [LM - TESTE] [ABO]","AD - RMK NIVER 2",unknown,inactive,2,2,1,,,,0,2025-10-01,Contínuo,0,,,,2026-01-01,2026-05-25
"[RMKT LARANJA MORO-REATIVAÇÃO BASE QUENTE]","[C] [LM - RMKT] [ADV. ABO]","AD - MOFU ANA ELISA — Cópia",unknown,inactive,1,1,1,,,,0,2025-10-13,Contínuo,0,,,,2026-01-01,2026-05-25
[RMK],"[C] [JEJOOM] [CBO]","AD - TOFU LARISSA",unknown,active,3,3,1,,,,0,2026-04-17,Contínuo,0,,,,2026-01-01,2026-05-25
adv-aqui-rmtk_coezima-q10_engajado-existente_5-existentes_max-conv_26-05-2025,"[C] [COQ.10][PRINCIPAL]",coenzima-14-10-estático-dani,unknown,not_delivering,1,1,1,,,,0,2025-01-20,Contínuo,0,,,,2026-01-01,2026-05-25
EVELIN,"[C] [LM - TESTE] [ABO]","AD -  EVELYN",unknown,active,1,1,1,,,,0,2026-05-18,Contínuo,0,,,,2026-01-01,2026-05-25
[MOFU],"[C] [LM - PRINCIPAL] - [PLANO B] 2 TESTE",AD1,unknown,not_delivering,1,1,1,,,,0,2026-03-31,Contínuo,0,1,0,100,2026-01-01,2026-05-25
EVELIN,"[C] [LM - TESTE] [ABO]","AD - RMK EVELYN",unknown,active,1,1,1,,,,0,2026-05-18,Contínuo,0,,,,2026-01-01,2026-05-25
"[ADV ABER.]","[C] [LM - PRINCIPAL] - [PLANO B] 2 TESTE","AD - TOPO",unknown,inactive,1,1,1,,,,0,2026-02-25,Contínuo,0,,,,2026-01-01,2026-05-25
"[EXCLUSÃO BASE] [ADV. +]","[C] [LM - PRINCIPAL][EX. BASE] [ADV. +] [CBO]","AD - JADE MOFU",unknown,inactive,4,5,1.25,,,,0,2026-03-17,Contínuo,0,3,0,60,2026-01-01,2026-05-25
EVELIN,"[C] [LM - TESTE] [ABO]","AD - EVELYN TOFU",unknown,active,2,2,1,,,,0,2026-05-18,Contínuo,0,,,,2026-01-01,2026-05-25
"[BOFU] [ADV+ ABERTO] [ESTATICO]","[C] [LM - TESTE] [ABO]","AD - DANI TOFU 3",unknown,not_delivering,1,1,1,,,,0,2026-02-25,Contínuo,0,,,,2026-01-01,2026-05-25
"LP - 2","[C] [LM - PRINCIPAL][EX. BASE] [ADV. +] [CBO]","CRIATIVO 2 RMKT — Cópia",existing,archived,2,2,1,,,,0,2026-01-19,Contínuo,0,,,,2026-01-01,2026-05-25
"[AQUISIÇÃO]  [ADV. +]","[C] [LM - PRINCIPAL][EX. BASE] [ADV. +] [CBO]","AD -TOFU PRI",unknown,inactive,1,1,1,,,,0,2026-01-23,Contínuo,0,,,,2026-01-01,2026-05-25
"LP - 2","[C] [LM - PRINCIPAL][EX. BASE] [ADV. +] [CBO]","CRIATIVO 2 RMKT — Cópia",engaged,archived,1,1,1,,,,0,2026-01-19,Contínuo,0,,,,2026-01-01,2026-05-25
"[RMKT LARANJA MORO-REATIVAÇÃO BASE QUENTE]","[C] [LM - RMKT] [ADV. ABO]","AD - JADE TOFU 19-05 BM JADE + DENA — Cópia — Cópia — Cópia",unknown,inactive,1,1,1,,,,0,2025-10-13,Contínuo,0,,,,2026-01-01,2026-05-25
"[EXCLUSÃO BASE] [ADV. +]","[C] [LM - PRINCIPAL][EX. BASE] [ADV. +] [CBO]","AD - ANA MOFU",unknown,inactive,1,1,1,,,,0,2026-03-17,Contínuo,0,,,,2026-01-01,2026-05-25
"Carrossel - Lm","[C] [LM - TESTE] [ABO]","CARROSSEL 3 - 18-02",prospecting,not_delivering,1,1,1,,,,0,2026-02-20,Contínuo,0,,,,2026-01-01,2026-05-25
"[PUBLICO ABERTO]","[C] [TESTE LP]","ADS — Cópia",unknown,archived,3,3,1,,,,0,2026-02-24,Contínuo,0,1,0,33.33333333,2026-01-01,2026-05-25
[RMK],"[C] [JEJOOM] [CBO]","AD - MOFU PRI 17-05",unknown,inactive,1,1,1,,,,0,2026-04-17,Contínuo,0,,,,2026-01-01,2026-05-25
"[RMKT LARANJA MORO-REATIVAÇÃO BASE QUENTE]","[C] [LM - RMKT] [ADV. ABO]","AD - ANA ELISA",unknown,inactive,1,1,1,,,,0,2025-10-13,Contínuo,0,,,,2026-01-01,2026-05-25
"LP - ATUAL","[C] [LM - PRINCIPAL][EX. BASE] [ADV. +] [CBO]","CRIATIVO 2 RMKT — Cópia",engaged,archived,1,1,1,,,,0,2026-01-19,Contínuo,0,,,,2026-01-01,2026-05-25
"[TESTE PB FECHADO]","[C] [LM - TESTE] [ABO]","AD -  EVELYN",unknown,active,1,1,1,,,,0,2026-05-22,Contínuo,0,,,,2026-01-01,2026-05-25
"[VINAGRE] [RMKT]","[C] [VARIOS PRODUTO] [ABO] [BID]","AD - ORG 2 TOFU/MOFU",unknown,inactive,1,1,1,,,,0,2026-01-20,Contínuo,0,,,,2026-01-01,2026-05-25
"[VINAGRE] [RMKT]","[C] [VARIOS PRODUTO] [ABO] [BID]","AD - MI RUBACK MOFU",unknown,inactive,0,0,0,,,,0,2026-01-20,Contínuo,,1,0,,2026-01-01,2026-05-25
"[CAMPANHA AQUISIÇÃO]","[C] [JEJOOM] [CBO]","AD - MORGANA",unknown,inactive,1,1,1,,,,0,2025-10-13,Contínuo,0,,,,2026-01-01,2026-05-25
"[TESTE PB FECHADO]","[C] [LM - TESTE] [ABO]","AD -  EVELYN",unknown,active,1,1,1,,,,0,2026-05-22,Contínuo,0,,,,2026-01-01,2026-05-25
"LP NOVA","[C] [TONS] [PB DR]","tons_dr-ursinho_video-reels_18-08-2026 — Cópia",unknown,inactive,1,1,1,,,,0,2026-02-09,Contínuo,0,,,,2026-01-01,2026-05-25
"TONS TESTE","[C] [TONS] [PB DR]","AD - TOFU 2",unknown,not_delivering,1,1,1,,,,0,2026-04-06,Contínuo,0,,,,2026-01-01,2026-05-25
"[RMKT LARANJA MORO-REATIVAÇÃO BASE QUENTE]","[C] [LM - RMKT] [ADV. ABO]","AD - DANI TOFU — Cópia",unknown,inactive,1,1,1,,,,0,2025-10-13,Contínuo,0,,,,2026-01-01,2026-05-25
"[EXCLUSÃO BASE] [ADV. +]","[C] [LM - PRINCIPAL][EX. BASE] [ADV. +] [CBO]","AD - LEVE 3 PAGUE 2 — Cópia",unknown,inactive,1,1,1,,,,0,2026-03-17,Contínuo,0,,,,2026-01-01,2026-05-25
