"Nome do conjunto de anúncios","Nome da campanha","Nome do anúncio","URL do site","Tipo de mídia","Veiculação do anúncio",Alcance,Impressões,Frequência,"Tipo de resultado",Resultados,"Custo por resultado","Valor usado (BRL)",Início,Término,"CPM (custo por 1.000 impressões)","Cliques no link","CPC (custo por clique no link)","CTR (taxa de cliques no link)","Início dos relatórios","Encerramento dos relatórios"
"[PUBLICO ENG.] [DR]","[C] [TONS] [PB DR]","AD - MOFU",https://denavita.com.br/pages/tons-clareador-de-pele,Vídeo,active,1182875,3006087,2.54133953,"Compras no site",1236,71.61135113,88511.63,2025-06-20,Contínuo,29.44413452,71062,1.24555501,2.36393691,2026-01-01,2026-05-25
"[RMKT LARANJA MORO-REATIVAÇÃO BASE QUENTE]","[C] [LM - RMKT] [ADV. ABO]","AD - LUCIANA MOFU",https://track.denavita.com.br/0ksqdzlnmv/,Vídeo,inactive,1272289,3230300,2.53896717,"Compras no site",1413,58.90367304,83230.89,2025-10-13,Contínuo,25.7656843,39444,2.11010268,1.22106306,2026-01-01,2026-05-25
"[PUBLICO ABERTO]","[C] [LM - PRINCIPAL] [PLANO B] 1 TESTE","Rmkt Dani 2 — Cópia",https://www.denavita.com.br/pages/laranja-moro?utm_source=Influenciador&utm_campaign=Ana+Elisa+Fitfoodmenu+-+performance&utm_content=Laranja+Mor,Imagem,not_delivering,922672,3337054,3.61672837,"Compras no site",919,59.10694738,54319.28463975,2025-12-10,Contínuo,16.27761632,20535,2.645205,0.61536313,2026-01-01,2026-05-25
"[TOFU] [TIK + ORG ] [ABERTO]","[C] [LM - TESTE] [ABO]",AD3,http://www.denavita.com.br/pages/laranja-moro,Imagem,inactive,590555,2491363,4.21868073,"Compras no site",1131,44.97332449,50864.83,2026-02-11,Contínuo,20.41646681,20459,2.48618359,0.82119707,2026-01-01,2026-05-25
"[HIBRIDO] [ESTATICO ORG.] [BID 60]","[C] [LM - TESTE] [ABO]",AD2,https://www.denavita.com.br/pages/laranja-moro?utm_source=Influenciador&utm_campaign=Meta+performance&utm_content=meta+performance,"Imagem e vídeo",active,1038883,5472611,5.26778376,"Compras no site",963,51.34904906,49449.13424675,2026-03-20,Contínuo,9.03574806,30116,1.64195558,0.55030405,2026-01-01,2026-05-25
"[PUBLICO ENG.] [DR]","[C] [TONS] [PB DR]","AD - BOFU",https://denavita.com.br/pages/tons-clareador-de-pele,Imagem,active,294813,1484529,5.03549369,"Compras no site",863,50.04112399,43185.49,2025-06-20,Contínuo,29.09036469,18573,2.32517579,1.25110389,2026-01-01,2026-05-25
"[AQUISIÇÃO]  [ADV. +]","[C] [LM - PRINCIPAL][EX. BASE] [ADV. +] [CBO]","ADS - JESSICA",https://lm1.denavita.com.br/,Vídeo,inactive,314686,880953,2.79946677,"Compras no site",629,58.12321769,36559.5039267,2026-01-23,Contínuo,41.49994827,15340,2.38327927,1.74129607,2026-01-01,2026-05-25
"[PUBLICO ABERTO]","[C] [LM - PRINCIPAL] [PLANO B] 1 TESTE","Rmkt Dani 2 — Cópia",http://denavita.com.br/pages/laranja-moro,Imagem,not_delivering,385309,2003599,5.19997976,"Compras no site",714,50.90357257,36345.1508184,2025-12-10,Contínuo,18.1399326,13242,2.74468742,0.66091069,2026-01-01,2026-05-25
"[TOFU] [TIK + ORG ] [ABERTO]","[C] [LM - TESTE] [ABO]",AD1,http://www.denavita.com.br/pages/laranja-moro,Imagem,inactive,860880,2783534,3.23335889,"Compras no site",644,55.12861801,35502.83,2026-02-11,Contínuo,12.75458823,19158,1.85315952,0.68826176,2026-01-01,2026-05-25
"[RMKT LARANJA MORO-REATIVAÇÃO BASE QUENTE]","[C] [LM - RMKT] [ADV. ABO]","AD - EVELYN",https://lm1.denavita.com.br/,Imagem,not_delivering,252735,1010276,3.99737274,"Compras no site",646,49.64084917,32067.98856671,2025-10-13,Contínuo,31.74180973,9296,3.44965454,0.92014459,2026-01-01,2026-05-25
"[VINAGRE] [RMKT]","[C] [VARIOS PRODUTO] [ABO] [BID]","AD - ORG TOFU",https://www.denavita.com.br/pages/vinagre-maca-gomas,Imagem,inactive,523321,1162695,2.22176255,"Compras no site",356,85.35078985,30384.88118691,2026-01-20,Contínuo,26.13314858,18085,1.68011508,1.55543801,2026-01-01,2026-05-25
"[BM JADE]","[C] [LM - TESTE] [ABO]","AD - JADE TOFU",https://www.denavita.com.br/pages/lm1?utm_source=Influenciador&utm_campaign=Jade+Seba+-+Performance&utm_content=Laranja+Moro,Vídeo,inactive,891162,1759897,1.97483398,"Compras no site",551,54.72549512,30153.74781188,2026-04-17,Contínuo,17.13381397,18933,1.59265556,1.0758016,2026-01-01,2026-05-25
"[VINAGRE] [RMKT]","[C] [VARIOS PRODUTO] [ABO] [BID]",AD7,https://www.denavita.com.br/pages/vinagre-maca-gomas,Imagem,inactive,362573,1281686,3.53497365,"Compras no site",404,69.06703311,27903.08137687,2026-01-20,Contínuo,21.77060636,13920,2.00453171,1.08606944,2026-01-01,2026-05-25
"[RMKT LARANJA MORO-REATIVAÇÃO BASE QUENTE]","[C] [LM - RMKT] [ADV. ABO]","AD - EVELYN",https://www.denavita.com.br/pages/lm1?utm_source=Influenciador&utm_campaign=Evelyn+Regly+-+performance&utm_content=Laranja+Moro&_pos=1&_sid=464449d27&_ss=r,Vídeo,inactive,299101,822542,2.75004764,"Compras no site",481,54.12891892,26036.01,2025-10-13,Contínuo,31.65310708,11589,2.24661403,1.40892502,2026-01-01,2026-05-25
"[AQUISIÇÃO]  [ADV. +]","[C] [LM - PRINCIPAL][EX. BASE] [ADV. +] [CBO]","ADS - MES CONSUMIDOR",https://lm1.denavita.com.br/,Imagem,inactive,265196,912181,3.43964841,"Compras no site",510,48.06642522,24513.87686047,2026-01-23,Contínuo,26.87391741,8050,3.04520209,0.88250029,2026-01-01,2026-05-25
"[AQUISIÇÃO]  [ADV. +]","[C] [LM - PRINCIPAL][EX. BASE] [ADV. +] [CBO]","AD - DANI TOFU",https://lm1.denavita.com.br/,Vídeo,inactive,501504,1137703,2.26858211,"Compras no site",364,67.10038462,24424.54,2026-01-23,Contínuo,21.46829181,9919,2.46239944,0.87184441,2026-01-01,2026-05-25
"[AQUISIÇÃO]  [ADV. +]","[C] [LM - PRINCIPAL][EX. BASE] [ADV. +] [CBO]","AD - BOFU",https://lm1.denavita.com.br/?utm_campaign=lplaranjamoroum&utm_content=Laranja+Moro&utm_source=performance,Imagem,inactive,291506,886666,3.04167324,"Compras no site",515,43.99628701,22658.08781154,2026-01-23,Contínuo,25.55425359,9102,2.48935265,1.02654213,2026-01-01,2026-05-25
"[RMKT LARANJA MORO-REATIVAÇÃO BASE QUENTE]","[C] [LM - RMKT] [ADV. ABO]","AD - RMKT",https://www.denavita.com.br/products/laranja-moro-cafe-verde-e-cromo-30-caps?utm_source=Influenciador&utm_campaign=Meta+performance&utm_content=meta+performance,Imagem,active,222401,825507,3.71179536,"Compras no site",392,54.42744517,21335.55850582,2025-10-13,Contínuo,25.84539986,7521,2.8367981,0.91107647,2026-01-01,2026-05-25
"Lm Perfil Novo","[C] [LM - TESTE] [ABO]","Criativo 1 - Brenda 29/12",http://www.denavita.com.br/pages/laranja-moro,"Imagem e vídeo",not_delivering,486855,1799418,3.69600394,"Compras no site",400,53.16195668,21264.78267151,2025-11-03,Contínuo,11.81758917,15767,1.3486892,0.87622776,2026-01-01,2026-05-25
adv-engajado-laranja-mouro-sudeste-sul-centro,"[C][LM - COST CAP WINNERS] [ [CBO]","Video 3 Larissa Lemos - 13-10-2025 — Cópia",http://denavita.com.br/pages/laranja-moro,Vídeo,not_delivering,595542,1015757,1.70560095,"Compras no site",343,60.83723032,20867.17,2025-08-27,Contínuo,20.5434666,9982,2.09047986,0.98271535,2026-01-01,2026-05-25
"TONS TESTE","[C] [TONS] [PB DR]","AD- NIVER 2",https://www.denavita.com.br/pages/tons-clareador-de-pele?utm_source=Influenciador&utm_campaign=Rodrigo+Andrade+-+performance&utm_content=Tons,Imagem,inactive,214854,632285,2.94285887,"Compras no site",302,68.16870861,20586.95,2026-04-06,Contínuo,32.55960524,10053,2.04784144,1.58994757,2026-01-01,2026-05-25
"[RMKT LARANJA MORO-REATIVAÇÃO BASE QUENTE]","[C] [LM - RMKT] [ADV. ABO]","AD - RMKT",https://www.denavita.com.br/products/laranja-moro-cafe-verde-e-cromo-30-caps?utm_source=Influenciador&utm_campaign=Dani+Winits+-+performance&utm_content=laranja+moro,Imagem,inactive,228902,872933,3.8135665,"Compras no site",357,56.94102592,20327.94625288,2025-10-13,Contínuo,23.286949,8556,2.3758703,0.98014395,2026-01-01,2026-05-25
"[PUBLICO ENG.] [DR]","[C] [TONS] [PB DR]","AD - RMKT",https://www.denavita.com.br/pages/tons-clareador-de-pele,Imagem,inactive,222266,883962,3.97704552,"Compras no site",352,56.31994259,19824.61979078,2025-06-20,Contínuo,22.42700454,9823,2.01818383,1.11124686,2026-01-01,2026-05-25
"[PUBLICO ENG.] [DR]","[C] [TONS] [PB DR]",tons_dr-ursinho_video-reels_10-07-2025_nao-tem-clareador-oral-barra,https://www.denavita.com.br/pages/tons-clareador-de-pele,Vídeo,inactive,219936,767176,3.48817838,"Compras no site",305,64.46593443,19662.11,2025-06-20,Contínuo,25.62920373,10916,1.80121931,1.4228808,2026-01-01,2026-05-25
"[RMKT LARANJA MORO-REATIVAÇÃO BASE QUENTE]","[C] [LM - RMKT] [ADV. ABO]","AD - RMKT",http://www.denavita.com.br/pages/laranja-moro,Imagem,inactive,126701,474886,3.74808407,"Compras no site",281,59.90669034,16833.77998677,2025-10-13,Contínuo,35.44804434,3899,4.31746088,0.82103915,2026-01-01,2026-05-25
"[PUBLICO ABERTO]","[C] [TONS] [PB DR]","tons_sabrina_video-reels_23-09-2025 — Cópia",https://denavita.com.br/pages/tons-clareador-de-pele,Vídeo,inactive,238609,579867,2.43019752,"Compras no site",199,82.75231156,16467.71,2025-12-10,Contínuo,28.39911566,7361,2.23715664,1.26942902,2026-01-01,2026-05-25
"[PUBLICO ABERTO]","[C] [TONS] [PB DR]","AD7 - BOFU",https://denavita.com.br/pages/tons-clareador-de-pele,Imagem,not_delivering,256415,941860,3.67318605,"Compras no site",231,67.49112052,15590.44883956,2025-12-10,Contínuo,16.5528304,8372,1.86221319,0.88887945,2026-01-01,2026-05-25
"[PUBLICO ENG.] [DR]","[C] [TONS] [PB DR]","ADS 3 - MES DO CLIENTE — Cópia",https://denavita.com.br/pages/tons-clareador-de-pele,Imagem,inactive,120731,456103,3.77784496,"Compras no site",286,52.49821678,15014.49,2025-06-20,Contínuo,32.91907749,5395,2.783038,1.18284686,2026-01-01,2026-05-25
"[AQUISIÇÃO]  [ADV. +]","[C] [LM - PRINCIPAL][EX. BASE] [ADV. +] [CBO]","ADS - RAIZA 3",https://www.denavita.com.br/pages/lm1,Vídeo,inactive,234737,544346,2.31896122,"Compras no site",291,50.95993151,14829.340069,2026-01-23,Contínuo,27.24248928,5381,2.75587067,0.98852568,2026-01-01,2026-05-25
"[RMKT LARANJA MORO-REATIVAÇÃO BASE QUENTE]","[C] [LM - RMKT] [ADV. ABO]","AD - RMKT",https://www.denavita.com.br/products/laranja-moro-cafe-verde-e-cromo-30-caps?utm_source=Influenciador&utm_campaign=Meta+performance&utm_content=meta+performance,Imagem,inactive,167869,617798,3.68023876,"Compras no site",248,58.84899173,14594.549949,2025-10-13,Contínuo,23.62349821,5890,2.47785228,0.95338606,2026-01-01,2026-05-25
"[PUBLICO ENG.] [DR]","[C] [TONS] [PB DR]","AD1 — Cópia",https://denavita.com.br/pages/tons-clareador-de-pele,Imagem,active,156849,547107,3.48811277,"Compras no site",215,67.32930233,14475.8,2025-06-20,Contínuo,26.4588097,6498,2.22773161,1.18770186,2026-01-01,2026-05-25
"[TOFU] [TIK + ORG ] [ABERTO]","[C] [LM - TESTE] [ABO]",AD2,http://www.denavita.com.br/pages/laranja-moro,Imagem,inactive,452093,963382,2.13093766,"Compras no site",236,59.245,13981.82,2026-02-11,Contínuo,14.5132668,6567,2.12910309,0.68166106,2026-01-01,2026-05-25
"Influ Larissa L 2","[C] [LM - TESTE] [ABO]","AD1 - 07/12",http://www.denavita.com.br/pages/laranja-moro,Vídeo,archived,606365,966395,1.59375129,"Compras no site",262,50.86046544,13325.44194574,2026-01-07,Contínuo,13.78881508,11691,1.13980343,1.20975378,2026-01-01,2026-05-25
"[BM] [ANA ELISA]","[C] [LM - TESTE] [ABO]","AD - RMK ANA ELISA NIVER 3",http://denavita.com.br/pages/laranja-moro?utm_source=Influenciador&utm_campaign=Ana+Elisa+Fitfoodmenu+-+performance&utm_content=Laranja+Moro,Vídeo,not_delivering,210679,809747,3.84351074,"Compras no site",253,51.85722901,13119.87893855,2025-10-01,Contínuo,16.20244217,4602,2.85090807,0.56832566,2026-01-01,2026-05-25
"[AQUISIÇÃO]  [ADV. +]","[C] [LM - PRINCIPAL][EX. BASE] [ADV. +] [CBO]","AD - BOFU",https://www.denavita.com.br/products/laranja-moro-cafe-verde-e-cromo-30-caps,Imagem,inactive,123511,394839,3.19679219,"Compras no site",342,36.79667006,12584.46116121,2026-01-23,Contínuo,31.87238637,5978,2.105129,1.51403483,2026-01-01,2026-05-25
"Arte - Organica Tons ###","[C] [LM - TESTE] [ABO]",AD4,https://denavita.com.br/pages/tons-clareador-de-pele,Imagem,not_delivering,120761,489772,4.05571335,"Compras no site",283,44.08932865,12477.28000916,2026-01-26,Contínuo,25.47569075,4430,2.81654176,0.9045025,2026-01-01,2026-05-25
"[CAMPANHA AQUISIÇÃO]","[C] [JEJOOM] [CBO]","AD - RMKT",http://denavita.com.br/pages/jejoom-denavita,Imagem,inactive,113597,559029,4.92115989,"Compras no site",246,50.21646341,12353.25,2025-10-13,Contínuo,22.09769082,7271,1.69897538,1.30064809,2026-01-01,2026-05-25
"Influ Sabrina - LM TESTE TRAVA DE CPA","[C] [LM - TESTE] [ABO]","Criativo Versão 2 - Sabrina 29/12",http://denavita.com.br/pages/laranja-moro,Vídeo,archived,257718,891703,3.45999503,"Compras no site",214,57.45506599,12295.38412276,2025-10-22,Contínuo,13.78865398,6353,1.93536662,0.71245695,2026-01-01,2026-05-25
"Conj - Vm","[C] [LM - TESTE] [ABO]","ADS 2",https://www.denavita.com.br/pages/vinagre-maca-gomas,Imagem,inactive,87248,300137,3.44004447,"Compras no site",175,70.15482726,12277.09477054,2026-01-30,Contínuo,40.9049693,4020,3.05400367,1.33938835,2026-01-01,2026-05-25
"[BM JADE]","[C] [LM - TESTE] [ABO]","AD - JADE TOFU — Cópia",https://www.denavita.com.br/pages/lm1?utm_source=Influenciador&utm_campaign=Jade+Seba+-+Performance&utm_content=Laranja+Moro,Vídeo,not_delivering,372610,636897,1.70928585,"Compras no site",173,70.75537704,12240.68022826,2026-04-17,Contínuo,19.21924617,6994,1.75016875,1.09813675,2026-01-01,2026-05-25
"[PUBLICO ABERTO]","[C] [TONS] [PB DR]","AD5 - TOFU",https://denavita.com.br/pages/tons-clareador-de-pele,Imagem,not_delivering,155270,507415,3.2679526,"Compras no site",234,51.94081625,12154.15100306,2025-12-10,Contínuo,23.95307786,5564,2.18442685,1.09653834,2026-01-01,2026-05-25
"[PUBLICO ABERTO]","[C] [LM - PRINCIPAL] [PLANO B] 1 TESTE","ADS - RAIZA 3",http://denavita.com.br/pages/laranja-moro,Vídeo,inactive,220371,384080,1.74287905,"Compras no site",193,62.56828164,12075.67835619,2025-12-10,Contínuo,31.44052894,5131,2.35347464,1.3359196,2026-01-01,2026-05-25
"[RMKT LARANJA MORO-REATIVAÇÃO BASE QUENTE]","[C] [LM - RMKT] [ADV. ABO]","AD - RMKT DANI",https://www.denavita.com.br/products/laranja-moro-cafe-verde-e-cromo-30-caps,Imagem,active,88995,247986,2.7865161,"Compras no site",256,46.88245337,12001.90806233,2025-10-13,Contínuo,48.39752269,4668,2.57110284,1.88236433,2026-01-01,2026-05-25
"[RMKT LARANJA MORO-REATIVAÇÃO BASE QUENTE]","[C] [LM - RMKT] [ADV. ABO]","AD - RMKT",https://www.denavita.com.br/products/laranja-moro-cafe-verde-e-cromo-30-caps,Imagem,inactive,110213,284634,2.582581,"Compras no site",197,60.92170898,12001.57666942,2025-10-13,Contínuo,42.164944,2663,4.50678808,0.93558746,2026-01-01,2026-05-25
"[PUBLICO ENG.] [DR]","[C] [TONS] [PB DR]","ADS - ESPINHA",https://denavita.com.br/pages/tons-clareador-de-pele,Vídeo,inactive,295612,456429,1.54401377,"Compras no site",137,86.99138686,11917.82,2025-06-20,Contínuo,26.11100522,10222,1.16589904,2.23955971,2026-01-01,2026-05-25
"[BM] [ANA ELISA]","[C] [LM - TESTE] [ABO]","AD - ANA ELISA MOFU",https://www.denavita.com.br/pages/laranja-moro?utm_source=Influenciador&utm_campaign=Ana+Elisa+Fitfoodmenu+-+performance&utm_content=Laranja+Moro,Vídeo,not_delivering,197800,657504,3.32408493,"Compras no site",179,66.15138596,11841.09808616,2025-10-01,Contínuo,18.00916509,9525,1.2431599,1.44866039,2026-01-01,2026-05-25
"[PUBLICO ENG.] [DR]","[C] [TONS] [PB DR]","AD - TOFU",https://www.denavita.com.br/pages/tons-clareador-de-pele,Vídeo,inactive,139885,199254,1.42441291,"Compras no site",92,128.17829923,11792.40352961,2025-06-20,Contínuo,59.18276938,4963,2.37606358,2.49079065,2026-01-01,2026-05-25
"[CAMPANHA AQUISIÇÃO]","[C] [JEJOOM] [CBO]","AD2 - ORGANICO",http://www.denavita.com.br/pages/jejoom-denavita,Imagem,inactive,185289,434093,2.34278883,"Compras no site",144,79.10965122,11391.7897757,2025-10-13,Contínuo,26.24274009,6458,1.76398107,1.48769964,2026-01-01,2026-05-25
adv-engajado-laranja-mouro-sudeste-sul-centro,"[C][LM - COST CAP WINNERS] [ [CBO]","[1] — Cópia",http://denavita.com.br/pages/laranja-moro,Vídeo,not_delivering,321291,520762,1.62084216,"Compras no site",149,73.7324952,10986.14178437,2025-08-27,Contínuo,21.09628157,4116,2.66913066,0.79038025,2026-01-01,2026-05-25
"Arte - Organica Tons ###","[C] [LM - TESTE] [ABO]",AD1,https://denavita.com.br/pages/tons-clareador-de-pele,Imagem,not_delivering,190876,547773,2.86978457,"Compras no site",190,57.73589506,10969.82006215,2026-01-26,Contínuo,20.02621535,5182,2.11690854,0.94601231,2026-01-01,2026-05-25
"[BOFU] [ADV+ ABERTO] [ESTATICO]","[C] [LM - TESTE] [ABO]",AD5,https://lm1.denavita.com.br/,Vídeo,not_delivering,428912,1098349,2.56077937,"Compras no site",164,66.43514571,10895.36389573,2026-02-25,Contínuo,9.91976493,5736,1.89947069,0.52223838,2026-01-01,2026-05-25
"[PUBLICO ENG.] [DR]","[C] [TONS] [PB DR]","AD - BOFU",https://denavita.com.br/pages/tons-clareador-de-pele,Imagem,active,103713,368340,3.55153163,"Compras no site",221,49.13434389,10858.69,2025-06-20,Contínuo,29.48007276,3656,2.9701012,0.99256122,2026-01-01,2026-05-25
adv-engajado-laranja-mouro-sudeste-sul-centro,"[C][LM - COST CAP WINNERS] [ [CBO]","[1] — Cópia",http://denavita.com.br/pages/laranja-moro,Vídeo,not_delivering,394015,609657,1.54729388,"Compras no site",157,67.37136955,10577.30501947,2025-08-27,Contínuo,17.34959989,4260,2.48293545,0.69875356,2026-01-01,2026-05-25
"[AQUISIÇÃO]  [ADV. +]","[C] [LM - PRINCIPAL][EX. BASE] [ADV. +] [CBO]","ADS - JESSICA",https://lm1.denavita.com.br/,Vídeo,inactive,121261,234783,1.93617899,"Compras no site",179,59.05623505,10571.0660733,2026-01-23,Contínuo,45.02483601,3496,3.02376032,1.48903456,2026-01-01,2026-05-25
"Evelyn Regly BM - LM","[C] [LM - TESTE] [ABO]","ADS 4 - NOVO VM",https://www.denavita.com.br/products/kit-vida-fit,Vídeo,not_delivering,198861,363918,1.83001192,"Compras no site",177,59.63190531,10554.84724048,2026-02-04,Contínuo,29.0033668,5346,1.97434479,1.46901225,2026-01-01,2026-05-25
"[EXCLUSÃO BASE] [ADV. +]","[C] [LM - PRINCIPAL][EX. BASE] [ADV. +] [CBO]","ADS - 4",https://www.denavita.com.br/pages/lm1,Vídeo,inactive,198563,409721,2.06343075,"Compras no site",170,61.81915073,10509.25562397,2026-03-17,Contínuo,25.64978516,4558,2.30567258,1.11246434,2026-01-01,2026-05-25
adv-aqui-rmtk_coezima-q10_engajado-existente_5-existentes_max-conv_26-05-2025,"[C] [COQ.10][PRINCIPAL]",coenzima-14-10-estático-dani,http://denavita.com.br/pages/coenzimaq10,Imagem,not_delivering,114614,251569,2.19492383,"Compras no site",172,59.72962089,10273.49479315,2025-01-20,Contínuo,40.83768188,3718,2.76317773,1.47792455,2026-01-01,2026-05-25
"[PUBLICO ENG.] [DR]","[C] [TONS] [PB DR]",tons_dr-ursinho-melasma4-13-10-2025,https://denavita.com.br/pages/tons-clareador-de-pele,Vídeo,inactive,98660,207380,2.10196635,"Compras no site",126,81.35920635,10251.26,2025-06-20,Contínuo,49.43224998,5116,2.00376466,2.46696885,2026-01-01,2026-05-25
"[PUBLICO ENG.] [DR]","[C] [TONS] [PB DR]","TESTE CRIATIVOS COMENTARIOS",https://denavita.com.br/pages/tons-clareador-de-pele,Vídeo,inactive,356241,506443,1.4216303,"Compras no site",153,65.62862745,10041.18,2025-06-20,Contínuo,19.82687094,10632,0.94443002,2.0993478,2026-01-01,2026-05-25
"[PUBLICO ABERTO]","[C] [LM - PRINCIPAL] [PLANO B] 1 TESTE","ADS - KAMILI  29/12 — Cópia",http://denavita.com.br/pages/laranja-moro,Vídeo,inactive,295642,857852,2.90165809,"Compras no site",147,68.22427791,10028.96885318,2025-12-10,Contínuo,11.69079148,5293,1.89476079,0.6170062,2026-01-01,2026-05-25
"[Publico Quente] [TESTE]","[C] [DIGESTINO] [PRINCIPAL]","[Criativo 2 Digestino]",https://www.denavita.com.br/pages/digestino,Imagem,not_delivering,220125,547447,2.4869824,"Compras no site",148,67.70536648,10020.39423956,2025-12-24,Contínuo,18.30386182,6032,1.66120594,1.10184182,2026-01-01,2026-05-25
"[BM] [ANA ELISA]","[C] [LM - TESTE] [ABO]","AD - ANA MOFU",http://denavita.com.br/pages/laranja-moro,Vídeo,inactive,115691,396987,3.43144238,"Compras no site",223,44.8081119,9992.20895262,2025-10-01,Contínuo,25.17011628,4059,2.46174155,1.02245162,2026-01-01,2026-05-25
"[PUBLICO ABERTO]","[C] [LM - PRINCIPAL] [PLANO B] 1 TESTE","ADS - RAIZA 3",http://denavita.com.br/pages/laranja-moro,Vídeo,inactive,290949,468296,1.60954669,"Compras no site",137,71.60685687,9810.13939127,2025-12-10,Contínuo,20.94858677,5430,1.8066555,1.15952304,2026-01-01,2026-05-25
"[AQUISIÇÃO]  [ADV. +]","[C] [LM - PRINCIPAL][EX. BASE] [ADV. +] [CBO]","AD - MOFU",https://www.denavita.com.br/pages/laranja-moro?utm_source=Influenciador&utm_campaign=Luciana+Moraes+-+performance&utm_content=laranja+moro,Vídeo,active,206980,455930,2.20277321,"Compras no site",213,45.69361502,9732.74,2026-01-23,Contínuo,21.34700502,4376,2.22411792,0.95979646,2026-01-01,2026-05-25
"[PUBLICO ENG.] [DR]","[C] [TONS] [PB DR]",AD10,https://denavita.com.br/pages/tons-clareador-de-pele,Vídeo,inactive,155268,257970,1.66144988,"Compras no site",118,81.94745763,9669.8,2025-06-20,Contínuo,37.48420359,5295,1.82621341,2.05256425,2026-01-01,2026-05-25
"[VINAGRE] [RMKT]","[C] [VARIOS PRODUTO] [ABO] [BID]","ADS2 - VM — Cópia",https://www.denavita.com.br/pages/vinagre-maca-gomas,Imagem,inactive,137175,288262,2.1014179,"Compras no site",120,79.75816667,9570.98,2026-01-20,Contínuo,33.20236452,3346,2.86042439,1.1607496,2026-01-01,2026-05-25
"[PUBLICO ABERTO]","[C] [LM - PRINCIPAL] [PLANO B] 1 TESTE","Criativo 1 - Brenda 29/12 — Cópia",http://www.denavita.com.br/pages/laranja-moro,Vídeo,inactive,283864,500417,1.76287588,"Compras no site",116,81.54093971,9458.74900625,2025-12-10,Contínuo,18.90173397,4865,1.9442444,0.97218919,2026-01-01,2026-05-25
"[PUBLICO ABERTO]","[C] [LM - PRINCIPAL] [PLANO B] 1 TESTE","ADS - ANA ELISA 2",http://denavita.com.br/pages/laranja-moro,Vídeo,inactive,243286,654971,2.69218533,"Compras no site",153,60.83680177,9308.03067071,2025-12-10,Contínuo,14.21136305,4145,2.2456045,0.63285245,2026-01-01,2026-05-25
"[PUBLICO ENG.] [DR]","[C] [TONS] [PB DR]","AD1 - VERAO — Cópia",https://www.denavita.com.br/pages/tons-clareador-de-pele,Imagem,inactive,114401,363886,3.18079387,"Compras no site",188,48.35055156,9089.90369417,2025-06-20,Contínuo,24.98008633,2732,3.32719755,0.75078459,2026-01-01,2026-05-25
"Evelyn Regly BM - LM","[C] [LM - TESTE] [ABO]","ADS - ART 2",http://lm1.denavita.com.br/,Imagem,not_delivering,165906,571340,3.44375731,"Compras no site",167,53.56437126,8945.25,2026-02-04,Contínuo,15.65661428,2942,3.04053365,0.51492981,2026-01-01,2026-05-25
"[VINAGRE] [RMKT]","[C] [VARIOS PRODUTO] [ABO] [BID]",AD2,https://www.denavita.com.br/pages/vinagre-maca-gomas,Imagem,active,118084,355568,3.01114461,"Compras no site",116,76.43881551,8866.90259914,2026-01-20,Contínuo,24.93729075,4768,1.85966917,1.34095307,2026-01-01,2026-05-25
"[BOFU] [ADV+ ABERTO] [ESTATICO]","[C] [LM - TESTE] [ABO]","ADS - DANI — Cópia",https://www.denavita.com.br/products/laranja-moro-cafe-verde-e-cromo-30-caps,Imagem,not_delivering,275994,835563,3.02746799,"Compras no site",217,40.72573874,8837.48530627,2026-02-25,Contínuo,10.57668339,5586,1.58207757,0.66853128,2026-01-01,2026-05-25
"teste aquisição ate dia 15  - Lm","[C] [LM - TESTE] [ABO]","AD -  ANA ELISA TOFU",https://www.denavita.com.br/pages/laranja-moro,Vídeo,not_delivering,205730,421589,2.04923443,"Compras no site",164,53.82689024,8827.61,2026-02-04,Contínuo,20.93890021,3794,2.32672905,0.8999286,2026-01-01,2026-05-25
"[PUBLICO ENG.] [DR]","[C] [TONS] [PB DR]","tons 3 - 25-11",https://denavita.com.br/pages/tons-clareador-de-pele,Vídeo,inactive,235384,308162,1.30918839,"Compras no site",130,67.58730769,8786.35,2025-06-20,Contínuo,28.51211376,7501,1.17135715,2.43410933,2026-01-01,2026-05-25
adv-engajado-laranja-mouro-sudeste-sul-centro,"[C][LM - COST CAP WINNERS] [ [CBO]","[1] — Cópia",http://www.denavita.com.br/pages/laranja-moro,Vídeo,not_delivering,227079,333112,1.46694322,"Compras no site",115,75.25272344,8654.06319617,2025-08-27,Contínuo,25.97943994,3055,2.83275391,0.91710896,2026-01-01,2026-05-25
"[HIBRIDO] [ESTATICO ORG.] [BID 60]","[C] [LM - TESTE] [ABO]","AD - BOFU 1 — Cópia",https://www.denavita.com.br/products/laranja-moro-cafe-verde-e-cromo-30-caps?utm_source=Influenciador&utm_campaign=Meta+performance&utm_content=meta+performance,Imagem,active,479687,1157217,2.41244186,"Compras no site",134,64.22983165,8606.79744047,2026-03-20,Contínuo,7.43749655,3846,2.23785685,0.33234908,2026-01-01,2026-05-25
adv-engajado-laranja-mouro-sudeste-sul-centro,"[C][LM - COST CAP WINNERS] [ [CBO]","Estático 4 - Laranja Mouro",http://denavita.com.br/pages/laranja-moro,Imagem,not_delivering,297797,957309,3.21463614,"Compras no site",151,56.23639134,8491.69509308,2025-08-27,Contínuo,8.87038051,4103,2.06963078,0.42859724,2026-01-01,2026-05-25
"Evelyn Regly BM - LM","[C] [LM - TESTE] [ABO]","Teste - ADS 2",http://lm1.denavita.com.br/,Vídeo,not_delivering,332234,875998,2.6366898,"Compras no site",164,50.60444445,8299.12888916,2026-02-04,Contínuo,9.47391306,5971,1.38990603,0.68162256,2026-01-01,2026-05-25
"[CAMPANHA AQUISIÇÃO]","[C] [JEJOOM] [CBO]","AD - MORGANA TOFU","https://www.denavita.com.br/pages/jejoom-v3  Jejoom Caneta https://www.denavita.com.br/pages/jejoom-v3-caneta",Vídeo,inactive,88898,245644,2.76321177,"Compras no site",127,65.29792364,8292.83630268,2025-10-13,Contínuo,33.75957199,5875,1.4115466,2.3916725,2026-01-01,2026-05-25
"[PUBLICO ENG.] [DR]","[C] [TONS] [PB DR]","AD - TOFU",https://www.denavita.com.br/pages/tons-clareador-de-pele,Vídeo,inactive,79805,160614,2.01258067,"Compras no site",119,67.0536504,7979.38439732,2025-06-20,Contínuo,49.68050355,4771,1.67247629,2.9704758,2026-01-01,2026-05-25
"[PUBLICO ABERTO]","[C] [TONS] [PB DR]","AD7 - BOFU",https://www.denavita.com.br/pages/tons-clareador-de-pele,Imagem,not_delivering,268428,500490,1.86452233,"Compras no site",89,88.96806695,7918.15795896,2025-12-10,Contínuo,15.82081152,3283,2.41186657,0.65595716,2026-01-01,2026-05-25
"[PUBLICO ABERTO]","[C] [LM - PRINCIPAL] [PLANO B] 1 TESTE","ADS - LARISSA 2",http://www.denavita.com.br/pages/laranja-moro,Vídeo,inactive,266675,376888,1.41328583,"Compras no site",97,81.49197995,7904.72205519,2025-12-10,Contínuo,20.97366341,4778,1.65439976,1.26775063,2026-01-01,2026-05-25
adv-engajado-laranja-mouro-sudeste-sul-centro,"[C][LM - COST CAP WINNERS] [ [CBO]","Estático 5 - Laranja Mouro",http://denavita.com.br/pages/laranja-moro,Imagem,not_delivering,273841,668693,2.44190242,"Compras no site",142,54.67781291,7764.24943251,2025-08-27,Contínuo,11.61108226,3470,2.23753586,0.51892273,2026-01-01,2026-05-25
"[PUBLICO ABERTO]","[C] [LM - PRINCIPAL] [PLANO B] 1 TESTE","ADS - RAIZA 1",http://denavita.com.br/pages/laranja-moro,Vídeo,inactive,124487,230220,1.84934973,"Compras no site",120,64.08933333,7690.72,2025-12-10,Contínuo,33.40595952,3931,1.95642839,1.70749718,2026-01-01,2026-05-25
"[VINAGRE] [RMKT]","[C] [VARIOS PRODUTO] [ABO] [BID]","ADS 1 — Cópia",https://www.denavita.com.br/pages/vinagre-maca-gomas,Vídeo,inactive,68303,121810,1.78337701,"Compras no site",105,72.63952381,7627.15,2026-01-20,Contínuo,62.61513833,3554,2.14607485,2.91765865,2026-01-01,2026-05-25
"[TOFU][PERFIL NOVO]  TESTE","[C] [LM - PRINCIPAL] - [PLANO B] 2 TESTE",AD2,https://track.denavita.com.br/0ksqdzlnmv/,Vídeo,not_delivering,270498,685940,2.5358413,"Compras no site",88,85.87185999,7556.72367875,2026-03-16,Contínuo,11.01659574,3944,1.91600499,0.5749774,2026-01-01,2026-05-25
"[VINAGRE] [RMKT]","[C] [VARIOS PRODUTO] [ABO] [BID]","AD - TOFU",https://www.denavita.com.br/pages/vinagre-maca-gomas,Vídeo,inactive,146466,293877,2.00645201,"Compras no site",112,66.76037223,7477.16169031,2026-01-20,Contínuo,25.44316735,3892,1.92116179,1.32436359,2026-01-01,2026-05-25
"[VINAGRE] [RMKT]","[C] [VARIOS PRODUTO] [ABO] [BID]","AD - RAIZA MOFU",https://www.denavita.com.br/pages/vinagre-maca-gomas,Vídeo,inactive,72396,161026,2.22423891,"Compras no site",100,74.33232152,7433.23215196,2026-01-20,Contínuo,46.16168912,3372,2.20439862,2.09407176,2026-01-01,2026-05-25
"[PUBLICO ABERTO]","[C] [LM - PRINCIPAL] [PLANO B] 1 TESTE","ADS - RAIZA 3",https://www.denavita.com.br/pages/laranja-moro?utm_source=Influenciador&utm_campaign=Raiza+Marinari&utm_content=Laranja+Moro,Vídeo,inactive,209177,359067,1.71657018,"Compras no site",90,81.9307036,7373.76332356,2025-12-10,Contínuo,20.5358981,2785,2.64767085,0.77562126,2026-01-01,2026-05-25
"TONS TESTE","[C] [TONS] [PB DR]","AD- NIVER 3",https://www.denavita.com.br/pages/tons-clareador-de-pele?utm_source=Influenciador&utm_campaign=Rodrigo+Andrade+-+performance&utm_content=Tons,Imagem,inactive,76113,209711,2.75525863,"Compras no site",106,67.67216981,7173.25,2026-04-06,Contínuo,34.20540649,3051,2.35111439,1.45485931,2026-01-01,2026-05-25
"[RMKT LARANJA MORO-REATIVAÇÃO BASE QUENTE]","[C] [LM - RMKT] [ADV. ABO]","AD - RMKT DANI",https://www.denavita.com.br/pages/laranja-moro,Imagem,active,69779,168145,2.40967913,"Compras no site",206,34.49077541,7105.09973504,2025-10-13,Contínuo,42.25578956,2676,2.65511948,1.59148354,2026-01-01,2026-05-25
"[RMKT LARANJA MORO-REATIVAÇÃO BASE QUENTE]","[C] [LM - RMKT] [ADV. ABO]","AD - RMKT DANI",http://denavita.com.br/pages/laranja-moro,Imagem,active,90021,219232,2.43534286,"Compras no site",135,51.87145995,7002.64709285,2025-10-13,Contínuo,31.9417197,2116,3.30937953,0.96518756,2026-01-01,2026-05-25
"[PUBLICO ABERTO]","[C] [TONS] [PB DR]","AD2 - MOFU",https://denavita.com.br/pages/tons-clareador-de-pele,Vídeo,not_delivering,75905,199166,2.62388512,"Compras no site",115,60.73756344,6984.81979578,2025-12-10,Contínuo,35.07034231,6410,1.08967548,3.21842081,2026-01-01,2026-05-25
adv-aqui-rmtk_coezima-q10_engajado-existente_5-existentes_max-conv_26-05-2025,"[C] [COQ.10][PRINCIPAL]","AD1 ANIVERSARIO",http://www.denavita.com.br/pages/coenzimaq10,Imagem,not_delivering,217325,333347,1.53386403,"Compras no site",86,80.98256995,6964.50101592,2025-01-20,Contínuo,20.89264645,1721,4.04677572,0.51627883,2026-01-01,2026-05-25
"Influ Evelyn - Vm","[C] [LM - TESTE] [ABO]","ADS 4",https://www.denavita.com.br/pages/vinagre-maca-gomas,Vídeo,not_delivering,189631,261587,1.37945273,"Compras no site",94,73.56031915,6914.67,2026-01-29,Contínuo,26.43353836,4727,1.46280305,1.80704699,2026-01-01,2026-05-25
"[BM JADE]","[C] [LM - TESTE] [ABO]","AD - JADE MOFU 3",https://www.denavita.com.br/pages/lm1?utm_source=Influenciador&utm_campaign=Jade+Seba+-+Performance&utm_content=Laranja+Moro,Vídeo,inactive,178467,541269,3.03288003,"Compras no site",119,57.79159664,6877.2,2026-04-17,Contínuo,12.70569717,4818,1.42739726,0.89013042,2026-01-01,2026-05-25
"[PUBLICO ABERTO]","[C] [TONS] [PB DR]","AD3 - MOFU",https://denavita.com.br/pages/tons-clareador-de-pele,Vídeo,inactive,116270,259743,2.23396405,"Compras no site",111,61.51947916,6828.6621864,2025-12-10,Contínuo,26.29007206,4258,1.60372527,1.63931271,2026-01-01,2026-05-25
"[AQUISIÇÃO]  [ADV. +]","[C] [LM - PRINCIPAL][EX. BASE] [ADV. +] [CBO]","AD - ISA MOFU LP DANI",https://www.denavita.com.br/pages/lm1?utm_source=Influenciador&utm_campaign=Jade+Seba+-+Performance&utm_content=Laranja+Moro,Vídeo,inactive,174574,256236,1.46777871,"Compras no site",93,73.38365392,6824.67981478,2026-01-23,Contínuo,26.63435198,3768,1.81122076,1.47051936,2026-01-01,2026-05-25
"teste aquisição ate dia 15  - Lm","[C] [LM - TESTE] [ABO]","AD - EVELYN MOFU",http://lm1.denavita.com.br/,Vídeo,inactive,316751,675348,2.13211008,"Compras no site",104,65.47767177,6809.67786374,2026-02-04,Contínuo,10.08321319,3584,1.90002173,0.53068936,2026-01-01,2026-05-25
"[PUBLICO ABERTO]","[C] [LM - PRINCIPAL] [PLANO B] 1 TESTE","AD1 - 07/12 — Cópia",http://denavita.com.br/pages/laranja-moro,Vídeo,inactive,535009,582279,1.08835365,"Compras no site",101,65.78348726,6644.13221305,2025-12-10,Contínuo,11.41056472,5331,1.24632005,0.91554049,2026-01-01,2026-05-25
"Conj - Vm","[C] [LM - TESTE] [ABO]","ADS 2",https://track.denavita.com.br/5myasrs6l8/,Imagem,inactive,64729,156565,2.41877675,"Compras no site",90,73.69994699,6632.99522946,2026-01-30,Contínuo,42.3657601,2804,2.36554751,1.79094945,2026-01-01,2026-05-25
"[AQUISIÇÃO]  [ADV. +]","[C] [LM - PRINCIPAL][EX. BASE] [ADV. +] [CBO]","AD - JADE TOFU LP LM1",https://www.denavita.com.br/pages/lm1?utm_source=Influenciador&utm_campaign=Jade+Seba+-+Performance&utm_content=Laranja+Moro,Vídeo,active,149669,338747,2.2633077,"Compras no site",125,52.9363793,6617.04741303,2026-01-23,Contínuo,19.53389229,2660,2.48761181,0.78524681,2026-01-01,2026-05-25
"Arte - Organica Lm","[C] [LM - TESTE] [ABO]",AD2,http://www.denavita.com.br/pages/laranja-moro,Imagem,not_delivering,287286,792747,2.75943485,"Compras no site",123,53.70593496,6605.83,2026-01-26,Contínuo,8.33283507,3591,1.83955166,0.45298185,2026-01-01,2026-05-25
"TONS TESTE","[C] [TONS] [PB DR]","AD - BOFU 5",https://www.denavita.com.br/pages/tons-clareador-de-pele,Vídeo,not_delivering,68826,129036,1.87481475,"Compras no site",76,86.70934211,6589.91,2026-04-06,Contínuo,51.07032146,3238,2.03517912,2.50937723,2026-01-01,2026-05-25
"[AQUISIÇÃO]  [ADV. +]","[C] [LM - PRINCIPAL][EX. BASE] [ADV. +] [CBO]","ADS - ANA ELISA 2",https://www.denavita.com.br/pages/lm1,Vídeo,inactive,142345,331364,2.3278935,"Compras no site",153,43.0479085,6586.33,2026-01-23,Contínuo,19.87641989,2135,3.08493208,0.64430656,2026-01-01,2026-05-25
rmkt_tons_estáticos_visitantes-engajado-compradores_max-conv_cpa35_02-09-2025_7,"[C] [TONS] [PB DR]","AD1 - VERAO",https://denavita.com.br/pages/tons-clareador-de-pele,Imagem,not_delivering,77052,254389,3.30152365,"Compras no site",117,55.89355819,6539.54630817,2025-09-02,Contínuo,25.70687533,1937,3.37612096,0.76143229,2026-01-01,2026-05-25
"[PUBLICO ABERTO]","[C] [LM - PRINCIPAL] [PLANO B] 1 TESTE","ADS -  ANA ELISA 1",http://denavita.com.br/pages/laranja-moro,Vídeo,inactive,224490,500160,2.22798343,"Compras no site",108,59.91953804,6471.31010874,2025-12-10,Contínuo,12.9384799,3653,1.77150564,0.73036628,2026-01-01,2026-05-25
"[BM] [ANA ELISA]","[C] [LM - TESTE] [ABO]","AD - ANA ELISA MOFU",http://denavita.com.br/pages/laranja-moro,Vídeo,not_delivering,133586,330065,2.47080532,"Compras no site",123,52.51200104,6458.97612798,2025-10-01,Contínuo,19.56880047,3479,1.85656112,1.05403481,2026-01-01,2026-05-25
"[VINAGRE] [RMKT]","[C] [VARIOS PRODUTO] [ABO] [BID]",AD1,https://www.denavita.com.br/pages/vinagre-maca-gomas,Imagem,inactive,102689,257843,2.51091159,"Compras no site",111,57.71100776,6405.92186141,2026-01-20,Contínuo,24.84427292,2407,2.66137177,0.9335138,2026-01-01,2026-05-25
"[RMKT LARANJA MORO-REATIVAÇÃO BASE QUENTE]","[C] [LM - RMKT] [ADV. ABO]","ADS 3 — Cópia",https://lm1.denavita.com.br/,Vídeo,not_delivering,182566,257588,1.41093084,"Compras no site",69,90.99753623,6278.83,2025-10-13,Contínuo,24.37547557,3477,1.80581823,1.34982996,2026-01-01,2026-05-25
"[PUBLICO ENG.] [DR]","[C] [TONS] [PB DR]","AD - TOFU",https://denavita.com.br/pages/tons-clareador-de-pele,Vídeo,inactive,74475,132575,1.78012756,"Compras no site",94,65.60276596,6166.66,2025-06-20,Contínuo,46.51450123,2568,2.40134735,1.93701678,2026-01-01,2026-05-25
"[AQUISIÇÃO]  [ADV. +]","[C] [LM - PRINCIPAL][EX. BASE] [ADV. +] [CBO]","ADS - LARISSA MES CLIENTE",https://lm1.denavita.com.br/,Vídeo,active,131551,277334,2.10818618,"Compras no site",125,49.21670421,6152.0880265,2026-01-23,Contínuo,22.18295639,2803,2.1948227,1.01069469,2026-01-01,2026-05-25
"[TOFU] [TIK + ORG ] [ABERTO]","[C] [LM - TESTE] [ABO]","AD - MOFU teste ate 08-05 — Cópia",https://www.denavita.com.br/pages/laranja-moro?utm_source=Influenciador&utm_campaign=Luciana+Moraes+-+performance&utm_content=laranja+moro,Vídeo,active,118516,257298,2.17099801,"Compras no site",69,88.68536232,6119.29,2026-02-11,Contínuo,23.78288988,3543,1.72714931,1.37700254,2026-01-01,2026-05-25
"[PUBLICO ABERTO]","[C] [LM - PRINCIPAL] [PLANO B] 1 TESTE","ADS -  ANA ELISA 1",http://www.denavita.com.br/pages/laranja-moro,Vídeo,inactive,162151,362585,2.23609475,"Compras no site",85,71.97423401,6117.80989126,2025-12-10,Contínuo,16.87276057,2842,2.15264247,0.78381621,2026-01-01,2026-05-25
"[AQUISIÇÃO]  [ADV. +]","[C] [LM - PRINCIPAL][EX. BASE] [ADV. +] [CBO]","ADS - RAIZA 3",https://www.denavita.com.br/pages/lm1,Vídeo,inactive,83259,130668,1.56941592,"Compras no site",77,78.82432283,6069.47285807,2026-01-23,Contínuo,46.44957341,1819,3.33670855,1.39207763,2026-01-01,2026-05-25
"Evelyn Regly BM - LM","[C] [LM - TESTE] [ABO]","ADS 2",http://lm1.denavita.com.br/,Vídeo,not_delivering,226013,624431,2.7628101,"Compras no site",109,54.296008,5918.26487179,2026-02-04,Contínuo,9.47785243,3596,1.64579112,0.57588429,2026-01-01,2026-05-25
"Influ Larissa L. 1 - LM TESTE TRAVA DE CPA","[C] [LM - TESTE] [ABO]",29/12,http://denavita.com.br/pages/laranja-moro,Vídeo,archived,192643,418970,2.17485193,"Compras no site",122,48.33813318,5897.25224763,2025-11-27,Contínuo,14.0755955,3361,1.75461239,0.80220541,2026-01-01,2026-05-25
"[TOFU][PERFIL NOVO]  TESTE","[C] [LM - PRINCIPAL] - [PLANO B] 2 TESTE",AD2,https://www.denavita.com.br/pages/lm1?utm_source=Influenciador&utm_campaign=Maritza+-+performance&utm_content=laranja+moro,Imagem,not_delivering,516355,892963,1.72935868,"Compras no site",80,72.27664399,5782.13151923,2026-03-16,Contínuo,6.4752196,3618,1.59815686,0.40516796,2026-01-01,2026-05-25
[EVELIN],"[C] [LM - PRINCIPAL][EX. BASE] [ADV. +] [CBO]","AD- MOFU",https://track.denavita.com.br/0ksqdzlnmv/,Vídeo,inactive,254579,373576,1.46742661,"Compras no site",63,91.44103929,5760.7854755,2026-03-31,Contínuo,15.42065196,3758,1.53293919,1.00595327,2026-01-01,2026-05-25
"teste publico novo - bid","[C] [LM - TESTE] [ABO]","ADS 3",https://lm1.denavita.com.br/,Vídeo,not_delivering,220916,377505,1.70881693,"Compras no site",97,58.91681866,5714.93141041,2026-02-19,Contínuo,15.13869064,3460,1.65171428,0.91654415,2026-01-01,2026-05-25
adv-aqui-rmtk_coezima-q10_engajado-existente_5-existentes_max-conv_26-05-2025,"[C] [COQ.10][PRINCIPAL]","AD1 - 07/01",http://www.denavita.com.br/pages/coenzimaq10,Imagem,not_delivering,139306,251540,1.80566523,"Compras no site",62,91.9299879,5699.65924969,2025-01-20,Contínuo,22.65905721,2159,2.63995333,0.85831279,2026-01-01,2026-05-25
"[PUBLICO ENG.] [DR]","[C] [TONS] [PB DR]","AD - TOFU",https://denavita.com.br/pages/tons-clareador-de-pele,Vídeo,inactive,61140,121668,1.98999019,"Compras no site",81,69.32777778,5615.55,2025-06-20,Contínuo,46.15469967,1900,2.95555263,1.56162672,2026-01-01,2026-05-25
"[RMKT LARANJA MORO-REATIVAÇÃO BASE QUENTE]","[C] [LM - RMKT] [ADV. ABO]","AD - MOFU teste ate 08-05 — Cópia — Cópia — Cópia",https://www.denavita.com.br/pages/laranja-moro?utm_source=Influenciador&utm_campaign=Luciana+Moraes+-+performance&utm_content=laranja+moro,Vídeo,not_delivering,170054,300521,1.76720924,"Compras no site",58,94.83793103,5500.6,2025-10-13,Contínuo,18.30354617,2210,2.48895928,0.73538954,2026-01-01,2026-05-25
"Arte - Organica Lm","[C] [LM - TESTE] [ABO]",AD1,http://www.denavita.com.br/pages/laranja-moro,Imagem,not_delivering,201366,520292,2.58381256,"Compras no site",83,65.67433729,5450.96999538,2026-01-26,Contínuo,10.47675151,2519,2.16394204,0.48415121,2026-01-01,2026-05-25
"[PUBLICO ENG.] [DR]","[C] [TONS] [PB DR]","AD - BOFU — Cópia",https://denavita.com.br/pages/tons-clareador-de-pele,Imagem,active,63179,165638,2.62172557,"Compras no site",118,46.18915228,5450.31996944,2025-06-20,Contínuo,32.90500954,1869,2.91616906,1.12836426,2026-01-01,2026-05-25
adv-engajado-laranja-mouro-sudeste-sul-centro,"[C][LM - COST CAP WINNERS] [ [CBO]","Estático 2 - Laranja Mouro",http://denavita.com.br/pages/laranja-moro,Imagem,not_delivering,87911,264897,3.01324066,"Compras no site",88,61.49844261,5411.86294965,2025-08-27,Contínuo,20.43006508,1499,3.61031551,0.56588032,2026-01-01,2026-05-25
"[PUBLICO ABERTO]","[C] [LM - PRINCIPAL] [PLANO B] 1 TESTE","ADS - ANA ELISA 2",http://www.denavita.com.br/pages/laranja-moro,Vídeo,inactive,132882,289632,2.17961801,"Compras no site",80,67.2876585,5383.01268024,2025-12-10,Contínuo,18.5856973,2410,2.23361522,0.83209038,2026-01-01,2026-05-25
"[VINAGRE] [RMKT]","[C] [VARIOS PRODUTO] [ABO] [BID]",AD8,https://www.denavita.com.br/pages/vinagre-maca-gomas,Imagem,inactive,137183,285256,2.07938301,"Compras no site",67,78.86030125,5283.64018384,2026-01-20,Contínuo,18.52245065,2604,2.02904769,0.91286423,2026-01-01,2026-05-25
"[PUBLICO ABERTO]","[C] [LM - PRINCIPAL] [PLANO B] 1 TESTE","CRIATIVO 2 RMKT — Cópia",http://www.denavita.com.br/pages/laranja-moro,Imagem,inactive,147812,367814,2.48839066,"Compras no site",58,91.07448485,5282.32012148,2025-12-10,Contínuo,14.36138951,1574,3.35598483,0.42793368,2026-01-01,2026-05-25
"[PUBLICO LARISSA]","[C] [JEJOOM] [CBO]","ADS - LARISSA 1 24-12",http://www.denavita.com.br/pages/jejoom-denavita,Vídeo,archived,69487,196140,2.82268626,"Compras no site",66,79.49011697,5246.34771991,2025-10-13,Contínuo,26.74797451,3101,1.69182448,1.58101356,2026-01-01,2026-05-25
"[AQUISIÇÃO]  [ADV. +]","[C] [LM - PRINCIPAL][EX. BASE] [ADV. +] [CBO]","ADS - JESSICA 2",https://lm1.denavita.com.br/,Vídeo,inactive,107532,152851,1.42144664,"Compras no site",68,77.07705882,5241.24,2026-01-23,Contínuo,34.28986399,1276,4.10755486,0.8347999,2026-01-01,2026-05-25
adv-engajado-laranja-mouro-sudeste-sul-centro,"[C][LM - COST CAP WINNERS] [ [CBO]","Estático 5 - Laranja Mouro",http://www.denavita.com.br/pages/laranja-moro,Imagem,not_delivering,137856,258230,1.87318651,"Compras no site",93,55.92787461,5201.29233831,2025-08-27,Contínuo,20.14209169,1846,2.81760148,0.71486659,2026-01-01,2026-05-25
"[PUBLICO ABERTO]","[C] [TONS] [PB DR]","AD5 - TOFU",https://www.denavita.com.br/pages/tons-clareador-de-pele,Imagem,not_delivering,135141,248281,1.83719967,"Compras no site",93,55.32348439,5145.0840484,2025-12-10,Contínuo,20.72282635,1778,2.89374806,0.71612407,2026-01-01,2026-05-25
"[VINAGRE] [RMKT]","[C] [VARIOS PRODUTO] [ABO] [BID]","AD - ORG TOFU",https://www.denavita.com.br/pages/vinagre-maca-gomas?utm_source=Influenciador&utm_campaign=Meta+performance&utm_content=meta+performance,Imagem,inactive,67539,114857,1.70060261,"Compras no site",47,108.80562032,5113.86415487,2026-01-20,Contínuo,44.52374827,1957,2.61311403,1.70385784,2026-01-01,2026-05-25
"[RMKT LARANJA MORO-REATIVAÇÃO BASE QUENTE]","[C] [LM - RMKT] [ADV. ABO]","AD3 — Cópia",http://www.denavita.com.br/pages/laranja-moro,Imagem,inactive,101389,209670,2.06797582,"Compras no site",76,66.40355263,5046.67,2025-10-13,Contínuo,24.06958554,1963,2.57089659,0.93623313,2026-01-01,2026-05-25
rmkt_tons_estáticos_visitantes-engajado-compradores_max-conv_cpa35_02-09-2025_7,"[C] [TONS] [PB DR]",tons1_rmkt_20-10-2025,https://denavita.com.br/pages/tons-clareador-de-pele,Imagem,not_delivering,65890,187439,2.84472606,"Compras no site",79,63.79719997,5039.97879768,2025-09-02,Contínuo,26.88863469,1946,2.58991716,1.03820443,2026-01-01,2026-05-25
"[AQUISIÇÃO]  [ADV. +]","[C] [LM - PRINCIPAL][EX. BASE] [ADV. +] [CBO]","AD - MOFU teste ate 08-05 — Cópia — Cópia",https://www.denavita.com.br/pages/laranja-moro?utm_source=Influenciador&utm_campaign=Luciana+Moraes+-+performance&utm_content=laranja+moro,Vídeo,inactive,211508,277814,1.31349169,"Compras no site",63,78.85301587,4967.74,2026-01-23,Contínuo,17.88153225,2947,1.68569393,1.06078167,2026-01-01,2026-05-25
rmkt_tons_estáticos_visitantes-engajado-compradores_max-conv_cpa35_02-09-2025_7,"[C] [TONS] [PB DR]",tons3_rmkt_01-09-2025,https://denavita.com.br/pages/tons-clareador-de-pele,Imagem,not_delivering,123846,264001,2.13168774,"Compras no site",69,70.02937451,4832.02684092,2025-09-02,Contínuo,18.30306264,2806,1.7220338,1.06287476,2026-01-01,2026-05-25
"[PUBLICO LARISSA]","[C] [JEJOOM] [CBO]","ADS - LARISSA 07/01",http://denavita.com.br/pages/jejoom-denavita,Vídeo,archived,67535,157843,2.33720293,"Compras no site",71,67.90098592,4820.97,2025-10-13,Contínuo,30.54281786,2076,2.32223988,1.31523096,2026-01-01,2026-05-25
"[BM] [ANA ELISA]","[C] [LM - TESTE] [ABO]","AD - ANA MOFU",https://www.denavita.com.br/pages/laranja-moro?utm_source=Influenciador&utm_campaign=Ana+Elisa+Fitfoodmenu+-+performance&utm_content=Laranja+Moro,Vídeo,inactive,89096,214954,2.41261112,"Compras no site",84,57.11825552,4797.93346359,2025-10-01,Contínuo,22.3207452,2045,2.34617773,0.95136634,2026-01-01,2026-05-25
"[RMKT LARANJA MORO-REATIVAÇÃO BASE QUENTE]","[C] [LM - RMKT] [ADV. ABO]","[VERÃO 3] [BOFU]",http://denavita.com.br/pages/laranja-moro,Imagem,not_delivering,50476,155035,3.0714597,"Compras no site",86,55.70474539,4790.6081034,2025-10-13,Contínuo,30.9001716,1447,3.31071742,0.93333763,2026-01-01,2026-05-25
"Conj - Vm","[C] [LM - TESTE] [ABO]","AD - ORG 2 TOFU",https://www.denavita.com.br/pages/vinagre-maca-gomas?utm_source=Influenciador&utm_campaign=Meta+performance&utm_content=meta+performance,Imagem,inactive,164209,268642,1.6359761,"Compras no site",40,117.43025,4697.21,2026-01-30,Contínuo,17.48501723,2367,1.98445712,0.88109826,2026-01-01,2026-05-25
"[PUBLICO LARISSA]","[C] [JEJOOM] [CBO]","ADS - LARISSA 1 24-12",http://denavita.com.br/pages/jejoom-denavita,Vídeo,archived,59353,170598,2.87429448,"Compras no site",91,51.08013495,4648.29228009,2025-10-13,Contínuo,27.24705026,2567,1.8107878,1.50470697,2026-01-01,2026-05-25
adv-engajado-laranja-mouro-sudeste-sul-centro,"[C][LM - COST CAP WINNERS] [ [CBO]","Estático 4 - Laranja Mouro",http://www.denavita.com.br/pages/laranja-moro,Imagem,not_delivering,132515,285087,2.15135645,"Compras no site",69,67.26725523,4641.44061089,2025-08-27,Contínuo,16.28078661,1734,2.67672469,0.60823538,2026-01-01,2026-05-25
"[BM] [ANA ELISA]","[C] [LM - TESTE] [ABO]","AD - RMK NIVER",http://denavita.com.br/pages/laranja-moro?utm_source=Influenciador&utm_campaign=Ana+Elisa+Fitfoodmenu+-+performance&utm_content=Laranja+Moro,Imagem,inactive,103467,289671,2.79964626,"Compras no site",84,55.09892857,4628.31,2025-10-01,Contínuo,15.97781621,2159,2.14372858,0.74532832,2026-01-01,2026-05-25
"[PUBLICO ABERTO]","[C] [LM - PRINCIPAL] [PLANO B] 1 TESTE","[2] 29/12 — Cópia",http://www.denavita.com.br/pages/laranja-moro,Vídeo,inactive,232925,338201,1.45197381,"Compras no site",46,100.47720361,4621.95136616,2025-12-10,Contínuo,13.66628533,2334,1.98027051,0.69012215,2026-01-01,2026-05-25
"Evelyn Regly BM - LM","[C] [LM - TESTE] [ABO]","ADS - ART 1",http://lm1.denavita.com.br/,Imagem,not_delivering,117447,420822,3.58308003,"Compras no site",80,57.3195,4585.56,2026-02-04,Contínuo,10.89667365,1989,2.30546003,0.47264639,2026-01-01,2026-05-25
"[TOFU][PERFIL NOVO]  TESTE","[C] [LM - PRINCIPAL] - [PLANO B] 2 TESTE",AD3,https://www.denavita.com.br/pages/lm1?utm_source=Influenciador&utm_campaign=Maritza+-+performance&utm_content=laranja+moro,Imagem,not_delivering,363706,748021,2.0566639,"Compras no site",78,58.76919674,4583.99734597,2026-03-16,Contínuo,6.12816665,2445,1.87484554,0.32686248,2026-01-01,2026-05-25
"[EXCLUSÃO BASE] [ADV. +]","[C] [LM - PRINCIPAL][EX. BASE] [ADV. +] [CBO]","ADS 4",https://www.denavita.com.br/pages/lm1?utm_source=Influenciador&utm_campaign=Luciana+Hildebrand-+Performance&utm_content=Laranja+Moro&_pos=1&_sid=a3128af8f&_ss=r,Vídeo,inactive,136444,340129,2.49281024,"Compras no site",71,64.25422535,4562.05,2026-03-17,Contínuo,13.41270518,5893,0.77414729,1.73257793,2026-01-01,2026-05-25
"[RMKT LARANJA MORO-REATIVAÇÃO BASE QUENTE]","[C] [LM - RMKT] [ADV. ABO]","ADS - RMKT",http://lm1.denavita.com.br/,Imagem,not_delivering,49737,106715,2.14558578,"Compras no site",86,51.79383721,4454.27,2025-10-13,Contínuo,41.73986787,1609,2.7683468,1.5077543,2026-01-01,2026-05-25
"Evelyn Regly BM - LM","[C] [LM - TESTE] [ABO]","ADS 6",http://lm1.denavita.com.br/,Vídeo,not_delivering,251396,396507,1.5772208,"Compras no site",91,48.61927595,4424.3541118,2026-02-04,Contínuo,11.15832536,2268,1.95077342,0.57199495,2026-01-01,2026-05-25
[EVELIN],"[C] [LM - PRINCIPAL][EX. BASE] [ADV. +] [CBO]","AD - EVELYN",https://www.denavita.com.br/pages/laranja-moro?utm_source=Influenciador&utm_campaign=Evelyn+Regly+-+performance&utm_content=Laranja+Moro&_pos=1&_sid=464449d27&_ss=r,Vídeo,inactive,278672,475265,1.70546377,"Compras no site",71,62.06788732,4406.82,2026-03-31,Contínuo,9.2723428,2397,1.83847309,0.5043502,2026-01-01,2026-05-25
[RMK],"[C] [JEJOOM] [CBO]","AD - RMKT",http://denavita.com.br/pages/jejoom-denavita,Imagem,active,74721,344227,4.60683074,"Compras no site",72,60.65791667,4367.37,2026-04-17,Contínuo,12.68747077,3711,1.17687146,1.07806767,2026-01-01,2026-05-25
adv-aqui-rmtk_coezima-q10_engajado-existente_5-existentes_max-conv_26-05-2025,"[C] [COQ.10][PRINCIPAL]","AD1 ANIVERSARIO",http://denavita.com.br/pages/coenzimaq10,Imagem,not_delivering,92520,202675,2.19060744,"Compras no site",65,65.3035334,4244.72967111,2025-01-20,Contínuo,20.94352866,1297,3.27272912,0.63994079,2026-01-01,2026-05-25
"[PUBLICO ENG.] [DR]","[C] [TONS] [PB DR]",tons_dr-ursinho_video-reels_10-07-2025_esse-foi-produto-que-a-mamae,https://denavita.com.br/pages/tons-clareador-de-pele,Vídeo,inactive,72247,128179,1.77417747,"Compras no site",66,62.24001907,4107.84125893,2025-06-20,Contínuo,32.04769314,1923,2.1361629,1.50024575,2026-01-01,2026-05-25
"teste aquisição ate dia 15  - Lm","[C] [LM - TESTE] [ABO]","ADS 6 — Cópia",https://www.denavita.com.br/pages/lm1?utm_source=Influenciador&utm_campaign=Evelyn+Regly+-+performance&utm_content=Laranja+Moro&_pos=1&_sid=464449d27&_ss=r,Vídeo,inactive,293631,427264,1.45510522,"Compras no site",65,62.55123077,4065.83,2026-02-04,Contínuo,9.51596671,2376,1.71120791,0.55609646,2026-01-01,2026-05-25
"Influ Larissa L 2","[C] [LM - TESTE] [ABO]","AD1 - 07/12",http://denavita.com.br/pages/laranja-moro,Vídeo,archived,279444,354675,1.26921673,"Compras no site",109,37.14438582,4048.73805426,2026-01-07,Contínuo,11.4153466,4582,0.88361808,1.29188694,2026-01-01,2026-05-25
"[CAMPANHA AQUISIÇÃO]","[C] [JEJOOM] [CBO]","AD - MORGANA TOFU",https://www.denavita.com.br/pages/jejoom-v3,Vídeo,inactive,58793,143192,2.43552804,"Compras no site",68,59.00078967,4012.05369732,2025-10-13,Contínuo,28.01870005,2109,1.90234884,1.47284765,2026-01-01,2026-05-25
"Arte - Organica Lm","[C] [LM - TESTE] [ABO]",AD3,http://www.denavita.com.br/pages/laranja-moro,Imagem,not_delivering,154622,385676,2.49431517,"Compras no site",56,71.37125,3996.79,2026-01-26,Contínuo,10.36307678,2202,1.81507266,0.57094556,2026-01-01,2026-05-25
"[PUBLICO ENG.] [DR]","[C] [TONS] [PB DR]","AD - TOFU",https://www.denavita.com.br/pages/tons-clareador-de-pele,Vídeo,inactive,34595,80553,2.32845787,"Compras no site",68,58.14867202,3954.1096971,2025-06-20,Contínuo,49.08705693,4132,0.95694814,5.12954204,2026-01-01,2026-05-25
"Evelyn Regly BM - LM","[C] [LM - TESTE] [ABO]","ADS 6",https://lm1.denavita.com.br/?utm_source=Influenciador&utm_campaign=Evelyn+Regly+-+performance&utm_content=Laranja+Moro&_pos=1&_sid=464449d27&_ss=r,Vídeo,not_delivering,201173,281280,1.39819956,"Compras no site",50,78.66138743,3933.06937129,2026-02-04,Contínuo,13.98275516,2064,1.90555687,0.7337884,2026-01-01,2026-05-25
"LP - ATUAL","[C] [LM - PRINCIPAL][EX. BASE] [ADV. +] [CBO]","ADS - RAIZA 3",https://www.denavita.com.br/pages/laranja-moro,Vídeo,archived,78609,128871,1.63939244,"Compras no site",72,54.05409646,3891.89494534,2026-01-19,Contínuo,30.19992819,1369,2.84287432,1.06230261,2026-01-01,2026-05-25
"[PUBLICO ABERTO]","[C] [LM - PRINCIPAL] [PLANO B] 1 TESTE","Criativo 1 - Brenda 29/12 — Cópia",http://denavita.com.br/pages/laranja-moro,Vídeo,inactive,124349,197282,1.58651859,"Compras no site",63,60.775889,3828.88100691,2025-12-10,Contínuo,19.40816196,2148,1.78253306,1.08879675,2026-01-01,2026-05-25
"Conj - Vm","[C] [LM - TESTE] [ABO]","AD - PROMO — Cópia",https://www.denavita.com.br/pages/vinagre-maca-gomas?utm_source=Influenciador&utm_campaign=Mi+Ruback+-+performance&utm_content=Vinagre+de+ma%C3%A7a,Vídeo,inactive,45299,121881,2.6905892,"Compras no site",64,59.0775,3780.96,2026-01-30,Contínuo,31.02173431,1912,1.97748954,1.56874328,2026-01-01,2026-05-25
adv-engajado-laranja-mouro-sudeste-sul-centro,"[C][LM - COST CAP WINNERS] [ [CBO]","Estático 2 - Laranja Mouro",http://www.denavita.com.br/pages/laranja-moro,Imagem,not_delivering,68346,141033,2.06351506,"Compras no site",80,47.23719816,3778.97585283,2025-08-27,Contínuo,26.79497602,975,3.87587267,0.69132756,2026-01-01,2026-05-25
"Evelyn Regly BM - LM","[C] [LM - TESTE] [ABO]","ADS 6",https://www.denavita.com.br/pages/lm1?utm_source=Influenciador&utm_campaign=Evelyn+Regly+-+performance&utm_content=Laranja+Moro&_pos=1&_sid=464449d27&_ss=r,Vídeo,not_delivering,197255,259295,1.31451674,"Compras no site",58,65.14041467,3778.14405082,2026-02-04,Contínuo,14.57083265,1915,1.97292118,0.73854104,2026-01-01,2026-05-25
rmkt_tons_estáticos_visitantes-engajado-compradores_max-conv_cpa35_02-09-2025_7,"[C] [TONS] [PB DR]",tons2_rmkt_01-09-2025,https://denavita.com.br/pages/tons-clareador-de-pele,Imagem,not_delivering,66396,134820,2.03054401,"Compras no site",51,74.00791395,3774.40361159,2025-09-02,Contínuo,27.9958731,1639,2.30286981,1.215695,2026-01-01,2026-05-25
"[PUBLICO ENG.] [DR]","[C] [TONS] [PB DR]","tons_dr-ursinho-bruna2-06-11-2025 — Cópia",https://denavita.com.br/pages/tons-clareador-de-pele,Vídeo,inactive,89383,106184,1.18796639,"Compras no site",37,99.84216216,3694.16,2025-06-20,Contínuo,34.79017554,2089,1.76838679,1.96733971,2026-01-01,2026-05-25
"[PUBLICO ENG.] [DR]","[C] [TONS] [PB DR]","tons1_rmkt_20-10-2025 — Cópia",https://www.denavita.com.br/pages/tons-clareador-de-pele,Imagem,inactive,47684,149657,3.13851606,"Compras no site",57,63.95842228,3645.63006987,2025-06-20,Contínuo,24.35990344,1309,2.78504971,0.87466674,2026-01-01,2026-05-25
"Influ Mi Ruback - Vm","[C] [LM - TESTE] [ABO]",AD3,https://www.denavita.com.br/pages/vinagre-maca-gomas,Vídeo,archived,37077,63567,1.7144591,"Compras no site",49,74.38083229,3644.66078232,2026-01-22,Contínuo,57.33573682,1469,2.48104886,2.3109475,2026-01-01,2026-05-25
"[VINAGRE] [RMKT]","[C] [VARIOS PRODUTO] [ABO] [BID]","ADS1 - VM — Cópia",https://www.denavita.com.br/pages/vinagre-maca-gomas,Imagem,inactive,40994,97716,2.3836659,"Compras no site",60,60.38866667,3623.32,2026-01-20,Contínuo,37.08010971,1062,3.41178908,1.08682304,2026-01-01,2026-05-25
adv-aqui-rmtk_coezima-q10_engajado-existente_5-existentes_max-conv_26-05-2025,"[C] [COQ.10][PRINCIPAL]",coenzima-14-10-estático-dani,http://www.denavita.com.br/pages/coenzimaq10,Imagem,not_delivering,51530,85811,1.66526295,"Compras no site",53,68.20747062,3614.99594272,2025-01-20,Contínuo,42.12741889,1339,2.69977292,1.56040601,2026-01-01,2026-05-25
"[RMKT LARANJA MORO-REATIVAÇÃO BASE QUENTE]","[C] [LM - RMKT] [ADV. ABO]",04-04,https://www.denavita.com.br/products/laranja-moro-cafe-verde-e-cromo-30-caps,Imagem,not_delivering,36770,100607,2.7361164,"Compras no site",82,44.06560976,3613.38,2025-10-13,Contínuo,35.91579115,1153,3.13389419,1.14604352,2026-01-01,2026-05-25
"Evelyn Regly BM - LM","[C] [LM - TESTE] [ABO]","ADS 4 - NOVO VM",https://www.denavita.com.br/products/kit-vida-fit,Vídeo,not_delivering,91741,176840,1.92760053,"Compras no site",66,54.34155696,3586.54275952,2026-02-04,Contínuo,20.28128681,1669,2.14891717,0.943791,2026-01-01,2026-05-25
"ESTUDOS CLINICOS","[C] [LM - PRINCIPAL][EX. BASE] [ADV. +] [CBO]",AD2,https://lm1.denavita.com.br/,Vídeo,archived,185764,334109,1.798567,"Compras no site",44,81.34840909,3579.33,2026-03-20,Contínuo,10.71306071,1863,1.92127214,0.55760246,2026-01-01,2026-05-25
"[RMKT LARANJA MORO-REATIVAÇÃO BASE QUENTE]","[C] [LM - RMKT] [ADV. ABO]","AD - ISA MOFU",https://www.denavita.com.br/pages/lm1?utm_source=Influenciador&utm_campaign=Jade+Seba+-+Performance&utm_content=Laranja+Moro,Vídeo,inactive,74866,97890,1.30753613,"Compras no site",42,83.74214286,3517.17,2025-10-13,Contínuo,35.92981918,1598,2.20098248,1.63244458,2026-01-01,2026-05-25
"[BOFU] [ADV+ ABERTO] [ESTATICO]","[C] [LM - TESTE] [ABO]",AD5,https://track.denavita.com.br/0ksqdzlnmv/,Vídeo,not_delivering,156739,301816,1.92559605,"Compras no site",56,61.48597139,3443.2143978,2026-02-25,Contínuo,11.40832294,1675,2.05565039,0.55497389,2026-01-01,2026-05-25
"LP - ATUAL","[C] [LM - PRINCIPAL][EX. BASE] [ADV. +] [CBO]","Rmkt Dani 2 — Cópia",https://www.denavita.com.br/pages/laranja-moro,Imagem,archived,59471,124873,2.09972928,"Compras no site",70,46.86828892,3280.78022458,2026-01-19,Contínuo,26.2729351,1182,2.77561779,0.94656171,2026-01-01,2026-05-25
"Conj. - Q10","[C] [LM - TESTE] [ABO]","ADS1 - Q10",http://www.denavita.com.br/pages/coenzimaq10,Imagem,inactive,110408,243865,2.20876205,"Compras no site",31,105.13516129,3259.19,2026-02-20,Contínuo,13.36473049,2060,1.58213107,0.84472967,2026-01-01,2026-05-25
"[PUBLICO ENG.] [DR]","[C] [TONS] [PB DR]","tons 3 - 25-11 — Cópia",https://denavita.com.br/pages/tons-clareador-de-pele,Vídeo,active,74726,87850,1.1756283,"Compras no site",51,63.51647059,3239.34,2025-06-20,Contínuo,36.87353443,2128,1.52224624,2.42231076,2026-01-01,2026-05-25
"Conj - Vm","[C] [LM - TESTE] [ABO]","AD - NURR 2",https://www.denavita.com.br/pages/vinagre-maca-gomas?utm_source=Influenciador&utm_campaign=Meta+performance&utm_content=meta+performance,Vídeo,inactive,27723,49640,1.79057101,"Compras no site",40,80.428,3217.12,2026-01-30,Contínuo,64.80902498,973,3.3063926,1.96011281,2026-01-01,2026-05-25
"[PUBLICO ABERTO]","[C] [LM - PRINCIPAL] [PLANO B] 1 TESTE","ADS - RAIZA 3",https://lm1.denavita.com.br/,Vídeo,inactive,92390,131378,1.42199372,"Compras no site",36,89.33992202,3216.23719271,2025-12-10,Contínuo,24.48078973,1124,2.86142099,0.85554659,2026-01-01,2026-05-25
"Influ Kamili","[C] [LM - TESTE] [ABO]","ADS - KAMILI 29/12",http://denavita.com.br/pages/laranja-moro,Vídeo,archived,87833,245253,2.79226487,"Compras no site",63,50.7362629,3196.3845627,2025-12-29,Contínuo,13.03300903,1319,2.42333932,0.53781197,2026-01-01,2026-05-25
"[PUBLICO ENG.] [DR]","[C] [TONS] [PB DR]","AD1 - VERAO — Cópia",https://track.denavita.com.br/mzhmp7q7ud/,Imagem,inactive,45925,108933,2.37197605,"Compras no site",54,58.82528978,3176.56564818,2025-06-20,Contínuo,29.1607286,953,3.33322733,0.87484968,2026-01-01,2026-05-25
"[PUBLICO ENG.] [DR]","[C] [TONS] [PB DR]","TESTE VIDEO COMENTARIO",https://denavita.com.br/pages/tons-clareador-de-pele,Vídeo,inactive,79404,163118,2.05427938,"Compras no site",48,65.77156834,3157.0352805,2025-06-20,Contínuo,19.35430351,2058,1.53403075,1.26166334,2026-01-01,2026-05-25
"[PUBLICO ENG.] [DR]","[C] [TONS] [PB DR]","AD - TOFU — Cópia",https://denavita.com.br/pages/tons-clareador-de-pele,Vídeo,active,88071,145344,1.65030487,"Compras no site",47,66.83297872,3141.15,2025-06-20,Contínuo,21.61183124,3733,0.84145459,2.56838948,2026-01-01,2026-05-25
"Conj - Vm","[C] [LM - TESTE] [ABO]","AD - LIS TOFU",https://www.denavita.com.br/pages/vinagre-maca-gomas?utm_source=Influenciador&utm_campaign=Mi+Ruback+-+performance&utm_content=Vinagre+de+ma%C3%A7a,Vídeo,inactive,39460,64573,1.63641662,"Compras no site",41,76.21878049,3124.97,2026-01-30,Contínuo,48.39437536,1180,2.64827966,1.82738916,2026-01-01,2026-05-25
[MOFU],"[C] [LM - PRINCIPAL] - [PLANO B] 2 TESTE","ADS 4",https://track.denavita.com.br/0ksqdzlnmv/,Vídeo,not_delivering,147515,184399,1.25003559,"Compras no site",46,65.55550022,3015.55300997,2026-03-31,Contínuo,16.35341303,1610,1.87301429,0.87310669,2026-01-01,2026-05-25
"Conj. - Q10","[C] [LM - TESTE] [ABO]","AD - NIVER",https://www.denavita.com.br/pages/coenzimaq10?utm_source=Influenciador&utm_campaign=Dani+Winits+-+performance&utm_content=laranja+moro,Imagem,not_delivering,72706,257888,3.5469975,"Compras no site",43,70.0127907,3010.55,2026-02-20,Contínuo,11.67386617,1677,1.79519976,0.65028229,2026-01-01,2026-05-25
"[PUBLICO ABERTO]","[C] [LM - PRINCIPAL] [PLANO B] 1 TESTE","ADS - SABRINA 1",http://denavita.com.br/pages/laranja-moro,Vídeo,inactive,59025,114937,1.94725964,"Compras no site",26,115.03076923,2990.8,2025-12-10,Contínuo,26.02121162,1496,1.99919786,1.30158261,2026-01-01,2026-05-25
"Conj. - Q10","[C] [LM - TESTE] [ABO]",ADS,http://www.denavita.com.br/pages/coenzimaq10,Imagem,not_delivering,66789,179834,2.69256914,"Compras no site",45,65.69777778,2956.4,2026-02-20,Contínuo,16.43960541,1175,2.51608511,0.65338034,2026-01-01,2026-05-25
"[AQUISIÇÃO]  [ADV. +]","[C] [LM - PRINCIPAL][EX. BASE] [ADV. +] [CBO]","ADS - ISA 2",https://lm1.denavita.com.br/,Vídeo,inactive,69371,96108,1.38542042,"Compras no site",36,81.93861111,2949.79,2026-01-23,Contínuo,30.69245016,1074,2.74654562,1.11749282,2026-01-01,2026-05-25
"[RMKT LARANJA MORO-REATIVAÇÃO BASE QUENTE]","[C] [LM - RMKT] [ADV. ABO]","AD - JADE TOFU",https://www.denavita.com.br/pages/lm1?utm_source=Influenciador&utm_campaign=Jade+Seba+-+Performance&utm_content=Laranja+Moro,Vídeo,inactive,68923,85268,1.2371487,"Compras no site",45,64.94641629,2922.58873322,2025-10-13,Contínuo,34.27532877,1073,2.72375464,1.25838533,2026-01-01,2026-05-25
"Evelyn Regly BM - LM","[C] [LM - TESTE] [ABO]","Teste - ADS 2",http://lm1.denavita.com.br/,Vídeo,not_delivering,117774,181584,1.5418004,"Compras no site",40,72.61652777,2904.66111084,2026-02-04,Contínuo,15.99623927,1673,1.73619911,0.92133668,2026-01-01,2026-05-25
"[AQUISIÇÃO]  [ADV. +]","[C] [LM - PRINCIPAL][EX. BASE] [ADV. +] [CBO]","ADS - LARISSA MES CLIENTE",https://lm1.denavita.com.br/,Vídeo,active,63553,126753,1.99444558,"Compras no site",60,48.11706655,2887.0239929,2026-01-23,Contínuo,22.77677051,1498,1.92725233,1.18182607,2026-01-01,2026-05-25
"[CAMPANHA AQUISIÇÃO]","[C] [JEJOOM] [CBO]","AD - INGRID 1",http://denavita.com.br/pages/jejoom-denavita?utm_source=Influenciador&utm_campaign=Meta+performance&utm_content=meta+performance,Vídeo,inactive,57630,90125,1.56385563,"Compras no site",46,62.38217391,2869.58,2025-10-13,Contínuo,31.84,1563,1.8359437,1.73425798,2026-01-01,2026-05-25
"teste aquisição ate dia 15  - Lm","[C] [LM - TESTE] [ABO]","AD - ISA MOFU",http://lm1.denavita.com.br/?utm_source=Influenciador&utm_campaign=Isa+Nogueira+-+performance&utm_content=laranja+moro,Vídeo,inactive,106278,178208,1.67680988,"Compras no site",35,81.91342857,2866.97,2026-02-04,Contínuo,16.08777384,1123,2.55295637,0.63016251,2026-01-01,2026-05-25
"TONS TESTE","[C] [TONS] [PB DR]","AD- NIVER",https://www.denavita.com.br/pages/tons-clareador-de-pele?utm_source=Influenciador&utm_campaign=Rodrigo+Andrade+-+performance&utm_content=Tons,Imagem,inactive,63901,113987,1.7838062,"Compras no site",35,81.864,2865.24,2026-04-06,Contínuo,25.13655066,1786,1.60427772,1.56684534,2026-01-01,2026-05-25
"[ANA ELISA]","[C] [LM - PRINCIPAL] - [PLANO B] 2 TESTE",ADS2,https://track.denavita.com.br/0ksqdzlnmv/,Vídeo,inactive,57925,96618,1.66798446,"Compras no site",34,83.84365708,2850.68434069,2026-03-17,Contínuo,29.50469209,1324,2.15308485,1.37034507,2026-01-01,2026-05-25
"TONS TESTE","[C] [TONS] [PB DR]","AD - TOFU 3",https://www.denavita.com.br/pages/tons-clareador-de-pele,Vídeo,not_delivering,41848,56813,1.35760371,"Compras no site",30,93.604,2808.12,2026-04-06,Contínuo,49.42741978,1568,1.79089286,2.75993171,2026-01-01,2026-05-25
"teste publico novo - bid","[C] [LM - TESTE] [ABO]","ADS 3",https://lm1.denavita.com.br/,Vídeo,not_delivering,121501,155316,1.27831047,"Compras no site",16,175.17866185,2802.85858959,2026-02-19,Contínuo,18.04616775,1329,2.10899819,0.85567488,2026-01-01,2026-05-25
"[PUBLICO ENG.] [DR]","[C] [TONS] [PB DR]","AD - TOFU",https://denavita.com.br/pages/tons-clareador-de-pele,Vídeo,inactive,37717,55149,1.46217886,"Compras no site",40,69.92816176,2797.12647039,2025-06-20,Contínuo,50.71944134,1469,1.90410243,2.6636929,2026-01-01,2026-05-25
"[PUBLICO ENG.] [DR]","[C] [TONS] [PB DR]","TESTE VIDEO COMENTARIO",https://www.denavita.com.br/pages/tons-clareador-de-pele,Vídeo,inactive,77572,106046,1.36706544,"Compras no site",23,121.06368346,2784.4647195,2025-06-20,Contínuo,26.25714048,1401,1.98748374,1.32112479,2026-01-01,2026-05-25
"Influ Larissa Lemos - Lm","[C] [LM - TESTE] [ABO]","Video 3 Larissa Lemos - 29/12",http://lm1.denavita.com.br/,Vídeo,archived,82586,156582,1.89598721,"Compras no site",39,69.96227802,2728.52884263,2025-10-13,Contínuo,17.42555877,916,2.97874328,0.584997,2026-01-01,2026-05-25
"[PUBLICO ABERTO]","[C] [LM - PRINCIPAL] [PLANO B] 1 TESTE","ADS - LARISSA 2",http://denavita.com.br/pages/laranja-moro,Vídeo,inactive,98814,131594,1.33173437,"Compras no site",33,81.84721045,2700.95794481,2025-12-10,Contínuo,20.52493233,1316,2.05239965,1.00004559,2026-01-01,2026-05-25
"[VINAGRE] [RMKT]","[C] [VARIOS PRODUTO] [ABO] [BID]","AD - TOFU",https://www.denavita.com.br/pages/vinagre-maca-gomas?utm_source=Influenciador&utm_campaign=Evelyn+Regly+-+performance&utm_content=Vinagre+de+Ma%C3%A7a,Vídeo,inactive,48339,76631,1.5852831,"Compras no site",28,95.91796193,2685.70293401,2026-01-20,Contínuo,35.04721241,1076,2.49600644,1.40413149,2026-01-01,2026-05-25
"[RMKT LARANJA MORO-REATIVAÇÃO BASE QUENTE]","[C] [LM - RMKT] [ADV. ABO]","Rmkt Dani - 1",http://denavita.com.br/pages/laranja-moro,Imagem,not_delivering,27058,59166,2.18663612,"Compras no site",43,62.2459674,2676.57659819,2025-10-13,Contínuo,45.23842406,454,5.89554317,0.76733259,2026-01-01,2026-05-25
"LP - 2","[C] [LM - PRINCIPAL][EX. BASE] [ADV. +] [CBO]","ADS - RAIZA 3",https://lm2.denavita.com.br/,Vídeo,archived,65447,111105,1.6976332,"Compras no site",45,58.60582701,2637.26221558,2026-01-19,Contínuo,23.73666546,1037,2.54316511,0.93335133,2026-01-01,2026-05-25
"TESTE RACHEL ATE 21-03","[C] [LM - PRINCIPAL][EX. BASE] [ADV. +] [CBO]",AD3,http://www.denavita.com.br/pages/laranja-moro,Vídeo,archived,119224,218980,1.83671073,"Compras no site",26,101.06,2627.56,2026-03-17,Contínuo,11.99908667,1629,1.61298956,0.74390355,2026-01-01,2026-05-25
"[RMKT LARANJA MORO-REATIVAÇÃO BASE QUENTE]","[C] [LM - RMKT] [ADV. ABO]","AD - NIVER 4",https://www.denavita.com.br/products/laranja-moro-cafe-verde-e-cromo-30-caps?utm_source=Influenciador&utm_campaign=Meta+performance&utm_content=meta+performance,Vídeo,not_delivering,26216,50446,1.92424474,"Compras no site",46,56.06913043,2579.18,2025-10-13,Contínuo,51.12754232,1144,2.25452797,2.26777148,2026-01-01,2026-05-25
"[PUBLICO ABERTO]","[C] [TONS] [PB DR]","AD2 - MOFU",https://www.denavita.com.br/pages/tons-clareador-de-pele,Vídeo,not_delivering,131370,161728,1.23108777,"Compras no site",18,142.09167801,2557.65020422,2025-12-10,Contínuo,15.81451699,2945,0.86847206,1.82095865,2026-01-01,2026-05-25
"[RMKT LARANJA MORO-REATIVAÇÃO BASE QUENTE]","[C] [LM - RMKT] [ADV. ABO]","AD - BOFU 1",https://www.denavita.com.br/products/laranja-moro-cafe-verde-e-cromo-30-caps?utm_source=Influenciador&utm_campaign=Meta+performance&utm_content=meta+performance,Imagem,inactive,49400,93373,1.8901417,"Compras no site",25,101.44476585,2536.11914621,2025-10-13,Contínuo,27.16116164,600,4.22686524,0.64258404,2026-01-01,2026-05-25
"[RMKT LARANJA MORO-REATIVAÇÃO BASE QUENTE]","[C] [LM - RMKT] [ADV. ABO]","AD - EVELYN NIVER 2 — Cópia",https://lm1.denavita.com.br/?utm_source=Influenciador&utm_campaign=Evelyn+Regly+-+performance&utm_content=Laranja+Moro&_pos=1&_sid=464449d27&_ss=r,Vídeo,not_delivering,70445,100854,1.4316701,"Compras no site",41,61.74853659,2531.69,2025-10-13,Contínuo,25.10252444,964,2.62623444,0.95583715,2026-01-01,2026-05-25
"Lm Perfil Novo","[C] [LM - TESTE] [ABO]","Criativo 1 - Brenda 29/12",http://denavita.com.br/pages/laranja-moro,"Imagem e vídeo",not_delivering,62976,116653,1.85234057,"Compras no site",64,38.85308326,2486.59732849,2025-11-03,Contínuo,21.31618843,1610,1.54447039,1.38016168,2026-01-01,2026-05-25
"[TOFU] - [EX. PURCHASE]","[C] [LM - PRINCIPAL] - [PLANO B] 2 TESTE","ADS - DANI",https://www.denavita.com.br/pages/laranja-moro?utm_source=Influenciador&utm_campaign=Dani%20Winits%20-%20performance&utm_content=laranja%20moro,Imagem,not_delivering,100351,244507,2.43651782,"Compras no site",51,48.30383955,2463.49581727,2026-03-25,Contínuo,10.07535906,1194,2.06322933,0.48832958,2026-01-01,2026-05-25
"TESTE RACHEL ATE 21-03","[C] [LM - PRINCIPAL][EX. BASE] [ADV. +] [CBO]",AD2,http://www.denavita.com.br/pages/laranja-moro,Vídeo,archived,75168,115594,1.53780864,"Compras no site",21,117.10285714,2459.16,2026-03-17,Contínuo,21.27411457,802,3.06628429,0.69380764,2026-01-01,2026-05-25
"[RMKT LARANJA MORO-REATIVAÇÃO BASE QUENTE]","[C] [LM - RMKT] [ADV. ABO]","AD - JESSICA MOFU NIVER — Cópia",http://lm1.denavita.com.br/?utm_source=Influenciador&utm_campaign=Jessica+Belcost+-+performance&utm_content=Laranja+moro&_pos=1&_sid=60fcff16e&_ss=r,Vídeo,not_delivering,31529,50534,1.60277839,"Compras no site",45,53.51222222,2408.05,2025-10-13,Contínuo,47.65207583,622,3.87146302,1.23085447,2026-01-01,2026-05-25
adv-aqui-rmtk_coezima-q10_engajado-existente_5-existentes_max-conv_26-05-2025,"[C] [COQ.10][PRINCIPAL]","AD1 - 07/01",http://denavita.com.br/pages/coenzimaq10,Imagem,not_delivering,42125,81361,1.9314184,"Compras no site",30,79.14935058,2374.48051744,2025-01-20,Contínuo,29.18450508,837,2.83689429,1.02874842,2026-01-01,2026-05-25
adv-aqui-rmtk_coezima-q10_engajado-existente_5-existentes_max-conv_26-05-2025,"[C] [COQ.10][PRINCIPAL]","ADS2 - ORGANICO",http://www.denavita.com.br/pages/coenzimaq10,Imagem,not_delivering,51128,110183,2.15504225,"Compras no site",23,103.02434686,2369.55997768,2025-01-20,Contínuo,21.50567672,980,2.41791834,0.8894294,2026-01-01,2026-05-25
"LP - 1","[C] [LM - PRINCIPAL][EX. BASE] [ADV. +] [CBO]","ADS - RAIZA 3",https://lm1.denavita.com.br/,Vídeo,archived,62244,99812,1.60356018,"Compras no site",53,44.52894633,2360.0341557,2026-01-19,Contínuo,23.64479377,859,2.74742044,0.86061796,2026-01-01,2026-05-25
"teste aquisição ate dia 15  - Lm","[C] [LM - TESTE] [ABO]","AD - ISA MOFU",http://lm1.denavita.com.br/?utm_source=Influenciador&utm_campaign=Isa+Nogueira+-+performance&utm_content=laranja+moro,Vídeo,inactive,83964,154899,1.84482635,"Compras no site",22,106.81818182,2350,2026-02-04,Contínuo,15.17117606,1019,2.30618253,0.65784802,2026-01-01,2026-05-25
"[BM JADE]","[C] [LM - TESTE] [ABO]","AD - JADE MOFU 2",https://www.denavita.com.br/pages/lm1?utm_source=Influenciador&utm_campaign=Jade+Seba+-+Performance&utm_content=Laranja+Moro,Vídeo,inactive,78608,155170,1.97397211,"Compras no site",34,68.27470588,2321.34,2026-04-17,Contínuo,14.95997938,1491,1.55690141,0.96088161,2026-01-01,2026-05-25
"Conj. - Q10","[C] [LM - TESTE] [ABO]","ADS DANI",http://www.denavita.com.br/pages/coenzimaq10,Imagem,not_delivering,77068,211332,2.74214979,"Compras no site",25,92.29407516,2307.35187895,2026-02-20,Contínuo,10.91813771,694,3.32471452,0.32839324,2026-01-01,2026-05-25
"[PUBLICO ENG.] [DR]","[C] [TONS] [PB DR]","ADS 3 - 18-02",https://denavita.com.br/pages/tons-clareador-de-pele,Imagem,archived,35558,77089,2.16797908,"Compras no site",36,62.84305556,2262.35,2025-06-20,Contínuo,29.34724799,723,3.1291148,0.937877,2026-01-01,2026-05-25
"[Publico Quente] [TESTE]","[C] [DIGESTINO] [PRINCIPAL]","AD1 - 07/01",https://www.denavita.com.br/pages/digestino,Imagem,inactive,43414,101465,2.33714931,"Compras no site",36,62.27309325,2241.83135688,2025-12-24,Contínuo,22.09462728,870,2.57681765,0.85743853,2026-01-01,2026-05-25
"Influ Sabrina - Vm [Teste até 13-03]","[C] [LM - TESTE] [ABO]",ADS78,https://www.denavita.com.br/pages/vinagre-maca-gomas,Vídeo,archived,19565,30295,1.54842832,"Compras no site",27,81.43777778,2198.82,2026-02-05,Contínuo,72.58029378,703,3.12776671,2.32051494,2026-01-01,2026-05-25
"[PUBLICO ENG.] [DR]","[C] [TONS] [PB DR]","AD - REFAÇAO",https://denavita.com.br/pages/tons-clareador-de-pele,Vídeo,active,44769,60632,1.35433001,"Compras no site",21,102.15159197,2145.18343127,2025-06-20,Contínuo,35.38038381,1066,2.0123672,1.75814751,2026-01-01,2026-05-25
"Evelyn Regly - LM","[C] [LM - TESTE] [ABO]","ADS 2",http://lm1.denavita.com.br/,Vídeo,not_delivering,70591,145707,2.06410166,"Compras no site",27,79.00333333,2133.09,2026-02-01,Contínuo,14.63958492,985,2.1655736,0.67601419,2026-01-01,2026-05-25
"[DIGESTINO] [RMKT]","[C] [VARIOS PRODUTO] [ABO] [BID]","[Criativo 2 Digestino] — Cópia",https://www.denavita.com.br/pages/digestino,Imagem,not_delivering,83891,227694,2.71416481,"Compras no site",19,112.17947368,2131.41,2026-05-10,Contínuo,9.36085272,1483,1.43722859,0.65131273,2026-01-01,2026-05-25
"[BOFU] [ADV+ ABERTO] [ESTATICO]","[C] [LM - TESTE] [ABO]",AD2,https://lm1.denavita.com.br/,Vídeo,inactive,87546,201149,2.29763781,"Compras no site",32,66.6065625,2131.41,2026-02-25,Contínuo,10.59617497,1116,1.90986559,0.5548126,2026-01-01,2026-05-25
"Arte - Organica Tons ###","[C] [LM - TESTE] [ABO]",AD3,https://denavita.com.br/pages/tons-clareador-de-pele,Imagem,inactive,46731,102486,2.19310522,"Compras no site",29,72.92689693,2114.88001111,2026-01-26,Contínuo,20.63579427,759,2.78640318,0.74058896,2026-01-01,2026-05-25
"[PUBLICO ABERTO]","[C] [TONS] [PB DR]","tons_dr-ursinho_video-reels_10-07-2025_esse-foi-produto-que-a-mamae — Cópia",https://denavita.com.br/pages/tons-clareador-de-pele,Vídeo,not_delivering,82734,96569,1.16722267,"Compras no site",32,66.057899,2113.8527679,2025-12-10,Contínuo,21.88955843,1038,2.03646702,1.0748791,2026-01-01,2026-05-25
"Evelyn Regly BM - LM","[C] [LM - TESTE] [ABO]","ADS 1 - NOVO",http://lm1.denavita.com.br/,Vídeo,not_delivering,95370,129791,1.36092062,"Compras no site",18,117.08666667,2107.56,2026-02-04,Contínuo,16.23810588,729,2.89102881,0.56167223,2026-01-01,2026-05-25
"Evelyn Regly BM - LM","[C] [LM - TESTE] [ABO]","Teste - ADS 2",http://lm1.denavita.com.br/,Vídeo,not_delivering,64868,149604,2.30628353,"Compras no site",43,48.9793914,2106.11383026,2026-02-04,Contínuo,14.07792459,1100,1.91464894,0.73527446,2026-01-01,2026-05-25
"[PUBLICO ABERTO]","[C] [LM - PRINCIPAL] [PLANO B] 1 TESTE","[2] 29/12 — Cópia",http://denavita.com.br/pages/laranja-moro,Vídeo,inactive,90154,140322,1.55647004,"Compras no site",30,70.17528779,2105.25863384,2025-12-10,Contínuo,15.00305464,1067,1.97306339,0.76039395,2026-01-01,2026-05-25
"[TOFU][PERFIL NOVO]  TESTE","[C] [LM - PRINCIPAL] - [PLANO B] 2 TESTE",AD2,https://www.denavita.com.br/pages/laranja-moro?utm_source=Influenciador&utm_campaign=Meta+performance&utm_content=meta+performance,Vídeo,not_delivering,171944,275689,1.60336505,"Compras no site",22,95.2099029,2094.6178639,2026-03-16,Contínuo,7.5977564,1709,1.22563948,0.61990141,2026-01-01,2026-05-25
"[BOFU] [ADV+ ABERTO] [ESTATICO]","[C] [LM - TESTE] [ABO]",AD1,https://www.denavita.com.br/pages/laranja-moro?utm_source=Influenciador&utm_campaign=Luciana+Moraes+-+performance&utm_content=laranja+moro,Vídeo,inactive,116918,258780,2.21334611,"Compras no site",35,59.34206729,2076.97235512,2026-02-25,Contínuo,8.02601575,1093,1.90024918,0.42236649,2026-01-01,2026-05-25
rmkt_tons_estáticos_visitantes-engajado-compradores_max-conv_cpa35_02-09-2025_7,"[C] [TONS] [PB DR]",tons2_rmkt_20-10-2025-pagdenavita,https://denavita.com.br/pages/tons-clareador-de-pele,Imagem,not_delivering,32353,81612,2.52254814,"Compras no site",40,51.27360667,2050.94426693,2025-09-02,Contínuo,25.13042527,740,2.77154631,0.9067294,2026-01-01,2026-05-25
adv-engajado-laranja-mouro-sudeste-sul-centro,"[C][LM - COST CAP WINNERS] [ [CBO]","Criativo Ana Elisa 1 - 12-11-2025 — Cópia",http://denavita.com.br/pages/laranja-moro,Vídeo,not_delivering,58125,119210,2.05092473,"Compras no site",59,34.3969245,2029.41854578,2025-08-27,Contínuo,17.02389519,1224,1.65802169,1.0267595,2026-01-01,2026-05-25
"Conj. - Q10","[C] [LM - TESTE] [ABO]","AD - NIVER",https://www.denavita.com.br/pages/coenzimaq10?utm_source=Influenciador&utm_campaign=Dani+Winits+-+performance&utm_content=laranja+moro,Imagem,not_delivering,77678,166410,2.14230541,"Compras no site",23,86.83347826,1997.17,2026-02-20,Contínuo,12.00150231,1145,1.74425328,0.68805961,2026-01-01,2026-05-25
"[PUBLICO ABERTO]","[C] [TONS] [PB DR]",AD10,https://denavita.com.br/pages/tons-clareador-de-pele,Vídeo,not_delivering,58044,75450,1.29987596,"Compras no site",25,79.8028,1995.07,2025-12-10,Contínuo,26.44227966,626,3.18701278,0.82968854,2026-01-01,2026-05-25
"[RMKT LARANJA MORO-REATIVAÇÃO BASE QUENTE]","[C] [LM - RMKT] [ADV. ABO]","AD - BOFU 3",https://www.denavita.com.br/products/laranja-moro-cafe-verde-e-cromo-30-caps?utm_source=Influenciador&utm_campaign=Meta+performance&utm_content=meta+performance,Imagem,not_delivering,47058,76069,1.61649454,"Compras no site",26,76.20115385,1981.23,2025-10-13,Contínuo,26.04516952,528,3.75232955,0.69410667,2026-01-01,2026-05-25
"[AQUISIÇÃO]  [ADV. +]","[C] [LM - PRINCIPAL][EX. BASE] [ADV. +] [CBO]","AD - MOFU teste ate 08-05",https://www.denavita.com.br/pages/laranja-moro?utm_source=Influenciador&utm_campaign=Luciana+Moraes+-+performance&utm_content=laranja+moro,Vídeo,inactive,74352,89059,1.19780235,"Compras no site",18,109.20777778,1965.74,2026-01-23,Contínuo,22.07233407,890,2.20869663,0.99933752,2026-01-01,2026-05-25
"[PUBLICO ENG.] [DR]","[C] [TONS] [PB DR]","AD - SHOOTING TOFU",https://www.denavita.com.br/pages/tons-clareador-de-pele?utm_source=Influenciador&utm_campaign=Rodrigo+Andrade+-+performance&utm_content=Tons,Vídeo,inactive,30219,43747,1.44766538,"Compras no site",18,107.98833333,1943.79,2025-06-20,Contínuo,44.43253252,636,3.05627358,1.45381398,2026-01-01,2026-05-25
"[VINAGRE] [RMKT]","[C] [VARIOS PRODUTO] [ABO] [BID]","AD - TOFU — Cópia",https://www.denavita.com.br/pages/vinagre-maca-gomas?utm_source=Influenciador&utm_campaign=Evelyn+Regly+-+performance&utm_content=Vinagre+de+Ma%C3%A7a,Vídeo,active,32641,49820,1.52630128,"Compras no site",22,87.79272727,1931.44,2026-01-20,Contínuo,38.76836612,1398,1.38157368,2.80610197,2026-01-01,2026-05-25
"[RMKT LARANJA MORO-REATIVAÇÃO BASE QUENTE]","[C] [LM - RMKT] [ADV. ABO]","AD - RMKT DANI — Cópia",https://www.denavita.com.br/products/laranja-moro-cafe-verde-e-cromo-30-caps,Imagem,active,27355,48483,1.77236337,"Compras no site",35,54.2706998,1899.47449302,2025-10-13,Contínuo,39.17815509,698,2.72131016,1.43967989,2026-01-01,2026-05-25
"Influ Larissa L. 1 - LM TESTE TRAVA DE CPA","[C] [LM - TESTE] [ABO]",29/12,http://www.denavita.com.br/pages/laranja-moro,Vídeo,archived,87606,117739,1.34396046,"Compras no site",18,103.82098624,1868.77775237,2025-11-27,Contínuo,15.87220677,903,2.06952132,0.76695063,2026-01-01,2026-05-25
rmkt_tons_estáticos_visitantes-engajado-compradores_max-conv_cpa35_02-09-2025_7,"[C] [TONS] [PB DR]","AD2 - VERAO",https://denavita.com.br/pages/tons-clareador-de-pele,Imagem,inactive,41522,82139,1.97820433,"Compras no site",28,66.69191773,1867.37369632,2025-09-02,Contínuo,22.73431252,765,2.44101137,0.93134808,2026-01-01,2026-05-25
"[PUBLICO ENG.] [DR]","[C] [TONS] [PB ABERTO] [TESTE BID CAP]","AD - MES DO CLIENTE",https://denavita.com.br/pages/tons-clareador-de-pele,Imagem,inactive,51298,98871,1.92738508,"Compras no site",22,84.72657001,1863.98454019,2026-03-16,Contínuo,18.8526923,699,2.66664455,0.70698182,2026-01-01,2026-05-25
"[PUBLICO ENG.] [DR]","[C] [TONS] [PB DR]",tons_sabrina_video-reels_23-09-2025,https://www.denavita.com.br/pages/tons-clareador-de-pele,Vídeo,archived,37964,54325,1.43096091,"Compras no site",26,71.29422373,1853.64981705,2025-06-20,Contínuo,34.12148766,761,2.43580791,1.40082835,2026-01-01,2026-05-25
"[TOFU] [TIK TOK] [EXCLUSAÕ BASE] [BID 60] - TESTE ATÉ 20-05","[C] [LM - TESTE] [ABO]","AD - MOFU teste ate 08-05",https://www.denavita.com.br/pages/laranja-moro?utm_source=Influenciador&utm_campaign=Luciana+Moraes+-+performance&utm_content=laranja+moro,Vídeo,inactive,135089,201606,1.4923939,"Compras no site",21,88.11,1850.31,2026-03-12,Contínuo,9.17785185,1712,1.08078855,0.84918108,2026-01-01,2026-05-25
"Evelyn Regly BM - LM","[C] [LM - TESTE] [ABO]","ADS 5",https://www.denavita.com.br/pages/lm1?utm_source=Influenciador&utm_campaign=Evelyn+Regly+-+performance&utm_content=Laranja+Moro&_pos=1&_sid=464449d27&_ss=r,Vídeo,not_delivering,42801,69733,1.62923763,"Compras no site",28,65.56322394,1835.77027029,2026-02-04,Contínuo,26.32570333,675,2.71965966,0.96797786,2026-01-01,2026-05-25
"[PUBLICO ENG.] [DR]","[C] [TONS] - TESTE MAX. VALOR ATÉ 11-03","ADS 1 - 18-02",https://denavita.com.br/pages/tons-clareador-de-pele,Imagem,not_delivering,28041,56594,2.01825898,"Compras no site",22,83.35409091,1833.79,2026-03-04,Contínuo,32.40255151,716,2.56115922,1.26515178,2026-01-01,2026-05-25
"[VINAGRE] [RMKT]","[C] [VARIOS PRODUTO] [ABO] [BID]","AD - PROMO BOFU",https://www.denavita.com.br/pages/vinagre-maca-gomas?utm_source=Influenciador&utm_campaign=Mi+Ruback+-+performance&utm_content=Vinagre+de+ma%C3%A7a,Vídeo,inactive,15601,33133,2.12377412,"Compras no site",37,49.05027027,1814.86,2026-01-20,Contínuo,54.77499774,1403,1.29355666,4.23444904,2026-01-01,2026-05-25
"[CAMPANHA AQUISIÇÃO]","[C] [JEJOOM] [CBO]","ADS - LARI 6",https://jejoom1.denavita.com.br/,Vídeo,inactive,30954,79389,2.56474123,"Compras no site",22,82.48863636,1814.75,2025-10-13,Contínuo,22.85896031,878,2.06691344,1.10594667,2026-01-01,2026-05-25
"[TOFU] [TIK TOK] [EXCLUSAÕ BASE] [BID 60] - TESTE ATÉ 20-05","[C] [LM - TESTE] [ABO]","AD - MOFU ate 14-05",https://www.denavita.com.br/pages/laranja-moro?utm_source=Influenciador&utm_campaign=Luciana+Moraes+-+performance&utm_content=laranja+moro,Vídeo,not_delivering,105746,176213,1.66637982,"Compras no site",25,72.1611998,1804.0299949,2026-03-12,Contínuo,10.23778038,1099,1.64151956,0.62367703,2026-01-01,2026-05-25
"[RMKT LARANJA MORO-REATIVAÇÃO BASE QUENTE]","[C] [LM - RMKT] [ADV. ABO]","AD - RMK NIVER 3 — Cópia",http://denavita.com.br/pages/laranja-moro?utm_source=Influenciador&utm_campaign=Ana+Elisa+Fitfoodmenu+-+performance&utm_content=Laranja+Moro,Vídeo,inactive,35488,57780,1.628156,"Compras no site",48,36.98520833,1775.29,2025-10-13,Contínuo,30.72499135,472,3.76120763,0.81689166,2026-01-01,2026-05-25
"[VINAGRE] [RMKT]","[C] [VARIOS PRODUTO] [ABO] [BID]",AD6,https://www.denavita.com.br/pages/vinagre-maca-gomas,Imagem,inactive,25890,54528,2.10614137,"Compras no site",29,60.99931055,1768.98000588,2026-01-20,Contínuo,32.44168145,557,3.17590665,1.02149354,2026-01-01,2026-05-25
"[Publico Quente] [TESTE]","[C] [DIGESTINO] [PRINCIPAL]","AD3 - 07/01",https://www.denavita.com.br/pages/digestino,Imagem,not_delivering,34654,66507,1.91917239,"Compras no site",22,80.30818182,1766.78,2025-12-24,Contínuo,26.56532395,852,2.07368545,1.28106816,2026-01-01,2026-05-25
"Conj - Vm","[C] [LM - TESTE] [ABO]","AD - NIVER — Cópia",https://www.denavita.com.br/pages/vinagre-maca-gomas?utm_source=Influenciador&utm_campaign=Meta+performance&utm_content=meta+performance,Imagem,inactive,45640,82242,1.80197195,"Compras no site",34,51.50823529,1751.28,2026-01-30,Contínuo,21.29422923,643,2.72360809,0.78183896,2026-01-01,2026-05-25
"teste aquisição ate dia 15  - Lm","[C] [LM - TESTE] [ABO]","AD - EVELYN MOFU",http://www.denavita.com.br/pages/laranja-moro?utm_source=Influenciador&utm_campaign=Evelyn+Regly+-+performance&utm_content=Laranja+Moro&_pos=1&_sid=464449d27&_ss=r,Vídeo,inactive,91904,144583,1.57319594,"Compras no site",24,72.93442985,1750.42631639,2026-02-04,Contínuo,12.1067229,789,2.21853779,0.54570731,2026-01-01,2026-05-25
"[TOFU][PERFIL NOVO]  TESTE","[C] [LM - PRINCIPAL] - [PLANO B] 2 TESTE",AD3,http://www.denavita.com.br/pages/laranja-moro,Imagem,not_delivering,95548,219713,2.29950391,"Compras no site",37,46.63115281,1725.35265403,2026-03-16,Contínuo,7.85275634,657,2.62610754,0.29902646,2026-01-01,2026-05-25
"[Publico Quente] [TESTE]","[C] [DIGESTINO] [PRINCIPAL]","Lis 3",https://www.denavita.com.br/pages/digestino,Vídeo,not_delivering,18851,35363,1.8759217,"Compras no site",21,81.80285714,1717.86,2025-12-24,Contínuo,48.57789215,726,2.36619835,2.05299324,2026-01-01,2026-05-25
"[PUBLICO ENG.] [DR]","[C] [TONS] [PB DR]","AD - TOFU",https://denavita.com.br/pages/tons-clareador-de-pele,Vídeo,inactive,14594,29083,1.99280526,"Compras no site",36,47.41111111,1706.8,2025-06-20,Contínuo,58.68720558,632,2.70063291,2.17309081,2026-01-01,2026-05-25
rmkt_tons_estáticos_visitantes-engajado-compradores_max-conv_cpa35_02-09-2025_7,"[C] [TONS] [PB DR]",tons4_rmkt_20-10-2025,https://denavita.com.br/pages/tons-clareador-de-pele,Imagem,not_delivering,28793,46753,1.62376272,"Compras no site",31,55.0202762,1705.62856224,2025-09-02,Contínuo,36.48169235,838,2.03535628,1.79239835,2026-01-01,2026-05-25
"[PUBLICO ABERTO]","[C] [TONS] [PB DR]","AD3 - MOFU",https://www.denavita.com.br/pages/tons-clareador-de-pele,Vídeo,inactive,73769,89947,1.21930621,"Compras no site",10,170.26478136,1702.6478136,2025-12-10,Contínuo,18.92945639,1104,1.54225345,1.22738946,2026-01-01,2026-05-25
"[TOFU] - [EX. PURCHASE]","[C] [LM - PRINCIPAL] - [PLANO B] 2 TESTE","ADS - ANA ELISA 2",https://www.denavita.com.br/pages/laranja-moro?utm_source=Influenciador&utm_campaign=Dani%20Winits%20-%20performance&utm_content=laranja%20moro,Vídeo,not_delivering,245091,302295,1.23339902,"Compras no site",24,70.57041667,1693.69,2026-03-25,Contínuo,5.60277213,610,2.77654098,0.20178964,2026-01-01,2026-05-25
"[HIBRIDO] [ESTATICO ORG.] [BID 60]","[C] [LM - TESTE] [ABO]",AD2,https://lm1.denavita.com.br/,"Imagem e vídeo",active,83660,185640,2.21898159,"Compras no site",39,43.16924006,1683.60036252,2026-03-20,Contínuo,9.06916808,1329,1.26681743,0.71590175,2026-01-01,2026-05-25
adv-aqui-rmtk_coezima-q10_engajado-existente_5-existentes_max-conv_26-05-2025,"[C] [COQ.10][PRINCIPAL]",coenzima-23-10-video-sabrina,http://www.denavita.com.br/pages/coenzimaq10,Vídeo,not_delivering,24912,40218,1.6144027,"Compras no site",16,104.996875,1679.95,2025-01-20,Contínuo,41.77109752,1462,1.14907661,3.63518822,2026-01-01,2026-05-25
"LP NOVA","[C] [TONS] [PB DR]","tons3_rmkt_01-09-2025 — Cópia",https://tons1.denavita.com.br/,Imagem,inactive,40185,78674,1.9577952,"Compras no site",27,62.21962963,1679.93,2026-02-09,Contínuo,21.35305183,796,2.11046482,1.01177009,2026-01-01,2026-05-25
adv-aqui-rmtk_coezima-q10_engajado-existente_5-existentes_max-conv_26-05-2025,"[C] [COQ.10][PRINCIPAL]","ADS1 - ORGANICO",http://www.denavita.com.br/pages/coenzimaq10,Imagem,inactive,35745,72442,2.0266331,"Compras no site",15,111.70933333,1675.64,2025-01-20,Contínuo,23.13078049,704,2.38017045,0.97181193,2026-01-01,2026-05-25
"[BM JADE]","[C] [LM - TESTE] [ABO]","AD - JADE TOFU",https://www.denavita.com.br/pages/lm1?utm_source=Influenciador&utm_campaign=Jade+Seba+-+Performance&utm_content=Laranja+Moro,Vídeo,inactive,73573,114887,1.56153752,"Compras no site",17,97.82941176,1663.1,2026-04-17,Contínuo,14.47596334,910,1.82758242,0.79208266,2026-01-01,2026-05-25
"LP - 1","[C] [LM - PRINCIPAL][EX. BASE] [ADV. +] [CBO]","Rmkt Dani 2 — Cópia",https://lm1.denavita.com.br/?utm_campaign=lplaranjamoroum&utm_content=Laranja+Moro&utm_source=performance,Imagem,archived,37004,62362,1.68527727,"Compras no site",44,37.67053956,1657.50374068,2026-01-19,Contínuo,26.57874572,628,2.63933717,1.00702351,2026-01-01,2026-05-25
"[PUBLICO ENG.] [DR]","[C] [TONS] [PB DR]","AD - REFAÇAO",https://denavita.com.br/pages/tons-clareador-de-pele,Vídeo,active,29160,33787,1.15867627,"Compras no site",19,86.99034572,1652.81656873,2025-06-20,Contínuo,48.91871337,827,1.99856901,2.44768698,2026-01-01,2026-05-25
"[CAMPANHA AQUISIÇÃO]","[C] [JEJOOM] [CBO]","AD - RMKT",http://denavita.com.br/pages/jejoom-denavita,Imagem,inactive,34770,87633,2.52036238,"Compras no site",30,54.79866667,1643.96,2025-10-13,Contínuo,18.75959969,634,2.59299685,0.72347175,2026-01-01,2026-05-25
"LP NOVA","[C] [TONS] [PB DR]",tons_dr-ursinho_video-reels_10-07-2025_nao-tem-clareador-oral-barra,https://tons1.denavita.com.br/,Vídeo,inactive,33121,62107,1.87515474,"Compras no site",15,108.39333333,1625.9,2026-02-09,Contínuo,26.17901364,749,2.17076101,1.20598322,2026-01-01,2026-05-25
"[MOFU] [TIK TOK] - TESTE ATÉ 20-05","[C] [LM - TESTE] [ABO]","AD -1",https://www.denavita.com.br/pages/laranja-moro?utm_source=Influenciador&utm_campaign=Luciana+Moraes+-+performance&utm_content=laranja+moro,Vídeo,not_delivering,30344,50102,1.65113367,"Compras no site",17,94.69764706,1609.86,2026-05-17,Contínuo,32.13165143,1271,1.26660897,2.53682488,2026-01-01,2026-05-25
"[TOFU] - [EX. PURCHASE]","[C] [LM - PRINCIPAL] - [PLANO B] 2 TESTE","ADS - JESSICA",https://track.denavita.com.br/0ksqdzlnmv/,Vídeo,inactive,47057,71775,1.52527785,"Compras no site",24,65.9775,1583.46,2026-03-25,Contínuo,22.06144201,880,1.79938636,1.22605364,2026-01-01,2026-05-25
"[TOFU] - [EX. PURCHASE]","[C] [LM - PRINCIPAL] - [PLANO B] 2 TESTE","ADS - DANI",https://track.denavita.com.br/0ksqdzlnmv/,Imagem,not_delivering,57591,107698,1.87004914,"Compras no site",35,45.01535214,1575.53732492,2026-03-25,Contínuo,14.62921619,683,2.30678964,0.63418076,2026-01-01,2026-05-25
"[BM] [ANA ELISA]","[C] [LM - TESTE] [ABO]","AD - RMK NIVER 4",http://denavita.com.br/pages/laranja-moro?utm_source=Influenciador&utm_campaign=Ana+Elisa+Fitfoodmenu+-+performance&utm_content=Laranja+Moro,Vídeo,inactive,49025,120278,2.45340133,"Compras no site",33,47.58545455,1570.32,2025-10-01,Contínuo,13.05575417,586,2.67972696,0.48720464,2026-01-01,2026-05-25
"[PUBLICO ABERTO] — Cópia","[C] [LM - PRINCIPAL] [PLANO B] 1 TESTE","ADS - RAIZA 3",http://denavita.com.br/pages/laranja-moro,Vídeo,archived,84155,85603,1.01720635,,,,1554.57,2026-01-08,Contínuo,18.16022803,606,2.56529703,0.70791911,2026-01-01,2026-05-25
"[BOFU] [ADV+ ABERTO] [ESTATICO]","[C] [LM - TESTE] [ABO]",AD4,https://lm1.denavita.com.br/,Vídeo,inactive,124696,230639,1.84961025,"Compras no site",24,64.60316377,1550.4759305,2026-02-25,Contínuo,6.72252278,1766,0.87795919,0.76569878,2026-01-01,2026-05-25
"[PUBLICO ENG.] [DR]","[C] [TONS] [PB ABERTO] [TESTE BID CAP]","AD - MES DO CLIENTE",https://track.denavita.com.br/mzhmp7q7ud/,Imagem,inactive,47354,102963,2.17432529,"Compras no site",24,64.58439416,1550.02545981,2026-03-16,Contínuo,15.05419869,623,2.48800234,0.60507172,2026-01-01,2026-05-25
"[PUBLICO ABERTO]","[C] [LM - PRINCIPAL] [PLANO B] 1 TESTE","Rmkt Dani 2 — Cópia",http://www.denavita.com.br/pages/laranja-moro,Imagem,not_delivering,41746,67891,1.62628755,"Compras no site",29,51.79213856,1501.97201814,2025-12-10,Contínuo,22.12328612,533,2.81795876,0.78508197,2026-01-01,2026-05-25
"Influ Ingrid - Lm","[C] [LM - TESTE] [ABO]","ADS 1",https://lm1.denavita.com.br/,Vídeo,not_delivering,64211,126410,1.9686658,"Compras no site",20,74.9725,1499.45,2026-02-25,Contínuo,11.86179891,1606,0.93365504,1.27046911,2026-01-01,2026-05-25
"[TESTE PB FECHADO JADE]","[C] [LM - TESTE] [ABO]","AD - JADE TOFU — Cópia — Cópia",https://www.denavita.com.br/pages/laranja-moro?utm_source=Influenciador&utm_campaign=Ana+Elisa+Fitfoodmenu+-+performance&utm_content=Laranja+Moro?utm_source=Influenciador&utm_campaign=Jade+Seba+-+Performance&utm_content=Laranja+Moro,Vídeo,active,43408,52455,1.2084178,"Compras no site",15,97.98178608,1469.7267912,2026-05-23,Contínuo,28.01881215,549,2.67709798,1.04661138,2026-01-01,2026-05-25
"[TOFU] [TIK + ORG ] [ABERTO]","[C] [LM - TESTE] [ABO]","AD3 — Cópia",http://www.denavita.com.br/pages/laranja-moro,Imagem,inactive,51436,63210,1.22890582,"Compras no site",7,209.18571429,1464.3,2026-02-11,Contínuo,23.16563835,498,2.94036145,0.78785002,2026-01-01,2026-05-25
adv-aqui-rmtk_coezima-q10_engajado-existente_5-existentes_max-conv_26-05-2025,"[C] [COQ.10][PRINCIPAL]",coenzima-23-10-video-sabrina,http://denavita.com.br/pages/coenzimaq10,Vídeo,not_delivering,16499,29831,1.80804897,"Compras no site",18,80.9,1456.2,2025-01-20,Contínuo,48.81499112,714,2.0394958,2.39348329,2026-01-01,2026-05-25
"Influ Sabrina - Vm [Teste até 13-03]","[C] [LM - TESTE] [ABO]",ADS4,https://www.denavita.com.br/pages/vinagre-maca-gomas,Vídeo,archived,23361,35858,1.53495141,"Compras no site",21,68.98944709,1448.77838894,2026-02-05,Contínuo,40.40321236,617,2.34810112,1.720676,2026-01-01,2026-05-25
"Arte - Organica Tons ###","[C] [LM - TESTE] [ABO]",AD5,https://denavita.com.br/pages/tons-clareador-de-pele,Imagem,inactive,71506,97177,1.35900484,"Compras no site",8,179.4625,1435.7,2026-01-26,Contínuo,14.77407205,881,1.62962543,0.90659312,2026-01-01,2026-05-25
"LP - 2","[C] [LM - PRINCIPAL][EX. BASE] [ADV. +] [CBO]","Rmkt Dani 2 — Cópia",https://lm2.denavita.com.br/?utm_campaign=lplaranjamorodois&utm_content=Laranja+Moro&utm_source=performance,Imagem,archived,27084,47364,1.74878157,"Compras no site",29,48.94731672,1419.47218499,2026-01-19,Contínuo,29.96943216,537,2.6433374,1.13377249,2026-01-01,2026-05-25
"[AQUISIÇÃO]  [ADV. +]","[C] [LM - PRINCIPAL][EX. BASE] [ADV. +] [CBO]","AD - LEMOS TOFU",https://www.denavita.com.br/pages/laranja-moro?utm_source=Influenciador&utm_campaign=Larissa+Lemos+-+Performance&utm_content=laranja+moro,Vídeo,inactive,62316,77119,1.23754734,"Compras no site",18,78.50888889,1413.16,2026-01-23,Contínuo,18.32440773,568,2.48795775,0.73652407,2026-01-01,2026-05-25
"Arte - Organica Tons ###","[C] [LM - TESTE] [ABO]",AD6,https://denavita.com.br/pages/tons-clareador-de-pele,Imagem,inactive,72970,105198,1.44166096,"Compras no site",16,87.50625,1400.1,2026-01-26,Contínuo,13.30918839,868,1.61301843,0.82511074,2026-01-01,2026-05-25
"[RMKT LARANJA MORO-REATIVAÇÃO BASE QUENTE]","[C] [LM - RMKT] [ADV. ABO]","AD - JADE TOFU",https://www.denavita.com.br/pages/lm1?utm_source=Influenciador&utm_campaign=Jade+Seba+-+Performance&utm_content=Laranja+Moro,Vídeo,inactive,45416,53778,1.18412013,"Compras no site",8,171.33140835,1370.65126678,2025-10-13,Contínuo,25.48721163,595,2.30361557,1.10640039,2026-01-01,2026-05-25
"[ADV ABER.]","[C] [LM - PRINCIPAL] - [PLANO B] 2 TESTE","AD1 — Cópia",http://www.denavita.com.br/pages/laranja-moro,Imagem,inactive,94624,164818,1.74182026,"Compras no site",12,113.63583333,1363.63,2026-02-25,Contínuo,8.27355022,487,2.8000616,0.29547744,2026-01-01,2026-05-25
"[CAMPANHA AQUISIÇÃO]","[C] [JEJOOM] [CBO]","AD3 - ORGANICO",http://www.denavita.com.br/pages/jejoom-denavita,Imagem,inactive,40603,86118,2.12097628,"Compras no site",15,90.80933172,1362.13997585,2025-10-13,Contínuo,15.81713435,535,2.54605603,0.62124062,2026-01-01,2026-05-25
"[BM] [ANA ELISA]","[C] [LM - TESTE] [ABO]","ADS 1",https://www.denavita.com.br/pages/laranja-moro,Vídeo,inactive,23686,80215,3.38659968,"Compras no site",15,89.58066667,1343.71,2025-10-01,Contínuo,16.75135573,1556,0.86356684,1.93978682,2026-01-01,2026-05-25
"ESTUDOS CLINICOS","[C] [LM - PRINCIPAL][EX. BASE] [ADV. +] [CBO]",AD1,https://lm1.denavita.com.br/,Vídeo,archived,29794,49139,1.6492918,"Compras no site",14,95.63357143,1338.87,2026-03-20,Contínuo,27.24658621,512,2.61498047,1.04194225,2026-01-01,2026-05-25
"[PUBLICO ENG.] [DR]","[C] [TONS] [PB DR]","AD - TOFU",https://denavita.com.br/pages/tons-clareador-de-pele,Vídeo,inactive,29651,38869,1.31088328,"Compras no site",12,111.0975,1333.17,2025-06-20,Contínuo,34.2990558,632,2.1094462,1.62597443,2026-01-01,2026-05-25
"Evelyn Regly BM - LM","[C] [LM - TESTE] [ABO]","ADS 4",http://lm1.denavita.com.br/,Vídeo,inactive,71166,115350,1.62085828,"Compras no site",17,76.30764706,1297.23,2026-02-04,Contínuo,11.24603381,1400,0.92659286,1.21369744,2026-01-01,2026-05-25
"[BM] [ANA ELISA]","[C] [LM - TESTE] [ABO]","AD - RMK NIVER 2",http://denavita.com.br/pages/laranja-moro?utm_source=Influenciador&utm_campaign=Ana+Elisa+Fitfoodmenu+-+performance&utm_content=Laranja+Moro,Vídeo,inactive,42587,90322,2.12088196,"Compras no site",18,71.82277778,1292.81,2025-10-01,Contínuo,14.31334559,618,2.09192557,0.68421868,2026-01-01,2026-05-25
"[PUBLICO ABERTO]","[C] [LM - PRINCIPAL] [PLANO B] 1 TESTE","AD4 - RAIZA",https://denavita.com.br/pages/laranja-moro,Vídeo,inactive,27545,41077,1.49126883,"Compras no site",20,64.50067359,1290.01347172,2025-12-10,Contínuo,31.40476353,460,2.80437711,1.11984809,2026-01-01,2026-05-25
"Influ Maritza 1 - LM TESTE TRAVA DE CPA","[C] [LM - TESTE] [ABO]",24-12,http://denavita.com.br/pages/laranja-moro,Vídeo,archived,47526,75016,1.57842023,"Compras no site",19,67.63578947,1285.08,2025-11-25,Contínuo,17.13074544,580,2.21565517,0.77316839,2026-01-01,2026-05-25
"Conj. - Q10","[C] [LM - TESTE] [ABO]",ADS,http://www.denavita.com.br/pages/coenzimaq10,Vídeo,not_delivering,34338,95974,2.79497932,"Compras no site",16,79.71125,1275.38,2026-02-20,Contínuo,13.28880739,1358,0.93916053,1.41496655,2026-01-01,2026-05-25
"[Publico Quente] [TESTE]","[C] [DIGESTINO] [PRINCIPAL]","ADS - BRUNA 1",https://www.denavita.com.br/pages/digestino,Vídeo,inactive,19295,33711,1.74713656,"Compras no site",13,97.01846154,1261.24,2025-12-24,Contínuo,37.41330723,714,1.76644258,2.11800303,2026-01-01,2026-05-25
"[HIBRIDO] [ESTATICO ORG.] [BID 60]","[C] [LM - TESTE] [ABO]",AD2,https://track.denavita.com.br/0ksqdzlnmv/,"Imagem e vídeo",active,58849,134186,2.28017468,"Compras no site",23,53.85849525,1238.74539072,2026-03-20,Contínuo,9.23155464,658,1.88259178,0.49036412,2026-01-01,2026-05-25
"[TOFU] [TIK]","[C] [LM - TESTE] [ABO]","AD - MOFU ate 14-05 — Cópia",https://www.denavita.com.br/pages/laranja-moro?utm_source=Influenciador&utm_campaign=Luciana+Moraes+-+performance&utm_content=laranja+moro,Vídeo,active,31804,44136,1.38774997,"Compras no site",7,173.47714286,1214.34,2026-05-23,Contínuo,27.51359434,944,1.28637712,2.13884357,2026-01-01,2026-05-25
"[TESTE PB FECHADO]","[C] [LM - TESTE] [ABO]","AD -  EVELYN",https://www.denavita.com.br/pages/laranja-moro?utm_source=Influenciador&utm_campaign=Evelyn+Regly+-+performance&utm_content=Laranja+Moro,Vídeo,active,70408,79065,1.12295478,"Compras no site",14,86.7221591,1214.11022743,2026-05-22,Contínuo,15.35584933,626,1.93947321,0.79175362,2026-01-01,2026-05-25
"[RMKT LARANJA MORO-REATIVAÇÃO BASE QUENTE]","[C] [LM - RMKT] [ADV. ABO]","AD - EVELYN NIVER — Cópia",https://lm1.denavita.com.br/?utm_source=Influenciador&utm_campaign=Evelyn+Regly+-+performance&utm_content=Laranja+Moro&_pos=1&_sid=464449d27&_ss=r,Vídeo,not_delivering,34490,41881,1.214294,"Compras no site",23,52.63608696,1210.63,2025-10-13,Contínuo,28.90642535,454,2.6665859,1.08402378,2026-01-01,2026-05-25
"Arte - Organica Lm","[C] [LM - TESTE] [ABO]",AD4,http://www.denavita.com.br/pages/laranja-moro,Imagem,not_delivering,52047,107886,2.07285723,"Compras no site",21,57.32285714,1203.78,2026-01-26,Contínuo,11.15788888,452,2.66323009,0.41896075,2026-01-01,2026-05-25
[MOFU],"[C] [LM - PRINCIPAL] - [PLANO B] 2 TESTE","AD - PAM MOFU — Cópia",https://www.denavita.com.br/pages/lm1?utm_source=Influenciador&utm_campaign=Meta+performance&utm_content=meta+performance,Vídeo,not_delivering,46609,95014,2.03853333,"Compras no site",16,75.213125,1203.41,2026-03-31,Contínuo,12.66560717,1680,0.71631548,1.76816048,2026-01-01,2026-05-25
"[RMKT LARANJA MORO-REATIVAÇÃO BASE QUENTE]","[C] [LM - RMKT] [ADV. ABO]","AD - RMKT — Cópia",https://www.denavita.com.br/products/laranja-moro-cafe-verde-e-cromo-30-caps?utm_source=Influenciador&utm_campaign=Dani+Winits+-+performance&utm_content=laranja+moro,Imagem,inactive,25061,34361,1.37109453,"Compras no site",14,85.40785714,1195.71,2025-10-13,Contínuo,34.79846337,518,2.30832046,1.50752306,2026-01-01,2026-05-25
"[RMKT LARANJA MORO-REATIVAÇÃO BASE QUENTE]","[C] [LM - RMKT] [ADV. ABO]","AD - EVELYN",https://track.denavita.com.br/0ksqdzlnmv/,Imagem,not_delivering,19682,34912,1.77380348,"Compras no site",28,42.43612262,1188.21143329,2025-10-13,Contínuo,34.03447048,316,3.76016276,0.90513291,2026-01-01,2026-05-25
"[PUBLICO ENG.] [DR]","[C] [TONS] [PB DR]","AD1 - VERAO — Cópia",https://denavita.com.br/pages/tons-clareador-de-pele,Imagem,inactive,37519,62544,1.66699539,"Compras no site",15,79.17151688,1187.57275319,2025-06-20,Contínuo,18.98779664,840,1.41377709,1.34305449,2026-01-01,2026-05-25
"[PUBLICO ENG.] [DR]","[C] [TONS] [PB ABERTO] [TESTE BID CAP]","AD - TOFU 1",https://www.denavita.com.br/pages/tons-clareador-de-pele?utm_source=Influenciador&utm_campaign=Rodrigo+Andrade+-+performance&utm_content=Tons,Vídeo,not_delivering,27226,41214,1.5137736,"Compras no site",9,131.95222402,1187.57001616,2026-03-16,Contínuo,28.81472354,854,1.39059721,2.07211142,2026-01-01,2026-05-25
"[BM JADE]","[C] [LM - TESTE] [ABO]","AD - JADE TOFU",https://www.denavita.com.br/pages/lm1?utm_source=Influenciador&utm_campaign=Jade+Seba+-+Performance&utm_content=Laranja+Moro,Vídeo,inactive,54686,105361,1.92665399,"Compras no site",23,50.82458379,1168.9654271,2026-04-17,Contínuo,11.09485889,715,1.63491668,0.67861922,2026-01-01,2026-05-25
"[VINAGRE] [RMKT]","[C] [VARIOS PRODUTO] [ABO] [BID]","AD - ORG TOFU",https://track.denavita.com.br/5myasrs6l8/,Imagem,inactive,29318,41234,1.40643973,"Compras no site",5,233.68493164,1168.42465822,2026-01-20,Contínuo,28.33643736,579,2.01800459,1.40418102,2026-01-01,2026-05-25
"[PUBLICO ENG.] [DR]","[C] [TONS] [PB DR]",tons_dr-ursinho_video-reels_10-07-2025_esse-e-o-futuro-do-skin,https://www.denavita.com.br/pages/tons-clareador-de-pele,Vídeo,inactive,33668,43617,1.29550315,"Compras no site",12,97.15918134,1165.91017609,2025-06-20,Contínuo,26.73063659,735,1.58627235,1.68512277,2026-01-01,2026-05-25
"[VINAGRE] [RMKT]","[C] [VARIOS PRODUTO] [ABO] [BID]","AD - ORG 2 TOFU/MOFU",https://www.denavita.com.br/pages/vinagre-maca-gomas?utm_source=Influenciador&utm_campaign=Meta+performance&utm_content=meta+performance,Imagem,inactive,24533,34776,1.41751926,"Compras no site",16,72.830625,1165.29,2026-01-20,Contínuo,33.50845411,571,2.04078809,1.64193697,2026-01-01,2026-05-25
"Influ Evelyn BM -VM","[C] [LM - TESTE] [ABO]","AD - EVELYN",https://www.denavita.com.br/pages/vinagre-maca-gomas,Vídeo,not_delivering,76460,105579,1.38083965,"Compras no site",10,115.623,1156.23,2026-02-04,Contínuo,10.95132555,970,1.19198969,0.91874331,2026-01-01,2026-05-25
"Influ Evelyn BM -VM","[C] [LM - TESTE] [ABO]","ADS 4 — Cópia",https://www.denavita.com.br/pages/vinagre-maca-gomas,Vídeo,inactive,103306,139093,1.34641744,"Compras no site",15,76.54133333,1148.12,2026-02-04,Contínuo,8.25433343,1489,0.77106783,1.07050678,2026-01-01,2026-05-25
"[EXCLUSÃO BASE] [ADV. +]","[C] [LM - PRINCIPAL][EX. BASE] [ADV. +] [CBO]","AD - EVELYN MOFU",http://lm1.denavita.com.br/,Vídeo,inactive,73290,92696,1.26478374,"Compras no site",15,72.76866667,1091.53,2026-03-17,Contínuo,11.77537326,574,1.90162021,0.61922845,2026-01-01,2026-05-25
[RMK],"[C] [JEJOOM] [CBO]","AD - TOFU MARCELA 17-05",https://www.denavita.com.br/pages/jejoom-denavita?utm_source=Influenciador&utm_campaign=Marcela+Venancio&utm_content=Laranja+Moro&_pos=1&_sid=f87ab8070&_ss=r,Vídeo,active,51570,94193,1.82650766,"Compras no site",10,108.456,1084.56,2026-04-17,Contínuo,11.51423142,1645,0.65930699,1.74641428,2026-01-01,2026-05-25
"[VINAGRE] [RMKT]","[C] [VARIOS PRODUTO] [ABO] [BID]","AD - MI RUBACK MOFU — Cópia",https://www.denavita.com.br/pages/vinagre-maca-gomas?utm_source=Influenciador&utm_campaign=Mi+Ruback+-+performance&utm_content=Vinagre+de+ma%C3%A7a,Vídeo,active,20017,30021,1.49977519,"Compras no site",3,361.39666704,1084.19000111,2026-01-20,Contínuo,36.11438663,934,1.160803,3.11115552,2026-01-01,2026-05-25
"Evelyn Regly BM - LM","[C] [LM - TESTE] [ABO]","ADS 6",http://www.denavita.com.br/pages/laranja-moro?utm_source=Influenciador&utm_campaign=Evelyn+Regly+-+performance&utm_content=Laranja+Moro&_pos=1&_sid=464449d27&_ss=r,Vídeo,not_delivering,44150,54271,1.22924122,"Compras no site",27,39.99006604,1079.73178303,2026-02-04,Contínuo,19.89518865,463,2.33203409,0.85312598,2026-01-01,2026-05-25
adv-aqui-rmtk_coezima-q10_engajado-existente_5-existentes_max-conv_26-05-2025,"[C] [COQ.10][PRINCIPAL]","coenzima-23-10-video-sabrina 2",http://denavita.com.br/pages/coenzimaq10,Vídeo,inactive,15103,23148,1.53267563,"Compras no site",7,151.63857143,1061.47,2025-01-20,Contínuo,45.85579748,466,2.27783262,2.01313288,2026-01-01,2026-05-25
"[RMKT LARANJA MORO-REATIVAÇÃO BASE QUENTE]","[C] [LM - RMKT] [ADV. ABO]","AD - EVELYN",https://www.denavita.com.br/pages/lm1?utm_source=Influenciador&utm_campaign=Evelyn+Regly+-+performance&utm_content=Laranja+Moro&_pos=1&_sid=464449d27&_ss=r,Vídeo,active,20298,32868,1.61927283,"Compras no site",22,48.24681818,1061.43,2025-10-13,Contínuo,32.29372034,940,1.12918085,2.85992455,2026-01-01,2026-05-25
"teste publico novo - bid","[C] [LM - TESTE] [ABO]","ADS 4",https://track.denavita.com.br/0ksqdzlnmv/,Vídeo,not_delivering,47981,54559,1.13709593,"Compras no site",27,39.29544252,1060.97694802,2026-02-19,Contínuo,19.44641485,583,1.81985754,1.06856797,2026-01-01,2026-05-25
"Influ Dani - Vm","[C] [LM - TESTE] [ABO]",AD1,https://www.denavita.com.br/pages/vinagre-maca-gomas,Vídeo,not_delivering,39002,64611,1.65660735,"Compras no site",16,66.08375,1057.34,2026-02-25,Contínuo,16.3647057,480,2.20279167,0.74290755,2026-01-01,2026-05-25
"teste aquisição ate dia 15  - Lm","[C] [LM - TESTE] [ABO]","AD - EVELYN MOFU",https://www.denavita.com.br/pages/lm1?utm_source=Influenciador&utm_campaign=Evelyn+Regly+-+performance&utm_content=Laranja+Moro&_pos=1&_sid=464449d27&_ss=r,Vídeo,inactive,55118,75726,1.37388875,"Compras no site",13,80.61813999,1048.03581987,2026-02-04,Contínuo,13.83984127,584,1.79458188,0.77120144,2026-01-01,2026-05-25
"Conj - Vm","[C] [LM - TESTE] [ABO]","AD - NURR",https://www.denavita.com.br/pages/vinagre-maca-gomas?utm_source=Influenciador&utm_campaign=Meta+performance&utm_content=meta+performance,Vídeo,inactive,11681,15274,1.30759353,"Compras no site",10,104.803,1048.03,2026-01-30,Contínuo,68.61529396,276,3.79721014,1.80699227,2026-01-01,2026-05-25
"[TOFU][PERFIL NOVO]  TESTE","[C] [LM - PRINCIPAL] - [PLANO B] 2 TESTE",AD2,http://www.denavita.com.br/pages/laranja-moro,Imagem,not_delivering,81458,132197,1.62288541,"Compras no site",19,54.51570951,1035.79848077,2026-03-16,Contínuo,7.83526465,544,1.90404132,0.41150707,2026-01-01,2026-05-25
"[PUBLICO ENG.] [DR]","[C] [TONS] [PB ABERTO] [TESTE BID CAP]","ADS 1 - 18-02",https://denavita.com.br/pages/tons-clareador-de-pele,Imagem,archived,36170,61851,1.71000829,"Compras no site",11,92.88090909,1021.69,2026-03-16,Contínuo,16.51856882,391,2.6130179,0.6321644,2026-01-01,2026-05-25
"Influ Raiza 3 - LM TESTE TRAVA DE CPA","[C] [LM - TESTE] [ABO]","ADS 3",http://denavita.com.br/pages/laranja-moro,Vídeo,archived,21567,51211,2.37450735,"Compras no site",13,78.47,1020.11,2026-01-30,Contínuo,19.91974381,662,1.54095166,1.29269102,2026-01-01,2026-05-25
"Influ Leka - LM TESTE TRAVA DE CPA","[C] [LM - TESTE] [ABO]","ADS 3",http://denavita.com.br/pages/laranja-moro,Vídeo,archived,64215,75967,1.1830102,"Compras no site",12,84.9125,1018.95,2026-01-14,Contínuo,13.41306093,592,1.72119932,0.77928574,2026-01-01,2026-05-25
"[PUBLICO ENG.] [DR]","[C] [TONS] [PB ABERTO] [TESTE BID CAP]","ADS - MOFU",https://denavita.com.br/pages/tons-clareador-de-pele,Vídeo,inactive,38811,56536,1.45670042,"Compras no site",16,63.67825698,1018.85211171,2026-03-16,Contínuo,18.02129814,1084,0.93990047,1.91736239,2026-01-01,2026-05-25
"[BOFU] [ADV+ ABERTO] [ESTATICO]","[C] [LM - TESTE] [ABO]",AD4,https://www.denavita.com.br/pages/laranja-moro?utm_source=Influenciador&utm_campaign=Dani+Winits+-+performance&utm_content=laranja+moro,Vídeo,inactive,64179,127474,1.98622602,"Compras no site",20,49.6471899,992.94379797,2026-02-25,Contínuo,7.78938292,826,1.20211114,0.64797527,2026-01-01,2026-05-25
"[HIBRIDO] [ESTATICO ORG.] [BID 60]","[C] [LM - TESTE] [ABO]","AD - NIVER 1",https://www.denavita.com.br/products/laranja-moro-cafe-verde-e-cromo-30-caps?utm_source=Influenciador&utm_campaign=Meta+performance&utm_content=meta+performance,Imagem,inactive,116642,166850,1.43044529,"Compras no site",12,82.29708603,987.56503236,2026-03-20,Contínuo,5.91887943,565,1.74790271,0.33862751,2026-01-01,2026-05-25
"[AQUISIÇÃO]  [ADV. +]","[C] [LM - PRINCIPAL][EX. BASE] [ADV. +] [CBO]","AD - TOFU",https://www.denavita.com.br/pages/laranja-moro?utm_source=Influenciador&utm_campaign=Raiza+Marinari&utm_content=Laranja+Moro,Vídeo,inactive,23980,35194,1.4676397,"Compras no site",15,65.37,980.55,2026-01-23,Contínuo,27.86128317,342,2.86710526,0.97175655,2026-01-01,2026-05-25
"[PUBLICO ENG.] [DR]","[C] [TONS] [PB DR]",tons_dr-ursinho-melasma3-13-10-2025,https://denavita.com.br/pages/tons-clareador-de-pele,Vídeo,inactive,26282,48825,1.85773533,"Compras no site",20,48.93797127,978.75942547,2025-06-20,Contínuo,20.046276,621,1.57610213,1.2718894,2026-01-01,2026-05-25
"LP NOVA","[C] [TONS] [PB DR]","tons1_rmkt_20-10-2025 — Cópia",https://tons1.denavita.com.br/,Imagem,inactive,24615,50960,2.07028235,"Compras no site",12,81.275,975.3,2026-02-09,Contínuo,19.13854003,369,2.64308943,0.72409733,2026-01-01,2026-05-25
"LP - 2","[C] [LM - PRINCIPAL][EX. BASE] [ADV. +] [CBO]","ADS - RAIZA 3",https://lm2.denavita.com.br/?utm_campaign=lplaranjamorodois&utm_content=Laranja+Moro&utm_source=performance,Vídeo,archived,24286,40034,1.64843943,"Compras no site",10,93.75759019,937.57590189,2026-01-19,Contínuo,23.41949098,364,2.57575797,0.90922716,2026-01-01,2026-05-25
"Influ Larissa Lemos - Lm","[C] [LM - TESTE] [ABO]","[ADS] - [LARISSA] [TOPO] [27-02] — Cópia",https://lm1.denavita.com.br/,Vídeo,archived,23841,46101,1.93368567,"Compras no site",14,66.945,937.23,2025-10-13,Contínuo,20.32992777,549,1.70715847,1.19086354,2026-01-01,2026-05-25
"[PUBLICO ENG.] [DR]","[C] [TONS] [PB ABERTO] [TESTE BID CAP]","AD - TOFU 1",https://track.denavita.com.br/mzhmp7q7ud/,Vídeo,not_delivering,19897,30199,1.5177665,"Compras no site",8,116.24858607,929.98868857,2026-03-16,Contínuo,30.79534715,691,1.34585917,2.28815524,2026-01-01,2026-05-25
rmkt_tons_estáticos_visitantes-engajado-compradores_max-conv_cpa35_02-09-2025_7,"[C] [TONS] [PB DR]",tons3_rmkt_20-10-2025,https://denavita.com.br/pages/tons-clareador-de-pele,Imagem,not_delivering,23415,39861,1.70237028,"Compras no site",11,82.48677482,907.35452306,2025-09-02,Contínuo,22.76296438,550,1.6497355,1.37979479,2026-01-01,2026-05-25
"[PUBLICO ENG.] [DR]","[C] [TONS] [PB DR]","ADS 3 - MES DO CLIENTE",https://denavita.com.br/pages/tons-clareador-de-pele,Imagem,archived,13982,26308,1.88156201,"Compras no site",11,82.20909091,904.3,2025-06-20,Contínuo,34.37357458,227,3.98370044,0.86285541,2026-01-01,2026-05-25
"[BOFU] [ADV+ ABERTO] [ESTATICO]","[C] [LM - TESTE] [ABO]","ADS - MES CONSUMIDOR — Cópia",https://lm1.denavita.com.br/,Imagem,inactive,60309,99574,1.65106369,"Compras no site",18,49.96619605,899.39152884,2026-02-25,Contínuo,9.03239328,410,2.19363788,0.41175407,2026-01-01,2026-05-25
"[RMKT LARANJA MORO-REATIVAÇÃO BASE QUENTE]","[C] [LM - RMKT] [ADV. ABO]","AD - LUCIANA MOFU — Cópia",https://track.denavita.com.br/0ksqdzlnmv/,Vídeo,inactive,15713,18192,1.15776745,"Compras no site",9,99.58111111,896.23,2025-10-13,Contínuo,49.26506157,298,3.00748322,1.63808267,2026-01-01,2026-05-25
"[PUBLICO ABERTO]","[C] [TONS] [PB ABERTO] [TESTE BID CAP]","AD - TOFU 1",https://track.denavita.com.br/mzhmp7q7ud/,Vídeo,not_delivering,28239,39521,1.3995184,"Compras no site",6,148.41409178,890.4845507,2026-03-16,Contínuo,22.53193367,537,1.65825801,1.35877129,2026-01-01,2026-05-25
"[PUBLICO ENG.]","[C] [VM] [CAPTAÇÃO LEAD] [LANÇAMENTO]",AD2,https://www.denavita.com.br/pages/conheca-novo-produto,Imagem,not_delivering,68956,85477,1.23958756,"Leads no site",351,2.5132471,882.14973108,2026-01-14,Contínuo,10.32031694,1670,0.52823337,1.95374194,2026-01-01,2026-05-25
EVELIN,"[C] [LM - TESTE] [ABO]","AD -  EVELYN",https://lm1.denavita.com.br/?utm_source=Influenciador&utm_campaign=Evelyn+Regly+-+performance&utm_content=Laranja+Moro&_pos=1&_sid=464449d27&_ss=r,Vídeo,active,45719,55913,1.22297076,"Compras no site",9,97.90379507,881.13415564,2026-05-18,Contínuo,15.75902126,493,1.78729038,0.88172697,2026-01-01,2026-05-25
"Arte - Organica Tons ###","[C] [LM - TESTE] [ABO]",AD2,https://denavita.com.br/pages/tons-clareador-de-pele,Imagem,inactive,21443,41905,1.9542508,"Compras no site",11,79.23818182,871.62,2026-01-26,Contínuo,20.79990455,349,2.49747851,0.83283618,2026-01-01,2026-05-25
"[TOFU] [TIK TOK] [EXCLUSAÕ BASE] [BID 60] - TESTE ATÉ 20-05","[C] [LM - TESTE] [ABO]","AD - 5",https://www.denavita.com.br/pages/laranja-moro?utm_source=Influenciador&utm_campaign=Luciana+Moraes+-+performance&utm_content=laranja+moro,Vídeo,not_delivering,60860,95431,1.56804141,"Compras no site",6,144.2816481,865.68988861,2026-03-12,Contínuo,9.07136977,1666,0.51962178,1.74576396,2026-01-01,2026-05-25
"[TOFU] [TIK TOK] [EXCLUSAÕ BASE] [BID 60] - TESTE ATÉ 20-05","[C] [LM - TESTE] [ABO]","AD - MOFU teste ate 08-05",https://www.denavita.com.br/pages/laranja-moro?utm_source=Influenciador&utm_campaign=Luciana+Moraes+-+performance&utm_content=laranja+moro,Vídeo,inactive,58048,85924,1.48022326,"Compras no site",9,95.98444444,863.86,2026-03-12,Contínuo,10.05376845,524,1.64858779,0.60984126,2026-01-01,2026-05-25
"[PUBLICO ABERTO]","[C] [TONS] [PB ABERTO] [TESTE BID CAP]","ADS 3 - MES DO CLIENTE — Cópia | Pausado ROAS baixo",https://denavita.com.br/pages/tons-clareador-de-pele,Imagem,archived,56592,87641,1.54864645,"Compras no site",7,122.78571429,859.5,2026-03-16,Contínuo,9.80705378,291,2.95360825,0.33203638,2026-01-01,2026-05-25
"Conj. - Tipo 2","[C] [LM - TESTE] [ABO]","AD - BOFU",https://www.denavita.com.br/pages/col-geno-tipo-ii,Imagem,not_delivering,39604,84147,2.12470963,"Compras no site",11,77.89,856.79,2026-02-27,Contínuo,10.18206234,526,1.62887833,0.62509656,2026-01-01,2026-05-25
"[CAMPANHA AQUISIÇÃO]","[C] [JEJOOM] [CBO]","ADS - MORGANA 1 24-12 — Cópia",http://denavita.com.br/pages/jejoom-denavita,Vídeo,inactive,17171,27026,1.57393279,"Compras no site",25,34.21066912,855.26672792,2025-10-13,Contínuo,31.64607148,370,2.3115317,1.36905202,2026-01-01,2026-05-25
[RMK],"[C] [JEJOOM] [CBO]","AD - RMKT PERFIL LARI + DENA",http://denavita.com.br/pages/jejoom-denavita?utm_source=Influenciador&utm_campaign=Larissa+Weissheimer+-+performance&utm_content=jejoom,Imagem,active,43199,99031,2.29243732,"Compras no site",15,56.57973239,848.69598582,2026-04-17,Contínuo,8.57000319,698,1.21589683,0.7048298,2026-01-01,2026-05-25
EVELIN,"[C] [LM - TESTE] [ABO]","AD - RMK EVELYN",https://www.denavita.com.br/products/laranja-moro-cafe-verde-e-cromo-30-caps?utm_source=Influenciador&utm_campaign=Evelyn+Regly+-+performance&utm_content=Laranja+Moro&_pos=1&_sid=464449d27&_ss=r,Imagem,active,26923,44261,1.6439847,"Compras no site",16,52.78766845,844.60269519,2026-05-18,Contínuo,19.08232293,287,2.94286653,0.64842638,2026-01-01,2026-05-25
"Influ Sabrina - LM TESTE TRAVA DE CPA","[C] [LM - TESTE] [ABO]","Criativo Versão 2 - Sabrina 29/12",https://www.denavita.com.br/pages/lm1?utm_source=Influenciador&utm_campaign=Meta+performance&utm_content=meta+performance,Vídeo,archived,74422,107522,1.44476096,"Compras no site",15,56.23562661,843.53439919,2025-10-22,Contínuo,7.84522609,687,1.22785211,0.63893901,2026-01-01,2026-05-25
[RMK],"[C] [JEJOOM] [CBO]","AD - RMKT",http://denavita.com.br/pages/jejoom-denavita,Imagem,active,37401,94220,2.51918398,"Compras no site",11,76.43123458,840.74358039,2026-04-17,Contínuo,8.92319657,643,1.30753278,0.68244534,2026-01-01,2026-05-25
"LP - ATUAL","[C] [LM - PRINCIPAL][EX. BASE] [ADV. +] [CBO]","ADS - RAIZA 3",https://www.denavita.com.br/pages/laranja-moro,Vídeo,archived,25150,38435,1.52823062,"Compras no site",23,36.55392466,840.74026714,2026-01-19,Contínuo,21.87434024,356,2.36162996,0.9262391,2026-01-01,2026-05-25
"[PUBLICO ABERTO] — Cópia","[C] [LM - PRINCIPAL] [PLANO B] 1 TESTE","ADS -  ANA ELISA 1",http://denavita.com.br/pages/laranja-moro,Vídeo,archived,65119,65434,1.0048373,"Compras no site",1,840.15,840.15,2026-01-08,Contínuo,12.83965523,379,2.21675462,0.57920959,2026-01-01,2026-05-25
"Conj. - Tipo 2","[C] [LM - TESTE] [ABO]","AD - BOFU 2",https://www.denavita.com.br/pages/col-geno-tipo-ii?utm_source=Influenciador&utm_campaign=Meta+performance&utm_content=meta+performance,Imagem,not_delivering,73735,148124,2.0088696,"Compras no site",11,75.35652394,828.9217633,2026-02-27,Contínuo,5.59613407,737,1.12472424,0.4975561,2026-01-01,2026-05-25
[MOFU],"[C] [LM - PRINCIPAL] - [PLANO B] 2 TESTE",AD1,https://www.denavita.com.br/pages/laranja-moro?utm_source=Influenciador&utm_campaign=Luciana+Moraes+-+performance&utm_content=laranja+moro,Vídeo,not_delivering,40689,72629,1.78497874,"Compras no site",17,48.69399766,827.79796021,2026-03-31,Contínuo,11.39762299,881,0.93961176,1.21301409,2026-01-01,2026-05-25
"[TOFU] [TIK TOK] [EXCLUSAÕ BASE] [BID 60] - TESTE ATÉ 20-05","[C] [LM - TESTE] [ABO]",AD1,http://www.denavita.com.br/pages/laranja-moro,Vídeo,inactive,54698,99088,1.81154704,"Compras no site",13,63.19395359,821.52139671,2026-03-12,Contínuo,8.2908263,533,1.54131594,0.5379057,2026-01-01,2026-05-25
"[COLAGENO] [RMKT]","[C] [VARIOS PRODUTO] [ABO] [BID]","AD - BOFU",https://www.denavita.com.br/pages/col-geno-tipo-ii?utm_source=Influenciador&utm_campaign=Meta+performance&utm_content=meta+performance,Imagem,not_delivering,40394,59872,1.48220033,"Compras no site",5,164.288,821.44,2026-05-10,Contínuo,13.71993586,770,1.06680519,1.28607696,2026-01-01,2026-05-25
"teste publico novo - bid","[C] [LM - TESTE] [ABO]","ADS 4",https://lm1.denavita.com.br/,Vídeo,not_delivering,28213,38973,1.38138447,"Compras no site",39,20.93536343,816.47917363,2026-02-19,Contínuo,20.94986718,403,2.02600291,1.03404921,2026-01-01,2026-05-25
"[RMKT LARANJA MORO-REATIVAÇÃO BASE QUENTE]","[C] [LM - RMKT] [ADV. ABO]","AD - BOFU 1 — Cópia — Cópia",https://www.denavita.com.br/products/laranja-moro-cafe-verde-e-cromo-30-caps?utm_source=Influenciador&utm_campaign=Meta+performance&utm_content=meta+performance,Imagem,inactive,16226,25924,1.59768273,"Compras no site",10,81.398,813.98,2025-10-13,Contínuo,31.3987039,202,4.02960396,0.77920074,2026-01-01,2026-05-25
"LP - 1","[C] [LM - PRINCIPAL][EX. BASE] [ADV. +] [CBO]","ADS - RAIZA 3",https://lm1.denavita.com.br/?utm_campaign=lplaranjamoroum&utm_content=Laranja+Moro&utm_source=performance,Vídeo,archived,23309,35210,1.51057531,"Compras no site",13,62.43881158,811.70455055,2026-01-19,Contínuo,23.05323915,337,2.40861884,0.95711446,2026-01-01,2026-05-25
"[TOFU] [TIK TOK] [EXCLUSAÕ BASE] [BID 60] - TESTE ATÉ 20-05","[C] [LM - TESTE] [ABO]","AD - MOFU ate 14-05",https://www.denavita.com.br/pages/laranja-moro?utm_source=Influenciador&utm_campaign=Luciana+Moraes+-+performance&utm_content=laranja+moro,Vídeo,not_delivering,46858,80197,1.71149003,"Compras no site",14,57.91642857,810.83,2026-03-12,Contínuo,10.11047795,1090,0.74388073,1.35915309,2026-01-01,2026-05-25
"[PUBLICO ENG.] [DR]","[C] [TONS] - TESTE MAX. VALOR ATÉ 11-03","ADS - MEIO 13-02-2026",https://denavita.com.br/pages/tons-clareador-de-pele,Vídeo,not_delivering,14017,15990,1.14075765,"Compras no site",14,57.84357143,809.81,2026-03-04,Contínuo,50.64477799,439,1.8446697,2.74546592,2026-01-01,2026-05-25
"[TESTE PB FECHADO]","[C] [LM - TESTE] [ABO]","AD - RMK EVELYN LP LM1",https://www.denavita.com.br/pages/lm1?utm_source=Influenciador&utm_campaign=Evelyn+Regly+-+performance&utm_content=Laranja+Moro&_pos=1&_sid=464449d27&_ss=r,Imagem,active,24783,36649,1.47879595,"Compras no site",9,89.83444444,808.51,2026-05-22,Contínuo,22.06090207,330,2.4500303,0.90043385,2026-01-01,2026-05-25
"Carrossel - Lm","[C] [LM - TESTE] [ABO]","ADS1 - 18-02 — Cópia",https://jejoom.denavita.com.br/,Imagem,inactive,22477,38712,1.7222939,"Compras no site",10,80.646,806.46,2026-02-20,Contínuo,20.83230006,409,1.97178484,1.05651994,2026-01-01,2026-05-25
"[PUBLICO ABERTO]","[C] [LM - PRINCIPAL] [PLANO B] 1 TESTE","ADS - ANA ELISA 2",https://lm1.denavita.com.br/,Vídeo,inactive,49895,84438,1.69231386,"Compras no site",12,66.92472075,803.09664905,2025-12-10,Contínuo,9.5110809,305,2.63310377,0.36121178,2026-01-01,2026-05-25
EVELIN,"[C] [LM - TESTE] [ABO]","AD -  EVELYN",http://www.denavita.com.br/pages/laranja-moro?utm_source=Influenciador&utm_campaign=Evelyn+Regly+-+performance&utm_content=Laranja+Moro,Vídeo,active,55935,64072,1.14547242,"Compras no site",11,72.94053131,802.34584436,2026-05-18,Contínuo,12.52256593,482,1.66461793,0.75227869,2026-01-01,2026-05-25
adv-aqui-rmtk_coezima-q10_engajado-existente_5-existentes_max-conv_26-05-2025,"[C] [COQ.10][PRINCIPAL]","ADS - THAIS 29/12",http://denavita.com.br/pages/coenzimaq10,Vídeo,inactive,19662,38923,1.97960533,"Compras no site",10,80.227,802.27,2025-01-20,Contínuo,20.61172058,1282,0.62579563,3.2936824,2026-01-01,2026-05-25
"[TOFU] [TIK + ORG ] [ABERTO]","[C] [LM - TESTE] [ABO]","AD - MOFU ate 14-05 — Cópia",https://www.denavita.com.br/pages/laranja-moro?utm_source=Influenciador&utm_campaign=Luciana+Moraes+-+performance&utm_content=laranja+moro,Vídeo,inactive,29082,42464,1.46014717,"Compras no site",10,79.91,799.1,2026-02-11,Contínuo,18.81829314,1567,0.50995533,3.69018463,2026-01-01,2026-05-25
"[CAMPANHA AQUISIÇÃO]","[C] [JEJOOM] [CBO]","AD1 - ORGANICO",http://www.denavita.com.br/pages/jejoom-denavita,Imagem,inactive,27924,41823,1.49774388,"Compras no site",10,79.59400093,795.94000929,2025-10-13,Contínuo,19.03115533,302,2.63556294,0.72209072,2026-01-01,2026-05-25
"TONS TESTE","[C] [TONS] [PB DR]","AD- NIVER 7",https://www.denavita.com.br/pages/tons-clareador-de-pele?utm_source=Influenciador&utm_campaign=Rodrigo+Andrade+-+performance&utm_content=Tons,Imagem,inactive,13822,22890,1.65605556,"Compras no site",11,71.59454545,787.54,2026-04-06,Contínuo,34.40541721,286,2.75363636,1.24945391,2026-01-01,2026-05-25
"[PERFIL NOVO]","[C] [LM - PRINCIPAL] - [PLANO B] 2 TESTE","Teste - ADS 2",https://track.denavita.com.br/0ksqdzlnmv/,Vídeo,inactive,32017,71504,2.23331355,"Compras no site",15,52.25830873,783.87463089,2026-03-25,Contínuo,10.96266825,468,1.67494579,0.65450884,2026-01-01,2026-05-25
"[AQUISIÇÃO]  [ADV. +]","[C] [LM - PRINCIPAL][EX. BASE] [ADV. +] [CBO]","ADS - SABRINA TOPO",http://denavita.com.br/pages/laranja-moro,Vídeo,inactive,22386,32007,1.42977754,"Compras no site",1,769.54,769.54,2026-01-23,Contínuo,24.04286562,264,2.91492424,0.82481957,2026-01-01,2026-05-25
"Influ Kamili","[C] [LM - TESTE] [ABO]","ADS - KAMILI 29/12",http://www.denavita.com.br/pages/laranja-moro,Vídeo,archived,43017,63960,1.48685403,"Compras no site",8,95.81817966,766.5454373,2025-12-29,Contínuo,11.98476293,369,2.07735891,0.57692308,2026-01-01,2026-05-25
"[BM] [ANA ELISA]","[C] [LM - TESTE] [ABO]","AD - ANA MOFU",http://denavita.com.br/pages/laranja-moro,Vídeo,inactive,34574,70019,2.02519234,"Compras no site",5,153.282,766.41,2025-10-01,Contínuo,10.9457433,383,2.0010705,0.54699439,2026-01-01,2026-05-25
"[AQUISIÇÃO]  [ADV. +]","[C] [LM - PRINCIPAL][EX. BASE] [ADV. +] [CBO]","AD - JADE TOFU LP LM1",https://www.denavita.com.br/pages/lm1?utm_source=Influenciador&utm_campaign=Jade+Seba+-+Performance&utm_content=Laranja+Moro,Vídeo,active,17431,24895,1.42820263,"Compras no site",13,58.69635284,763.05258697,2026-01-23,Contínuo,30.65083699,227,3.36146514,0.91182968,2026-01-01,2026-05-25
"Influ Raiza","[C] [LM - TESTE] [ABO]","ADS 1",http://denavita.com.br/pages/laranja-moro,Vídeo,archived,21050,32209,1.53011876,"Compras no site",8,95.35875,762.87,2025-10-22,Contínuo,23.68499488,242,3.15235537,0.75134279,2026-01-01,2026-05-25
"Carrossel - Lm","[C] [LM - TESTE] [ABO]","ADS1 - 18-02 — Cópia",https://www.denavita.com.br/pages/digestino,Imagem,inactive,27333,40872,1.49533531,"Compras no site",5,150.826,754.13,2026-02-20,Contínuo,18.45101781,554,1.36124549,1.35545116,2026-01-01,2026-05-25
adv-engajado-laranja-mouro-sudeste-sul-centro,"[C][LM - COST CAP WINNERS] [ [CBO]","Criativo Ana Elisa 1 - 12-11-2025 — Cópia",http://www.denavita.com.br/pages/laranja-moro,Vídeo,not_delivering,20600,31035,1.5065534,"Compras no site",12,62.80845452,753.70145422,2025-08-27,Contínuo,24.28553099,394,1.91294785,1.2695344,2026-01-01,2026-05-25
"Nutri - Tons [Teste até 13-03]","[C] [LM - TESTE] [ABO]",AD3,https://denavita.com.br/pages/tons-clareador-de-pele,Vídeo,not_delivering,21125,33555,1.58840237,"Compras no site",9,83.21111111,748.9,2026-03-09,Contínuo,22.31858143,557,1.34452424,1.65996126,2026-01-01,2026-05-25
"[PUBLICO ABERTO]","[C] [LM - PRINCIPAL] [PLANO B] 1 TESTE","ADS - LEKA 1",http://denavita.com.br/pages/laranja-moro,Vídeo,inactive,29765,34291,1.15205779,"Compras no site",10,73.587,735.87,2025-12-10,Contínuo,21.45956665,277,2.6565704,0.80779213,2026-01-01,2026-05-25
"Influ Vitoria - Lm","[C] [LM - TESTE] [ABO]",AD1,http://www.denavita.com.br/pages/laranja-moro,Vídeo,not_delivering,38877,82425,2.12014816,"Compras no site",11,66.10818182,727.19,2026-03-12,Contínuo,8.82244465,679,1.07097202,0.82377919,2026-01-01,2026-05-25
"[PUBLICO MORNO]","[C] [VM] [CAPTAÇÃO LEAD] [LANÇAMENTO]",AD3,https://www.denavita.com.br/pages/conheca-novo-produto,Imagem,not_delivering,55649,61403,1.10339808,"Leads no site",145,4.99496005,724.26920722,2026-01-14,Contínuo,11.79533911,743,0.97479032,1.2100386,2026-01-01,2026-05-25
"[AQUISIÇÃO]  [ADV. +]","[C] [LM - PRINCIPAL][EX. BASE] [ADV. +] [CBO]","AD - JADE TOFU — Cópia — Cópia",https://www.denavita.com.br/pages/lm1?utm_source=Influenciador&utm_campaign=Jade+Seba+-+Performance&utm_content=Laranja+Moro,Vídeo,inactive,31054,34942,1.12520126,"Compras no site",6,120.70166667,724.21,2026-01-23,Contínuo,20.72606033,261,2.77475096,0.74695209,2026-01-01,2026-05-25
"[RMKT LARANJA MORO-REATIVAÇÃO BASE QUENTE]","[C] [LM - RMKT] [ADV. ABO]","AD - MOFU ANA ELISA REFAÇÃO 17-05 — Cópia — Cópia",https://www.denavita.com.br/pages/laranja-moro?utm_source=Influenciador&utm_campaign=Ana+Elisa+Fitfoodmenu+-+performance&utm_content=Laranja+Moro,Vídeo,inactive,12693,17875,1.40825652,"Compras no site",5,142.14,710.7,2025-10-13,Contínuo,39.75944056,676,1.05133136,3.78181818,2026-01-01,2026-05-25
"[TESTE PB FECHADO]","[C] [LM - TESTE] [ABO]","AD -  EVELYN",https://www.denavita.com.br/pages/laranja-moro?utm_source=Influenciador&utm_campaign=Evelyn+Regly+-+performance&utm_content=Laranja+Moro&_pos=1&_sid=464449d27&_ss=r,Vídeo,active,29267,37486,1.28082824,"Compras no site",11,64.04890576,704.53796335,2026-05-22,Contínuo,18.79469571,324,2.17449989,0.86432268,2026-01-01,2026-05-25
"[PUBLICO ENG.] [DR]","[C] [TONS] - TESTE MAX. VALOR ATÉ 11-03","ADS - ASIATICA",https://denavita.com.br/pages/tons-clareador-de-pele,Vídeo,not_delivering,22317,26054,1.16745082,"Compras no site",4,173.555,694.22,2026-03-04,Contínuo,26.64542872,720,0.96419444,2.76349121,2026-01-01,2026-05-25
"[PUBLICO ABERTO]","[C] [LM - PRINCIPAL] [PLANO B] 1 TESTE","AD4 - RAIZA",https://lm1.denavita.com.br/,Vídeo,inactive,21606,31493,1.45760437,"Compras no site",5,137.20530566,686.02652828,2025-12-10,Contínuo,21.78346071,296,2.31765719,0.9398914,2026-01-01,2026-05-25
"[BOFU] [ADV+ ABERTO] [ESTATICO]","[C] [LM - TESTE] [ABO]",AD6,https://lm1.denavita.com.br/,Vídeo,inactive,56742,86877,1.53108808,"Compras no site",9,76.08222222,684.74,2026-02-25,Contínuo,7.88171783,958,0.71475992,1.10270843,2026-01-01,2026-05-25
"[TOFU] [TIK TOK] [EXCLUSAÕ BASE] [BID 60] - TESTE ATÉ 20-05","[C] [LM - TESTE] [ABO]",AD2,http://www.denavita.com.br/pages/laranja-moro,Vídeo,inactive,36571,64070,1.75193459,"Compras no site",11,61.94636364,681.41,2026-03-12,Contínuo,10.63539878,266,2.56169173,0.41517091,2026-01-01,2026-05-25
"Evelyn Regly BM - LM","[C] [LM - TESTE] [ABO]","ADS 3 - NOVO VM — Cópia",https://www.denavita.com.br/pages/vinagre-maca-gomas?utm_source=Influenciador&utm_campaign=Evelyn+Regly+-+performance&utm_content=Vinagre+de+Ma%C3%A7a,Vídeo,not_delivering,18911,27022,1.42890381,"Compras no site",10,68.03861662,680.38616623,2026-02-04,Contínuo,25.17897144,256,2.65775846,0.94737621,2026-01-01,2026-05-25
"Evelyn Regly - LM","[C] [LM - TESTE] [ABO]","ADS 1",http://lm1.denavita.com.br/,Vídeo,not_delivering,16893,28364,1.67903866,"Compras no site",5,135.786,678.93,2026-02-01,Contínuo,23.93632774,266,2.55236842,0.93780849,2026-01-01,2026-05-25
"[PERFIL NOVO]","[C] [LM - PRINCIPAL] - [PLANO B] 2 TESTE","Teste - ADS 2",https://www.denavita.com.br/pages/laranja-moro?utm_source=Influenciador&utm_campaign=Evelyn+Regly+-+performance&utm_content=Laranja+Moro&_pos=1&_sid=464449d27&_ss=r,Vídeo,inactive,51874,90189,1.73861665,"Compras no site",9,75.12170768,676.09536911,2026-03-25,Contínuo,7.49642827,488,1.38544133,0.54108594,2026-01-01,2026-05-25
"[CAMPANHA AQUISIÇÃO]","[C] [JEJOOM] [CBO]","AD - ORGANICO",https://jejoom.denavita.com.br/,Imagem,inactive,15380,21718,1.41209363,"Compras no site",8,84.11875,672.95,2025-10-13,Contínuo,30.98581822,210,3.20452381,0.96693987,2026-01-01,2026-05-25
"[TOFU] [TIK TOK] [EXCLUSAÕ BASE] [BID 60] - TESTE ATÉ 20-05","[C] [LM - TESTE] [ABO]",AD3,http://www.denavita.com.br/pages/laranja-moro,Vídeo,inactive,41341,76279,1.84511744,"Compras no site",9,73.87888889,664.91,2026-03-12,Contínuo,8.7168159,356,1.86772472,0.46670774,2026-01-01,2026-05-25
"teste aquisição ate dia 15  - Lm","[C] [LM - TESTE] [ABO]","AD - MOFU",https://www.denavita.com.br/pages/laranja-moro?utm_source=Influenciador&utm_campaign=Luciana+Moraes+-+performance&utm_content=laranja+moro,Vídeo,inactive,36426,64439,1.7690386,"Compras no site",10,64.89215969,648.92159688,2026-02-04,Contínuo,10.07032382,261,2.48628964,0.40503422,2026-01-01,2026-05-25
"[PUBLICO ENG.] [DR]","[C] [TONS] [PB ABERTO] [TESTE BID CAP]","AD - TOFU 2",https://track.denavita.com.br/mzhmp7q7ud/,Vídeo,not_delivering,23073,35649,1.54505266,"Compras no site",7,92.40672348,646.84706435,2026-03-16,Contínuo,18.14488665,1149,0.56296524,3.22309181,2026-01-01,2026-05-25
"[RMKT LARANJA MORO-REATIVAÇÃO BASE QUENTE]","[C] [LM - RMKT] [ADV. ABO]","AD - RMK NIVER — Cópia",http://denavita.com.br/pages/laranja-moro?utm_source=Influenciador&utm_campaign=Ana+Elisa+Fitfoodmenu+-+performance&utm_content=Laranja+Moro,Imagem,inactive,22959,32199,1.40245655,"Compras no site",15,42.96066667,644.41,2025-10-13,Contínuo,20.01335445,260,2.4785,0.80747849,2026-01-01,2026-05-25
"[RMKT LARANJA MORO-REATIVAÇÃO BASE QUENTE]","[C] [LM - RMKT] [ADV. ABO]","[VERÃO 3] [BOFU]",https://www.denavita.com.br/pages/laranja-moro?utm_source=Influenciador&utm_campaign=Ana+Elisa+Fitfoodmenu+-+performance&utm_content=Laranja+Moro,Imagem,not_delivering,9388,16904,1.80059651,"Compras no site",8,80.34561022,642.76488178,2025-10-13,Contínuo,38.02442509,236,2.72358001,1.39611926,2026-01-01,2026-05-25
"[CAMPANHA AQUISIÇÃO]","[C] [JEJOOM] [CBO]","ADS - MORGANA 2 24-12 — Cópia",http://denavita.com.br/pages/jejoom-denavita,Vídeo,inactive,11911,17026,1.42943498,"Compras no site",5,127.424,637.12,2025-10-13,Contínuo,37.42041583,271,2.35099631,1.59168331,2026-01-01,2026-05-25
"[PUBLICO ABERTO] — Cópia","[C] [LM - PRINCIPAL] [PLANO B] 1 TESTE","ADS - SABRINA 1",http://denavita.com.br/pages/laranja-moro,Vídeo,archived,56550,56550,1,"Compras no site",1,636.36,636.36,2026-01-08,Contínuo,11.2530504,376,1.69244681,0.66489832,2026-01-01,2026-05-25
"Varias Influs - VM","[C] [LM - TESTE] [ABO]","ADS 4",https://www.denavita.com.br/pages/vinagre-maca-gomas,Vídeo,not_delivering,11061,13755,1.24355845,"Compras no site",3,210.32,630.96,2026-02-19,Contínuo,45.87131952,372,1.69612903,2.7044711,2026-01-01,2026-05-25
"Evelyn Regly - LM","[C] [LM - TESTE] [ABO]","ADS 2",http://denavita.com.br/pages/laranja-moro,Vídeo,not_delivering,18324,32071,1.75021829,"Compras no site",10,63.061,630.61,2026-02-01,Contínuo,19.66293536,196,3.21739796,0.61114402,2026-01-01,2026-05-25
"[Publico Quente] [TESTE]","[C] [DIGESTINO] [PRINCIPAL]","Teste - ADS - LIS",https://www.denavita.com.br/pages/digestino,Vídeo,inactive,12117,18213,1.50309483,"Compras no site",1,629.84,629.84,2025-12-24,Contínuo,34.58189206,324,1.94395062,1.7789491,2026-01-01,2026-05-25
"[TOFU][PERFIL NOVO]  TESTE","[C] [LM - PRINCIPAL] - [PLANO B] 2 TESTE",AD1,http://www.denavita.com.br/pages/laranja-moro,Imagem,archived,40404,73871,1.82830908,"Compras no site",9,69.27222222,623.45,2026-03-16,Contínuo,8.43971247,289,2.15726644,0.39122254,2026-01-01,2026-05-25
"[PUBLICO ENG.] [DR]","[C] [TONS] [PB DR]","ADS - 2025",https://denavita.com.br/pages/tons-clareador-de-pele,Vídeo,archived,14729,17399,1.18127504,"Compras no site",4,153.405,613.62,2025-06-20,Contínuo,35.26754411,311,1.97305466,1.78745905,2026-01-01,2026-05-25
"Influ Raiza 2","[C] [LM - TESTE] [ABO]","ADS 1",http://denavita.com.br/pages/laranja-moro,Vídeo,not_delivering,18913,24074,1.27288109,"Compras no site",8,76.46875,611.75,2026-01-29,Contínuo,25.41123203,142,4.30809859,0.58984797,2026-01-01,2026-05-25
"[HIBRIDO] [ESTATICO ORG.] [BID 60]","[C] [LM - TESTE] [ABO]","AD - TOFU",https://www.denavita.com.br/pages/laranja-moro?utm_source=Influenciador&utm_campaign=Meta+performance&utm_content=meta+performance,Vídeo,inactive,42428,69007,1.62644951,"Compras no site",4,152.64,610.56,2026-03-20,Contínuo,8.84779805,243,2.51259259,0.35213819,2026-01-01,2026-05-25
"[PUBLICO ENG.] [DR]","[C] [TONS] [PB DR]",tons_sabrina_video-reels_23-09-2025,https://denavita.com.br/pages/tons-clareador-de-pele,Vídeo,archived,12176,21277,1.74745401,"Compras no site",12,50.86418191,610.37018295,2025-06-20,Contínuo,28.68685355,309,1.97530804,1.45227241,2026-01-01,2026-05-25
"teste aquisição ate dia 15  - Lm","[C] [LM - TESTE] [ABO]","AD - ANA MOFU",http://denavita.com.br/pages/laranja-moro,Vídeo,inactive,21000,32147,1.53080952,"Compras no site",8,75.8325,606.66,2026-02-04,Contínuo,18.87143435,160,3.791625,0.49771363,2026-01-01,2026-05-25
rmkt_tons_estáticos_visitantes-engajado-compradores_max-conv_cpa35_02-09-2025_7,"[C] [TONS] [PB DR]",tons1_rmkt_20-10-2025,https://www.denavita.com.br/pages/tons-clareador-de-pele,Imagem,not_delivering,13670,22817,1.66912948,"Compras no site",12,50.33251906,603.99022869,2025-09-02,Contínuo,26.47106231,189,3.1957155,0.82832975,2026-01-01,2026-05-25
"[PERFIL NOVO]","[C] [LM - PRINCIPAL] - [PLANO B] 2 TESTE","ADS 3 - NOVO VM — Cópia",https://track.denavita.com.br/5myasrs6l8/,Vídeo,inactive,34234,63047,1.84164865,,,,596.33533676,2026-03-25,Contínuo,9.45858386,337,1.76954106,0.53452186,2026-01-01,2026-05-25
"[BOFU] [ADV+ ABERTO] [ESTATICO]","[C] [LM - TESTE] [ABO]","ADS - DANI — Cópia",https://lm1.denavita.com.br/?utm_campaign=lplaranjamoroum&utm_content=Laranja+Moro&utm_source=performance,Imagem,not_delivering,28226,57581,2.03999858,"Compras no site",13,45.68989575,593.96864469,2026-02-25,Contínuo,10.31535827,335,1.77304073,0.58178913,2026-01-01,2026-05-25
"Evelyn Regly BM - LM","[C] [LM - TESTE] [ABO]","ADS 3 - NOVO VM — Cópia",https://www.denavita.com.br/pages/vinagre-maca-gomas,Vídeo,not_delivering,23826,38198,1.60320658,"Compras no site",12,48.76734178,585.20810142,2026-02-04,Contínuo,15.32038592,366,1.59892924,0.95816535,2026-01-01,2026-05-25
"[PUBLICO ENG.] [DR]","[C] [TONS] [PB DR]","AD5 — Cópia",https://denavita.com.br/pages/tons-clareador-de-pele,Imagem,inactive,29090,38904,1.33736679,"Compras no site",5,115.382,576.91,2025-06-20,Contínuo,14.82906642,372,1.55083333,0.95619988,2026-01-01,2026-05-25
"TONS TESTE","[C] [TONS] [PB DR]","AD- NIVER 5",https://www.denavita.com.br/pages/tons-clareador-de-pele?utm_source=Influenciador&utm_campaign=Rodrigo+Andrade+-+performance&utm_content=Tons,Imagem,not_delivering,41870,58765,1.40351087,"Compras no site",4,143.9975,575.99,2026-04-06,Contínuo,9.80158257,295,1.95250847,0.50199949,2026-01-01,2026-05-25
"Influ Leka - LM TESTE TRAVA DE CPA","[C] [LM - TESTE] [ABO]","ADS 4",http://denavita.com.br/pages/laranja-moro,Vídeo,archived,33541,39020,1.16335232,"Compras no site",7,81.43428571,570.04,2026-01-14,Contínuo,14.6089185,388,1.46917526,0.99436187,2026-01-01,2026-05-25
"[TOFU] [TIK]","[C] [LM - TESTE] [ABO]","AD -1 — Cópia",https://www.denavita.com.br/pages/laranja-moro?utm_source=Influenciador&utm_campaign=Luciana+Moraes+-+performance&utm_content=laranja+moro,Vídeo,active,15030,20598,1.37045908,"Compras no site",9,63.13888889,568.25,2026-05-23,Contínuo,27.58762987,505,1.12524752,2.45169434,2026-01-01,2026-05-25
"Conj - Vm","[C] [LM - TESTE] [ABO]","AD - RAIZA MOFU — Cópia",https://www.denavita.com.br/pages/vinagre-maca-gomas,Vídeo,inactive,6629,9835,1.48363252,"Compras no site",5,113.162,565.81,2026-01-30,Contínuo,57.53024911,252,2.24527778,2.56227758,2026-01-01,2026-05-25
"Influ Maritza 0","[C] [LM - TESTE] [ABO]","Criativo 1 29/12",http://denavita.com.br/pages/laranja-moro,Vídeo,archived,22911,40416,1.76404347,"Compras no site",6,94.005,564.03,2025-11-10,Contínuo,13.95561164,479,1.17751566,1.18517419,2026-01-01,2026-05-25
"[PUBLICO ABERTO]","[C] [TONS] [PB ABERTO] [TESTE BID CAP]","AD - TOFU 1",https://denavita.com.br/pages/tons-clareador-de-pele,Vídeo,not_delivering,15771,25280,1.60294211,"Compras no site",11,50.94231357,560.3654493,2026-03-16,Contínuo,22.1663548,950,0.58985837,3.75791139,2026-01-01,2026-05-25
"[COENZIMA] [RMKT]","[C] [VARIOS PRODUTO] [ABO] [BID]","AD - RMKT 4",https://www.denavita.com.br/products/coenzima-q10-omega-3-e-selenio-30-caps,Imagem,not_delivering,32716,41007,1.2534234,"Compras no site",3,185.12,555.36,2026-05-10,Contínuo,13.54305362,264,2.10363636,0.64379252,2026-01-01,2026-05-25
"[RMKT LARANJA MORO-REATIVAÇÃO BASE QUENTE]","[C] [LM - RMKT] [ADV. ABO]","AD - NIVER 2",https://www.denavita.com.br/products/laranja-moro-cafe-verde-e-cromo-30-caps?utm_source=Influenciador&utm_campaign=Meta+performance&utm_content=meta+performance,Imagem,not_delivering,10514,15342,1.45919726,"Compras no site",9,61.37111111,552.34,2025-10-13,Contínuo,36.00182506,165,3.34751515,1.07547908,2026-01-01,2026-05-25
ABER.,"[C] [TONS] [PB ABERTO] [TESTE BID CAP]","ADS 2 - 18-02 | Pausado ROAS baixo",https://denavita.com.br/pages/tons-clareador-de-pele,Imagem,archived,74468,95784,1.28624376,"Compras no site",5,110.332,551.66,2026-03-16,Contínuo,5.75941702,260,2.12176923,0.27144408,2026-01-01,2026-05-25
"[EXCLUSÃO BASE] [ADV. +]","[C] [LM - PRINCIPAL][EX. BASE] [ADV. +] [CBO]","AD - BOFU 2",https://www.denavita.com.br/products/laranja-moro-cafe-verde-e-cromo-30-caps?utm_source=Influenciador&utm_campaign=Meta+performance&utm_content=meta+performance,Imagem,inactive,36492,52324,1.43384851,"Compras no site",3,183.75333333,551.26,2026-03-17,Contínuo,10.53550952,148,3.72472973,0.28285299,2026-01-01,2026-05-25
"teste publico novo - bid","[C] [LM - TESTE] [ABO]","ADS 2",https://lm1.denavita.com.br/,Vídeo,not_delivering,17688,24072,1.36092266,"Compras no site",7,78.01857143,546.13,2026-02-19,Contínuo,22.6873546,275,1.98592727,1.14240611,2026-01-01,2026-05-25
"Influ Leka - LM TESTE TRAVA DE CPA","[C] [LM - TESTE] [ABO]","ADS 5",http://denavita.com.br/pages/laranja-moro,Vídeo,archived,25135,37082,1.47531331,"Compras no site",7,77.99285714,545.95,2026-01-14,Contínuo,14.72277655,280,1.94982143,0.75508333,2026-01-01,2026-05-25
"Influ Evelyn BM -VM","[C] [LM - TESTE] [ABO]","AD - EVELYN",https://www.denavita.com.br/pages/vinagre-maca-gomas,Vídeo,not_delivering,34741,41898,1.20601019,"Compras no site",3,179.86333333,539.59,2026-02-04,Contínuo,12.87865769,264,2.04390152,0.63010168,2026-01-01,2026-05-25
"[TOFU] [TIK]","[C] [LM - TESTE] [ABO]","AD - MOFU ate 14-05 — Cópia",https://www.denavita.com.br/pages/laranja-moro?utm_source=Influenciador&utm_campaign=Luciana+Moraes+-+performance&utm_content=laranja+moro,Vídeo,active,30542,39529,1.29425054,"Compras no site",3,179.34666667,538.04,2026-05-23,Contínuo,13.61127274,922,0.58355748,2.33246477,2026-01-01,2026-05-25
"[PUBLICO ENG.] [DR]","[C] [TONS] [PB ABERTO] [TESTE BID CAP]","AD - TOFU 2",https://www.denavita.com.br/pages/tons-clareador-de-pele?utm_source=Influenciador&utm_campaign=Rodrigo+Andrade+-+performance&utm_content=Tons,Vídeo,not_delivering,22541,35815,1.58888248,"Compras no site",5,107.3984936,536.99246799,2026-03-16,Contínuo,14.99350741,941,0.5706615,2.62739076,2026-01-01,2026-05-25
"[AQUISIÇÃO]  [ADV. +]","[C] [LM - PRINCIPAL][EX. BASE] [ADV. +] [CBO]","ADS - MES CONSUMIDOR 3",https://lm1.denavita.com.br/,Imagem,inactive,11367,16257,1.43019266,"Compras no site",8,66.72375,533.79,2026-01-23,Contínuo,32.8344713,131,4.07473282,0.80580673,2026-01-01,2026-05-25
"Influ Sabrina 2 - Lm","[C] [LM - TESTE] [ABO]","ADS 1 - SABRINA",https://lm1.denavita.com.br/,Vídeo,archived,14978,22992,1.53505141,"Compras no site",3,177.71333333,533.14,2026-02-05,Contínuo,23.18806541,252,2.11563492,1.0960334,2026-01-01,2026-05-25
"LP - 1","[C] [LM - PRINCIPAL][EX. BASE] [ADV. +] [CBO]","ADS - ANA ELISA 2",https://lm1.denavita.com.br/,Vídeo,archived,15805,25069,1.58614363,"Compras no site",6,88.79666667,532.78,2026-01-19,Contínuo,21.25254298,226,2.35743363,0.90151183,2026-01-01,2026-05-25
[RMK],"[C] [JEJOOM] [CBO]","AD - RMKT PERFIL DENA + JEJOOM",http://denavita.com.br/pages/jejoom-denavita,Imagem,active,33642,50015,1.48668331,"Compras no site",6,88.63,531.78,2026-04-17,Contínuo,10.63241028,442,1.20312217,0.88373488,2026-01-01,2026-05-25
"[PUBLICO MORNO]","[C] [VM] [CAPTAÇÃO LEAD] [LANÇAMENTO]",AD2,https://www.denavita.com.br/pages/conheca-novo-produto,Imagem,not_delivering,30622,38596,1.26040102,"Leads no site",284,1.86774648,530.44,2026-01-14,Contínuo,13.7433931,1092,0.48575092,2.82930874,2026-01-01,2026-05-25
"Lm Perfil Novo","[C] [LM - TESTE] [ABO]","AD - JADE TOFU — Cópia",https://www.denavita.com.br/pages/lm1?utm_source=Influenciador&utm_campaign=Jade+Seba+-+Performance&utm_content=Laranja+Moro,Vídeo,not_delivering,17627,40385,2.29108754,,,,527.98,2025-11-03,Contínuo,13.07366597,16727,0.03156454,41.41884363,2026-01-01,2026-05-25
"[PERFIL NOVO]","[C] [LM - PRINCIPAL] - [PLANO B] 2 TESTE","ADS 5",https://track.denavita.com.br/0ksqdzlnmv/,Vídeo,inactive,23263,43529,1.87116881,"Compras no site",6,87.64166667,525.85,2026-03-25,Contínuo,12.08045211,246,2.13760163,0.56514048,2026-01-01,2026-05-25
"[RMKT LARANJA MORO-REATIVAÇÃO BASE QUENTE]","[C] [LM - RMKT] [ADV. ABO]","AD - RMKT DANI",https://www.denavita.com.br/pages/laranja-moro?utm_source=Influenciador&utm_campaign=Ana+Elisa+Fitfoodmenu+-+performance&utm_content=Laranja+Moro,Imagem,active,9124,12951,1.41944323,"Compras no site",11,47.1647946,518.81274057,2025-10-13,Contínuo,40.05966648,190,2.73059337,1.46706818,2026-01-01,2026-05-25
"Evelyn Regly BM - LM","[C] [LM - TESTE] [ABO]","ADS 2",http://lm1.denavita.com.br/,Vídeo,not_delivering,23978,35554,1.48277588,"Compras no site",7,74.10532564,518.73727948,2026-02-04,Contínuo,14.5901243,285,1.82013081,0.80159757,2026-01-01,2026-05-25
"[CAMPANHA AQUISIÇÃO]","[C] [JEJOOM] [CBO]","AD - JADE TOFU",http://denavita.com.br/pages/jejoom-denavita?utm_source=Influenciador&utm_campaign=Meta+performance&utm_content=meta+performance,Vídeo,inactive,11072,16229,1.46576951,"Compras no site",3,172.62666667,517.88,2025-10-13,Contínuo,31.910777,230,2.25165217,1.41721609,2026-01-01,2026-05-25
"[PUBLICO MORNO]","[C] [VM] [CAPTAÇÃO LEAD] [LANÇAMENTO]",AD1,https://www.denavita.com.br/pages/conheca-novo-produto,Imagem,not_delivering,31427,33608,1.06939892,"Leads no site",121,4.27855333,517.70495242,2026-01-14,Contínuo,15.40421782,705,0.73433327,2.09771483,2026-01-01,2026-05-25
[RMK],"[C] [JEJOOM] [CBO]","AD - RMKT PERFIL MORG + DENA",http://denavita.com.br/pages/jejoom-denavita?utm_source=Influenciador&utm_campaign=Larissa+Weissheimer+-+performance&utm_content=jejoom,Imagem,inactive,27958,58166,2.08047786,"Compras no site",6,85.4673159,512.80389541,2026-04-17,Contínuo,8.81621386,284,1.80564752,0.48825775,2026-01-01,2026-05-25
"[CAMPANHA AQUISIÇÃO]","[C] [JEJOOM] [CBO]","ARTE 1 LARISSA — Cópia",http://denavita.com.br/pages/jejoom-denavita,Imagem,inactive,11632,24793,2.13144773,"Compras no site",9,56.91111111,512.2,2025-10-13,Contínuo,20.65905699,259,1.97760618,1.0446497,2026-01-01,2026-05-25
"Influ Adeli - Lm","[C] [LM - TESTE] [ABO]",AD1,http://www.denavita.com.br/pages/laranja-moro,Vídeo,not_delivering,36352,50341,1.38482064,"Compras no site",5,102.404,512.02,2026-03-10,Contínuo,10.17103355,255,2.00792157,0.50654536,2026-01-01,2026-05-25
"[EXCLUSÃO BASE] [ADV. +]","[C] [LM - PRINCIPAL][EX. BASE] [ADV. +] [CBO]","AD - ISA MOFU",http://lm1.denavita.com.br/?utm_source=Influenciador&utm_campaign=Isa+Nogueira+-+performance&utm_content=laranja+moro,Vídeo,inactive,19660,25525,1.29832146,"Compras no site",5,100.948,504.74,2026-03-17,Contínuo,19.77433888,215,2.34762791,0.84231146,2026-01-01,2026-05-25
"[AQUISIÇÃO]  [ADV. +]","[C] [LM - PRINCIPAL][EX. BASE] [ADV. +] [CBO]","AD2 — DANI",https://lm1.denavita.com.br/,Imagem,inactive,19320,26192,1.35569358,"Compras no site",4,126.1675,504.67,2026-01-23,Contínuo,19.26809713,139,3.63071942,0.5306964,2026-01-01,2026-05-25
"[PUBLICO ENG.] [DR]","[C] [TONS] [PB DR]","ADS - MEIO 13-02-2026 — Cópia",https://denavita.com.br/pages/tons-clareador-de-pele,Vídeo,archived,9361,15246,1.62867215,"Compras no site",4,125.815,503.26,2025-06-20,Contínuo,33.00931392,297,1.69447811,1.94805195,2026-01-01,2026-05-25
"[PUBLICO ENG.]","[C] [VM] [CAPTAÇÃO LEAD] [LANÇAMENTO]",AD3,https://www.denavita.com.br/pages/conheca-novo-produto,Imagem,not_delivering,59873,61798,1.03215139,"Leads no site",33,15.2069697,501.83,2026-01-14,Contínuo,8.12048934,564,0.8897695,0.91265089,2026-01-01,2026-05-25
--,"[C] [VARIOS PRODUTO] [ABO] [BID]","AD - NIVER 2",https://www.denavita.com.br/pages/vinagre-maca-gomas?utm_source=Influenciador&utm_campaign=Meta+performance&utm_content=meta+performance,Imagem,archived,3530,7699,2.18101983,"Compras no site",11,45.46636364,500.13,2026-04-06,Contínuo,64.96038447,198,2.52590909,2.57176257,2026-01-01,2026-05-25
"[BM] [ANA ELISA]","[C] [LM - TESTE] [ABO]","EDITAR PARA CYBER",http://denavita.com.br/pages/laranja-moro,Vídeo,inactive,8718,16496,1.8921771,"Compras no site",9,55.49555556,499.46,2025-10-01,Contínuo,30.27764306,211,2.367109,1.27909796,2026-01-01,2026-05-25
rmkt_tons_estáticos_visitantes-engajado-compradores_max-conv_cpa35_02-09-2025_7,"[C] [TONS] [PB DR]","AD1 - VERAO",https://www.denavita.com.br/pages/tons-clareador-de-pele,Imagem,not_delivering,9803,16654,1.69886769,"Compras no site",8,60.77744256,486.21954045,2025-09-02,Contínuo,29.1953609,144,3.37652459,0.86465714,2026-01-01,2026-05-25
adv-aqui-rmtk_coezima-q10_engajado-existente_5-existentes_max-conv_26-05-2025,"[C] [COQ.10][PRINCIPAL]","ADS - THAIS 29/12",http://www.denavita.com.br/pages/coenzimaq10,Vídeo,inactive,13743,21161,1.5397657,"Compras no site",3,159.3,477.9,2025-01-20,Contínuo,22.58399887,801,0.59662921,3.78526535,2026-01-01,2026-05-25
"Influ Evelyn - Vm","[C] [LM - TESTE] [ABO]","ADS 2",https://www.denavita.com.br/pages/vinagre-maca-gomas,Vídeo,not_delivering,10502,13309,1.26728242,"Compras no site",7,67.94571429,475.62,2026-01-29,Contínuo,35.73671951,181,2.62773481,1.35998197,2026-01-01,2026-05-25
rmkt_tons_estáticos_visitantes-engajado-compradores_max-conv_cpa35_02-09-2025_7,"[C] [TONS] [PB DR]",tons2_rmkt_20-10-2025-pagdenavita,https://www.denavita.com.br/pages/tons-clareador-de-pele,Imagem,not_delivering,10313,18129,1.75787841,"Compras no site",9,52.52173255,472.69559297,2025-09-02,Contínuo,26.07400259,167,2.83051253,0.92117602,2026-01-01,2026-05-25
"[AQUISIÇÃO]  [ADV. +]","[C] [LM - PRINCIPAL][EX. BASE] [ADV. +] [CBO]","AD - MOFU ANA ELISA REFAÇÃO 17-05 — Cópia",https://www.denavita.com.br/pages/laranja-moro?utm_source=Influenciador&utm_campaign=Ana+Elisa+Fitfoodmenu+-+performance&utm_content=Laranja+Moro,Vídeo,inactive,10245,12431,1.21337238,"Compras no site",2,233.21,466.42,2026-01-23,Contínuo,37.52071434,131,3.56045802,1.05381707,2026-01-01,2026-05-25
"[TOFU] [TIK TOK] [EXCLUSAÕ BASE] [BID 60] - TESTE ATÉ 20-05","[C] [LM - TESTE] [ABO]","AD - MOFU ate 14-05",https://www.denavita.com.br/pages/laranja-moro?utm_source=Influenciador&utm_campaign=Luciana+Moraes+-+performance&utm_content=laranja+moro,Vídeo,inactive,27231,34064,1.25092725,"Compras no site",2,232.64,465.28,2026-03-12,Contínuo,13.65899483,274,1.69810219,0.80436825,2026-01-01,2026-05-25
"Influ Vitoria - Lm","[C] [LM - TESTE] [ABO]",AD2,http://www.denavita.com.br/pages/laranja-moro,Vídeo,inactive,25741,47015,1.82646362,"Compras no site",5,92.246,461.23,2026-03-12,Contínuo,9.81027332,291,1.58498282,0.6189514,2026-01-01,2026-05-25
"[RMKT LARANJA MORO-REATIVAÇÃO BASE QUENTE]","[C] [LM - RMKT] [ADV. ABO]","ADS - LARISSA",https://lm1.denavita.com.br/,Vídeo,not_delivering,9460,11608,1.22706131,"Compras no site",5,91.754,458.77,2025-10-13,Contínuo,39.52188146,153,2.99849673,1.31805651,2026-01-01,2026-05-25
"[BM JADE]","[C] [LM - TESTE] [ABO]","AD - JADE JEJOOM TOFU",http://denavita.com.br/pages/jejoom-denavita?utm_source=Influenciador&utm_campaign=Meta+performance&utm_content=meta+performance,Vídeo,inactive,24873,47277,1.90073574,"Compras no site",6,76.08666667,456.52,2026-04-17,Contínuo,9.65628107,398,1.14703518,0.84184699,2026-01-01,2026-05-25
"Influ Larissa Lemos - Lm","[C] [LM - TESTE] [ABO]","AD1 - 07/12 — Cópia",http://www.denavita.com.br/pages/laranja-moro,Vídeo,archived,28274,34319,1.21380066,"Compras no site",7,64.71,452.97,2025-10-13,Contínuo,13.19881115,372,1.21766129,1.08394767,2026-01-01,2026-05-25
"Influ Paula Bigode - Vm","[C] [LM - TESTE] [ABO]",AD1,https://www.denavita.com.br/pages/vinagre-maca-gomas,Vídeo,archived,6650,8257,1.24165414,"Compras no site",7,64.26142857,449.83,2026-01-28,Contínuo,54.4786242,189,2.38005291,2.28896694,2026-01-01,2026-05-25
"[BM JADE]","[C] [LM - TESTE] [ABO]","AD - ISA MOFU",https://www.denavita.com.br/pages/lm1?utm_source=Influenciador&utm_campaign=Jade+Seba+-+Performance&utm_content=Laranja+Moro,Vídeo,not_delivering,18565,23452,1.26323727,"Compras no site",4,111.7375,446.95,2026-04-17,Contínuo,19.05807607,238,1.87794118,1.01483882,2026-01-01,2026-05-25
"[RMKT LARANJA MORO-REATIVAÇÃO BASE QUENTE]","[C] [LM - RMKT] [ADV. ABO]","AD - MOFU LARISSA LEMOS  REFAÇÃO 17-05",https://www.denavita.com.br/pages/laranja-moro?utm_source=Influenciador&utm_campaign=Larissa+Lemos+-+Performance&utm_content=laranja+moro,Vídeo,inactive,8971,10908,1.21591796,"Compras no site",3,148.34170513,445.02511538,2025-10-13,Contínuo,40.79804871,134,3.32108295,1.22845618,2026-01-01,2026-05-25
"[RMKT LARANJA MORO-REATIVAÇÃO BASE QUENTE]","[C] [LM - RMKT] [ADV. ABO]","AD - BOFU 2",https://www.denavita.com.br/products/laranja-moro-cafe-verde-e-cromo-30-caps?utm_source=Influenciador&utm_campaign=Meta+performance&utm_content=meta+performance,Imagem,inactive,10133,13390,1.32142505,"Compras no site",9,49.42222222,444.8,2025-10-13,Contínuo,33.21882001,100,4.448,0.74682599,2026-01-01,2026-05-25
[RMK],"[C] [JEJOOM] [CBO]","AD - MOFU PRI 17-05",https://www.denavita.com.br/pages/jejoom-denavita?utm_source=Influenciador&utm_campaign=Pri+Pessanha+-+performance&utm_content=Jejoom,Vídeo,inactive,22822,32507,1.42437122,"Compras no site",2,221.085,442.17,2026-04-17,Contínuo,13.60230104,936,0.47240385,2.87937983,2026-01-01,2026-05-25
"[BM] [ANA ELISA]","[C] [LM - TESTE] [ABO]","AD - MOFU ANA ELISA REFAÇÃO 17-05",https://www.denavita.com.br/pages/laranja-moro?utm_source=Influenciador&utm_campaign=Ana+Elisa+Fitfoodmenu+-+performance&utm_content=Laranja+Moro,Vídeo,inactive,29845,44914,1.50490869,"Compras no site",4,110.335,441.34,2025-10-01,Contínuo,9.82633477,258,1.71062016,0.57443114,2026-01-01,2026-05-25
"Evelyn Regly BM - LM","[C] [LM - TESTE] [ABO]","ADS 5",http://lm1.denavita.com.br/,Vídeo,not_delivering,15174,25797,1.70007908,"Compras no site",8,55.10795603,440.8636482,2026-02-04,Contínuo,17.08972548,135,3.26565665,0.52331666,2026-01-01,2026-05-25
"[VINAGRE] [RMKT]","[C] [VARIOS PRODUTO] [ABO] [BID]","AD - TOFU",https://track.denavita.com.br/5myasrs6l8/,Vídeo,inactive,12852,15441,1.20144725,"Compras no site",3,146.12512522,438.37537567,2026-01-20,Contínuo,28.39034879,194,2.25966688,1.25639531,2026-01-01,2026-05-25
"[AQUISIÇÃO]  [ADV. +]","[C] [LM - PRINCIPAL][EX. BASE] [ADV. +] [CBO]","AD - MOFU teste ate 08-05",https://www.denavita.com.br/pages/laranja-moro?utm_source=Influenciador&utm_campaign=Luciana+Moraes+-+performance&utm_content=laranja+moro,Vídeo,inactive,15336,17474,1.13941054,"Compras no site",7,61.36714286,429.57,2026-01-23,Contínuo,24.58338102,236,1.82021186,1.350578,2026-01-01,2026-05-25
"Influ Ana Elisa 2","[C] [LM - TESTE] [ABO]","AD1 - 07/12",http://denavita.com.br/pages/laranja-moro,Vídeo,archived,9284,17780,1.91512279,"Compras no site",6,71.16333333,426.98,2026-01-07,Contínuo,24.01462317,184,2.32054348,1.03487064,2026-01-01,2026-05-25
"[TOFU] - [EX. PURCHASE]","[C] [LM - PRINCIPAL] - [PLANO B] 2 TESTE","ADS - ANA ELISA 2",https://track.denavita.com.br/0ksqdzlnmv/,Vídeo,not_delivering,18737,31533,1.68292683,"Compras no site",9,47.34555556,426.11,2026-03-25,Contínuo,13.51314496,184,2.31581522,0.58351568,2026-01-01,2026-05-25
"[VINAGRE] [RMKT]","[C] [VARIOS PRODUTO] [ABO] [BID]","AD - RAIZA MOFU",https://www.denavita.com.br/pages/vinagre-maca-gomas,Vídeo,inactive,10828,17327,1.60020318,"Compras no site",13,32.5106037,422.63784804,2026-01-20,Contínuo,24.39186518,166,2.54601113,0.95804236,2026-01-01,2026-05-25
"Influ Larissa Lemos - Lm","[C] [LM - TESTE] [ABO]","Video 3 Larissa Lemos - 29/12",http://denavita.com.br/pages/laranja-moro,Vídeo,archived,17268,27162,1.57296734,"Compras no site",15,28.05967958,420.89519375,2025-10-13,Contínuo,15.49573646,321,1.31119998,1.1817981,2026-01-01,2026-05-25
"Influ Lari - Jejoom","[C] [LM - TESTE] [ABO]","ADS - LARI 6",https://jejoom1.denavita.com.br/,Vídeo,inactive,12365,21878,1.76934897,"Compras no site",5,83.45,417.25,2026-02-12,Contínuo,19.07167017,165,2.52878788,0.75418228,2026-01-01,2026-05-25
"[CAMPANHA AQUISIÇÃO]","[C] [JEJOOM] [CBO]","ADS - MORGANA 1 24-12 — Cópia",http://www.denavita.com.br/pages/jejoom-denavita,Vídeo,inactive,9496,13842,1.45766639,"Compras no site",9,46.21703023,415.95327208,2025-10-13,Contínuo,30.05008468,414,1.00471805,2.99089727,2026-01-01,2026-05-25
"[PUBLICO ABERTO]","[C] [TONS] [PB ABERTO] [TESTE BID CAP]","tons 1 - 25-11 | Reativado ROAS bom hoje",https://denavita.com.br/pages/tons-clareador-de-pele,Vídeo,archived,18993,26503,1.39540883,"Compras no site",3,138.49666667,415.49,2026-03-16,Contínuo,15.67709316,298,1.39426174,1.12440101,2026-01-01,2026-05-25
"[VINAGRE] [RMKT]","[C] [VARIOS PRODUTO] [ABO] [BID]","AD - TOFU",https://www.denavita.com.br/pages/vinagre-maca-gomas?utm_source=Influenciador&utm_campaign=Evelyn+Regly+-+performance&utm_content=Vinagre+de+Ma%C3%A7a,Vídeo,active,8085,12145,1.5021645,"Compras no site",8,51.935,415.48,2026-01-20,Contínuo,34.20996295,623,0.66690209,5.129683,2026-01-01,2026-05-25
"Evelyn Regly BM - LM","[C] [LM - TESTE] [ABO]","ADS 2 - NOVO VM",https://www.denavita.com.br/pages/vinagre-maca-gomas,Vídeo,not_delivering,18104,32705,1.80650685,"Compras no site",12,34.60002143,415.20025717,2026-02-04,Contínuo,12.69531439,280,1.48285806,0.85613821,2026-01-01,2026-05-25
"[RMKT LARANJA MORO-REATIVAÇÃO BASE QUENTE]","[C] [LM - RMKT] [ADV. ABO]","[VERÃO 3] [BOFU]",https://www.denavita.com.br/pages/laranja-moro,Imagem,not_delivering,5742,11120,1.93660745,"Compras no site",7,59.20975505,414.46828534,2025-10-13,Contínuo,37.27232782,175,2.3683902,1.57374101,2026-01-01,2026-05-25
"[TOFU] [TIK + ORG ] [ABERTO]","[C] [LM - TESTE] [ABO]","AD - MOFU ate 14-05 — Cópia",https://www.denavita.com.br/pages/laranja-moro?utm_source=Influenciador&utm_campaign=Luciana+Moraes+-+performance&utm_content=laranja+moro,Vídeo,inactive,8080,9767,1.20878713,"Compras no site",6,68.73166667,412.39,2026-02-11,Contínuo,42.22279103,255,1.61721569,2.61083239,2026-01-01,2026-05-25
"TONS TESTE","[C] [TONS] [PB DR]","AD- NIVER 6",https://www.denavita.com.br/pages/tons-clareador-de-pele?utm_source=Influenciador&utm_campaign=Rodrigo+Andrade+-+performance&utm_content=Tons,Imagem,not_delivering,6293,10907,1.73319561,"Compras no site",3,137.43333333,412.3,2026-04-06,Contínuo,37.80141194,160,2.576875,1.46694783,2026-01-01,2026-05-25
"[RMKT LARANJA MORO-REATIVAÇÃO BASE QUENTE]","[C] [LM - RMKT] [ADV. ABO]","Rmkt Dani - 1",https://www.denavita.com.br/pages/laranja-moro?utm_source=Influenciador&utm_campaign=Ana+Elisa+Fitfoodmenu+-+performance&utm_content=Laranja+Moro,Imagem,not_delivering,5989,8329,1.39071631,"Compras no site",5,82.34204538,411.71022692,2025-10-13,Contínuo,49.43093132,71,5.79873559,0.85244327,2026-01-01,2026-05-25
"[HIBRIDO] [ESTATICO ORG.] [BID 60]","[C] [LM - TESTE] [ABO]","AD - BOFU 3 — Cópia",https://www.denavita.com.br/products/laranja-moro-cafe-verde-e-cromo-30-caps?utm_source=Influenciador&utm_campaign=Meta+performance&utm_content=meta+performance,Imagem,inactive,31944,45086,1.41140746,"Compras no site",4,102.5175,410.07,2026-03-20,Contínuo,9.09528457,221,1.85552036,0.49017433,2026-01-01,2026-05-25
"[EXCLUSÃO BASE] [ADV. +]","[C] [LM - PRINCIPAL][EX. BASE] [ADV. +] [CBO]","AD - ISA MOFU — Cópia — Cópia",https://www.denavita.com.br/pages/lm1?utm_source=Influenciador&utm_campaign=Jade+Seba+-+Performance&utm_content=Laranja+Moro,Vídeo,inactive,18846,24300,1.28939828,"Compras no site",3,136.32333333,408.97,2026-03-17,Contínuo,16.83004115,224,1.82575893,0.9218107,2026-01-01,2026-05-25
"[RMKT LARANJA MORO-REATIVAÇÃO BASE QUENTE]","[C] [LM - RMKT] [ADV. ABO]","ADS 1 — Cópia",http://lm1.denavita.com.br/,Vídeo,not_delivering,7811,9108,1.16604788,"Compras no site",3,135.20333333,405.61,2025-10-13,Contínuo,44.53337725,166,2.44343373,1.82257356,2026-01-01,2026-05-25
"[COLAGENO] [RMKT]","[C] [VARIOS PRODUTO] [ABO] [BID]","AD - BOFU 2",https://www.denavita.com.br/pages/col-geno-tipo-ii?utm_source=Influenciador&utm_campaign=Meta+performance&utm_content=meta+performance,Imagem,not_delivering,19146,27506,1.43664473,"Compras no site",4,101.2375,404.95,2026-05-10,Contínuo,14.72224242,213,1.90117371,0.7743765,2026-01-01,2026-05-25
"[HIBRIDO] [ESTATICO ORG.] [BID 60]","[C] [LM - TESTE] [ABO]",AD1,https://lm1.denavita.com.br/,Vídeo,inactive,17592,26202,1.48942701,"Compras no site",4,101.22,404.88,2026-03-20,Contínuo,15.45225555,203,1.99448276,0.77475002,2026-01-01,2026-05-25
"[PUBLICO ENG.]","[C] [VM] [CAPTAÇÃO LEAD] [LANÇAMENTO]",AD1,https://www.denavita.com.br/pages/conheca-novo-produto,Imagem,not_delivering,30849,33801,1.09569192,"Leads no site",73,5.54328767,404.66,2026-01-14,Contínuo,11.97183515,467,0.86650964,1.38161593,2026-01-01,2026-05-25
"[PUBLICO ABERTO]","[C] [TONS] [PB ABERTO] [TESTE BID CAP]","ADS 1 - 18-02 | Pausado ROAS baixo",https://denavita.com.br/pages/tons-clareador-de-pele,Imagem,archived,20839,28859,1.38485532,"Compras no site",4,100.185,400.74,2026-03-16,Contínuo,13.88613604,168,2.38535714,0.58214075,2026-01-01,2026-05-25
"Evelyn Regly BM - LM","[C] [LM - TESTE] [ABO]","Teste - Perfil novo",http://lm1.denavita.com.br/,Vídeo,not_delivering,14929,18138,1.21495077,"Compras no site",6,66.68666667,400.12,2026-02-04,Contínuo,22.05976403,260,1.53892308,1.43345463,2026-01-01,2026-05-25
"[EXCLUSÃO BASE] [ADV. +]","[C] [LM - PRINCIPAL][EX. BASE] [ADV. +] [CBO]","AD - ISA MOFU",http://lm1.denavita.com.br/?utm_source=Influenciador&utm_campaign=Isa+Nogueira+-+performance&utm_content=laranja+moro,Vídeo,inactive,16371,24681,1.50760491,"Compras no site",5,79.448,397.24,2026-03-17,Contínuo,16.09497184,199,1.9961809,0.80628824,2026-01-01,2026-05-25
"LP - 2","[C] [LM - PRINCIPAL][EX. BASE] [ADV. +] [CBO]","ADS - ANA ELISA 2",https://lm2.denavita.com.br/,Vídeo,archived,12510,18893,1.51023181,"Compras no site",10,39.715,397.15,2026-01-19,Contínuo,21.02101307,144,2.75798611,0.76218705,2026-01-01,2026-05-25
"LP NOVA","[C] [TONS] [PB DR]","ADS - MEIO 13-02-2026",https://tons1.denavita.com.br/,Vídeo,not_delivering,14602,14927,1.02225723,"Compras no site",8,48.925,391.4,2026-02-09,Contínuo,26.22094192,317,1.23470032,2.12366852,2026-01-01,2026-05-25
"Influ Ingrid - Vm","[C] [LM - TESTE] [ABO]",AD1,https://www.denavita.com.br/pages/vinagre-maca-gomas,Vídeo,archived,8034,11137,1.38623351,"Compras no site",5,78.252,391.26,2026-01-22,Contínuo,35.1315435,232,1.68646552,2.08314627,2026-01-01,2026-05-25
"[EXCLUSÃO BASE] [ADV. +]","[C] [LM - PRINCIPAL][EX. BASE] [ADV. +] [CBO]","AD - BOFU 3",https://www.denavita.com.br/products/laranja-moro-cafe-verde-e-cromo-30-caps?utm_source=Influenciador&utm_campaign=Meta+performance&utm_content=meta+performance,Imagem,inactive,26922,33639,1.24949855,"Compras no site",2,195.365,390.73,2026-03-17,Contínuo,11.6153869,119,3.28344538,0.35375606,2026-01-01,2026-05-25
rmkt_tons_estáticos_visitantes-engajado-compradores_max-conv_cpa35_02-09-2025_7,"[C] [TONS] [PB DR]",tons3_rmkt_01-09-2025,https://www.denavita.com.br/pages/tons-clareador-de-pele,Imagem,not_delivering,13209,17700,1.33999546,"Compras no site",7,55.6261384,389.38296878,2025-09-02,Contínuo,21.99903778,173,2.25076861,0.97740113,2026-01-01,2026-05-25
[EVELIN],"[C] [LM - PRINCIPAL][EX. BASE] [ADV. +] [CBO]","AD - EVELYN",https://www.denavita.com.br/pages/lm1?utm_source=Influenciador&utm_campaign=Evelyn+Regly+-+performance&utm_content=Laranja+Moro&_pos=1&_sid=464449d27&_ss=r,Vídeo,inactive,33060,37866,1.14537205,"Compras no site",7,55.58857143,389.12,2026-03-31,Contínuo,10.27623726,235,1.65582979,0.62060952,2026-01-01,2026-05-25
"[PUBLICO ABERTO]","[C] [TONS] [PB ABERTO] [TESTE BID CAP]","AD - TOFU 2",https://track.denavita.com.br/mzhmp7q7ud/,Vídeo,not_delivering,11320,13117,1.15874558,"Compras no site",5,76.792,383.96,2026-03-16,Contínuo,29.27193718,156,2.46128205,1.18929633,2026-01-01,2026-05-25
"[EXCLUSÃO BASE] [ADV. +]","[C] [LM - PRINCIPAL][EX. BASE] [ADV. +] [CBO]","ADS - 4",https://www.denavita.com.br/pages/laranja-moro,Vídeo,inactive,7645,9185,1.20143885,"Compras no site",7,54.14348229,379.00437603,2026-03-17,Contínuo,41.26340512,159,2.38367532,1.73108329,2026-01-01,2026-05-25
"Evelyn Regly BM - LM","[C] [LM - TESTE] [ABO]","Teste - ADS 2",https://www.denavita.com.br/pages/lm1?utm_source=Influenciador&utm_campaign=Evelyn+Regly+-+performance&utm_content=Laranja+Moro&_pos=1&_sid=464449d27&_ss=r,Vídeo,not_delivering,13852,19402,1.40066416,"Compras no site",5,75.60890653,378.04453265,2026-02-04,Contínuo,19.48482284,206,1.83516763,1.06174621,2026-01-01,2026-05-25
"LP NOVA","[C] [TONS] [PB DR]",tons_dr-ursinho_video-reels_10-07-2025_mais-qual-usar,https://tons1.denavita.com.br/,Vídeo,inactive,6350,8678,1.36661417,"Compras no site",7,53.71142857,375.98,2026-02-09,Contínuo,43.32565107,365,1.03008219,4.20603826,2026-01-01,2026-05-25
"[AQUISIÇÃO]  [ADV. +]","[C] [LM - PRINCIPAL][EX. BASE] [ADV. +] [CBO]","ADS - ISA 3",https://lm1.denavita.com.br/,Vídeo,inactive,10959,14210,1.29665115,"Compras no site",5,75.186,375.93,2026-01-23,Contínuo,26.45531316,229,1.64161572,1.61154117,2026-01-01,2026-05-25
"LP - ATUAL","[C] [LM - PRINCIPAL][EX. BASE] [ADV. +] [CBO]","ADS - ANA ELISA 2",https://www.denavita.com.br/pages/laranja-moro,Vídeo,archived,12070,17753,1.47083679,"Compras no site",1,374.07,374.07,2026-01-19,Contínuo,21.07080493,148,2.5275,0.83366192,2026-01-01,2026-05-25
"[COENZIMA] [RMKT]","[C] [VARIOS PRODUTO] [ABO] [BID]","AD - RMKT 3",https://www.denavita.com.br/products/coenzima-q10-omega-3-e-selenio-30-caps?_pos=1&_sid=ab86d182c&_ss=r,Imagem,inactive,15653,21828,1.39449307,"Compras no site",2,185.755,371.51,2026-05-10,Contínuo,17.01988272,148,2.5102027,0.67802822,2026-01-01,2026-05-25
"[HIBRIDO] [ESTATICO ORG.] [BID 60]","[C] [LM - TESTE] [ABO]","AD - NIVER 2",https://www.denavita.com.br/products/laranja-moro-cafe-verde-e-cromo-30-caps?utm_source=Influenciador&utm_campaign=Meta+performance&utm_content=meta+performance,Imagem,inactive,35857,51487,1.43589815,"Compras no site",6,61.39833333,368.39,2026-03-20,Contínuo,7.15501,248,1.48544355,0.48167499,2026-01-01,2026-05-25
"[EXCLUSÃO BASE] [ADV. +]","[C] [LM - PRINCIPAL][EX. BASE] [ADV. +] [CBO]","AD - ANA MOFU",http://denavita.com.br/pages/laranja-moro,Vídeo,inactive,13481,19795,1.46836288,"Compras no site",7,51.6,361.2,2026-03-17,Contínuo,18.24703208,130,2.77846154,0.6567315,2026-01-01,2026-05-25
"[CAMPANHA AQUISIÇÃO]","[C] [JEJOOM] [CBO]","ARTE 4 20-10-2025 DENAVITA",http://denavita.com.br/pages/jejoom-denavita,Imagem,inactive,10134,17672,1.74383264,"Compras no site",3,119.31874053,357.95622159,2025-10-13,Contínuo,20.25555803,141,2.53869661,0.79787234,2026-01-01,2026-05-25
"[TOFU] - [EX. PURCHASE]","[C] [LM - PRINCIPAL] - [PLANO B] 2 TESTE","ADS - MES CONSUMIDOR",https://track.denavita.com.br/0ksqdzlnmv/,Imagem,inactive,24098,31443,1.30479708,"Compras no site",4,88.62516437,354.50065747,2026-03-25,Contínuo,11.2743904,138,2.56884534,0.43888942,2026-01-01,2026-05-25
"[PUBLICO ABERTO]","[C] [LM - PRINCIPAL] [PLANO B] 1 TESTE","ADS - KAMILI  29/12 — Cópia",https://lm1.denavita.com.br/,Vídeo,inactive,53023,72175,1.36120174,"Compras no site",2,176.76557341,353.53114682,2025-12-10,Contínuo,4.89824935,216,1.63671827,0.2992726,2026-01-01,2026-05-25
"Influ Larissa Lemos - Lm","[C] [LM - TESTE] [ABO]","Video 3 Larissa Lemos - 29/12",http://www.denavita.com.br/pages/laranja-moro,Vídeo,archived,13046,21998,1.68618734,"Compras no site",4,88.3689909,353.47596362,2025-10-13,Contínuo,16.06855003,185,1.91068088,0.84098554,2026-01-01,2026-05-25
rmkt_tons_estáticos_visitantes-engajado-compradores_max-conv_cpa35_02-09-2025_7,"[C] [TONS] [PB DR]","AD2 - VERAO",https://www.denavita.com.br/pages/tons-clareador-de-pele,Imagem,inactive,10956,14838,1.3543264,"Compras no site",4,88.02394526,352.09578105,2025-09-02,Contínuo,23.72932882,133,2.6473367,0.89634722,2026-01-01,2026-05-25
"[CAMPANHA AQUISIÇÃO]","[C] [JEJOOM] [CBO]","AD - NIVER",http://denavita.com.br/pages/jejoom-denavita,Imagem,inactive,7604,14189,1.86599158,"Compras no site",3,116.83333333,350.5,2025-10-13,Contínuo,24.70223413,152,2.30592105,1.07125238,2026-01-01,2026-05-25
"[RMKT PB FECHADO]","[C] [LM - RMKT] [ADV. ABO]","AD - LUCIANA MOFU — Cópia",https://track.denavita.com.br/0ksqdzlnmv/,Vídeo,not_delivering,8087,9966,1.23234821,"Compras no site",2,175.055,350.11,2026-05-23,Contínuo,35.13044351,170,2.05947059,1.70579972,2026-01-01,2026-05-25
"[PUBLICO ENG.] [DR]","[C] [TONS] [PB DR]","tons4_rmkt_20-10-2025 — Cópia",https://www.denavita.com.br/pages/tons-clareador-de-pele,Imagem,archived,9648,11234,1.1643864,"Compras no site",4,87.405,349.62,2025-06-20,Contínuo,31.12159516,96,3.641875,0.85454869,2026-01-01,2026-05-25
"LP NOVA","[C] [TONS] [PB DR]",tons_dr-ursinho-melasma2-13-10-2025,https://tons1.denavita.com.br/,Vídeo,inactive,4188,5929,1.41571156,"Compras no site",3,115.77666667,347.33,2026-02-09,Contínuo,58.58154832,261,1.33076628,4.40209142,2026-01-01,2026-05-25
"[AQUISIÇÃO]  [ADV. +]","[C] [LM - PRINCIPAL][EX. BASE] [ADV. +] [CBO]","AD - MOFU teste ate 08-05 — Cópia — Cópia — Cópia",https://www.denavita.com.br/pages/laranja-moro?utm_source=Influenciador&utm_campaign=Luciana+Moraes+-+performance&utm_content=laranja+moro,Vídeo,inactive,13177,15063,1.14312818,"Compras no site",5,69.318,346.59,2026-01-23,Contínuo,23.00936069,134,2.58649254,0.88959703,2026-01-01,2026-05-25
"[PUBLICO ENG.] [DR]","[C] [TONS] [PB DR]","AD2 — Cópia",https://denavita.com.br/pages/tons-clareador-de-pele,Imagem,inactive,11497,17899,1.55684092,"Compras no site",6,57.34333333,344.06,2025-06-20,Contínuo,19.22230292,149,2.30912752,0.83244874,2026-01-01,2026-05-25
"TONS TESTE","[C] [TONS] [PB DR]","AD- NIVER 4",https://www.denavita.com.br/pages/tons-clareador-de-pele?utm_source=Influenciador&utm_campaign=Rodrigo+Andrade+-+performance&utm_content=Tons,Imagem,not_delivering,9947,14139,1.4214336,"Compras no site",4,85.1325,340.53,2026-04-06,Contínuo,24.08444727,166,2.05138554,1.17405757,2026-01-01,2026-05-25
"[Publico Quente] [TESTE]","[C] [DIGESTINO] [PRINCIPAL]","AD2 - 07/01",https://www.denavita.com.br/pages/digestino,Imagem,inactive,8294,14035,1.69218712,"Compras no site",2,170.00870545,340.0174109,2025-12-24,Contínuo,24.22639194,121,2.81006125,0.86213039,2026-01-01,2026-05-25
"[PUBLICO ABERTO]","[C] [TESTE LP]","ADS — Cópia",https://lm1.denavita.com.br/,Vídeo,archived,30677,30677,1,,,,336.32,2026-02-24,Contínuo,10.96326238,128,2.6275,0.41725071,2026-01-01,2026-05-25
adv-aqui-rmtk_coezima-q10_engajado-existente_5-existentes_max-conv_26-05-2025,"[C] [COQ.10][PRINCIPAL]","AD2 - 07/01",http://denavita.com.br/pages/coenzimaq10,Imagem,inactive,6905,11957,1.73164374,"Compras no site",1,330.35,330.35,2025-01-20,Contínuo,27.6281676,99,3.33686869,0.82796688,2026-01-01,2026-05-25
"[BM JADE]","[C] [LM - TESTE] [ABO]","AD - JADE TOFU 19-05 BM JADE + DENA — Cópia",https://www.denavita.com.br/pages/laranja-moro?utm_source=Influenciador&utm_campaign=Jade+Seba+-+Performance&utm_content=Laranja+Moro,Vídeo,inactive,18406,25408,1.38041943,"Compras no site",1,328.8,328.8,2026-04-17,Contínuo,12.94080605,377,0.87214854,1.48378463,2026-01-01,2026-05-25
"[TOFU] [TIK TOK] [EXCLUSAÕ BASE] [BID 60] - TESTE ATÉ 20-05","[C] [LM - TESTE] [ABO]","AD - MOFU",https://www.denavita.com.br/pages/laranja-moro?utm_source=Influenciador&utm_campaign=Luciana+Moraes+-+performance&utm_content=laranja+moro,Vídeo,inactive,26218,35921,1.37008925,"Compras no site",1,327.04,327.04,2026-03-12,Contínuo,9.1044236,151,2.16582781,0.42036692,2026-01-01,2026-05-25
"Influ Mi Ruback - Lm","[C] [LM - TESTE] [ABO]","ADS 1",http://www.denavita.com.br/pages/laranja-moro,Vídeo,archived,7556,10239,1.35508205,"Compras no site",3,108.03,324.09,2026-01-23,Contínuo,31.65250513,134,2.41858209,1.30872155,2026-01-01,2026-05-25
"Influ Leka - LM TESTE TRAVA DE CPA","[C] [LM - TESTE] [ABO]","ADS 3",http://denavita.com.br/pages/laranja-moro,Vídeo,archived,14771,18373,1.2438562,"Compras no site",8,40.10625,320.85,2026-01-14,Contínuo,17.46312524,171,1.87631579,0.93071355,2026-01-01,2026-05-25
"Carrossel - Lm","[C] [LM - TESTE] [ABO]","ADS2 - 18-02 — Cópia",https://jejoom.denavita.com.br/,Imagem,inactive,14412,18640,1.29336664,"Compras no site",3,106.57666667,319.73,2026-02-20,Contínuo,17.152897,210,1.52252381,1.12660944,2026-01-01,2026-05-25
"teste aquisição ate dia 15  - Lm","[C] [LM - TESTE] [ABO]","AD - LUCIANA MOFU",https://www.denavita.com.br/pages/laranja-moro?utm_source=Influenciador&utm_campaign=Luciana+Moraes+-+performance&utm_content=laranja+moro,Vídeo,inactive,23079,36416,1.57788466,"Compras no site",5,63.86915529,319.34577644,2026-02-04,Contínuo,8.76938094,306,1.04361365,0.84028998,2026-01-01,2026-05-25
"Influ Sabrina - LM TESTE TRAVA DE CPA","[C] [LM - TESTE] [ABO]","AD - TOFU",http://denavita.com.br/pages/laranja-moro,Vídeo,archived,21083,35007,1.66043732,"Compras no site",6,53.10333333,318.62,2025-10-22,Contínuo,9.10160825,205,1.5542439,0.58559717,2026-01-01,2026-05-25
"Evelyn Regly BM - LM","[C] [LM - TESTE] [ABO]","ADS 6",https://track.denavita.com.br/0ksqdzlnmv/,Vídeo,not_delivering,16799,20228,1.20411929,"Compras no site",4,78.27517076,313.10068306,2026-02-04,Contínuo,15.47857836,131,2.39008155,0.64761716,2026-01-01,2026-05-25
"[PUBLICO ENG.] [DR]","[C] [TONS] [PB DR]","AD6 — Cópia",https://denavita.com.br/pages/tons-clareador-de-pele,Imagem,inactive,15581,20265,1.30062255,"Compras no site",2,155.06,310.12,2025-06-20,Contínuo,15.30323217,220,1.40963636,1.08561559,2026-01-01,2026-05-25
"Influ Mi Ruback - Vm","[C] [LM - TESTE] [ABO]",AD3,https://www.denavita.com.br/pages/vinagre-maca-gomas,Vídeo,archived,4500,5116,1.13688889,"Compras no site",3,103.10973923,309.32921768,2026-01-22,Contínuo,60.46309962,80,3.86661522,1.56372166,2026-01-01,2026-05-25
"[BM JADE]","[C] [LM - TESTE] [ABO]","AD - JADE TOFU 19-05 BM JADE + DENA — Cópia — Cópia",https://www.denavita.com.br/pages/laranja-moro?utm_source=Influenciador&utm_campaign=Jade+Seba+-+Performance&utm_content=Laranja+Moro,Vídeo,inactive,25403,36331,1.43018541,,,,309.14,2026-04-17,Contínuo,8.50898682,341,0.90656891,0.93859239,2026-01-01,2026-05-25
"Influ Rachel - Kit","[C] [LM - TESTE] [ABO]",AD3,https://www.denavita.com.br/products/kit-vida-fit,Vídeo,not_delivering,6107,7955,1.30260357,"Compras no site",2,152.81,305.62,2026-03-12,Contínuo,38.41860465,124,2.46467742,1.55876807,2026-01-01,2026-05-25
"[PUBLICO ENG.] [DR]","[C] [TONS] [PB DR]",tons_dr-ursinho-melasma3-13-10-2025,https://www.denavita.com.br/pages/tons-clareador-de-pele,Vídeo,inactive,8104,9236,1.13968411,"Compras no site",3,100.57685818,301.73057453,2025-06-20,Contínuo,32.66896649,125,2.4138446,1.35339974,2026-01-01,2026-05-25
"[AQUISIÇÃO]  [ADV. +]","[C] [LM - PRINCIPAL][EX. BASE] [ADV. +] [CBO]","ADS - LARISSA MES CLIENTE",https://www.denavita.com.br/pages/laranja-moro?utm_source=Influenciador&utm_campaign=Larissa+Lemos+-+Performance&utm_content=laranja+moro,Vídeo,active,6993,9713,1.38896039,"Compras no site",4,74.02458912,296.09835648,2026-01-23,Contínuo,30.48474791,121,2.44709386,1.24575311,2026-01-01,2026-05-25
"[BM JADE]","[C] [LM - TESTE] [ABO]","AD - JADE TOFU",https://www.denavita.com.br/pages/lm1?utm_source=Influenciador&utm_campaign=Jade+Seba+-+Performance&utm_content=Laranja+Moro,Vídeo,inactive,17657,26615,1.5073342,"Compras no site",3,98.38406271,295.15218812,2026-04-17,Contínuo,11.08969334,571,0.51690401,2.14540673,2026-01-01,2026-05-25
"[TOFU][PERFIL NOVO]  TESTE","[C] [LM - PRINCIPAL] - [PLANO B] 2 TESTE",AD2,https://lm1.denavita.com.br/,Vídeo,not_delivering,22565,29523,1.30835365,"Compras no site",8,36.79480717,294.35845734,2026-03-16,Contínuo,9.9704792,198,1.48665888,0.67066355,2026-01-01,2026-05-25
"Influ Duda - Lm","[C] [LM - TESTE] [ABO]","ADS 1 - Duda",https://lm1.denavita.com.br/,Vídeo,archived,11139,26495,2.37857976,"Compras no site",4,72.8175,291.27,2026-02-09,Contínuo,10.99339498,142,2.05119718,0.53595018,2026-01-01,2026-05-25
"[CAMPANHA AQUISIÇÃO]","[C] [JEJOOM] [CBO]","AD - SABRINA",http://denavita.com.br/pages/jejoom-denavita,Vídeo,inactive,8799,16668,1.89430617,"Compras no site",7,41.58714286,291.11,2025-10-13,Contínuo,17.46520278,278,1.04715827,1.66786657,2026-01-01,2026-05-25
"[TOFU] [TIK + ORG ] [ABERTO]","[C] [LM - TESTE] [ABO]","AD1 — Cópia",http://www.denavita.com.br/pages/laranja-moro,Imagem,inactive,11520,13482,1.1703125,"Compras no site",1,289.09,289.09,2026-02-11,Contínuo,21.44266429,79,3.65936709,0.58596647,2026-01-01,2026-05-25
"teste publico novo - bid","[C] [LM - TESTE] [ABO]","ADS 4",https://www.denavita.com.br/pages/lm1?utm_source=Influenciador&utm_campaign=Luciana+Hildebrand-+Performance&utm_content=Laranja+Moro&_pos=1&_sid=a3128af8f&_ss=r,Vídeo,not_delivering,5848,7241,1.23820109,"Compras no site",5,57.51512407,287.57562037,2026-02-19,Contínuo,39.71490407,172,1.67195128,2.37536252,2026-01-01,2026-05-25
"Conj - Vm","[C] [LM - TESTE] [ABO]","AD - ORG",https://www.denavita.com.br/pages/vinagre-maca-gomas?utm_source=Influenciador&utm_campaign=Meta+performance&utm_content=meta+performance,Imagem,inactive,6005,10664,1.77585346,"Compras no site",1,287.11,287.11,2026-01-30,Contínuo,26.92329332,78,3.68089744,0.73143286,2026-01-01,2026-05-25
"[RMKT LARANJA MORO-REATIVAÇÃO BASE QUENTE]","[C] [LM - RMKT] [ADV. ABO]","ADS - MES CONSUMIDOR — Cópia",https://lm1.denavita.com.br/,Imagem,not_delivering,5792,7757,1.33926105,"Compras no site",2,143.395,286.79,2025-10-13,Contínuo,36.97176744,65,4.41215385,0.83795282,2026-01-01,2026-05-25
"[EXCLUSÃO BASE] [ADV. +]","[C] [LM - PRINCIPAL][EX. BASE] [ADV. +] [CBO]","AD - JADE TOFU — Cópia",https://www.denavita.com.br/pages/lm1?utm_source=Influenciador&utm_campaign=Jade+Seba+-+Performance&utm_content=Laranja+Moro,Vídeo,inactive,12658,17614,1.39153105,"Compras no site",3,95.49333333,286.48,2026-03-17,Contínuo,16.26433519,131,2.18687023,0.74372658,2026-01-01,2026-05-25
"LP 2 - TONS","[C] [LM - PRINCIPAL][EX. BASE] [ADV. +] [CBO]","AD1 — Cópia",https://tons1.denavita.com.br/,Imagem,archived,10887,13575,1.24689997,"Compras no site",2,142.115,284.23,2026-02-06,Contínuo,20.93775322,124,2.29217742,0.91344383,2026-01-01,2026-05-25
"Influ Sabrina - LM TESTE TRAVA DE CPA","[C] [LM - TESTE] [ABO]","Criativo Versão 2 - Sabrina 29/12",https://track.denavita.com.br/0ksqdzlnmv/,Vídeo,archived,11961,16496,1.3791489,"Compras no site",1,282.84147507,282.84147507,2025-10-22,Contínuo,17.1460642,189,1.49651574,1.1457323,2026-01-01,2026-05-25
"[EXCLUSÃO BASE] [ADV. +]","[C] [LM - PRINCIPAL][EX. BASE] [ADV. +] [CBO]","ADS - ART 2",http://lm1.denavita.com.br/,Imagem,inactive,16427,25656,1.56181896,"Compras no site",2,141.105,282.21,2026-03-17,Contínuo,10.99976614,126,2.2397619,0.49111319,2026-01-01,2026-05-25
"[PUBLICO ABERTO]","[C] [TESTE LP]","ADS - RAIZA 3 — Cópia",https://www.denavita.com.br/pages/lm1,Vídeo,archived,20106,20764,1.03272655,,,,280.15,2026-02-24,Contínuo,13.49210171,132,2.12234848,0.63571566,2026-01-01,2026-05-25
"[VINAGRE] [RMKT]","[C] [VARIOS PRODUTO] [ABO] [BID]","AD - MOFU MARCELA 17-05",https://www.denavita.com.br/pages/vinagre-maca-gomas?utm_source=Influenciador&utm_campaign=Marcela+Venancio&utm_content=Vinagre+de+Maça,Vídeo,inactive,11461,16022,1.39795829,"Compras no site",1,279.98,279.98,2026-01-20,Contínuo,17.47472226,210,1.3332381,1.31069779,2026-01-01,2026-05-25
"[TOFU] [TIK TOK] [EXCLUSAÕ BASE] [BID 60] - TESTE ATÉ 20-05","[C] [LM - TESTE] [ABO]","AD - MOFU ate 14-05",https://www.denavita.com.br/pages/laranja-moro?utm_source=Influenciador&utm_campaign=Luciana+Moraes+-+performance&utm_content=laranja+moro,Vídeo,not_delivering,15787,18889,1.19649078,"Compras no site",6,46.11833333,276.71,2026-03-12,Contínuo,14.64926677,162,1.70808642,0.85764201,2026-01-01,2026-05-25
"[RMKT LARANJA MORO-REATIVAÇÃO BASE QUENTE]","[C] [LM - RMKT] [ADV. ABO]","AD - NIVER 6",https://www.denavita.com.br/products/laranja-moro-cafe-verde-e-cromo-30-caps?utm_source=Influenciador&utm_campaign=Evelyn+Regly+-+performance&utm_content=Laranja+Moro&_pos=1&_sid=464449d27&_ss=r,Vídeo,not_delivering,3900,5230,1.34102564,"Compras no site",5,55.178,275.89,2025-10-13,Contínuo,52.75143403,81,3.40604938,1.54875717,2026-01-01,2026-05-25
"[PUBLICO ENG.] [DR]","[C] [TONS] [PB ABERTO] [TESTE BID CAP]","ADS - MOFU",https://track.denavita.com.br/mzhmp7q7ud/,Vídeo,inactive,17204,23082,1.34166473,,,,272.74788829,2026-03-16,Contínuo,11.81647553,270,1.01017736,1.16974266,2026-01-01,2026-05-25
"Influ Raiza","[C] [LM - TESTE] [ABO]","ADS 2",http://denavita.com.br/pages/laranja-moro,Vídeo,archived,9572,13939,1.45622649,"Compras no site",4,67.855,271.42,2025-10-22,Contínuo,19.47198508,110,2.46745455,0.78915274,2026-01-01,2026-05-25
"[ANA ELISA]","[C] [LM - PRINCIPAL] - [PLANO B] 2 TESTE",ADS2,https://www.denavita.com.br/pages/laranja-moro,Vídeo,inactive,6767,8496,1.25550465,"Compras no site",3,90.33521977,271.00565931,2026-03-17,Contínuo,31.89802958,127,2.13390283,1.49482109,2026-01-01,2026-05-25
"[PUBLICO ABERTO]","[C] [TONS] [PB ABERTO] [TESTE BID CAP]","AD - BOFU",https://track.denavita.com.br/mzhmp7q7ud/,Imagem,inactive,17720,30421,1.71676072,"Compras no site",2,134.91238547,269.82477094,2026-03-16,Contínuo,8.86968775,185,1.45851228,0.60813254,2026-01-01,2026-05-25
"Influ Ana Elisa 2","[C] [LM - TESTE] [ABO]","AD1 - 07/12",http://denavita.com.br/pages/laranja-moro,Vídeo,archived,5350,8835,1.65140187,"Compras no site",5,53.7,268.5,2026-01-07,Contínuo,30.39049236,84,3.19642857,0.95076401,2026-01-01,2026-05-25
"Influ Leka - LM TESTE TRAVA DE CPA","[C] [LM - TESTE] [ABO]","ADS 1",http://denavita.com.br/pages/laranja-moro,Vídeo,archived,11049,13900,1.2580324,"Compras no site",6,44.65060153,267.90360918,2026-01-14,Contínuo,19.27364095,163,1.64358042,1.17266187,2026-01-01,2026-05-25
rmkt_tons_estáticos_visitantes-engajado-compradores_max-conv_cpa35_02-09-2025_7,"[C] [TONS] [PB DR]",tons2_rmkt_01-09-2025,https://www.denavita.com.br/pages/tons-clareador-de-pele,Imagem,not_delivering,8600,11215,1.30406977,"Compras no site",5,53.27318012,266.36590061,2025-09-02,Contínuo,23.75086051,137,1.94427665,1.22157824,2026-01-01,2026-05-25
"Influ Isa Nogueira - LM TESTE TRAVA DE CPA","[C] [LM - TESTE] [ABO]","Criativo 2 - Edição Curta",http://denavita.com.br/pages/laranja-moro,Vídeo,archived,8147,10738,1.31803118,"Compras no site",3,88.61,265.83,2025-10-07,Contínuo,24.75600671,140,1.89878571,1.30378096,2026-01-01,2026-05-25
"Influ Morgana - Jejoom","[C] [LM - TESTE] [ABO]",ADS7,https://jejoom.denavita.com.br/,Vídeo,inactive,5506,7077,1.2853251,"Compras no site",1,264.31,264.31,2026-03-02,Contínuo,37.34774622,103,2.5661165,1.45541896,2026-01-01,2026-05-25
"[TESTE PB FECHADO]","[C] [LM - TESTE] [ABO]","AD -  EVELYN",https://lm1.denavita.com.br/?utm_source=Influenciador&utm_campaign=Evelyn+Regly+-+performance&utm_content=Laranja+Moro&_pos=1&_sid=464449d27&_ss=r,Vídeo,active,12991,13932,1.07243476,"Compras no site",2,132.02488629,264.04977257,2026-05-22,Contínuo,18.95275428,151,1.74867399,1.08383577,2026-01-01,2026-05-25
"Influ Lari - Jejoom","[C] [LM - TESTE] [ABO]","ADS - LARI 3",https://jejoom1.denavita.com.br/,Vídeo,not_delivering,5547,7109,1.28159365,"Compras no site",1,259.88,259.88,2026-02-12,Contínuo,36.5564777,57,4.55929825,0.80180053,2026-01-01,2026-05-25
"[PUBLICO ENG.] [DR]","[C] [TONS] [PB ABERTO] [TESTE BID CAP]","AD - TOFU 1",https://denavita.com.br/pages/tons-clareador-de-pele,Vídeo,not_delivering,5484,7289,1.32913931,"Compras no site",8,32.31766191,258.54129527,2026-03-16,Contínuo,35.47006383,227,1.13894844,3.11428179,2026-01-01,2026-05-25
"[TOFU] [TIK TOK] [EXCLUSAÕ BASE] [BID 60] - TESTE ATÉ 20-05","[C] [LM - TESTE] [ABO]","AD - MOFU teste ate 08-05",https://www.denavita.com.br/pages/laranja-moro?utm_source=Influenciador&utm_campaign=Luciana+Moraes+-+performance&utm_content=laranja+moro,Vídeo,not_delivering,14366,19108,1.33008492,"Compras no site",6,43.06333333,258.38,2026-03-12,Contínuo,13.52208499,167,1.54718563,0.87397949,2026-01-01,2026-05-25
adv-aqui-rmtk_coezima-q10_engajado-existente_5-existentes_max-conv_26-05-2025,"[C] [COQ.10][PRINCIPAL]","ADS - KAMILI 29/12",http://denavita.com.br/pages/coenzimaq10,Vídeo,inactive,12119,27764,2.2909481,"Compras no site",2,128.59,257.18,2025-01-20,Contínuo,9.26307448,773,0.33270375,2.78418095,2026-01-01,2026-05-25
ABER.,"[C] [TONS] [PB ABERTO] [TESTE BID CAP]","ADS - MEIO 13-02-2026 | Pausado ROAS baixo",https://denavita.com.br/pages/tons-clareador-de-pele,Vídeo,archived,8302,8302,1,"Compras no site",1,257.05,257.05,2026-03-16,Contínuo,30.96241869,252,1.02003968,3.03541315,2026-01-01,2026-05-25
adv-aqui-rmkt_laranja-moro_engajado-existente_5-existente_max-conv_26-05-2025,"[C][LM - PRINCIPAL] [ADV. EXCLUSÃO DE CLIENTES]",Criativo-Campeão-5-estatico-fundo,http://denavita.com.br/pages/laranja-moro,Imagem,inactive,9678,13634,1.40876214,"Compras no site",3,85.06,255.18,2024-09-17,Contínuo,18.71644418,76,3.35763158,0.55742995,2026-01-01,2026-05-25
"Influ Sabrina - Tons","[C] [LM - TESTE] [ABO]","ADS 3- SABRINA",https://denavita.com.br/pages/tons-clareador-de-pele,Vídeo,not_delivering,5341,7089,1.32727954,"Compras no site",4,63.625,254.5,2026-02-09,Contínuo,35.90069121,71,3.58450704,1.0015517,2026-01-01,2026-05-25
"Influ Evelyn BM -VM","[C] [LM - TESTE] [ABO]","ADS 1",https://www.denavita.com.br/pages/vinagre-maca-gomas,Vídeo,inactive,11932,17916,1.50150855,"Compras no site",1,253.46,253.46,2026-02-04,Contínuo,14.14713106,209,1.21272727,1.16655503,2026-01-01,2026-05-25
"[RMKT LARANJA MORO-REATIVAÇÃO BASE QUENTE]","[C] [LM - RMKT] [ADV. ABO]","AD - RMKT — Cópia",https://www.denavita.com.br/products/laranja-moro-cafe-verde-e-cromo-30-caps?utm_source=Influenciador&utm_campaign=Meta+performance&utm_content=meta+performance,Imagem,inactive,6916,8857,1.28065356,"Compras no site",5,50.576761,252.883805,2025-10-13,Contínuo,28.55185785,72,3.51227507,0.81291634,2026-01-01,2026-05-25
"teste aquisição ate dia 15  - Lm","[C] [LM - TESTE] [ABO]","AD - MOFU",https://www.denavita.com.br/pages/lm1?utm_source=Influenciador&utm_campaign=Luciana+Moraes+-+performance&utm_content=laranja+moro,Vídeo,inactive,12648,18904,1.49462366,"Compras no site",4,63.12210078,252.48840312,2026-02-04,Contínuo,13.35634803,236,1.06986611,1.24841303,2026-01-01,2026-05-25
"[VINAGRE] [RMKT]","[C] [VARIOS PRODUTO] [ABO] [BID]","ADS 3 - NOVO VM — Cópia",https://www.denavita.com.br/pages/vinagre-maca-gomas,Vídeo,inactive,11224,17995,1.60326087,"Compras no site",3,83.82333333,251.47,2026-01-20,Contínuo,13.97443734,165,1.52406061,0.91692137,2026-01-01,2026-05-25
"[PUBLICO ENG.] [DR]","[C] [TONS] [PB ABERTO] [TESTE BID CAP]","AD - TOFU 2",https://denavita.com.br/pages/tons-clareador-de-pele,Vídeo,not_delivering,8671,12568,1.44942913,"Compras no site",5,50.03609353,250.18046766,2026-03-16,Contínuo,19.90614797,252,0.99277963,2.0050923,2026-01-01,2026-05-25
"Adeli - Lm e Vm","[C] [LM - TESTE] [ABO]",AD3,https://www.denavita.com.br/products/kit-vida-fit,Vídeo,not_delivering,4694,5968,1.27141031,"Compras no site",2,124.77,249.54,2026-03-12,Contínuo,41.81300268,60,4.159,1.00536193,2026-01-01,2026-05-25
"[VINAGRE] [RMKT]","[C] [VARIOS PRODUTO] [ABO] [BID]","ADS 2 - MOFU",https://www.denavita.com.br/pages/vinagre-maca-gomas?utm_source=Influenciador&utm_campaign=Evelyn+Regly+-+performance&utm_content=Laranja+Moro&_pos=1&_sid=464449d27&_ss=r,Vídeo,inactive,2720,3407,1.25257353,"Compras no site",4,62.3075,249.23,2026-01-20,Contínuo,73.15233343,164,1.51969512,4.81361902,2026-01-01,2026-05-25
"Influ Sabrina - Vm [Teste até 13-03]","[C] [LM - TESTE] [ABO]",ADS4,https://www.denavita.com.br/pages/vinagre-maca-gomas,Vídeo,archived,4890,5702,1.16605317,"Compras no site",3,82.92381349,248.77144047,2026-02-05,Contínuo,43.62880401,91,2.73375209,1.59593125,2026-01-01,2026-05-25
"Nutri - Tons [Teste até 13-03]","[C] [LM - TESTE] [ABO]",AD2,https://denavita.com.br/pages/tons-clareador-de-pele,Vídeo,inactive,4319,5858,1.35633248,"Compras no site",2,124.19,248.38,2026-03-09,Contínuo,42.40013657,114,2.17877193,1.94605667,2026-01-01,2026-05-25
"[PUBLICO ABERTO]","[C] [TONS] [PB ABERTO] [TESTE BID CAP]","AD - BOFU",https://denavita.com.br/pages/tons-clareador-de-pele,Imagem,inactive,19035,31828,1.67207775,"Compras no site",6,41.03087151,246.18522906,2026-03-16,Contínuo,7.7348633,124,1.98536475,0.38959407,2026-01-01,2026-05-25
"[EXCLUSÃO BASE] [ADV. +]","[C] [LM - PRINCIPAL][EX. BASE] [ADV. +] [CBO]","AD - BOFU 1",https://www.denavita.com.br/products/laranja-moro-cafe-verde-e-cromo-30-caps?utm_source=Influenciador&utm_campaign=Meta+performance&utm_content=meta+performance,Imagem,inactive,17423,23297,1.33714056,"Compras no site",3,80.20814204,240.62442612,2026-03-17,Contínuo,10.32855845,91,2.64422446,0.39060823,2026-01-01,2026-05-25
"LP NOVA","[C] [TONS] [PB DR]",tons_dr-ursinho_video-reels_10-07-2025_esse-foi-produto-que-a-mamae,https://tons1.denavita.com.br/,Vídeo,inactive,6435,7531,1.17031857,"Compras no site",1,240.26,240.26,2026-02-09,Contínuo,31.90280175,174,1.3808046,2.31045014,2026-01-01,2026-05-25
"[TESTE PB FECHADO JADE]","[C] [LM - TESTE] [ABO]","AD - JADE MOFU 3 — Cópia",https://www.denavita.com.br/pages/laranja-moro?utm_source=Influenciador&utm_campaign=Jade+Seba+-+Performance&utm_content=Laranja+Moro,Vídeo,active,9886,13836,1.39955493,"Compras no site",2,119.95180988,239.90361976,2026-05-23,Contínuo,17.33908787,124,1.93470661,0.89621278,2026-01-01,2026-05-25
"Influ Vitoria - Vm","[C] [LM - TESTE] [ABO]",AD2,https://www.denavita.com.br/pages/vinagre-maca-gomas,Vídeo,not_delivering,5754,7184,1.24852277,"Compras no site",2,119.35,238.7,2026-03-12,Contínuo,33.2266147,98,2.43571429,1.36414254,2026-01-01,2026-05-25
"LP NOVA","[C] [TONS] [PB DR]","AD1 — Cópia — Cópia",https://denavita.com.br/pages/tons-clareador-de-pele,Imagem,inactive,9308,12699,1.36431027,"Compras no site",1,237.87,237.87,2026-02-09,Contínuo,18.73139617,90,2.643,0.70871722,2026-01-01,2026-05-25
"[COENZIMA] [RMKT]","[C] [VARIOS PRODUTO] [ABO] [BID]",ADS,https://www.denavita.com.br/products/coenzima-q10-omega-3-e-selenio-30-caps?_pos=1&_sid=bd2b08944&_ss=r,Imagem,inactive,7120,9723,1.36558989,"Compras no site",1,237.54699704,237.54699704,2026-05-10,Contínuo,24.43145089,86,2.76217438,0.88450067,2026-01-01,2026-05-25
"[HIBRIDO] [ESTATICO ORG.] [BID 60]","[C] [LM - TESTE] [ABO]","AD - BOFU 2 — Cópia",https://www.denavita.com.br/products/laranja-moro-cafe-verde-e-cromo-30-caps?utm_source=Influenciador&utm_campaign=Meta+performance&utm_content=meta+performance,Imagem,inactive,24875,31495,1.26613065,"Compras no site",5,45.22,226.1,2026-03-20,Contínuo,7.17891729,99,2.28383838,0.31433561,2026-01-01,2026-05-25
"[Publico Quente] [TESTE]","[C] [DIGESTINO] [PRINCIPAL]","Teste - ADS - LIS",https://www.denavita.com.br/pages/digestino,Vídeo,inactive,3636,5026,1.38228823,,,,225.81,2025-12-24,Contínuo,44.92837246,148,1.52574324,2.94468762,2026-01-01,2026-05-25
"[TOFU] [TIK + ORG ] [ABERTO]","[C] [LM - TESTE] [ABO]","AD4 — Cópia",http://www.denavita.com.br/pages/laranja-moro,Imagem,inactive,11504,13599,1.18211057,"Compras no site",1,224.74,224.74,2026-02-11,Contínuo,16.52621516,72,3.12138889,0.52945069,2026-01-01,2026-05-25
"Influ Lari - Jejoom","[C] [LM - TESTE] [ABO]",AD1,http://www.denavita.com.br/pages/jejoom-denavita,Vídeo,not_delivering,5191,6963,1.34136005,"Compras no site",3,74.02666667,222.08,2026-02-12,Contínuo,31.89429843,115,1.93113043,1.65158696,2026-01-01,2026-05-25
"Evelyn Regly BM - LM","[C] [LM - TESTE] [ABO]","ADS 1",http://lm1.denavita.com.br/,Vídeo,inactive,14738,19013,1.29006649,"Compras no site",2,109.91,219.82,2026-02-04,Contínuo,11.56156314,115,1.91147826,0.60484931,2026-01-01,2026-05-25
"LP 1 - TOPO TONS","[C] [LM - PRINCIPAL][EX. BASE] [ADV. +] [CBO]","AD1 — Cópia",https://tons1.denavita.com.br/,Imagem,archived,7960,10466,1.31482412,"Compras no site",3,73.24333333,219.73,2026-02-06,Contínuo,20.99464934,91,2.41461538,0.86948213,2026-01-01,2026-05-25
"[PUBLICO ENG.] [DR]","[C] [TONS] [PB ABERTO] [TESTE BID CAP]","ADS - MEIO 13-02-2026 | Pausado ROAS baixo",https://denavita.com.br/pages/tons-clareador-de-pele,Vídeo,archived,6597,6690,1.01409732,"Compras no site",2,109.675,219.35,2026-03-16,Contínuo,32.7877429,225,0.97488889,3.3632287,2026-01-01,2026-05-25
"[PUBLICO ENG.] [DR]","[C] [TONS] - TESTE MAX. VALOR ATÉ 11-03","ADS 3 - 18-02",https://denavita.com.br/pages/tons-clareador-de-pele,Imagem,not_delivering,4580,7724,1.68646288,"Compras no site",5,43.82,219.1,2026-03-04,Contínuo,28.36613154,84,2.60833333,1.08751942,2026-01-01,2026-05-25
"Influ Ingrid - Lm","[C] [LM - TESTE] [ABO]","ADS 2 - INGRID VM",https://www.denavita.com.br/pages/vinagre-maca-gomas,Vídeo,inactive,11763,18687,1.58862535,"Compras no site",2,107.7,215.4,2026-02-25,Contínuo,11.52672981,442,0.48733032,2.36528068,2026-01-01,2026-05-25
"[PUBLICO ENG.] [DR]","[C] [TONS] [PB DR]","AD4 — Cópia",https://denavita.com.br/pages/tons-clareador-de-pele,Imagem,inactive,6715,9660,1.43857036,"Compras no site",2,107.485,214.97,2025-06-20,Contínuo,22.25362319,84,2.55916667,0.86956522,2026-01-01,2026-05-25
"Evelyn Regly BM - LM","[C] [LM - TESTE] [ABO]","ADS 3",http://lm1.denavita.com.br/,Vídeo,inactive,11669,18571,1.5914817,"Compras no site",4,53.4075,213.63,2026-02-04,Contínuo,11.50341931,171,1.24929825,0.92079048,2026-01-01,2026-05-25
"LP 1 - TOPO TONS","[C] [LM - PRINCIPAL][EX. BASE] [ADV. +] [CBO]","tons_dr-ursinho_video-reels_10-07-2025_esse-foi-produto-que-a-mamae — Cópia",https://tons.denavita.com.br/,Vídeo,archived,7347,7937,1.08030489,"Compras no site",1,212.32,212.32,2026-02-06,Contínuo,26.75066146,81,2.62123457,1.02053673,2026-01-01,2026-05-25
[MOFU],"[C] [LM - PRINCIPAL] - [PLANO B] 2 TESTE",AD1,https://track.denavita.com.br/0ksqdzlnmv/,Vídeo,not_delivering,11419,14190,1.24266573,"Compras no site",1,212.12203979,212.12203979,2026-03-31,Contínuo,14.94869907,164,1.29342707,1.15574348,2026-01-01,2026-05-25
EVELIN,"[C] [LM - TESTE] [ABO]","AD - RMK EVELYN",https://www.denavita.com.br/pages/lm1?utm_source=Influenciador&utm_campaign=Evelyn+Regly+-+performance&utm_content=Laranja+Moro&_pos=1&_sid=464449d27&_ss=r,Imagem,active,7292,9301,1.27550741,"Compras no site",4,52.6443262,210.57730481,2026-05-18,Contínuo,22.64028651,81,2.59971981,0.8708741,2026-01-01,2026-05-25
"[AQUISIÇÃO]  [ADV. +]","[C] [LM - PRINCIPAL][EX. BASE] [ADV. +] [CBO]","AD3 - DANI",https://lm1.denavita.com.br/,Imagem,inactive,11520,16723,1.45164931,"Compras no site",3,69.92,209.76,2026-01-23,Contínuo,12.54320397,101,2.07683168,0.60395862,2026-01-01,2026-05-25
"[RMKT LARANJA MORO-REATIVAÇÃO BASE QUENTE]","[C] [LM - RMKT] [ADV. ABO]","AD - MOFU ISA NOGUEIRA  REFAÇÃO 17-05",https://www.denavita.com.br/pages/laranja-moro?utm_source=Influenciador&utm_campaign=Isa+Nogueira+-+performance&utm_content=laranja+moro,Vídeo,inactive,4900,5543,1.13122449,"Compras no site",3,69.75333333,209.26,2025-10-13,Contínuo,37.75211979,127,1.64771654,2.29117806,2026-01-01,2026-05-25
"Evelyn Regly BM - LM","[C] [LM - TESTE] [ABO]","ADS 3 - NOVO VM — Cópia",https://track.denavita.com.br/5myasrs6l8/,Vídeo,not_delivering,10701,13201,1.23362303,"Compras no site",5,41.50315615,207.51578074,2026-02-04,Contínuo,15.71970159,83,2.50019013,0.62874025,2026-01-01,2026-05-25
"[RMKT LARANJA MORO-REATIVAÇÃO BASE QUENTE]","[C] [LM - RMKT] [ADV. ABO]","AD -  TOFU",https://www.denavita.com.br/products/laranja-moro-cafe-verde-e-cromo-30-caps?utm_source=Influenciador&utm_campaign=Dani+Winits+-+performance&utm_content=laranja+moro,Imagem,inactive,9394,13349,1.42101341,"Compras no site",5,41.16777424,205.8388712,2025-10-13,Contínuo,15.41979708,101,2.03800863,0.75661098,2026-01-01,2026-05-25
"[RMKT LARANJA MORO-REATIVAÇÃO BASE QUENTE]","[C] [LM - RMKT] [ADV. ABO]","AD - MOFU LARISSA LEMOS  REFAÇÃO 17-05",https://www.denavita.com.br/pages/laranja-moro?utm_source=Influenciador&utm_campaign=Larissa+Lemos+-+Performance&utm_content=laranja+moro,Vídeo,inactive,4594,5270,1.14714845,"Compras no site",1,203.64488462,203.64488462,2025-10-13,Contínuo,38.6422931,61,3.33844073,1.15749526,2026-01-01,2026-05-25
"[TOFU] [TIK]","[C] [LM - TESTE] [ABO]","AD - 5 — Cópia",https://www.denavita.com.br/pages/laranja-moro?utm_source=Influenciador&utm_campaign=Luciana+Moraes+-+performance&utm_content=laranja+moro,Vídeo,active,9545,11610,1.21634364,"Compras no site",2,101.8049721,203.60994419,2026-05-23,Contínuo,17.53746289,387,0.52612389,3.33333333,2026-01-01,2026-05-25
"[ADV ABER.]","[C] [LM - PRINCIPAL] - [PLANO B] 2 TESTE","AD2 — Cópia",http://www.denavita.com.br/pages/laranja-moro,Imagem,inactive,14865,20345,1.36865119,"Compras no site",2,100.965,201.93,2026-02-25,Contínuo,9.92528877,86,2.34802326,0.42270828,2026-01-01,2026-05-25
"Influ Sabrina - Tons","[C] [LM - TESTE] [ABO]","ADS 2- SABRINA",https://denavita.com.br/pages/tons-clareador-de-pele,Vídeo,inactive,4364,5693,1.30453712,"Compras no site",1,199.22,199.22,2026-02-09,Contínuo,34.9938521,72,2.76694444,1.26471105,2026-01-01,2026-05-25
"Conj - Melato","[C] [LM - TESTE] [ABO]","ad - 2",https://www.denavita.com.br/products/melatonina-e-triptofano-2x1-30-caps,Vídeo,not_delivering,6063,9096,1.5002474,"Compras no site",2,99.115,198.23,2026-04-09,Contínuo,21.79309587,44,4.50522727,0.48372911,2026-01-01,2026-05-25
"[AQUISIÇÃO]  [ADV. +]","[C] [LM - PRINCIPAL][EX. BASE] [ADV. +] [CBO]","ADS - MES CONSUMIDOR 2",https://lm1.denavita.com.br/,Imagem,inactive,6306,7573,1.20091976,"Compras no site",1,197.64,197.64,2026-01-23,Contínuo,26.09797966,41,4.8204878,0.54139707,2026-01-01,2026-05-25
"Conj. - Q10","[C] [LM - TESTE] [ABO]","ADS2- Q10",http://www.denavita.com.br/pages/coenzimaq10,Imagem,not_delivering,10178,14967,1.47052466,"Compras no site",3,65.44,196.32,2026-02-20,Contínuo,13.11685709,114,1.72210526,0.76167569,2026-01-01,2026-05-25
"Influ Maritza 0","[C] [LM - TESTE] [ABO]","ADS 1 - MARITZA — Cópia",https://www.denavita.com.br/pages/vinagre-maca-gomas,Vídeo,archived,12367,17598,1.42298051,"Compras no site",2,98.03,196.06,2025-11-10,Contínuo,11.14103875,273,0.7181685,1.55131265,2026-01-01,2026-05-25
"Evelyn Regly - LM","[C] [LM - TESTE] [ABO]","ADS 4",http://denavita.com.br/pages/laranja-moro,Vídeo,not_delivering,4264,5971,1.40032833,"Compras no site",2,97.835,195.67,2026-02-01,Contínuo,32.77005527,55,3.55763636,0.92111874,2026-01-01,2026-05-25
"[AQUISIÇÃO]  [ADV. +]","[C] [LM - PRINCIPAL][EX. BASE] [ADV. +] [CBO]","ADS - RAIZA 4",https://www.denavita.com.br/pages/lm1,Vídeo,inactive,6632,8428,1.2708082,"Compras no site",3,65.15,195.45,2026-01-23,Contínuo,23.19055529,59,3.31271186,0.70004746,2026-01-01,2026-05-25
rmkt_tons_estáticos_visitantes-engajado-compradores_max-conv_cpa35_02-09-2025_7,"[C] [TONS] [PB DR]",tons4_rmkt_20-10-2025,https://www.denavita.com.br/pages/tons-clareador-de-pele,Imagem,not_delivering,4431,5449,1.22974498,"Compras no site",4,47.36023678,189.44094712,2025-09-02,Contínuo,34.76618593,52,3.64309514,0.95430354,2026-01-01,2026-05-25
"[ADV ABER.]","[C] [LM - PRINCIPAL] - [PLANO B] 2 TESTE","AD - TOPO",https://www.denavita.com.br/pages/laranja-moro?utm_source=Influenciador&utm_campaign=Raiza+Marinari&utm_content=Laranja+Moro,Vídeo,inactive,14319,20784,1.45149801,"Compras no site",1,188.55,188.55,2026-02-25,Contínuo,9.07188222,79,2.38670886,0.38010008,2026-01-01,2026-05-25
"[RMKT LARANJA MORO-REATIVAÇÃO BASE QUENTE]","[C] [LM - RMKT] [ADV. ABO]","AD - PAM MOFU",https://www.denavita.com.br/pages/lm1?utm_source=Influenciador&utm_campaign=Meta+performance&utm_content=meta+performance,Vídeo,not_delivering,3463,4187,1.20906728,"Compras no site",1,184.99,184.99,2025-10-13,Contínuo,44.18199188,32,5.7809375,0.76427036,2026-01-01,2026-05-25
"[PUBLICO ABERTO]","[C] [TONS] [PB ABERTO] [TESTE BID CAP]","ADS - MEIO 13-02-2026 | Pausado ROAS baixo",https://denavita.com.br/pages/tons-clareador-de-pele,Vídeo,archived,5085,5456,1.07295969,"Compras no site",1,184.99,184.99,2026-03-16,Contínuo,33.90579179,149,1.24154362,2.73093842,2026-01-01,2026-05-25
"Conj - Vm","[C] [LM - TESTE] [ABO]","AD - LIS — Cópia",https://www.denavita.com.br/pages/vinagre-maca-gomas,Vídeo,inactive,2531,3301,1.30422758,,,,184.81,2026-01-30,Contínuo,55.98606483,36,5.13361111,1.09057861,2026-01-01,2026-05-25
"[BOFU] [ADV+ ABERTO] [ESTATICO]","[C] [LM - TESTE] [ABO]",AD1,https://lm1.denavita.com.br/,Vídeo,inactive,12537,19605,1.56377124,"Compras no site",3,60.44333333,181.33,2026-02-25,Contínuo,9.24917113,151,1.20086093,0.77021168,2026-01-01,2026-05-25
"[PUBLICO ENG.] [DR]","[C] [TONS] [PB DR]","tons2_rmkt_01-09-2025 — Cópia",https://www.denavita.com.br/pages/tons-clareador-de-pele,Imagem,archived,5126,5952,1.16113929,"Compras no site",2,88.605,177.21,2025-06-20,Contínuo,29.77318548,61,2.90508197,1.02486559,2026-01-01,2026-05-25
"Influ Sabrina - Vm [Teste até 13-03]","[C] [LM - TESTE] [ABO]",ADS3,https://www.denavita.com.br/pages/vinagre-maca-gomas,Vídeo,archived,3916,4413,1.12691522,,,,173.38,2026-02-05,Contínuo,39.2884659,91,1.90527473,2.06208928,2026-01-01,2026-05-25
"[DIGESTINO] [RMKT]","[C] [VARIOS PRODUTO] [ABO] [BID]","AD1 - 07/01 — Cópia",https://www.denavita.com.br/pages/digestino,Imagem,not_delivering,8426,11874,1.40920959,"Compras no site",4,42.96,171.84,2026-05-10,Contínuo,14.47195553,69,2.49043478,0.58110157,2026-01-01,2026-05-25
"[Publico Quente] [TESTE]","[C] [DIGESTINO] [PRINCIPAL]","ADS - LIS",https://www.denavita.com.br/pages/digestino,Vídeo,not_delivering,3253,4374,1.34460498,"Compras no site",1,170.55,170.55,2025-12-24,Contínuo,38.99176955,233,0.73197425,5.32693187,2026-01-01,2026-05-25
"Conj. - Tipo 2","[C] [LM - TESTE] [ABO]","AD - SUSANA",https://www.denavita.com.br/pages/col-geno-tipo-ii?utm_source=Influenciador&utm_campaign=Meta+performance&utm_content=meta+performance,Vídeo,not_delivering,12982,20197,1.55576953,"Compras no site",3,56.83333333,170.5,2026-02-27,Contínuo,8.4418478,200,0.8525,0.99024608,2026-01-01,2026-05-25
"[EXCLUSÃO BASE] [ADV. +]","[C] [LM - PRINCIPAL][EX. BASE] [ADV. +] [CBO]","AD - LEMOS MOFU",https://www.denavita.com.br/pages/laranja-moro?utm_source=Influenciador&utm_campaign=Larissa+Lemos+-+Performance&utm_content=laranja+moro,Vídeo,inactive,8141,10156,1.24751259,"Compras no site",1,168.68,168.68,2026-03-17,Contínuo,16.60890114,58,2.90827586,0.57109098,2026-01-01,2026-05-25
"Influ Sabrina - Vm [Teste até 13-03]","[C] [LM - TESTE] [ABO]","ADS 1",https://www.denavita.com.br/pages/vinagre-maca-gomas,Vídeo,archived,3901,4649,1.19174571,"Compras no site",2,84.205,168.41,2026-02-05,Contínuo,36.22499462,56,3.00732143,1.20456012,2026-01-01,2026-05-25
"[PUBLICO ENG.] [DR]","[C] [TONS] - TESTE MAX. VALOR ATÉ 11-03",tons_dr-ursinho-melasma4-13-10-2025,https://denavita.com.br/pages/tons-clareador-de-pele,Vídeo,not_delivering,2280,3226,1.41491228,"Compras no site",3,55.61666667,166.85,2026-03-04,Contínuo,51.72039678,227,0.73502203,7.03657781,2026-01-01,2026-05-25
"[BOFU] [ADV+ ABERTO] [ESTATICO]","[C] [LM - TESTE] [ABO]",AD1,https://track.denavita.com.br/0ksqdzlnmv/,Vídeo,inactive,13876,17494,1.26073796,"Compras no site",2,82.84882244,165.69764488,2026-02-25,Contínuo,9.47168428,66,2.51057038,0.37727221,2026-01-01,2026-05-25
"[TOFU] [TIK TOK] [EXCLUSAÕ BASE] [BID 60] - TESTE ATÉ 20-05","[C] [LM - TESTE] [ABO]","AD - tofu  teste ate 09-05 — Cópia",https://www.denavita.com.br/pages/laranja-moro?utm_source=Influenciador&utm_campaign=Luciana+Moraes+-+performance&utm_content=laranja+moro,Vídeo,inactive,10837,13335,1.2305066,"Compras no site",1,165.46,165.46,2026-03-12,Contínuo,12.40794901,84,1.9697619,0.62992126,2026-01-01,2026-05-25
"Influ Adeli - Lm","[C] [LM - TESTE] [ABO]",AD2,http://www.denavita.com.br/pages/laranja-moro,Vídeo,inactive,7868,10238,1.30122013,"Compras no site",1,162.32,162.32,2026-03-10,Contínuo,15.85465911,49,3.31265306,0.4786091,2026-01-01,2026-05-25
"Influ Marcela Jacaré - Vm","[C] [LM - TESTE] [ABO]",AD2,https://www.denavita.com.br/pages/vinagre-maca-gomas,Vídeo,archived,3411,3962,1.16153621,"Compras no site",1,161.82,161.82,2026-01-28,Contínuo,40.84300858,55,2.94218182,1.38818778,2026-01-01,2026-05-25
"LP 2 - TONS","[C] [LM - PRINCIPAL][EX. BASE] [ADV. +] [CBO]","tons_dr-ursinho_video-reels_10-07-2025_esse-foi-produto-que-a-mamae — Cópia",https://tons1.denavita.com.br/,Vídeo,archived,4392,4791,1.09084699,"Compras no site",2,80.88,161.76,2026-02-06,Contínuo,33.7633062,58,2.78896552,1.21060321,2026-01-01,2026-05-25
"Evelyn Regly BM - LM","[C] [LM - TESTE] [ABO]","Teste - ADS 2",http://lm1.denavita.com.br/,Vídeo,not_delivering,8134,11319,1.39156627,"Compras no site",3,52.74450867,158.23352602,2026-02-04,Contínuo,13.97946161,80,1.97791908,0.70677622,2026-01-01,2026-05-25
"Influ Sabrina - Vm [Teste até 13-03]","[C] [LM - TESTE] [ABO]",ADS4,https://www.denavita.com.br/pages/vinagre-maca-gomas,Vídeo,archived,1910,2236,1.17068063,"Compras no site",1,157.52,157.52,2026-02-05,Contínuo,70.44722719,40,3.938,1.78890877,2026-01-01,2026-05-25
[RMK],"[C] [JEJOOM] [CBO]","AD - RMKT PERFIL JEJOOM",http://denavita.com.br/pages/jejoom-denavita,Imagem,inactive,9161,14881,1.62438598,"Compras no site",2,78.28006026,156.56012052,2026-04-17,Contínuo,10.52080643,97,1.61402186,0.65183791,2026-01-01,2026-05-25
"[RMKT LARANJA MORO-REATIVAÇÃO BASE QUENTE]","[C] [LM - RMKT] [ADV. ABO]","AD - PAM MOFU 2",https://www.denavita.com.br/pages/lm1?utm_source=Influenciador&utm_campaign=Meta+performance&utm_content=meta+performance,Vídeo,not_delivering,3501,3994,1.14081691,"Compras no site",1,153.99,153.99,2025-10-13,Contínuo,38.555333,37,4.16189189,0.92638958,2026-01-01,2026-05-25
"[AQUISIÇÃO]  [ADV. +]","[C] [LM - PRINCIPAL][EX. BASE] [ADV. +] [CBO]","ADS - RAIZA 5",https://www.denavita.com.br/pages/lm1,Vídeo,inactive,4809,6215,1.29236848,"Compras no site",1,150.28,150.28,2026-01-23,Contínuo,24.18020917,61,2.46360656,0.98149638,2026-01-01,2026-05-25
adv-engajado-laranja-mouro-sudeste-sul-centro,"[C][LM - COST CAP WINNERS] [ [CBO]","ADS - RAIZA 3 — Cópia",http://denavita.com.br/pages/laranja-moro,Vídeo,inactive,5857,6666,1.13812532,"Compras no site",1,149.21,149.21,2025-08-27,Contínuo,22.38373837,88,1.69556818,1.32013201,2026-01-01,2026-05-25
adv-aqui-rmtk_coezima-q10_engajado-existente_5-existentes_max-conv_26-05-2025,"[C] [COQ.10][PRINCIPAL]",coenzima-sarah-14-08-2026-video,http://www.denavita.com.br/pages/coenzimaq10,Vídeo,inactive,5071,8671,1.70991915,"Compras no site",2,74.53742121,149.07484241,2025-01-20,Contínuo,17.19234718,754,0.19771199,8.69565217,2026-01-01,2026-05-25
"LP NOVA","[C] [TONS] [PB DR]","AD1 - VERAO — Cópia",https://tons1.denavita.com.br/,Imagem,inactive,4145,6137,1.48057901,"Compras no site",1,148.47,148.47,2026-02-09,Contínuo,24.19260225,44,3.37431818,0.71696269,2026-01-01,2026-05-25
"[RMKT LARANJA MORO-REATIVAÇÃO BASE QUENTE]","[C] [LM - RMKT] [ADV. ABO]","Rmkt Dani - 1",http://www.denavita.com.br/pages/laranja-moro,Imagem,not_delivering,3854,4472,1.16035288,"Compras no site",1,148.40973365,148.40973365,2025-10-13,Contínuo,33.18643418,24,6.1837389,0.53667263,2026-01-01,2026-05-25
"[ADV ABER.]","[C] [LM - PRINCIPAL] - [PLANO B] 2 TESTE","[ADS] - [RMKT] [25-02]",https://lm1.denavita.com.br/?utm_campaign=lplaranjamoroum&utm_content=Laranja+Moro&utm_source=performance,Imagem,inactive,5734,8667,1.51151029,"Compras no site",1,147.27,147.27,2026-02-25,Contínuo,16.99203877,66,2.23136364,0.76150917,2026-01-01,2026-05-25
"teste aquisição ate dia 15  - Lm","[C] [LM - TESTE] [ABO]","AD - DANI TOFU — Cópia",https://lm1.denavita.com.br/,Vídeo,inactive,6689,8107,1.21198983,"Compras no site",2,73.615,147.23,2026-02-04,Contínuo,18.16084865,61,2.41360656,0.75243617,2026-01-01,2026-05-25
"Influ Vitoria - Lm","[C] [LM - TESTE] [ABO]",AD3,http://www.denavita.com.br/pages/laranja-moro,Vídeo,inactive,8132,10621,1.30607477,"Compras no site",2,73.54,147.08,2026-03-12,Contínuo,13.84803691,118,1.24644068,1.1110065,2026-01-01,2026-05-25
adv-aqui-rmtk_coezima-q10_engajado-existente_5-existentes_max-conv_26-05-2025,"[C] [COQ.10][PRINCIPAL]","AD3 - 07/01",http://www.denavita.com.br/pages/coenzimaq10,Imagem,not_delivering,5188,6691,1.28970702,"Compras no site",3,48.72,146.16,2025-01-20,Contínuo,21.84426842,64,2.28375,0.95650874,2026-01-01,2026-05-25
"teste publico novo - bid","[C] [LM - TESTE] [ABO]","ADS 1",https://lm1.denavita.com.br/,Vídeo,not_delivering,5847,7367,1.25996237,"Compras no site",3,48.18333333,144.55,2026-02-19,Contínuo,19.6212841,53,2.72735849,0.71942446,2026-01-01,2026-05-25
"Conj. - Tipo 2","[C] [LM - TESTE] [ABO]","AD - BOFU",https://www.denavita.com.br/pages/col-geno-tipo-ii?utm_source=Influenciador&utm_campaign=Meta+performance&utm_content=meta+performance,Imagem,not_delivering,17833,22117,1.24022879,"Compras no site",2,70.47,140.94,2026-02-27,Contínuo,6.37247366,66,2.13545455,0.29841299,2026-01-01,2026-05-25
"Influ Sabrina - Vm [Teste até 13-03]","[C] [LM - TESTE] [ABO]",ADS7,https://www.denavita.com.br/pages/vinagre-maca-gomas,Vídeo,archived,1223,1538,1.25756337,"Compras no site",1,140.8,140.8,2026-02-05,Contínuo,91.54746424,25,5.632,1.62548765,2026-01-01,2026-05-25
[RMK],"[C] [JEJOOM] [CBO]","AD - MORGANA TOFU",https://www.denavita.com.br/pages/jejoom-v3,Vídeo,inactive,4069,5822,1.43081838,"Compras no site",5,28.074,140.37,2026-04-17,Contínuo,24.11027138,145,0.96806897,2.49055307,2026-01-01,2026-05-25
adv-aqui-rmtk_coezima-q10_engajado-existente_5-existentes_max-conv_26-05-2025,"[C] [COQ.10][PRINCIPAL]",coenzima-sarah-14-08-2026-video,http://denavita.com.br/pages/coenzimaq10,Vídeo,inactive,3611,5856,1.62171144,"Compras no site",1,139.96515759,139.96515759,2025-01-20,Contínuo,23.90115396,457,0.30626949,7.80396175,2026-01-01,2026-05-25
"[CAMPANHA AQUISIÇÃO]","[C] [JEJOOM] [CBO]","AD2- LARI 13-02-2025",https://jejoom1.denavita.com.br/,Vídeo,inactive,4184,6582,1.57313576,"Compras no site",1,138.36,138.36,2025-10-13,Contínuo,21.02096627,69,2.00521739,1.04831358,2026-01-01,2026-05-25
"[TESTE PB FECHADO]","[C] [LM - TESTE] [ABO]","AD -  EVELYN",http://lm1.denavita.com.br/,Vídeo,active,5156,6232,1.20868891,"Compras no site",3,46.08734555,138.26203665,2026-05-22,Contínuo,22.18582103,57,2.42564977,0.91463415,2026-01-01,2026-05-25
[EVELIN],"[C] [LM - PRINCIPAL][EX. BASE] [ADV. +] [CBO]","AD- MOFU",https://www.denavita.com.br/pages/laranja-moro,Vídeo,inactive,9329,16618,1.78132704,"Compras no site",1,138.10862379,138.10862379,2026-03-31,Contínuo,8.31078492,478,0.28893018,2.87639909,2026-01-01,2026-05-25
"[TOFU] [TIK + ORG ] [ABERTO]","[C] [LM - TESTE] [ABO]","AD - MOFU ate 14-05 — Cópia",https://www.denavita.com.br/pages/laranja-moro?utm_source=Influenciador&utm_campaign=Luciana+Moraes+-+performance&utm_content=laranja+moro,Vídeo,active,7065,8508,1.20424628,"Compras no site",3,45.89333333,137.68,2026-02-11,Contínuo,16.18241655,124,1.11032258,1.45745181,2026-01-01,2026-05-25
"[CAMPANHA AQUISIÇÃO]","[C] [JEJOOM] [CBO]","AD5 - ORGANICO",http://www.denavita.com.br/pages/jejoom-denavita,Imagem,inactive,4709,5961,1.26587386,"Compras no site",1,136.62,136.62,2025-10-13,Contínuo,22.91897333,52,2.62730769,0.87233686,2026-01-01,2026-05-25
"[TOFU] [TIK + ORG ] [ABERTO]","[C] [LM - TESTE] [ABO]","AD2 — Cópia",http://www.denavita.com.br/pages/laranja-moro,Imagem,inactive,5818,6897,1.18545892,"Compras no site",1,136.44,136.44,2026-02-11,Contínuo,19.78251414,45,3.032,0.65245759,2026-01-01,2026-05-25
"[CAMPANHA AQUISIÇÃO]","[C] [JEJOOM] [CBO]","ARTE 4 20-10-2025 DENAVITA",http://www.denavita.com.br/pages/jejoom-denavita,Imagem,inactive,3574,5026,1.40626749,"Compras no site",2,67.39181938,134.78363876,2025-10-13,Contínuo,26.81727791,29,4.64771168,0.5769996,2026-01-01,2026-05-25
"[AQUISIÇÃO]  [ADV. +]","[C] [LM - PRINCIPAL][EX. BASE] [ADV. +] [CBO]","AD - EVELYN",http://lm1.denavita.com.br/,Vídeo,inactive,3881,4746,1.2228807,,,,134.72,2026-01-23,Contínuo,28.38600927,55,2.44945455,1.15887063,2026-01-01,2026-05-25
"Influ Raiza 2","[C] [LM - TESTE] [ABO]","ADS 1",http://lm1.denavita.com.br/,Vídeo,not_delivering,4659,5611,1.20433569,"Compras no site",1,133.53,133.53,2026-01-29,Contínuo,23.79789699,57,2.34263158,1.0158617,2026-01-01,2026-05-25
"LP - TOPO LM","[C] [LM - PRINCIPAL][EX. BASE] [ADV. +] [CBO]","ADS - RAIZA 3",https://lm1.denavita.com.br/,Vídeo,archived,4662,4935,1.05855856,"Compras no site",1,133.02482091,133.02482091,2026-02-06,Contínuo,26.95538418,38,3.50065318,0.77001013,2026-01-01,2026-05-25
"Influ Duda - Lm","[C] [LM - TESTE] [ABO]","ADS 2 - Duda",https://lm1.denavita.com.br/,Vídeo,archived,5090,10046,1.97367387,"Compras no site",2,66.08,132.16,2026-02-09,Contínuo,13.15548477,33,4.00484848,0.32848895,2026-01-01,2026-05-25
"[ADV ABER.]","[C] [LM - PRINCIPAL] - [PLANO B] 2 TESTE","ADS 3 — Cópia",https://lm1.denavita.com.br/,Vídeo,inactive,11037,15625,1.41569267,"Compras no site",1,132.11,132.11,2026-02-25,Contínuo,8.45504,66,2.00166667,0.4224,2026-01-01,2026-05-25
"[VINAGRE] [RMKT]","[C] [VARIOS PRODUTO] [ABO] [BID]","AD - MOFU MARCELA 17-05",https://www.denavita.com.br/pages/vinagre-maca-gomas?utm_source=Influenciador&utm_campaign=Marcela+Venancio&utm_content=Vinagre+de+Maça,Vídeo,inactive,4199,5451,1.29816623,"Compras no site",2,65.07,130.14,2026-01-20,Contínuo,23.87451844,248,0.52475806,4.54962392,2026-01-01,2026-05-25
"Evelyn Regly BM - LM","[C] [LM - TESTE] [ABO]","Teste - ADS 2",http://lm1.denavita.com.br/,Vídeo,inactive,6855,10779,1.57242888,"Compras no site",1,129.93,129.93,2026-02-04,Contínuo,12.05399388,66,1.96863636,0.6123017,2026-01-01,2026-05-25
"[CAMPANHA AQUISIÇÃO]","[C] [JEJOOM] [CBO]","AD - NIVER",http://denavita.com.br/pages/jejoom-denavita,Imagem,inactive,3560,5563,1.56264045,"Compras no site",2,64.82,129.64,2025-10-13,Contínuo,23.30397268,61,2.1252459,1.09653065,2026-01-01,2026-05-25
"Conj - Vm","[C] [LM - TESTE] [ABO]","AD - NIVER 2 — Cópia",https://www.denavita.com.br/pages/vinagre-maca-gomas?utm_source=Influenciador&utm_campaign=Meta+performance&utm_content=meta+performance,Imagem,inactive,8943,11683,1.30638488,"Compras no site",1,129.23,129.23,2026-01-30,Contínuo,11.06137122,51,2.53392157,0.43653171,2026-01-01,2026-05-25
"[RMKT LARANJA MORO-REATIVAÇÃO BASE QUENTE]","[C] [LM - RMKT] [ADV. ABO]","AD - MOFU EVELYN  REFAÇÃO 17-05",https://www.denavita.com.br/pages/laranja-moro?utm_source=Influenciador&utm_campaign=Evelyn+Regly+-+performance&utm_content=Laranja+Moro,Vídeo,active,2767,3602,1.30177087,"Compras no site",2,63.985,127.97,2025-10-13,Contínuo,35.52748473,371,0.34493261,10.29983343,2026-01-01,2026-05-25
"[PERFIL NOVO]","[C] [LM - PRINCIPAL] - [PLANO B] 2 TESTE","ADS 6",https://track.denavita.com.br/0ksqdzlnmv/,Vídeo,inactive,7824,11536,1.47443763,"Compras no site",2,63.965,127.93,2026-03-25,Contínuo,11.08963245,84,1.52297619,0.72815534,2026-01-01,2026-05-25
"[CAMPANHA AQUISIÇÃO]","[C] [JEJOOM] [CBO]","AD1 - LARI",https://jejoom.denavita.com.br/,Vídeo,inactive,4350,5986,1.37609195,"Compras no site",2,63.26,126.52,2025-10-13,Contínuo,21.13598396,61,2.07409836,1.01904444,2026-01-01,2026-05-25
"Influ Leka - LM TESTE TRAVA DE CPA","[C] [LM - TESTE] [ABO]","ADS 1",http://denavita.com.br/pages/laranja-moro,Vídeo,archived,4845,5623,1.16057792,"Compras no site",1,125.80639082,125.80639082,2026-01-14,Contínuo,22.37353562,42,2.99539026,0.74693224,2026-01-01,2026-05-25
"Influ Vitoria - Vm","[C] [LM - TESTE] [ABO]",AD1,https://www.denavita.com.br/pages/vinagre-maca-gomas,Vídeo,not_delivering,4142,4965,1.19869628,,,,125.77,2026-03-12,Contínuo,25.33131923,69,1.82275362,1.3897281,2026-01-01,2026-05-25
"teste aquisição ate dia 15  - Lm","[C] [LM - TESTE] [ABO]","Criativo Versão 2 - Sabrina 29/12 — Cópia",https://www.denavita.com.br/pages/lm1?utm_source=Influenciador&utm_campaign=Meta+performance&utm_content=meta+performance,Vídeo,inactive,6300,7636,1.21206349,"Compras no site",1,125.49,125.49,2026-02-04,Contínuo,16.43399686,75,1.6732,0.98218963,2026-01-01,2026-05-25
"[RMKT LARANJA MORO-REATIVAÇÃO BASE QUENTE]","[C] [LM - RMKT] [ADV. ABO]","[VERÃO 3] [BOFU]",http://www.denavita.com.br/pages/laranja-moro,Imagem,not_delivering,2401,3133,1.30487297,,,,124.51450588,2025-10-13,Contínuo,39.74290006,29,4.29360365,0.92563039,2026-01-01,2026-05-25
"[PUBLICO ENG.] [DR]","[C] [TONS] [PB DR]","AD - TOFU",https://denavita.com.br/pages/tons-clareador-de-pele,Vídeo,inactive,3066,3973,1.29582518,"Compras no site",2,61.42780134,122.85560268,2025-06-20,Contínuo,30.92262841,62,1.98154198,1.5605336,2026-01-01,2026-05-25
"LP 1 - TOPO TONS","[C] [LM - PRINCIPAL][EX. BASE] [ADV. +] [CBO]","tons_dr-ursinho-melasma2-13-10-2025 — Cópia",https://tons.denavita.com.br/,Vídeo,archived,1977,2370,1.19878604,,,,120.23,2026-02-06,Contínuo,50.72995781,25,4.8092,1.05485232,2026-01-01,2026-05-25
"[BM] [ANA ELISA]","[C] [LM - TESTE] [ABO]","AD - ANA MOFU",http://www.denavita.com.br/pages/laranja-moro,Vídeo,inactive,3862,4881,1.26385293,"Compras no site",1,120.08758379,120.08758379,2025-10-01,Contínuo,24.60306982,41,2.92896546,0.8399918,2026-01-01,2026-05-25
"Influ Sabrina 2 - Lm","[C] [LM - TESTE] [ABO]","ADS 3 - SABRINA",https://lm1.denavita.com.br/,Vídeo,archived,4338,5403,1.24550484,"Compras no site",1,119.73,119.73,2026-02-05,Contínuo,22.15991116,65,1.842,1.20303535,2026-01-01,2026-05-25
"[PUBLICO ABERTO]","[C] [TONS] [PB ABERTO] [TESTE BID CAP]","ADS 2 - 18-02 | Pausado ROAS baixo",https://denavita.com.br/pages/tons-clareador-de-pele,Imagem,archived,7743,9350,1.2075423,"Compras no site",1,118.93,118.93,2026-03-16,Contínuo,12.7197861,46,2.58543478,0.49197861,2026-01-01,2026-05-25
"Influ Dani Arte - Lm","[C] [LM - TESTE] [ABO]",AD2,https://lm1.denavita.com.br/,Imagem,not_delivering,2259,3438,1.52191235,,,,118.51,2026-02-12,Contínuo,34.47062245,34,3.48558824,0.98894706,2026-01-01,2026-05-25
"[RMKT LARANJA MORO-REATIVAÇÃO BASE QUENTE]","[C] [LM - RMKT] [ADV. ABO]","AD - JADE TOFU 19-05 BM JADE + DENA — Cópia — Cópia — Cópia",https://www.denavita.com.br/pages/laranja-moro?utm_source=Influenciador&utm_campaign=Jade+Seba+-+Performance&utm_content=Laranja+Moro,Vídeo,inactive,3797,4562,1.20147485,,,,117.67,2025-10-13,Contínuo,25.79351162,28,4.2025,0.61376589,2026-01-01,2026-05-25
"Influ Raiza 2","[C] [LM - TESTE] [ABO]","ADS 2",http://denavita.com.br/pages/laranja-moro,Vídeo,not_delivering,2518,3483,1.38324067,,,,117.22,2026-01-29,Contínuo,33.65489521,21,5.58190476,0.60292851,2026-01-01,2026-05-25
"Influ Ingrid - Lm","[C] [LM - TESTE] [ABO]","ADS 3",https://www.denavita.com.br/products/kit-vida-fit,Vídeo,not_delivering,7875,11328,1.43847619,"Compras no site",2,58.225,116.45,2026-02-25,Contínuo,10.27983757,100,1.1645,0.88276836,2026-01-01,2026-05-25
"Influ Jade","[C] [LM - TESTE] [ABO]","Criativo Versão 2 - Jade",http://denavita.com.br/pages/laranja-moro,Vídeo,archived,3263,3667,1.12381244,"Compras no site",2,58.085,116.17,2025-10-06,Contínuo,31.67984729,42,2.76595238,1.14535042,2026-01-01,2026-05-25
"[MOFU] [TIK TOK] - TESTE ATÉ 20-05","[C] [LM - TESTE] [ABO]","AD - 6",https://www.denavita.com.br/pages/laranja-moro?utm_source=Influenciador&utm_campaign=Luciana+Moraes+-+performance&utm_content=laranja+moro,Vídeo,not_delivering,1543,1922,1.24562541,"Compras no site",1,114.79,114.79,2026-05-17,Contínuo,59.72424558,152,0.75519737,7.90842872,2026-01-01,2026-05-25
"[TOFU] [TIK TOK] [EXCLUSAÕ BASE] [BID 60] - TESTE ATÉ 20-05","[C] [LM - TESTE] [ABO]",AD5,http://www.denavita.com.br/pages/laranja-moro,Vídeo,inactive,7206,9786,1.35803497,,,,113.19,2026-03-12,Contínuo,11.56652361,47,2.40829787,0.48027795,2026-01-01,2026-05-25
"[AQUISIÇÃO]  [ADV. +]","[C] [LM - PRINCIPAL][EX. BASE] [ADV. +] [CBO]","AD - TOFU",https://www.denavita.com.br/pages/laranja-moro?utm_source=Influenciador&utm_campaign=Maritza+-+performance&utm_content=laranja+moro,Vídeo,inactive,3572,4567,1.27855543,"Compras no site",2,56.48,112.96,2026-01-23,Contínuo,24.73396102,266,0.42466165,5.82439238,2026-01-01,2026-05-25
Nac,"[C] [VARIOS PRODUTO] [ABO] [BID]","AD - IA",https://www.denavita.com.br/products/nac-polivitaminico?utm_source=Influenciador&utm_campaign=Meta+performance&utm_content=meta+performance,Vídeo,not_delivering,2845,3919,1.37750439,"Compras no site",0,,112.01,2026-05-12,Contínuo,28.58127073,59,1.89847458,1.50548609,2026-01-01,2026-05-25
"[CAMPANHA AQUISIÇÃO]","[C] [JEJOOM] [CBO]","AD - NIVER",http://denavita.com.br/pages/jejoom-denavita,Imagem,inactive,2142,2742,1.28011204,"Compras no site",2,55.925,111.85,2025-10-13,Contínuo,40.79139314,26,4.30192308,0.94821298,2026-01-01,2026-05-25
"Influ Lari - Jejoom","[C] [LM - TESTE] [ABO]","ADS - LARI 7",https://jejoom1.denavita.com.br/,Vídeo,not_delivering,2564,2860,1.11544462,,,,110.39,2026-02-12,Contínuo,38.5979021,32,3.4496875,1.11888112,2026-01-01,2026-05-25
"LP 2 - TONS","[C] [LM - PRINCIPAL][EX. BASE] [ADV. +] [CBO]","tons_dr-ursinho-melasma2-13-10-2025 — Cópia",https://tons1.denavita.com.br/,Vídeo,archived,1619,1920,1.18591723,"Compras no site",1,109.48,109.48,2026-02-06,Contínuo,57.02083333,20,5.474,1.04166667,2026-01-01,2026-05-25
"[PUBLICO ABERTO]","[C] [LM - PRINCIPAL] [PLANO B] 1 TESTE","ADS - RAIZA 3",http://www.denavita.com.br/pages/laranja-moro,Vídeo,inactive,3050,3589,1.17672131,"Compras no site",2,54.73086814,109.46173627,2025-12-10,Contínuo,30.49922994,35,3.12747818,0.97520201,2026-01-01,2026-05-25
"Arte Org - Digestino","[C] [LM - TESTE] [ABO]","ADS3- 18-02",https://www.denavita.com.br/pages/digestino,Imagem,not_delivering,3876,4363,1.12564499,,,,108.76,2026-02-18,Contínuo,24.92780197,56,1.94214286,1.28352051,2026-01-01,2026-05-25
"Evelyn Regly - LM","[C] [LM - TESTE] [ABO]","ADS 3",http://denavita.com.br/pages/laranja-moro,Vídeo,not_delivering,2994,4107,1.37174349,,,,107.18,2026-02-01,Contínuo,26.09690772,31,3.45741935,0.75480886,2026-01-01,2026-05-25
"Influ Luciana","[C] [LM - TESTE] [ABO]","ADS 1",http://denavita.com.br/pages/laranja-moro,Vídeo,not_delivering,4266,5632,1.32020628,"Compras no site",1,106.98,106.98,2026-01-28,Contínuo,18.99502841,15,7.132,0.26633523,2026-01-01,2026-05-25
"[PUBLICO ENG.] [DR]","[C] [TONS] [PB DR]","tons2_rmkt_20-10-2025-pagdenavita — Cópia",https://www.denavita.com.br/pages/tons-clareador-de-pele,Imagem,archived,2290,3348,1.46200873,,,,106.04,2025-06-20,Contínuo,31.67264038,35,3.02971429,1.04540024,2026-01-01,2026-05-25
"Arte - Organica Tons ###","[C] [LM - TESTE] [ABO]",AD7,https://denavita.com.br/pages/tons-clareador-de-pele,Imagem,inactive,4648,6228,1.33993115,"Compras no site",2,52.325,104.65,2026-01-26,Contínuo,16.80314708,52,2.0125,0.83493899,2026-01-01,2026-05-25
"[HIBRIDO] [ESTATICO ORG.] [BID 60]","[C] [LM - TESTE] [ABO]","AD - NIVER 4",https://www.denavita.com.br/products/laranja-moro-cafe-verde-e-cromo-30-caps?utm_source=Influenciador&utm_campaign=Meta+performance&utm_content=meta+performance,Imagem,inactive,11275,15211,1.34909091,,,,102.03059929,2026-03-20,Contínuo,6.70768518,96,1.06281874,0.63112221,2026-01-01,2026-05-25
"[VINAGRE] [RMKT]","[C] [VARIOS PRODUTO] [ABO] [BID]","AD - LIS TOFU",https://www.denavita.com.br/pages/vinagre-maca-gomas,Vídeo,inactive,1016,1215,1.19586614,,,,96.17,2026-01-20,Contínuo,79.15226337,39,2.46589744,3.20987654,2026-01-01,2026-05-25
"[CAMPANHA AQUISIÇÃO]","[C] [JEJOOM] [CBO]","ARTE 1 20-10-2025 DENAVITA",http://denavita.com.br/pages/jejoom-denavita,Imagem,inactive,2218,3143,1.41704238,"Compras no site",2,47.755,95.51,2025-10-13,Contínuo,30.38816417,42,2.27404762,1.3363029,2026-01-01,2026-05-25
"[AQUISIÇÃO]  [ADV. +]","[C] [LM - PRINCIPAL][EX. BASE] [ADV. +] [CBO]","AD - JADE TOFU — Cópia",https://www.denavita.com.br/pages/lm1?utm_source=Influenciador&utm_campaign=Jade+Seba+-+Performance&utm_content=Laranja+Moro,Vídeo,inactive,3244,3827,1.1797164,"Compras no site",2,47.645,95.29,2026-01-23,Contínuo,24.89939901,39,2.44333333,1.01907499,2026-01-01,2026-05-25
"Influ Sabrina 2 - Lm","[C] [LM - TESTE] [ABO]","ADS 4 - SABRINA",https://lm1.denavita.com.br/,Vídeo,archived,3494,4471,1.27962221,,,,93.02,2026-02-05,Contínuo,20.805189,40,2.3255,0.89465444,2026-01-01,2026-05-25
"teste aquisição ate dia 15  - Lm","[C] [LM - TESTE] [ABO]","AD - LUCIANA MOFU",https://www.denavita.com.br/pages/lm1?utm_source=Influenciador&utm_campaign=Luciana+Moraes+-+performance&utm_content=laranja+moro,Vídeo,inactive,3678,6071,1.65062534,"Compras no site",1,92.91422356,92.91422356,2026-02-04,Contínuo,15.3045995,64,1.45178474,1.05419206,2026-01-01,2026-05-25
"teste aquisição ate dia 15  - Lm","[C] [LM - TESTE] [ABO]","ADS - INFLU ANA ELISA",https://www.denavita.com.br/pages/laranja-moro,Vídeo,inactive,3435,4592,1.33682678,"Compras no site",1,90.64,90.64,2026-02-04,Contínuo,19.73867596,44,2.06,0.95818815,2026-01-01,2026-05-25
ABER.,"[C] [TONS] [PB ABERTO] [TESTE BID CAP]","ADS 3 - 18-02",https://denavita.com.br/pages/tons-clareador-de-pele,Imagem,archived,11156,14398,1.29060595,"Compras no site",3,29.75,89.25,2026-03-16,Contínuo,6.19877761,28,3.1875,0.19447145,2026-01-01,2026-05-25
"[BM] [ANA ELISA]","[C] [LM - TESTE] [ABO]","ADS - INFLU ANA ELISA",https://www.denavita.com.br/pages/laranja-moro,Vídeo,inactive,2172,3372,1.55248619,"Compras no site",1,88.15,88.15,2025-10-01,Contínuo,26.14175563,45,1.95888889,1.33451957,2026-01-01,2026-05-25
"[PUBLICO ENG.] [DR]","[C] [TONS] [PB DR]",tons_dr-ursinho_video-reels_10-07-2025_esse-foi-produto-que-a-mamae,https://denavita.com.br/pages/tons-clareador-de-pele,Vídeo,inactive,2577,2788,1.08187815,,,,88.03874107,2025-06-20,Contínuo,31.5777407,51,1.72624982,1.82926829,2026-01-01,2026-05-25
"[PUBLICO ABERTO] — Cópia","[C] [LM - PRINCIPAL] [PLANO B] 1 TESTE","Rmkt Dani 2 — Cópia",http://denavita.com.br/pages/laranja-moro,Imagem,archived,7407,7595,1.0253814,,,,87.94,2026-01-08,Contínuo,11.57867018,18,4.88555556,0.23699803,2026-01-01,2026-05-25
"Evelyn Regly BM - LM","[C] [LM - TESTE] [ABO]","ADS 2",http://denavita.com.br/pages/laranja-moro,Vídeo,not_delivering,7170,7787,1.086053,"Compras no site",2,43.86392437,87.72784873,2026-02-04,Contínuo,11.26593665,54,1.62458979,0.69346346,2026-01-01,2026-05-25
"[ADV ABER.]","[C] [LM - PRINCIPAL] - [PLANO B] 2 TESTE","AD1 — Cópia",http://www.denavita.com.br/pages/laranja-moro,Imagem,inactive,8384,10694,1.27552481,"Compras no site",1,87.68,87.68,2026-02-25,Contínuo,8.19899009,29,3.02344828,0.2711801,2026-01-01,2026-05-25
"[BOFU] [ADV+ ABERTO] [ESTATICO]","[C] [LM - TESTE] [ABO]",AD3,https://lm1.denavita.com.br/,Vídeo,inactive,6505,8938,1.37401998,"Compras no site",1,85.71,85.71,2026-02-25,Contínuo,9.5893936,70,1.22442857,0.78317297,2026-01-01,2026-05-25
rmkt_tons_estáticos_visitantes-engajado-compradores_max-conv_cpa35_02-09-2025_7,"[C] [TONS] [PB DR]",tons3_rmkt_20-10-2025,https://www.denavita.com.br/pages/tons-clareador-de-pele,Imagem,not_delivering,2673,3552,1.328844,"Compras no site",3,28.56504981,85.69514943,2025-09-02,Contínuo,24.12588666,37,2.31608512,1.04166667,2026-01-01,2026-05-25
"[VINAGRE] [RMKT]","[C] [VARIOS PRODUTO] [ABO] [BID]",AD5,https://www.denavita.com.br/pages/vinagre-maca-gomas,Imagem,inactive,3308,4143,1.25241838,"Compras no site",1,85.43007204,85.43007204,2026-01-20,Contínuo,20.62034083,42,2.03404933,1.01375815,2026-01-01,2026-05-25
"[VINAGRE] [RMKT]","[C] [VARIOS PRODUTO] [ABO] [BID]","AD - TOFU — Cópia — Cópia",https://www.denavita.com.br/pages/vinagre-maca-gomas?utm_source=Influenciador&utm_campaign=Evelyn+Regly+-+performance&utm_content=Vinagre+de+Ma%C3%A7a,Vídeo,active,4166,6021,1.44527124,"Compras no site",1,85.33,85.33,2026-01-20,Contínuo,14.17206444,186,0.45876344,3.08918784,2026-01-01,2026-05-25
[MOFU],"[C] [LM - PRINCIPAL] - [PLANO B] 2 TESTE","ADS 4",https://www.denavita.com.br/pages/laranja-moro?utm_source=Influenciador&utm_campaign=Luciana+Moraes+-+performance&utm_content=laranja+moro,Vídeo,not_delivering,4716,8075,1.71225615,"Compras no site",1,84.75699287,84.75699287,2026-03-31,Contínuo,10.49622203,353,0.2401048,4.37151703,2026-01-01,2026-05-25
"[PUBLICO ABERTO]","[C] [TONS] [PB ABERTO] [TESTE BID CAP]","AD - TOFU 2",https://www.denavita.com.br/pages/tons-clareador-de-pele,Vídeo,not_delivering,3530,4976,1.40963173,"Compras no site",1,84.35,84.35,2026-03-16,Contínuo,16.95136656,189,0.4462963,3.79823151,2026-01-01,2026-05-25
"Influ Nutri- Lm","[C] [LM - TESTE] [ABO]","ADS 2",https://lm1.denavita.com.br/,Vídeo,not_delivering,5362,7049,1.31462141,"Compras no site",2,41.82,83.64,2026-02-24,Contínuo,11.86551284,149,0.56134228,2.113775,2026-01-01,2026-05-25
"Influ Marcela Jacaré - Vm","[C] [LM - TESTE] [ABO]",AD1,https://www.denavita.com.br/pages/vinagre-maca-gomas,Vídeo,archived,1552,1747,1.12564433,"Compras no site",1,82.64,82.64,2026-01-28,Contínuo,47.30394963,21,3.9352381,1.20206068,2026-01-01,2026-05-25
--,"[C] [VARIOS PRODUTO] [ABO] [BID]","AD - NIVER",https://www.denavita.com.br/pages/vinagre-maca-gomas?utm_source=Influenciador&utm_campaign=Meta+performance&utm_content=meta+performance,Imagem,archived,1560,2041,1.30833333,"Compras no site",1,81.72,81.72,2026-04-06,Contínuo,40.03919647,16,5.1075,0.78392945,2026-01-01,2026-05-25
"[TRIO MAG] [RMKT]","[C] [VARIOS PRODUTO] [ABO] [BID]","AD - BOFU RMKT4 17-05",https://www.denavita.com.br/products/trio-magnesio?pb=0?utm_source=Influenciador&utm_campaign=Meta+performance&utm_content=meta+performance,Imagem,not_delivering,2088,2949,1.41235632,,,,81.25,2026-05-17,Contínuo,27.55171244,51,1.59313725,1.7293998,2026-01-01,2026-05-25
"[EXCLUSÃO BASE] [ADV. +]","[C] [LM - PRINCIPAL][EX. BASE] [ADV. +] [CBO]","AD - MOFU ISA NOGUEIRA  REFAÇÃO 17-05 — Cópia",https://www.denavita.com.br/pages/laranja-moro?utm_source=Influenciador&utm_campaign=Isa+Nogueira+-+performance&utm_content=laranja+moro,Vídeo,inactive,4431,5487,1.23832092,"Compras no site",1,80.3,80.3,2026-03-17,Contínuo,14.63459085,71,1.13098592,1.29396756,2026-01-01,2026-05-25
"Influ Dani - Vm","[C] [LM - TESTE] [ABO]",AD3,https://www.denavita.com.br/pages/vinagre-maca-gomas,Vídeo,not_delivering,4046,4992,1.23381117,"Compras no site",2,39.54,79.08,2026-02-25,Contínuo,15.84134615,29,2.72689655,0.58092949,2026-01-01,2026-05-25
"Conj. - Tipo 2","[C] [LM - TESTE] [ABO]","AD - BOFU 2",https://www.denavita.com.br/pages/col-geno-tipo-ii,Imagem,not_delivering,5691,9090,1.59725883,"Compras no site",3,26.15275796,78.45827388,2026-02-27,Contínuo,8.63127325,32,2.45182106,0.3520352,2026-01-01,2026-05-25
"Influ Sabrina 2 - Lm","[C] [LM - TESTE] [ABO]","ADS 2 - SABRINA",https://track.denavita.com.br/stumhq4mkq/,Vídeo,archived,2352,2986,1.26955782,"Compras no site",1,77.14,77.14,2026-02-05,Contínuo,25.83389149,30,2.57133333,1.00468855,2026-01-01,2026-05-25
"Conj - Melato","[C] [LM - TESTE] [ABO]","ad - 1",https://www.denavita.com.br/products/melatonina-e-triptofano-2x1-30-caps,Vídeo,not_delivering,2648,3851,1.45430514,,,,76.59,2026-04-09,Contínuo,19.88834069,12,6.3825,0.31160737,2026-01-01,2026-05-25
"Influ Raiza 2","[C] [LM - TESTE] [ABO]","ADS 2",http://lm1.denavita.com.br/,Vídeo,not_delivering,2673,3449,1.29031051,"Compras no site",1,76.32,76.32,2026-01-29,Contínuo,22.12815309,13,5.87076923,0.37692085,2026-01-01,2026-05-25
"Influ Isa Nogueira - LM TESTE TRAVA DE CPA","[C] [LM - TESTE] [ABO]","Criativo 1 - Edição Completa",http://denavita.com.br/pages/laranja-moro,Vídeo,archived,2392,2574,1.07608696,,,,76.1,2025-10-07,Contínuo,29.56487956,45,1.69111111,1.74825175,2026-01-01,2026-05-25
"[PUBLICO ABERTO]","[C] [WHITE] TRAFEGO","AD2 — Cópia — Cópia",https://www.denavita.com.br/products/vinagre-maca-gomas?_pos=3&_sid=ab1d050b6&_ss=r,Imagem,not_delivering,12602,15434,1.22472623,"Visualizações da página de destino",719,0.10307371,74.11,2026-03-26,Contínuo,4.80173643,869,0.08528193,5.63042633,2026-01-01,2026-05-25
"Adeli - Lm e Vm","[C] [LM - TESTE] [ABO]",AD2,https://www.denavita.com.br/products/kit-vida-fit,Vídeo,not_delivering,1646,1787,1.08566221,,,,73.84,2026-03-12,Contínuo,41.32064913,16,4.615,0.89535534,2026-01-01,2026-05-25
"Adeli - Lm e Vm","[C] [LM - TESTE] [ABO]",AD3,https://www.denavita.com.br/products/kit-vida-fit,Vídeo,not_delivering,1460,1598,1.09452055,,,,73.72,2026-03-12,Contínuo,46.13266583,11,6.70181818,0.68836045,2026-01-01,2026-05-25
"[RMKT PB FECHADO]","[C] [LM - RMKT] [ADV. ABO]","AD - BOFU 1 — Cópia — Cópia — Cópia",https://www.denavita.com.br/products/laranja-moro-cafe-verde-e-cromo-30-caps?utm_source=Influenciador&utm_campaign=Meta+performance&utm_content=meta+performance,Imagem,not_delivering,4076,4953,1.21516192,"Compras no site",1,73.55,73.55,2026-05-23,Contínuo,14.84958611,24,3.06458333,0.48455482,2026-01-01,2026-05-25
ABER.,"[C] [TONS] [PB ABERTO] [TESTE BID CAP]","ADS - ASIATICA — Cópia | Pausado ROAS baixo",https://denavita.com.br/pages/tons-clareador-de-pele,Vídeo,archived,3280,3563,1.08628049,"Compras no site",1,73.09,73.09,2026-03-16,Contínuo,20.51361212,72,1.01513889,2.02076901,2026-01-01,2026-05-25
"Influ Sabrina - Vm [Teste até 13-03]","[C] [LM - TESTE] [ABO]",ADS2,https://www.denavita.com.br/pages/vinagre-maca-gomas,Vídeo,archived,1575,1856,1.1784127,,,,72.47,2026-02-05,Contínuo,39.04633621,42,1.72547619,2.26293103,2026-01-01,2026-05-25
"Influ Marcela Jacaré - Vm","[C] [LM - TESTE] [ABO]",AD3,https://www.denavita.com.br/pages/vinagre-maca-gomas,Vídeo,archived,2298,2792,1.21496954,"Compras no site",1,71.65,71.65,2026-01-28,Contínuo,25.66260745,18,3.98055556,0.64469914,2026-01-01,2026-05-25
"[BOFU] [ADV+ ABERTO] [ESTATICO]","[C] [LM - TESTE] [ABO]",AD4,https://track.denavita.com.br/0ksqdzlnmv/,Vídeo,inactive,4618,7653,1.65721091,"Compras no site",2,35.49513577,70.99027153,2026-02-25,Contínuo,9.27613636,115,0.61730671,1.50267869,2026-01-01,2026-05-25
[RMK],"[C] [JEJOOM] [CBO]","AD - RMKT",http://denavita.com.br/pages/jejoom-denavita,Imagem,inactive,3670,5466,1.4893733,,,,70.97,2026-04-17,Contínuo,12.98390048,36,1.97138889,0.6586169,2026-01-01,2026-05-25
"[MOFU] [TIK TOK] - TESTE ATÉ 20-05","[C] [LM - TESTE] [ABO]","AD - 5",https://www.denavita.com.br/pages/laranja-moro?utm_source=Influenciador&utm_campaign=Luciana+Moraes+-+performance&utm_content=laranja+moro,Vídeo,not_delivering,1928,2500,1.2966805,"Compras no site",2,35.18,70.36,2026-05-17,Contínuo,28.144,99,0.71070707,3.96,2026-01-01,2026-05-25
"teste publico novo - bid","[C] [LM - TESTE] [ABO]","AD - JADE TOFU — Cópia",https://www.denavita.com.br/pages/lm1?utm_source=Influenciador&utm_campaign=Jade+Seba+-+Performance&utm_content=Laranja+Moro,Vídeo,not_delivering,1117,1204,1.0778872,"Compras no site",3,22.73666667,68.21,2026-02-19,Contínuo,56.65282392,28,2.43607143,2.3255814,2026-01-01,2026-05-25
"Influ Dani Arte - Lm","[C] [LM - TESTE] [ABO]",AD3,https://lm1.denavita.com.br/,Imagem,not_delivering,2919,4098,1.40390545,,,,67.01,2026-02-12,Contínuo,16.35187897,23,2.91347826,0.56124939,2026-01-01,2026-05-25
"Varias Influs - VM","[C] [LM - TESTE] [ABO]","ADS 2",https://www.denavita.com.br/pages/vinagre-maca-gomas,Vídeo,inactive,1917,2120,1.10589463,"Compras no site",1,66.52,66.52,2026-02-19,Contínuo,31.37735849,31,2.14580645,1.46226415,2026-01-01,2026-05-25
"teste publico novo - bid","[C] [LM - TESTE] [ABO]","ADS 4",https://lm1.denavita.com.br/,Vídeo,not_delivering,1952,2346,1.20184426,,,,66.37,2026-02-19,Contínuo,28.29070759,28,2.37035714,1.19352089,2026-01-01,2026-05-25
"[BM] [ANA ELISA]","[C] [LM - TESTE] [ABO]","AD - ANA ELISA MOFU",http://www.denavita.com.br/pages/laranja-moro,Vídeo,not_delivering,2264,2674,1.18109541,"Compras no site",1,66.28578586,66.28578586,2025-10-01,Contínuo,24.78899995,43,1.5415299,1.60807779,2026-01-01,2026-05-25
"[RMKT LARANJA MORO-REATIVAÇÃO BASE QUENTE]","[C] [LM - RMKT] [ADV. ABO]","AD - MOFU DANI  REFAÇÃO 17-05",https://www.denavita.com.br/pages/laranja-moro?utm_source=Influenciador&utm_campaign=Dani+Winits+-+performance&utm_content=laranja+moro,Vídeo,inactive,1196,1489,1.24498328,"Compras no site",1,66.27,66.27,2025-10-13,Contínuo,44.50638012,117,0.56641026,7.85762257,2026-01-01,2026-05-25
"Influ Duda - Lm","[C] [LM - TESTE] [ABO]","ADS 3 - Duda",https://lm1.denavita.com.br/,Vídeo,archived,4346,5810,1.33686148,,,,65.8,2026-02-09,Contínuo,11.3253012,17,3.87058824,0.29259897,2026-01-01,2026-05-25
"Evelyn Regly BM - LM","[C] [LM - TESTE] [ABO]","ADS 5",https://track.denavita.com.br/0ksqdzlnmv/,Vídeo,not_delivering,2031,2508,1.23485968,"Compras no site",1,65.55608151,65.55608151,2026-02-04,Contínuo,26.13878848,19,3.45032008,0.75757576,2026-01-01,2026-05-25
"[AQUISIÇÃO]  [ADV. +]","[C] [LM - PRINCIPAL][EX. BASE] [ADV. +] [CBO]","ADS - RAIZA 4",https://www.denavita.com.br/pages/lm1,Vídeo,inactive,2400,2584,1.07666667,,,,65.47,2026-01-23,Contínuo,25.33668731,54,1.21240741,2.08978328,2026-01-01,2026-05-25
"[TOFU] [TIK TOK] [EXCLUSAÕ BASE] [BID 60] - TESTE ATÉ 20-05","[C] [LM - TESTE] [ABO]","AD - 6",https://www.denavita.com.br/pages/laranja-moro?utm_source=Influenciador&utm_campaign=Luciana+Moraes+-+performance&utm_content=laranja+moro,Vídeo,not_delivering,3820,4230,1.10732984,,,,63.89,2026-03-12,Contínuo,15.10401891,19,3.36263158,0.44917258,2026-01-01,2026-05-25
"Arte Org - Digestino","[C] [LM - TESTE] [ABO]","ADS2- 18-02",https://www.denavita.com.br/pages/digestino,Imagem,not_delivering,2445,2902,1.18691207,,,,63.33,2026-02-18,Contínuo,21.82288077,29,2.1837931,0.99931082,2026-01-01,2026-05-25
"Evelyn Regly BM - LM","[C] [LM - TESTE] [ABO]","ADS 4",http://denavita.com.br/pages/laranja-moro,Vídeo,inactive,4380,4948,1.12968037,"Compras no site",1,62.85,62.85,2026-02-04,Contínuo,12.70210186,48,1.309375,0.97008892,2026-01-01,2026-05-25
"Influ Lari - Jejoom","[C] [LM - TESTE] [ABO]","AD2 - LARI",https://jejoom1.denavita.com.br/,Vídeo,not_delivering,1811,2151,1.18774158,"Compras no site",1,62.55,62.55,2026-02-12,Contínuo,29.07949791,19,3.29210526,0.88331009,2026-01-01,2026-05-25
"Influ Mi Ruback - Lm","[C] [LM - TESTE] [ABO]",ADS0,http://www.denavita.com.br/pages/laranja-moro,Vídeo,archived,2274,3305,1.4533861,,,,61.87,2026-01-23,Contínuo,18.72012103,42,1.47309524,1.27080182,2026-01-01,2026-05-25
"[TOFU] [TIK TOK] [EXCLUSAÕ BASE] [BID 60] - TESTE ATÉ 20-05","[C] [LM - TESTE] [ABO]",AD1,https://track.denavita.com.br/0ksqdzlnmv/,Vídeo,inactive,4147,5647,1.36170726,,,,61.67860329,2026-03-12,Contínuo,10.92236644,13,4.74450795,0.23021073,2026-01-01,2026-05-25
"[PUBLICO ABERTO]","[C] [TONS] [PB DR]","ADS - ORGANICO",https://denavita.com.br/pages/tons-clareador-de-pele,"Imagem e vídeo",not_delivering,1700,2877,1.69235294,,,,60.03,2025-12-10,Contínuo,20.86548488,109,0.55073394,3.78866875,2026-01-01,2026-05-25
"Influ Mi Ruback - Lm","[C] [LM - TESTE] [ABO]","ADS 2",http://www.denavita.com.br/pages/laranja-moro,Vídeo,archived,2105,2635,1.25178147,,,,59.55,2026-01-23,Contínuo,22.59962049,17,3.50294118,0.64516129,2026-01-01,2026-05-25
"[DIGESTINO] [RMKT]","[C] [VARIOS PRODUTO] [ABO] [BID]","ADS - BRUNA 1 — Cópia",https://www.denavita.com.br/pages/digestino,Vídeo,not_delivering,1284,1520,1.18380062,"Compras no site",2,29.7,59.4,2026-05-10,Contínuo,39.07894737,12,4.95,0.78947368,2026-01-01,2026-05-25
"[RMKT LARANJA MORO-REATIVAÇÃO BASE QUENTE]","[C] [LM - RMKT] [ADV. ABO]","AD - RMK NIVER 4 — Cópia",http://denavita.com.br/pages/laranja-moro?utm_source=Influenciador&utm_campaign=Ana+Elisa+Fitfoodmenu+-+performance&utm_content=Laranja+Moro,Vídeo,inactive,1615,1990,1.23219814,"Compras no site",3,19.77333333,59.32,2025-10-13,Contínuo,29.80904523,17,3.48941176,0.85427136,2026-01-01,2026-05-25
"[TOFU] [TIK]","[C] [LM - TESTE] [ABO]","AD - 4 — Cópia",https://www.denavita.com.br/pages/laranja-moro?utm_source=Influenciador&utm_campaign=Luciana+Moraes+-+performance&utm_content=laranja+moro,Vídeo,active,3140,4051,1.29012739,,,,58.41,2026-05-23,Contínuo,14.41866206,158,0.36968354,3.90027154,2026-01-01,2026-05-25
"[COLAGENO] [RMKT]","[C] [VARIOS PRODUTO] [ABO] [BID]","AD - SUSANA",https://www.denavita.com.br/pages/col-geno-tipo-ii?utm_source=Influenciador&utm_campaign=Meta+performance&utm_content=meta+performance,Vídeo,inactive,1698,2698,1.58892815,,,,57.81,2026-05-10,Contínuo,21.42698295,321,0.18009346,11.897702,2026-01-01,2026-05-25
"teste aquisição ate dia 15  - Lm","[C] [LM - TESTE] [ABO]","AD - ANA MOFU — Cópia",https://www.denavita.com.br/pages/laranja-moro?utm_source=Influenciador&utm_campaign=Ana+Elisa+Fitfoodmenu+-+performance&utm_content=Laranja+Moro,Vídeo,inactive,3344,4397,1.31489234,,,,57.27,2026-02-04,Contínuo,13.02478963,35,1.63628571,0.79599727,2026-01-01,2026-05-25
"[RMKT LARANJA MORO-REATIVAÇÃO BASE QUENTE]","[C] [LM - RMKT] [ADV. ABO]","AD - RMKT",http://denavita.com.br/,Imagem,inactive,2690,3151,1.17137546,"Compras no site",2,28.28379025,56.5675805,2025-10-13,Contínuo,17.95226293,15,3.77117203,0.47603935,2026-01-01,2026-05-25
"Influ Vitoria - Vm","[C] [LM - TESTE] [ABO]",AD3,https://www.denavita.com.br/pages/vinagre-maca-gomas,Vídeo,not_delivering,1520,1801,1.18486842,,,,54.96,2026-03-12,Contínuo,30.51637979,26,2.11384615,1.44364242,2026-01-01,2026-05-25
"teste publico novo - bid","[C] [LM - TESTE] [ABO]","AD - BOFU — Cópia",https://www.denavita.com.br/products/laranja-moro-cafe-verde-e-cromo-30-caps,Imagem,not_delivering,1054,1364,1.29411765,,,,54.82,2026-02-19,Contínuo,40.19061584,17,3.22470588,1.24633431,2026-01-01,2026-05-25
"[PUBLICO MORNO]","[C] [VM] [CAPTAÇÃO LEAD] [LANÇAMENTO]",AD4,https://www.denavita.com.br/pages/conheca-novo-produto,Imagem,not_delivering,3595,3652,1.01585535,"Leads no site",10,5.328,53.28,2026-01-14,Contínuo,14.58926616,62,0.85935484,1.69769989,2026-01-01,2026-05-25
"[PERFIL NOVO]","[C] [LM - PRINCIPAL] - [PLANO B] 2 TESTE","ADS 4 - NOVO VM",https://track.denavita.com.br/0ksqdzlnmv/,Vídeo,inactive,2042,2602,1.27424094,,,,52.97,2026-03-25,Contínuo,20.35741737,32,1.6553125,1.22982321,2026-01-01,2026-05-25
"Influ Morgana - Jejoom","[C] [LM - TESTE] [ABO]",ADS2,https://jejoom.denavita.com.br/,Vídeo,inactive,1258,1392,1.10651828,,,,52.9,2026-03-02,Contínuo,38.00287356,23,2.3,1.65229885,2026-01-01,2026-05-25
"Influ Dani Arte - Lm","[C] [LM - TESTE] [ABO]",AD1,https://lm1.denavita.com.br/,Imagem,not_delivering,2048,2704,1.3203125,"Compras no site",1,52.75,52.75,2026-02-12,Contínuo,19.50813609,8,6.59375,0.29585799,2026-01-01,2026-05-25
"Influ Rachel - Kit","[C] [LM - TESTE] [ABO]",AD2,https://www.denavita.com.br/products/kit-vida-fit,Vídeo,not_delivering,1164,1375,1.18127148,"Compras no site",1,51.88,51.88,2026-03-12,Contínuo,37.73090909,21,2.47047619,1.52727273,2026-01-01,2026-05-25
"Evelyn Regly BM - LM","[C] [LM - TESTE] [ABO]","ADS 1",http://denavita.com.br/pages/laranja-moro,Vídeo,inactive,3613,4158,1.15084417,"Compras no site",1,51.44,51.44,2026-02-04,Contínuo,12.37133237,30,1.71466667,0.72150072,2026-01-01,2026-05-25
"teste aquisição ate dia 15  - Lm","[C] [LM - TESTE] [ABO]","ADS 3 — Cópia",https://lm1.denavita.com.br/,Vídeo,inactive,4867,6767,1.39038422,"Compras no site",1,51.39,51.39,2026-02-04,Contínuo,7.59420718,79,0.65050633,1.16743018,2026-01-01,2026-05-25
"TESTE RACHEL ATE 21-03","[C] [LM - PRINCIPAL][EX. BASE] [ADV. +] [CBO]",AD1,http://www.denavita.com.br/pages/laranja-moro,Vídeo,archived,1267,1481,1.16890292,,,,51.35,2026-03-17,Contínuo,34.67251857,12,4.27916667,0.81026334,2026-01-01,2026-05-25
eng,"[C] [COQ.10][PRINCIPAL] - NOVA","Teste - ad1",http://www.denavita.com.br/pages/coenzimaq10,Vídeo,not_delivering,518,689,1.33011583,"Compras no site",1,51.32,51.32,2026-02-09,Contínuo,74.48476052,30,1.71066667,4.35413643,2026-01-01,2026-05-25
[MOFU],"[C] [LM - PRINCIPAL] - [PLANO B] 2 TESTE","AD - TOFU",https://www.denavita.com.br/pages/laranja-moro?utm_source=Influenciador&utm_campaign=Maritza+-+performance&utm_content=laranja+moro,Vídeo,inactive,3405,5217,1.53215859,"Compras no site",1,51.14,51.14,2026-03-31,Contínuo,9.80256853,190,0.26915789,3.64193981,2026-01-01,2026-05-25
"Influ Sabrina 2 - Lm","[C] [LM - TESTE] [ABO]","ADS 2 - SABRINA",https://track.denavita.com.br/stumhq4mkq/,Vídeo,archived,1833,1927,1.05128205,,,,51,2026-02-05,Contínuo,26.46600934,18,2.83333333,0.93409445,2026-01-01,2026-05-25
[RMK],"[C] [JEJOOM] [CBO]","AD - TACI 2",http://denavita.com.br/pages/jejoom-denavita?utm_source=Influenciador&utm_campaign=Taciane+Eduarda+-+performance&utm_content=Jejoom,Vídeo,active,2884,3150,1.09223301,"Compras no site",1,50.73,50.73,2026-04-17,Contínuo,16.1047619,57,0.89,1.80952381,2026-01-01,2026-05-25
[EVELIN],"[C] [LM - PRINCIPAL][EX. BASE] [ADV. +] [CBO]","AD- MOFU",https://track.denavita.com.br/0ksqdzlnmv/,Vídeo,inactive,3865,4573,1.18318241,"Compras no site",2,24.88295035,49.76590071,2026-03-31,Contínuo,10.8825499,49,1.01563063,1.07150667,2026-01-01,2026-05-25
"Influ Dani - Vm","[C] [LM - TESTE] [ABO]",AD2,https://www.denavita.com.br/pages/vinagre-maca-gomas,Vídeo,not_delivering,3054,3744,1.2259332,,,,49.47,2026-02-25,Contínuo,13.21314103,27,1.83222222,0.72115385,2026-01-01,2026-05-25
"LP - TOPO LM","[C] [LM - PRINCIPAL][EX. BASE] [ADV. +] [CBO]","Rmkt Dani 2 — Cópia",https://lm.denavita.com.br/,Imagem,archived,1960,2399,1.22397959,"Compras no site",1,49.42,49.42,2026-02-06,Contínuo,20.6002501,22,2.24636364,0.91704877,2026-01-01,2026-05-25
eng,"[C] [COQ.10][PRINCIPAL] - NOVA","Teste - ad1",http://www.denavita.com.br/pages/coenzimaq10,Vídeo,not_delivering,575,730,1.26956522,,,,49.23,2026-02-09,Contínuo,67.43835616,31,1.58806452,4.24657534,2026-01-01,2026-05-25
eng,"[C] [COQ.10][PRINCIPAL] - NOVA","Teste - ad1",http://www.denavita.com.br/pages/coenzimaq10,Vídeo,not_delivering,392,517,1.31887755,,,,49.17,2026-02-09,Contínuo,95.10638298,24,2.04875,4.64216634,2026-01-01,2026-05-25
adv-aqui-rmtk_coezima-q10_engajado-existente_5-existentes_max-conv_26-05-2025,"[C] [COQ.10][PRINCIPAL]","AD3 - 07/01",http://denavita.com.br/pages/coenzimaq10,Imagem,not_delivering,1107,1501,1.35591689,,,,49.15,2025-01-20,Contínuo,32.74483678,8,6.14375,0.53297801,2026-01-01,2026-05-25
ABER.,"[C] [TONS] [PB ABERTO] [TESTE BID CAP]","AD1 - VERAO — Cópia",https://www.denavita.com.br/pages/tons-clareador-de-pele,Imagem,archived,2999,4108,1.36978993,,,,48.82,2026-03-16,Contínuo,11.88412853,17,2.87176471,0.41382668,2026-01-01,2026-05-25
"[VINAGRE] [RMKT]","[C] [VARIOS PRODUTO] [ABO] [BID]",AD3,https://www.denavita.com.br/pages/vinagre-maca-gomas,Imagem,inactive,2176,2722,1.25091912,,,,48.81,2026-01-20,Contínuo,17.93166789,27,1.80777778,0.99191771,2026-01-01,2026-05-25
"LP NOVA","[C] [TONS] [PB DR]","tons 3 - 25-11 — Cópia — Cópia",https://denavita.com.br/pages/tons-clareador-de-pele,Vídeo,not_delivering,1777,1912,1.07597074,,,,47.67,2026-02-09,Contínuo,24.93200837,34,1.40205882,1.77824268,2026-01-01,2026-05-25
"teste aquisição ate dia 15  - Lm","[C] [LM - TESTE] [ABO]","ADS - INFLU ANA ELISA 2",https://www.denavita.com.br/pages/laranja-moro,Vídeo,inactive,1872,2173,1.1607906,"Compras no site",1,47.45,47.45,2026-02-04,Contínuo,21.83617119,21,2.25952381,0.96640589,2026-01-01,2026-05-25
"Influ Lari - Jejoom","[C] [LM - TESTE] [ABO]",AD3,http://www.denavita.com.br/pages/jejoom-denavita,Vídeo,not_delivering,1632,1982,1.21446078,,,,47.21,2026-02-12,Contínuo,23.81937437,13,3.63153846,0.65590313,2026-01-01,2026-05-25
"[HIBRIDO] [ESTATICO ORG.] [BID 60]","[C] [LM - TESTE] [ABO]","AD - NIVER 5",https://www.denavita.com.br/products/laranja-moro-cafe-verde-e-cromo-30-caps?utm_source=Influenciador&utm_campaign=Meta+performance&utm_content=meta+performance,Imagem,inactive,4191,5949,1.41947029,,,,46.91,2026-03-20,Contínuo,7.88535888,23,2.03956522,0.3866196,2026-01-01,2026-05-25
"Evelyn Regly BM - LM","[C] [LM - TESTE] [ABO]","Teste - ADS 2",https://track.denavita.com.br/0ksqdzlnmv/,Vídeo,not_delivering,1725,2495,1.44637681,"Compras no site",5,9.23362221,46.16811107,2026-02-04,Contínuo,18.50425294,17,2.71577124,0.68136273,2026-01-01,2026-05-25
"TESTE RACHEL ATE 21-03","[C] [LM - PRINCIPAL] - [PLANO B] 2 TESTE",AD2,http://www.denavita.com.br/pages/laranja-moro,Vídeo,archived,2459,3095,1.25864172,,,,46.15,2026-03-17,Contínuo,14.91114701,27,1.70925926,0.8723748,2026-01-01,2026-05-25
"[PUBLICO ENG.] [DR]","[C] [TONS] [PB ABERTO] [TESTE BID CAP]","ADS 3 - 18-02",https://denavita.com.br/pages/tons-clareador-de-pele,Imagem,archived,3234,3809,1.17779839,,,,46.01,2026-03-16,Contínuo,12.0792859,20,2.3005,0.5250722,2026-01-01,2026-05-25
"Influ Morgana - Jejoom","[C] [LM - TESTE] [ABO]",ADS1,https://jejoom.denavita.com.br/,Vídeo,inactive,1516,1764,1.16358839,,,,45.86,2026-03-02,Contínuo,25.99773243,31,1.47935484,1.75736961,2026-01-01,2026-05-25
"[MOFU] [TIK TOK] - TESTE ATÉ 20-05","[C] [LM - TESTE] [ABO]","AD - 7",https://www.denavita.com.br/pages/laranja-moro?utm_source=Influenciador&utm_campaign=Luciana+Moraes+-+performance&utm_content=laranja+moro,Vídeo,not_delivering,671,844,1.25782414,,,,45.78,2026-05-17,Contínuo,54.24170616,77,0.59454545,9.12322275,2026-01-01,2026-05-25
[MOFU],"[C] [LM - PRINCIPAL] - [PLANO B] 2 TESTE","AD - PAM MOFU 2 — Cópia",https://www.denavita.com.br/pages/lm1?utm_source=Influenciador&utm_campaign=Meta+performance&utm_content=meta+performance,Vídeo,inactive,4863,6398,1.31564878,,,,45.77,2026-03-31,Contínuo,7.15379806,67,0.68313433,1.04720225,2026-01-01,2026-05-25
"[TESTE PB FECHADO JADE]","[C] [LM - TESTE] [ABO]","AD - JADE TOFU 19-05 BM JADE + DENA — Cópia — Cópia",https://www.denavita.com.br/pages/laranja-moro?utm_source=Influenciador&utm_campaign=Jade+Seba+-+Performance&utm_content=Laranja+Moro,Vídeo,active,1936,2407,1.24328512,"Compras no site",1,45.30498119,45.30498119,2026-05-23,Contínuo,18.82217748,36,1.2584717,1.49563772,2026-01-01,2026-05-25
"Arte Organica - Q10","[C] [LM - TESTE] [ABO]","ADS3- Q10",http://www.denavita.com.br/pages/coenzimaq10,Imagem,not_delivering,854,997,1.16744731,,,,45.27,2026-02-18,Contínuo,45.40621866,26,1.74115385,2.60782347,2026-01-01,2026-05-25
"[MOFU] [TIK TOK] - TESTE ATÉ 20-05","[C] [LM - TESTE] [ABO]","AD - MOFU ate 14-05",https://www.denavita.com.br/pages/laranja-moro?utm_source=Influenciador&utm_campaign=Luciana+Moraes+-+performance&utm_content=laranja+moro,Vídeo,inactive,1450,1588,1.09517241,,,,44.66,2026-05-17,Contínuo,28.12342569,16,2.79125,1.00755668,2026-01-01,2026-05-25
"[COENZIMA] [RMKT]","[C] [VARIOS PRODUTO] [ABO] [BID]","AD - RMKT",https://www.denavita.com.br/products/coenzima-q10-omega-3-e-selenio-30-caps,Imagem,inactive,1460,2022,1.38493151,,,,44.35,2026-05-10,Contínuo,21.93372898,13,3.41153846,0.64292779,2026-01-01,2026-05-25
"[INOSITOL] [RMKT]","[C] [VARIOS PRODUTO] [ABO] [BID]","AD - BOFU RMKT4 17-05",https://www.denavita.com.br/products/magnesio-inositol?utm_source=Influenciador&utm_campaign=Meta+performance&utm_content=meta+performance,Imagem,not_delivering,1335,1610,1.20599251,,,,44.16,2026-05-17,Contínuo,27.42857143,22,2.00727273,1.36645963,2026-01-01,2026-05-25
"LP NOVA","[C] [TONS] [PB DR]","ADS - MEIO 13-02-2026",https://tons1.denavita.com.br/,Vídeo,not_delivering,1155,1193,1.03290043,,,,44.14,2026-02-09,Contínuo,36.99916178,24,1.83916667,2.01173512,2026-01-01,2026-05-25
"Evelyn Regly BM - LM","[C] [LM - TESTE] [ABO]","AD - JESSICA MOFU NIVER",http://lm1.denavita.com.br/?utm_source=Influenciador&utm_campaign=Jessica+Belcost+-+performance&utm_content=Laranja+moro&_pos=1&_sid=60fcff16e&_ss=r,Vídeo,not_delivering,925,1066,1.15243243,,,,44.06,2026-02-04,Contínuo,41.33208255,9,4.89555556,0.84427767,2026-01-01,2026-05-25
"LP - 1","[C] [LM - PRINCIPAL][EX. BASE] [ADV. +] [CBO]","ADS - RAIZA 3",https://lm1.denavita.com.br/,Vídeo,archived,1380,1449,1.05,,,,43.61970716,2026-01-19,Contínuo,30.10331757,15,2.90798048,1.03519669,2026-01-01,2026-05-25
"[TESTE PB FECHADO]","[C] [LM - TESTE] [ABO]","AD - JADE MOFU 3 LP LM1",https://www.denavita.com.br/pages/lm1?utm_source=Influenciador&utm_campaign=Jade+Seba+-+Performance&utm_content=Laranja+Moro,Vídeo,inactive,1751,1916,1.09423187,,,,43.28,2026-05-22,Contínuo,22.58872651,12,3.60666667,0.6263048,2026-01-01,2026-05-25
"[PERFIL NOVO]","[C] [LM - PRINCIPAL] - [PLANO B] 2 TESTE","ADS 3 - NOVO VM — Cópia",https://www.denavita.com.br/pages/vinagre-maca-gomas,Vídeo,inactive,2906,4443,1.52890571,"Compras no site",1,42.62466324,42.62466324,2026-03-25,Contínuo,9.59366717,17,2.50733313,0.38262435,2026-01-01,2026-05-25
"teste aquisição ate dia 15  - Lm","[C] [LM - TESTE] [ABO]","ADS - INFLU ANA ELISA 3",https://www.denavita.com.br/pages/laranja-moro,Vídeo,inactive,1604,2211,1.37842893,,,,42.61,2026-02-04,Contínuo,19.2718227,41,1.03926829,1.85436454,2026-01-01,2026-05-25
"[TESTE PB FECHADO]","[C] [LM - TESTE] [ABO]","AD -  EVELYN",https://www.denavita.com.br/pages/laranja-moro?utm_source=Influenciador&utm_campaign=Evelyn+Regly+-+performance&utm_content=Laranja+Moro,Vídeo,active,1124,1250,1.11209964,,,,42.42,2026-05-22,Contínuo,33.936,12,3.535,0.96,2026-01-01,2026-05-25
"Influ Lari - Jejoom","[C] [LM - TESTE] [ABO]",AD4,http://www.denavita.com.br/pages/jejoom-denavita,Vídeo,not_delivering,1083,1212,1.11911357,,,,42.25,2026-02-12,Contínuo,34.85973597,23,1.83695652,1.89768977,2026-01-01,2026-05-25
ABER.,"[C] [TONS] [PB ABERTO] [TESTE BID CAP]","ADS 1 - 18-02",https://denavita.com.br/pages/tons-clareador-de-pele,Imagem,archived,2309,2658,1.15114768,,,,41.9,2026-03-16,Contínuo,15.76373213,22,1.90454545,0.82768999,2026-01-01,2026-05-25
"Evelyn Regly BM - LM","[C] [LM - TESTE] [ABO]","ADS - ART 3",http://lm1.denavita.com.br/,Imagem,inactive,1869,2887,1.5446763,"Compras no site",1,41.55,41.55,2026-02-04,Contínuo,14.39210253,7,5.93571429,0.24246623,2026-01-01,2026-05-25
"Varias Influs - VM","[C] [LM - TESTE] [ABO]","ADS 1",https://www.denavita.com.br/pages/vinagre-maca-gomas,Vídeo,inactive,920,1014,1.10217391,,,,41.3,2026-02-19,Contínuo,40.72978304,16,2.58125,1.57790927,2026-01-01,2026-05-25
"[TESTE PB FECHADO]","[C] [LM - TESTE] [ABO]","AD - EVELYN",http://lm1.denavita.com.br/,Imagem,inactive,1054,1173,1.11290323,,,,40.79,2026-05-22,Contínuo,34.77408355,7,5.82714286,0.59676044,2026-01-01,2026-05-25
"[COENZIMA] [RMKT]","[C] [VARIOS PRODUTO] [ABO] [BID]",ADS,http://www.denavita.com.br/pages/coenzimaq10,Vídeo,not_delivering,1053,1576,1.49667616,,,,40.55,2026-05-10,Contínuo,25.72969543,121,0.33512397,7.67766497,2026-01-01,2026-05-25
"[PUBLICO ENG.] [DR]","[C] [TONS] [PB DR]","AD - TOFU",https://denavita.com.br/pages/tons-clareador-de-pele,Vídeo,inactive,1034,1206,1.16634429,,,,40.3303029,2025-06-20,Contínuo,33.44137885,35,1.15229437,2.90215589,2026-01-01,2026-05-25
[RMK],"[C] [JEJOOM] [CBO]","AD - NIVER",http://denavita.com.br/pages/jejoom-denavita,Imagem,inactive,1503,2164,1.43978709,,,,40.18,2026-04-17,Contínuo,18.56746765,25,1.6072,1.15526802,2026-01-01,2026-05-25
"Influ Rachel - Kit","[C] [LM - TESTE] [ABO]",AD1,https://www.denavita.com.br/products/kit-vida-fit,Vídeo,not_delivering,966,1125,1.16459627,,,,39.04,2026-03-12,Contínuo,34.70222222,12,3.25333333,1.06666667,2026-01-01,2026-05-25
"Influ Morgana - Jejoom","[C] [LM - TESTE] [ABO]",ADS9,https://jejoom.denavita.com.br/,Vídeo,inactive,961,1068,1.11134235,,,,38.43,2026-03-02,Contínuo,35.98314607,15,2.562,1.40449438,2026-01-01,2026-05-25
"Lm Perfil Novo","[C] [LM - TESTE] [ABO]","AD - MOFU — Cópia",https://www.denavita.com.br/pages/laranja-moro?utm_source=Influenciador&utm_campaign=Luciana+Moraes+-+performance&utm_content=laranja+moro,Vídeo,not_delivering,1560,3477,2.22884615,,,,38.09,2025-11-03,Contínuo,10.95484613,1253,0.03039904,36.03681334,2026-01-01,2026-05-25
"[PUBLICO ABERTO]","[C] [TONS] [PB ABERTO] [TESTE BID CAP]","ADS - ASIATICA — Cópia | Pausado sem checkout e sem conversões",https://denavita.com.br/pages/tons-clareador-de-pele,Vídeo,archived,1857,2035,1.09585353,,,,37.65,2026-03-16,Contínuo,18.5012285,39,0.96538462,1.91646192,2026-01-01,2026-05-25
"Evelyn Regly - LM","[C] [LM - TESTE] [ABO]","ADS 1",http://denavita.com.br/pages/laranja-moro,Vídeo,not_delivering,1095,1382,1.26210046,"Compras no site",1,37.06,37.06,2026-02-01,Contínuo,26.81620839,17,2.18,1.2301013,2026-01-01,2026-05-25
"Influ Lari - Jejoom","[C] [LM - TESTE] [ABO]",AD5,http://www.denavita.com.br/pages/jejoom-denavita,Vídeo,not_delivering,1114,1413,1.26840215,,,,36.91,2026-02-12,Contínuo,26.12172682,17,2.17117647,1.20311394,2026-01-01,2026-05-25
"Arte Organica - VM","[C] [LM - TESTE] [ABO]","ADS1 - VM",https://www.denavita.com.br/pages/vinagre-maca-gomas,Imagem,archived,936,1115,1.19123932,,,,36.81,2026-02-18,Contínuo,33.01345291,10,3.681,0.89686099,2026-01-01,2026-05-25
"[PUBLICO ABERTO]","[C] [TONS] [PB ABERTO] [TESTE BID CAP]","AD1 - VERAO — Cópia | Pausado sem checkout e sem conversões",https://www.denavita.com.br/pages/tons-clareador-de-pele,Imagem,archived,2468,3263,1.32212318,"Compras no site",2,18.06,36.12,2026-03-16,Contínuo,11.06956788,16,2.2575,0.49034631,2026-01-01,2026-05-25
"TONS TESTE","[C] [TONS] [PB DR]","AD - MOFU 1",https://www.denavita.com.br/pages/tons-clareador-de-pele,Vídeo,not_delivering,687,943,1.37263464,"Compras no site",0,,35.97,2026-04-06,Contínuo,38.14422057,59,0.60966102,6.25662778,2026-01-01,2026-05-25
Jejoom,"[C] [LM - TESTE] [ABO]","ADS1 - 18-02",https://jejoom.denavita.com.br/,Imagem,not_delivering,1068,1263,1.18258427,,,,35.73,2026-02-18,Contínuo,28.28978622,12,2.9775,0.95011876,2026-01-01,2026-05-25
"Influ Morgana - Jejoom","[C] [LM - TESTE] [ABO]",ADS8,https://jejoom.denavita.com.br/,Vídeo,inactive,857,1044,1.21820303,"Compras no site",1,35.55,35.55,2026-03-02,Contínuo,34.05172414,115,0.30913043,11.01532567,2026-01-01,2026-05-25
"teste publico novo - bid","[C] [LM - TESTE] [ABO]","ADS 4",https://track.denavita.com.br/0ksqdzlnmv/,Vídeo,not_delivering,953,1122,1.17733473,,,,34.83825798,2026-02-19,Contínuo,31.05014081,15,2.32255053,1.3368984,2026-01-01,2026-05-25
"[RMKT LARANJA MORO-REATIVAÇÃO BASE QUENTE]","[C] [LM - RMKT] [ADV. ABO]","AD - EVELYN NVIER",https://www.denavita.com.br/products/laranja-moro-cafe-verde-e-cromo-30-caps?utm_source=Influenciador&utm_campaign=Evelyn+Regly+-+performance&utm_content=Laranja+Moro&_pos=1&_sid=464449d27&_ss=r,Vídeo,not_delivering,671,786,1.17138599,,,,34.24,2025-10-13,Contínuo,43.56234097,7,4.89142857,0.89058524,2026-01-01,2026-05-25
"Influ Evelyn - Vm","[C] [LM - TESTE] [ABO]","ADS 3",https://www.denavita.com.br/pages/vinagre-maca-gomas,Vídeo,not_delivering,1198,1412,1.17863105,,,,34.18,2026-01-29,Contínuo,24.20679887,14,2.44142857,0.99150142,2026-01-01,2026-05-25
"Influ Sabrina 2 - Lm","[C] [LM - TESTE] [ABO]","ADS 2 - SABRINA",https://track.denavita.com.br/8n7ypvre43/,Vídeo,archived,1242,1370,1.10305958,,,,33.9,2026-02-05,Contínuo,24.74452555,14,2.42142857,1.02189781,2026-01-01,2026-05-25
[RMK],"[C] [JEJOOM] [CBO]","AD - TACI",http://denavita.com.br/pages/jejoom-denavita?utm_source=Influenciador&utm_campaign=Taciane+Eduarda+-+performance&utm_content=Jejoom,Vídeo,active,1100,1347,1.22454545,,,,33.77,2026-04-17,Contínuo,25.0705271,84,0.40202381,6.23608018,2026-01-01,2026-05-25
"[VINAGRE] [RMKT]","[C] [VARIOS PRODUTO] [ABO] [BID]","ADS 2 — Cópia",https://www.denavita.com.br/pages/vinagre-maca-gomas,Imagem,inactive,502,562,1.11952191,,,,33.21,2026-01-20,Contínuo,59.09252669,4,8.3025,0.71174377,2026-01-01,2026-05-25
"[RMKT LARANJA MORO-REATIVAÇÃO BASE QUENTE]","[C] [LM - RMKT] [ADV. ABO]","AD - MOFU ISA NOGUEIRA  REFAÇÃO 17-05",https://www.denavita.com.br/pages/laranja-moro?utm_source=Influenciador&utm_campaign=Isa+Nogueira+-+performance&utm_content=laranja+moro,Vídeo,inactive,711,794,1.11673699,,,,33.19,2025-10-13,Contínuo,41.80100756,8,4.14875,1.00755668,2026-01-01,2026-05-25
"[BM JADE]","[C] [LM - TESTE] [ABO]","AD - JADE TOFU",https://www.denavita.com.br/pages/lm1?utm_source=Influenciador&utm_campaign=Jade+Seba+-+Performance&utm_content=Laranja+Moro,Vídeo,inactive,2465,2593,1.05192698,,,,33.1545729,2026-04-17,Contínuo,12.78618315,11,3.01405208,0.42421905,2026-01-01,2026-05-25
"Evelyn Regly BM - LM","[C] [LM - TESTE] [ABO]","ADS 7",http://lm1.denavita.com.br/,Vídeo,not_delivering,1010,1180,1.16831683,,,,32.89,2026-02-04,Contínuo,27.87288136,7,4.69857143,0.59322034,2026-01-01,2026-05-25
"[TRIO MAG] [RMKT]","[C] [VARIOS PRODUTO] [ABO] [BID]","AD - BOFU RMKT54 17-05",https://www.denavita.com.br/products/trio-magnesio?pb=0?utm_source=Influenciador&utm_campaign=Meta+performance&utm_content=meta+performance,Imagem,not_delivering,959,1115,1.16266945,"Compras no site",1,32.88,32.88,2026-05-17,Contínuo,29.48878924,16,2.055,1.43497758,2026-01-01,2026-05-25
"Influ Lari - Jejoom","[C] [LM - TESTE] [ABO]",AD3,http://www.denavita.com.br/pages/jejoom-denavita,Vídeo,not_delivering,1331,1552,1.16604057,"Compras no site",1,32.43,32.43,2026-02-12,Contínuo,20.89561856,16,2.026875,1.03092784,2026-01-01,2026-05-25
"[INOSITOL] [RMKT]","[C] [VARIOS PRODUTO] [ABO] [BID]","AD - BOFU RMKT1 17-05",https://www.denavita.com.br/products/magnesio-inositol?utm_source=Influenciador&utm_campaign=Meta+performance&utm_content=meta+performance,Imagem,not_delivering,843,1121,1.32977461,,,,32.26,2026-05-17,Contínuo,28.7778769,15,2.15066667,1.33809099,2026-01-01,2026-05-25
"[MOFU] [TIK TOK] - TESTE ATÉ 20-05","[C] [LM - TESTE] [ABO]","AD - MOFU teste ate 08-05",https://www.denavita.com.br/pages/laranja-moro?utm_source=Influenciador&utm_campaign=Luciana+Moraes+-+performance&utm_content=laranja+moro,Vídeo,inactive,454,509,1.12114537,,,,32.21,2026-05-17,Contínuo,63.28094303,4,8.0525,0.78585462,2026-01-01,2026-05-25
"Arte Organica - VM","[C] [LM - TESTE] [ABO]","ADS2 - VM",https://www.denavita.com.br/pages/vinagre-maca-gomas,Imagem,archived,766,938,1.22454308,,,,31.67,2026-02-18,Contínuo,33.76332623,17,1.86294118,1.81236674,2026-01-01,2026-05-25
"LP - 2","[C] [LM - PRINCIPAL][EX. BASE] [ADV. +] [CBO]","Rmkt Dani 2 — Cópia",https://lm2.denavita.com.br/,Imagem,archived,1330,1399,1.0518797,"Compras no site",2,15.78913444,31.57826889,2026-01-19,Contínuo,22.57202923,16,1.97364181,1.14367405,2026-01-01,2026-05-25
"[MOFU] [TIK TOK] - TESTE ATÉ 20-05","[C] [LM - TESTE] [ABO]","AD -2",https://www.denavita.com.br/pages/laranja-moro?utm_source=Influenciador&utm_campaign=Luciana+Moraes+-+performance&utm_content=laranja+moro,Vídeo,not_delivering,507,627,1.23668639,,,,31.34,2026-05-17,Contínuo,49.98405104,59,0.53118644,9.40988836,2026-01-01,2026-05-25
"[PUBLICO ABERTO]","[C] [TESTE LP]","ADS - DANI — Cópia",https://lm1.denavita.com.br/?utm_campaign=lplaranjamoroum&utm_content=Laranja+Moro&utm_source=performance,Imagem,archived,6292,6451,1.02527018,,,,31.22,2026-02-24,Contínuo,4.83955976,28,1.115,0.43404123,2026-01-01,2026-05-25
"Influ Raiza 2","[C] [LM - TESTE] [ABO]","ADS 3",http://lm1.denavita.com.br/,Vídeo,not_delivering,1150,1445,1.25652174,"Compras no site",1,31.03,31.03,2026-01-29,Contínuo,21.47404844,24,1.29291667,1.66089965,2026-01-01,2026-05-25
"ABER. — Cópia | Pausado checkout caro","[C] [TONS] [PB ABERTO] [TESTE BID CAP]","ADS 3 - MES DO CLIENTE — Cópia",https://denavita.com.br/pages/tons-clareador-de-pele,Imagem,archived,932,1027,1.10193133,,,,30.43,2026-03-16,Contínuo,29.62999026,18,1.69055556,1.7526777,2026-01-01,2026-05-25
"LP NOVA","[C] [TONS] [PB DR]","AD - BOFU — Cópia",https://denavita.com.br/pages/tons-clareador-de-pele,Imagem,not_delivering,1207,1503,1.24523612,"Compras no site",2,15.175,30.35,2026-02-09,Contínuo,20.19294744,17,1.78529412,1.13107119,2026-01-01,2026-05-25
EVELIN,"[C] [LM - TESTE] [ABO]","AD - EVELYN",http://www.denavita.com.br/pages/laranja-moro?utm_source=Influenciador&utm_campaign=Evelyn+Regly+-+performance&utm_content=Laranja+Moro,Vídeo,active,1454,1628,1.11966988,,,,29.98071386,2026-05-18,Contínuo,18.4156719,12,2.49839282,0.73710074,2026-01-01,2026-05-25
"Influ Lari - Jejoom","[C] [LM - TESTE] [ABO]","ADS - LARI 2",https://jejoom1.denavita.com.br/,Vídeo,not_delivering,664,748,1.12650602,,,,29.83,2026-02-12,Contínuo,39.87967914,6,4.97166667,0.80213904,2026-01-01,2026-05-25
"[CAMPANHA AQUISIÇÃO]","[C] [JEJOOM] [CBO]","ARTE 2 MES CLIENTE — Cópia",http://denavita.com.br/pages/jejoom-denavita,Imagem,inactive,1038,1417,1.36512524,,,,29.79,2025-10-13,Contínuo,21.02328864,7,4.25571429,0.49400141,2026-01-01,2026-05-25
"Influ Raiza - VM","[C] [LM - TESTE] [ABO]","ADS 1",https://www.denavita.com.br/pages/vinagre-maca-gomas,Vídeo,not_delivering,1290,1552,1.20310078,"Compras no site",2,14.775,29.55,2026-02-19,Contínuo,19.03994845,11,2.68636364,0.70876289,2026-01-01,2026-05-25
EVELIN,"[C] [LM - TESTE] [ABO]","AD -  EVELYN",https://www.denavita.com.br/pages/laranja-moro?utm_source=Influenciador&utm_campaign=Evelyn+Regly+-+performance&utm_content=Laranja+Moro,Vídeo,active,1247,1389,1.1138733,,,,29.51,2026-05-18,Contínuo,21.24550036,15,1.96733333,1.07991361,2026-01-01,2026-05-25
"Influ Lari - Jejoom","[C] [LM - TESTE] [ABO]",AD4,http://www.denavita.com.br/pages/jejoom-denavita,Vídeo,not_delivering,915,1072,1.1715847,"Compras no site",1,29.45,29.45,2026-02-12,Contínuo,27.47201493,18,1.63611111,1.67910448,2026-01-01,2026-05-25
ABER.,"[C] [TONS] [PB ABERTO] [TESTE BID CAP]","ADS 3 - MES DO CLIENTE — Cópia",https://denavita.com.br/pages/tons-clareador-de-pele,Imagem,archived,852,949,1.11384977,,,,29.17,2026-03-16,Contínuo,30.73761855,12,2.43083333,1.26448894,2026-01-01,2026-05-25
"[TOFU] [TIK TOK] [EXCLUSAÕ BASE] [BID 60] - TESTE ATÉ 20-05","[C] [LM - TESTE] [ABO]","AD - 8",https://www.denavita.com.br/pages/laranja-moro?utm_source=Influenciador&utm_campaign=Luciana+Moraes+-+performance&utm_content=laranja+moro,Vídeo,not_delivering,2262,2601,1.14986737,,,,28.9,2026-03-12,Contínuo,11.11111111,19,1.52105263,0.73048827,2026-01-01,2026-05-25
"[TOFU] [TIK TOK] [EXCLUSAÕ BASE] [BID 60] - TESTE ATÉ 20-05","[C] [LM - TESTE] [ABO]","AD - 8",https://www.denavita.com.br/pages/laranja-moro?utm_source=Influenciador&utm_campaign=Luciana+Moraes+-+performance&utm_content=laranja+moro,Vídeo,not_delivering,1840,2192,1.19130435,,,,28.66,2026-03-12,Contínuo,13.07481752,40,0.7165,1.82481752,2026-01-01,2026-05-25
"Influ Morgana - Jejoom","[C] [LM - TESTE] [ABO]",ADS4,https://jejoom.denavita.com.br/,Vídeo,inactive,431,492,1.14153132,,,,28.25,2026-03-02,Contínuo,57.41869919,10,2.825,2.03252033,2026-01-01,2026-05-25
"Influ Sabrina - Tons","[C] [LM - TESTE] [ABO]","ADS 1 - SABRINA",https://denavita.com.br/pages/tons-clareador-de-pele,Vídeo,inactive,822,949,1.15450122,,,,27.93,2026-02-09,Contínuo,29.43097998,11,2.53909091,1.15911486,2026-01-01,2026-05-25
"[PUBLICO ENG.] [DR]","[C] [TONS] [PB ABERTO] [TESTE BID CAP]","AD1 - VERAO — Cópia",https://www.denavita.com.br/pages/tons-clareador-de-pele,Imagem,archived,661,792,1.19818457,,,,27.91,2026-03-16,Contínuo,35.23989899,2,13.955,0.25252525,2026-01-01,2026-05-25
"ABER. — Cópia | Pausado checkout caro","[C] [TONS] [PB ABERTO] [TESTE BID CAP]","ADS - ASIATICA — Cópia",https://denavita.com.br/pages/tons-clareador-de-pele,Vídeo,archived,1081,1099,1.01665125,,,,27.87,2026-03-16,Contínuo,25.35941765,18,1.54833333,1.63785259,2026-01-01,2026-05-25
"[VINAGRE] [RMKT]","[C] [VARIOS PRODUTO] [ABO] [BID]","AD - TOFU",https://www.denavita.com.br/pages/vinagre-maca-gomas?utm_source=Influenciador&utm_campaign=Meta+performance&utm_content=meta+performance,Vídeo,inactive,942,1195,1.26857749,,,,27.47,2026-01-20,Contínuo,22.9874477,40,0.68675,3.34728033,2026-01-01,2026-05-25
"[VINAGRE] [RMKT]","[C] [VARIOS PRODUTO] [ABO] [BID]","AD3 — Cópia",https://www.denavita.com.br/pages/vinagre-maca-gomas,Vídeo,inactive,246,290,1.17886179,,,,27.14,2026-01-20,Contínuo,93.5862069,7,3.87714286,2.4137931,2026-01-01,2026-05-25
"[INOSITOL] [RMKT]","[C] [VARIOS PRODUTO] [ABO] [BID]","AD - BOFU RMKT3 17-05",https://www.denavita.com.br/products/magnesio-inositol?utm_source=Influenciador&utm_campaign=Meta+performance&utm_content=meta+performance,Imagem,not_delivering,731,894,1.22298222,,,,26.98,2026-05-17,Contínuo,30.17897092,25,1.0792,2.79642058,2026-01-01,2026-05-25
"[COENZIMA] [RMKT]","[C] [VARIOS PRODUTO] [ABO] [BID]",ADS,http://www.denavita.com.br/pages/coenzimaq10,Imagem,inactive,972,1188,1.22222222,,,,26.42300296,2026-05-10,Contínuo,22.24158498,10,2.6423003,0.84175084,2026-01-01,2026-05-25
"[TESTE PB FECHADO ANA ELISA]","[C] [LM - TESTE] [ABO]","AD - ANA ELISA MOFU — Cópia",https://www.denavita.com.br/pages/laranja-moro?utm_source=Influenciador&utm_campaign=Ana+Elisa+Fitfoodmenu+-+performance&utm_content=Laranja+Moro,Vídeo,active,711,817,1.14908579,,,,26.36735892,2026-05-23,Contínuo,32.27338913,26,1.01412919,3.18237454,2026-01-01,2026-05-25
"[TRIO MAG] [RMKT]","[C] [VARIOS PRODUTO] [ABO] [BID]","AD - BOFU RMKT1 17-05",https://www.denavita.com.br/products/trio-magnesio?pb=0?utm_source=Influenciador&utm_campaign=Meta+performance&utm_content=meta+performance,Imagem,not_delivering,671,867,1.29210134,,,,25.86,2026-05-17,Contínuo,29.82698962,10,2.586,1.15340254,2026-01-01,2026-05-25
"Evelyn Regly BM - LM","[C] [LM - TESTE] [ABO]","AD - EVELYN NIVER 2",https://lm1.denavita.com.br/?utm_source=Influenciador&utm_campaign=Evelyn+Regly+-+performance&utm_content=Laranja+Moro&_pos=1&_sid=464449d27&_ss=r,Vídeo,not_delivering,966,1112,1.15113872,,,,25.31,2026-02-04,Contínuo,22.76079137,2,12.655,0.17985612,2026-01-01,2026-05-25
"Influ Raiza 2","[C] [LM - TESTE] [ABO]","ADS 3",http://denavita.com.br/pages/laranja-moro,Vídeo,not_delivering,813,969,1.19188192,,,,25.24,2026-01-29,Contínuo,26.04747162,7,3.60571429,0.72239422,2026-01-01,2026-05-25
"[CAMPANHA AQUISIÇÃO]","[C] [JEJOOM] [CBO]","AD - LARI",http://denavita.com.br/pages/jejoom-denavita?utm_source=Influenciador&utm_campaign=Larissa+Weissheimer+-+performance&utm_content=jejoom,Vídeo,inactive,955,1143,1.19685864,,,,25.14,2025-10-13,Contínuo,21.99475066,6,4.19,0.52493438,2026-01-01,2026-05-25
"Arte Org - Digestino","[C] [LM - TESTE] [ABO]","ADS1 - 18-02",https://www.denavita.com.br/pages/digestino,Imagem,inactive,921,1076,1.16829533,"Compras no site",1,25.07,25.07,2026-02-18,Contínuo,23.29925651,15,1.67133333,1.39405204,2026-01-01,2026-05-25
"[PUBLICO ENG.] [DR]","[C] [TONS] [PB ABERTO] [TESTE BID CAP]",tons_dr-ursinho-melasma2-13-10-2025,https://www.denavita.com.br/pages/tons-clareador-de-pele,Vídeo,archived,609,716,1.17569787,,,,24.94,2026-03-16,Contínuo,34.83240223,14,1.78142857,1.95530726,2026-01-01,2026-05-25
[RMK],"[C] [JEJOOM] [CBO]","AD - TACI 3",http://denavita.com.br/pages/jejoom-denavita?utm_source=Influenciador&utm_campaign=Taciane+Eduarda+-+performance&utm_content=Jejoom,Vídeo,active,773,1057,1.36739974,,,,24.62,2026-04-17,Contínuo,23.2923368,89,0.27662921,8.42005676,2026-01-01,2026-05-25
"[COENZIMA] [RMKT]","[C] [VARIOS PRODUTO] [ABO] [BID]","AD - RMKT",https://www.denavita.com.br/products/coenzima-q10-omega-3-e-selenio-30-caps,Imagem,inactive,987,1202,1.21783181,,,,24.6,2026-05-10,Contínuo,20.46589018,12,2.05,0.99833611,2026-01-01,2026-05-25
"[PUBLICO ENG.] [DR]","[C] [TONS] [PB ABERTO] [TESTE BID CAP]","ADS 3 - MES DO CLIENTE",https://denavita.com.br/pages/tons-clareador-de-pele,Imagem,archived,1066,1213,1.13789869,,,,24.55,2026-03-16,Contínuo,20.23907667,4,6.1375,0.32976092,2026-01-01,2026-05-25
"Evelyn Regly BM - LM","[C] [LM - TESTE] [ABO]","AD - EVELYN NIVER",https://lm1.denavita.com.br/?utm_source=Influenciador&utm_campaign=Evelyn+Regly+-+performance&utm_content=Laranja+Moro&_pos=1&_sid=464449d27&_ss=r,Vídeo,not_delivering,937,1040,1.10992529,,,,24.45,2026-02-04,Contínuo,23.50961538,8,3.05625,0.76923077,2026-01-01,2026-05-25
"[PUBLICO ABERTO]","[C] [TONS] [PB ABERTO] [TESTE BID CAP]","ADS 3 - MES DO CLIENTE",https://denavita.com.br/pages/tons-clareador-de-pele,Imagem,archived,1789,2173,1.21464505,,,,24.35,2026-03-16,Contínuo,11.2057064,6,4.05833333,0.27611597,2026-01-01,2026-05-25
"[CAMPANHA AQUISIÇÃO]","[C] [JEJOOM] [CBO]","AD - SABRINA",http://www.denavita.com.br/pages/jejoom-denavita,Vídeo,inactive,2120,2341,1.10424528,,,,24.02,2025-10-13,Contínuo,10.2605724,19,1.26421053,0.81161897,2026-01-01,2026-05-25
"[RMKT LARANJA MORO-REATIVAÇÃO BASE QUENTE]","[C] [LM - RMKT] [ADV. ABO]","AD - MOFU EVELYN  REFAÇÃO 17-05",https://www.denavita.com.br/pages/laranja-moro?utm_source=Influenciador&utm_campaign=Evelyn+Regly+-+performance&utm_content=Laranja+Moro,Vídeo,active,531,566,1.06591337,"Compras no site",1,23.88,23.88,2025-10-13,Contínuo,42.19081272,11,2.17090909,1.9434629,2026-01-01,2026-05-25
"[PUBLICO ENG.]","[C] [VM] [CAPTAÇÃO LEAD] [LANÇAMENTO]",AD4,https://www.denavita.com.br/pages/conheca-novo-produto,Imagem,not_delivering,2097,2164,1.03195041,"Leads no site",2,11.895,23.79,2026-01-14,Contínuo,10.9935305,31,0.76741935,1.43253235,2026-01-01,2026-05-25
"[VINAGRE] [RMKT]","[C] [VARIOS PRODUTO] [ABO] [BID]",AD14,https://www.denavita.com.br/pages/vinagre-maca-gomas,Vídeo,inactive,486,537,1.10493827,"Compras no site",1,23.6,23.6,2026-01-20,Contínuo,43.94785847,10,2.36,1.86219739,2026-01-01,2026-05-25
"Influ Raiza","[C] [LM - TESTE] [ABO]","Criativo Versão 1 - Raiza 29/12",http://denavita.com.br/pages/laranja-moro,Vídeo,archived,893,1059,1.18589026,,,,23.14,2025-10-22,Contínuo,21.85080264,7,3.30571429,0.66100094,2026-01-01,2026-05-25
"TONS TESTE","[C] [TONS] [PB DR]","AD - BOFU — Cópia",https://denavita.com.br/pages/tons-clareador-de-pele,Imagem,not_delivering,593,632,1.06576728,,,,22.96,2026-04-06,Contínuo,36.32911392,8,2.87,1.26582278,2026-01-01,2026-05-25
"Lm Perfil Novo","[C] [LM - TESTE] [ABO]","Criativo 1 - Brenda 29/12 — Cópia",http://www.denavita.com.br/pages/laranja-moro,"Imagem e vídeo",not_delivering,929,1192,1.28310011,,,,22.94,2025-11-03,Contínuo,19.24496644,67,0.34238806,5.62080537,2026-01-01,2026-05-25
ABER.,"[C] [TONS] [PB ABERTO] [TESTE BID CAP]","ADS 3 - MES DO CLIENTE",https://denavita.com.br/pages/tons-clareador-de-pele,Imagem,archived,2046,2707,1.3230694,,,,22.56,2026-03-16,Contínuo,8.33394902,4,5.64,0.14776505,2026-01-01,2026-05-25
"Influ Isadora N. - Lm","[C] [LM - TESTE] [ABO]","ADS 1",http://www.denavita.com.br/pages/laranja-moro,Vídeo,archived,940,1092,1.16170213,,,,22.51,2026-01-23,Contínuo,20.61355311,8,2.81375,0.73260073,2026-01-01,2026-05-25
"[PUBLICO ENG.] [DR]","[C] [TONS] [PB ABERTO] [TESTE BID CAP]","ADS 2 - 18-02",https://denavita.com.br/pages/tons-clareador-de-pele,Imagem,archived,567,603,1.06349206,,,,22.47,2026-03-16,Contínuo,37.26368159,4,5.6175,0.66334992,2026-01-01,2026-05-25
"[PUBLICO ENG.] [DR]","[C] [TONS] [PB DR]","AD - BOFU",https://www.denavita.com.br/pages/tons-clareador-de-pele,Imagem,active,459,492,1.07189542,,,,22.05678094,2025-06-20,Contínuo,44.83085557,8,2.75709762,1.62601626,2026-01-01,2026-05-25
"Arte Organica - Q10","[C] [LM - TESTE] [ABO]","ADS1 - Q10",http://www.denavita.com.br/pages/coenzimaq10,Imagem,not_delivering,597,720,1.20603015,,,,22,2026-02-18,Contínuo,30.55555556,12,1.83333333,1.66666667,2026-01-01,2026-05-25
Jejoom,"[C] [LM - TESTE] [ABO]","ADS2 - 18-02",https://jejoom.denavita.com.br/,Imagem,not_delivering,746,797,1.06836461,,,,21.97,2026-02-18,Contínuo,27.56587202,11,1.99727273,1.38017566,2026-01-01,2026-05-25
"[VINAGRE] [RMKT]","[C] [VARIOS PRODUTO] [ABO] [BID]","AD - ORG TOFU",https://www.denavita.com.br/pages/vinagre-maca-gomas?utm_source=Influenciador&utm_campaign=Meta+performance&utm_content=meta+performance,Imagem,inactive,349,400,1.14613181,,,,20.82,2026-01-20,Contínuo,52.05,6,3.47,1.5,2026-01-01,2026-05-25
"[TOFU] [TIK TOK] [EXCLUSAÕ BASE] [BID 60] - TESTE ATÉ 20-05","[C] [LM - TESTE] [ABO]","AD - 6",https://www.denavita.com.br/pages/laranja-moro?utm_source=Influenciador&utm_campaign=Luciana+Moraes+-+performance&utm_content=laranja+moro,Vídeo,not_delivering,1069,1276,1.19363891,,,,20.71,2026-03-12,Contínuo,16.23040752,14,1.47928571,1.09717868,2026-01-01,2026-05-25
"[BOFU] [ADV+ ABERTO] [ESTATICO]","[C] [LM - TESTE] [ABO]",AD5,http://www.denavita.com.br/pages/laranja-moro?utm_source=Influenciador&utm_campaign=Dani+Winits+-+performance&utm_content=laranja+moro,Vídeo,not_delivering,2873,3065,1.0668291,,,,20.46170647,2026-02-25,Contínuo,6.67592381,10,2.04617065,0.32626427,2026-01-01,2026-05-25
"[INOSITOL] [RMKT]","[C] [VARIOS PRODUTO] [ABO] [BID]","AD - BOFU RMKT4 17-05",https://www.denavita.com.br/products/magnesio-inositol?utm_source=Influenciador&utm_campaign=Meta+performance&utm_content=meta+performance,Imagem,not_delivering,569,725,1.2741652,,,,20.25,2026-05-17,Contínuo,27.93103448,10,2.025,1.37931034,2026-01-01,2026-05-25
"[BM JADE]","[C] [LM - TESTE] [ABO]","AD - JADE TOFU — Cópia",https://www.denavita.com.br/pages/laranja-moro?utm_source=Influenciador&utm_campaign=Jade+Seba+-+Performance&utm_content=Laranja+Moro,Vídeo,not_delivering,1147,1324,1.15431561,,,,19.98977174,2026-04-17,Contínuo,15.09801491,35,0.57113634,2.64350453,2026-01-01,2026-05-25
"[PUBLICO ENG.] [DR]","[C] [TONS] [PB DR]","tons4_rmkt_20-10-2025 — Cópia",https://denavita.com.br/pages/tons-clareador-de-pele,Imagem,archived,635,700,1.1023622,,,,19.9,2025-06-20,Contínuo,28.42857143,8,2.4875,1.14285714,2026-01-01,2026-05-25
"[COENZIMA] [RMKT]","[C] [VARIOS PRODUTO] [ABO] [BID]","ADS DANI",https://www.denavita.com.br/products/coenzima-q10-omega-3-e-selenio-30-caps,Imagem,inactive,953,1059,1.1112277,,,,19.87,2026-05-10,Contínuo,18.76298395,6,3.31166667,0.56657224,2026-01-01,2026-05-25
"[PUBLICO ENG.] [DR]","[C] [TONS] [PB DR]",tons_dr-ursinho_video-reels_10-07-2025_esse-e-o-futuro-do-skin,https://denavita.com.br/pages/tons-clareador-de-pele,Vídeo,inactive,576,634,1.10069444,,,,19.77982391,2025-06-20,Contínuo,31.19846042,18,1.09887911,2.83911672,2026-01-01,2026-05-25
"LP - TOPO LM","[C] [LM - PRINCIPAL][EX. BASE] [ADV. +] [CBO]","ADS - ANA ELISA 2",https://lm.denavita.com.br/,Vídeo,archived,828,1069,1.2910628,,,,19.69,2026-02-06,Contínuo,18.41908326,5,3.938,0.46772685,2026-01-01,2026-05-25
"[PUBLICO ENG.] [DR]","[C] [TONS] [PB DR]","tons2_rmkt_01-09-2025 — Cópia",https://denavita.com.br/pages/tons-clareador-de-pele,Imagem,archived,890,989,1.11123596,"Compras no site",1,19.6,19.6,2025-06-20,Contínuo,19.81799798,12,1.63333333,1.21334681,2026-01-01,2026-05-25
"[VINAGRE] [RMKT]","[C] [VARIOS PRODUTO] [ABO] [BID]",AD3,https://www.denavita.com.br/pages/conheca-novo-produto,Imagem,inactive,942,1023,1.08598726,,,,19.46,2026-01-20,Contínuo,19.02248289,24,0.81083333,2.34604106,2026-01-01,2026-05-25
"[VINAGRE] [RMKT]","[C] [VARIOS PRODUTO] [ABO] [BID]","ADS 2 - INGRID VM — Cópia",https://www.denavita.com.br/pages/vinagre-maca-gomas,Vídeo,inactive,290,335,1.15517241,,,,19.27,2026-01-20,Contínuo,57.52238806,10,1.927,2.98507463,2026-01-01,2026-05-25
"Arte Organica - VM","[C] [LM - TESTE] [ABO]","ADS3 - VM",https://www.denavita.com.br/pages/vinagre-maca-gomas,Imagem,archived,476,520,1.09243697,,,,18.67,2026-02-18,Contínuo,35.90384615,8,2.33375,1.53846154,2026-01-01,2026-05-25
"Influ Mi Ruback - Lm","[C] [LM - TESTE] [ABO]","ADS 4",http://www.denavita.com.br/pages/laranja-moro,Vídeo,archived,710,881,1.24084507,,,,18.62,2026-01-23,Contínuo,21.13507378,13,1.43230769,1.47559591,2026-01-01,2026-05-25
"TESTE RACHEL ATE 21-03","[C] [LM - PRINCIPAL] - [PLANO B] 2 TESTE",AD3,http://www.denavita.com.br/pages/laranja-moro,Vídeo,archived,1497,1936,1.29325317,"Compras no site",1,18.56,18.56,2026-03-17,Contínuo,9.58677686,19,0.97684211,0.98140496,2026-01-01,2026-05-25
"Influ Sabrina 2 - Lm","[C] [LM - TESTE] [ABO]","ADS 2 - SABRINA",https://lm1.denavita.com.br/,Vídeo,archived,527,588,1.11574953,,,,18.45,2026-02-05,Contínuo,31.37755102,3,6.15,0.51020408,2026-01-01,2026-05-25
"Arte Organica - Q10","[C] [LM - TESTE] [ABO]","ADS2- Q10",http://www.denavita.com.br/pages/coenzimaq10,Imagem,not_delivering,418,455,1.08851675,,,,18.36,2026-02-18,Contínuo,40.35164835,9,2.04,1.97802198,2026-01-01,2026-05-25
"[COENZIMA] [RMKT]","[C] [VARIOS PRODUTO] [ABO] [BID]","AD - RMKT 4",https://www.denavita.com.br/products/coenzima-q10-omega-3-e-selenio-30-caps?_pos=1&_sid=ab86d182c&_ss=r,Imagem,not_delivering,356,415,1.16573034,"Compras no site",1,18.24,18.24,2026-05-10,Contínuo,43.95180723,4,4.56,0.96385542,2026-01-01,2026-05-25
"[TESTE PB FECHADO JADE]","[C] [LM - TESTE] [ABO]","AD - JADE TOFU — Cópia — Cópia",https://www.denavita.com.br/pages/lm1?utm_source=Influenciador&utm_campaign=Jade+Seba+-+Performance&utm_content=Laranja+Moro,Vídeo,active,513,520,1.01364522,,,,18.07814114,2026-05-23,Contínuo,34.76565605,4,4.51953529,0.76923077,2026-01-01,2026-05-25
"Evelyn Regly BM - LM","[C] [LM - TESTE] [ABO]","ADS 3",http://denavita.com.br/pages/laranja-moro,Vídeo,inactive,1432,1498,1.04608939,,,,17.98,2026-02-04,Contínuo,12.00267023,11,1.63454545,0.73431242,2026-01-01,2026-05-25
"Influ Evelyn - Vm 2","[C] [LM - TESTE] [ABO]","ADS 2",https://www.denavita.com.br/pages/vinagre-maca-gomas,Vídeo,inactive,524,651,1.24236641,,,,17.91,2026-02-02,Contínuo,27.51152074,6,2.985,0.92165899,2026-01-01,2026-05-25
"[HIBRIDO] [ESTATICO ORG.] [BID 60]","[C] [LM - TESTE] [ABO]","AD3 -",https://www.denavita.com.br/pages/laranja-moro?utm_source=Influenciador&utm_campaign=Raiza+Marinari&utm_content=Laranja+Moro,Vídeo,inactive,1277,1395,1.09240407,"Compras no site",1,16.91,16.91,2026-03-20,Contínuo,12.1218638,10,1.691,0.71684588,2026-01-01,2026-05-25
"[VINAGRE] [RMKT]","[C] [VARIOS PRODUTO] [ABO] [BID]","ADS 4 — Cópia",https://www.denavita.com.br/pages/vinagre-maca-gomas,Vídeo,inactive,317,339,1.06940063,,,,16.6,2026-01-20,Contínuo,48.96755162,12,1.38333333,3.53982301,2026-01-01,2026-05-25
"[AQUISIÇÃO]  [ADV. +]","[C] [LM - PRINCIPAL][EX. BASE] [ADV. +] [CBO]","AD - MOFU teste ate 08-05 — Cópia",https://www.denavita.com.br/pages/laranja-moro?utm_source=Influenciador&utm_campaign=Luciana+Moraes+-+performance&utm_content=laranja+moro,Vídeo,inactive,781,856,1.09603073,,,,16.58,2026-01-23,Contínuo,19.36915888,6,2.76333333,0.70093458,2026-01-01,2026-05-25
"TONS TESTE","[C] [TONS] [PB DR]","AD - TOFU 4",https://www.denavita.com.br/pages/tons-clareador-de-pele,Vídeo,inactive,222,240,1.08108108,,,,16.42,2026-04-06,Contínuo,68.41666667,11,1.49272727,4.58333333,2026-01-01,2026-05-25
"[EXCLUSÃO BASE] [ADV. +]","[C] [LM - PRINCIPAL][EX. BASE] [ADV. +] [CBO]","AD - LUCIANA MOFU",https://www.denavita.com.br/pages/laranja-moro?utm_source=Influenciador&utm_campaign=Luciana+Moraes+-+performance&utm_content=laranja+moro,Vídeo,inactive,854,1021,1.19555035,"Compras no site",1,16.13,16.13,2026-03-17,Contínuo,15.79823702,10,1.613,0.97943193,2026-01-01,2026-05-25
"[CAMPANHA AQUISIÇÃO]","[C] [JEJOOM] [CBO]","AD4 - ORGANICO",http://www.denavita.com.br/pages/jejoom-denavita,Imagem,inactive,699,739,1.05722461,,,,16,2025-10-13,Contínuo,21.65087957,7,2.28571429,0.94722598,2026-01-01,2026-05-25
[MOFU],"[C] [LM - PRINCIPAL] - [PLANO B] 2 TESTE","AD - TOFU",https://track.denavita.com.br/0ksqdzlnmv/,Vídeo,inactive,743,862,1.16016151,,,,15.86,2026-03-31,Contínuo,18.39907193,37,0.42864865,4.29234339,2026-01-01,2026-05-25
"Arte Organica - Digestino","[C] [LM - TESTE] [ABO]","ADS1 - 18-02",https://www.denavita.com.br/pages/digestino,Imagem,inactive,711,749,1.05344585,,,,15.80996217,2026-02-20,Contínuo,21.10809368,7,2.25856602,0.93457944,2026-01-01,2026-05-25
"TONS TESTE","[C] [TONS] [PB DR]","AD - MOFU 3",https://www.denavita.com.br/pages/tons-clareador-de-pele,Vídeo,not_delivering,371,473,1.27493261,,,,15.69,2026-04-06,Contínuo,33.17124736,39,0.40230769,8.24524313,2026-01-01,2026-05-25
"Influ Sabrina - Vm [Teste até 13-03]","[C] [LM - TESTE] [ABO]",ADS6,https://www.denavita.com.br/pages/vinagre-maca-gomas,Vídeo,archived,158,180,1.13924051,,,,15.49,2026-02-05,Contínuo,86.05555556,1,15.49,0.55555556,2026-01-01,2026-05-25
"[AQUISIÇÃO]  [ADV. +]","[C] [LM - PRINCIPAL][EX. BASE] [ADV. +] [CBO]","AD - MOFU teste ate 08-05 — Cópia",https://www.denavita.com.br/pages/laranja-moro?utm_source=Influenciador&utm_campaign=Luciana+Moraes+-+performance&utm_content=laranja+moro,Vídeo,inactive,613,706,1.15171289,,,,15.26,2026-01-23,Contínuo,21.61473088,6,2.54333333,0.84985836,2026-01-01,2026-05-25
"[MOFU] [TIK TOK] - TESTE ATÉ 20-05","[C] [LM - TESTE] [ABO]","AD - 4",https://www.denavita.com.br/pages/laranja-moro?utm_source=Influenciador&utm_campaign=Luciana+Moraes+-+performance&utm_content=laranja+moro,Vídeo,not_delivering,362,495,1.36740331,"Compras no site",2,7.355,14.71,2026-05-17,Contínuo,29.71717172,68,0.21632353,13.73737374,2026-01-01,2026-05-25
ABER.,"[C] [TONS] [PB ABERTO] [TESTE BID CAP]",tons_dr-ursinho-melasma4-13-10-2025,https://denavita.com.br/pages/tons-clareador-de-pele,Vídeo,archived,429,458,1.06759907,,,,14.23,2026-03-16,Contínuo,31.069869,2,7.115,0.43668122,2026-01-01,2026-05-25
"Influ Lari - Jejoom","[C] [LM - TESTE] [ABO]",AD5,http://www.denavita.com.br/pages/jejoom-denavita,Vídeo,not_delivering,418,459,1.09808612,,,,14.15,2026-02-12,Contínuo,30.82788671,12,1.17916667,2.61437908,2026-01-01,2026-05-25
"[TOFU] [TIK TOK] [EXCLUSAÕ BASE] [BID 60] - TESTE ATÉ 20-05","[C] [LM - TESTE] [ABO]","AD - 7",https://www.denavita.com.br/pages/laranja-moro?utm_source=Influenciador&utm_campaign=Luciana+Moraes+-+performance&utm_content=laranja+moro,Vídeo,not_delivering,1374,1564,1.13828239,,,,14.09,2026-03-12,Contínuo,9.00895141,7,2.01285714,0.44757033,2026-01-01,2026-05-25
"LP - 1","[C] [LM - PRINCIPAL][EX. BASE] [ADV. +] [CBO]","Rmkt Dani 2 — Cópia",https://lm1.denavita.com.br/,Imagem,archived,693,721,1.04040404,,,,13.95775784,2026-01-19,Contínuo,19.35888744,2,6.97887892,0.27739251,2026-01-01,2026-05-25
"[TOFU] [TIK TOK] [EXCLUSAÕ BASE] [BID 60] - TESTE ATÉ 20-05","[C] [LM - TESTE] [ABO]","AD -1",https://www.denavita.com.br/pages/laranja-moro?utm_source=Influenciador&utm_campaign=Luciana+Moraes+-+performance&utm_content=laranja+moro,Vídeo,not_delivering,945,1088,1.15132275,,,,13.8,2026-03-12,Contínuo,12.68382353,6,2.3,0.55147059,2026-01-01,2026-05-25
ABER.,"[C] [TONS] [PB ABERTO] [TESTE BID CAP]","tons 1 - 25-11",https://denavita.com.br/pages/tons-clareador-de-pele,Vídeo,archived,520,567,1.09038462,,,,13.53,2026-03-16,Contínuo,23.86243386,10,1.353,1.76366843,2026-01-01,2026-05-25
"[TOFU] [TIK TOK] [EXCLUSAÕ BASE] [BID 60] - TESTE ATÉ 20-05","[C] [LM - TESTE] [ABO]","AD - 9",https://www.denavita.com.br/pages/laranja-moro?utm_source=Influenciador&utm_campaign=Luciana+Moraes+-+performance&utm_content=laranja+moro,Vídeo,not_delivering,1398,1559,1.11516452,,,,13.43,2026-03-12,Contínuo,8.61449647,15,0.89533333,0.96215523,2026-01-01,2026-05-25
"[PUBLICO LARISSA]","[C] [JEJOOM] [CBO]","AD1 - ORGANICO — Cópia",http://www.denavita.com.br/pages/jejoom-denavita,Imagem,archived,436,460,1.05504587,,,,13.37,2025-10-13,Contínuo,29.06521739,6,2.22833333,1.30434783,2026-01-01,2026-05-25
"Influ Sabrina - LM TESTE TRAVA DE CPA","[C] [LM - TESTE] [ABO]","AD - TOFU",https://www.denavita.com.br/pages/laranja-moro?utm_source=Influenciador&utm_campaign=Maritza+-+performance&utm_content=laranja+moro,Vídeo,archived,1464,1884,1.28688525,"Compras no site",1,13.34,13.34,2025-10-22,Contínuo,7.08067941,7,1.90571429,0.37154989,2026-01-01,2026-05-25
"Arte Organica - VM","[C] [LM - TESTE] [ABO]","ADS2 - VM",https://www.denavita.com.br/pages/vinagre-maca-gomas,Imagem,not_delivering,415,445,1.07228916,,,,13.1,2026-02-20,Contínuo,29.43820225,8,1.6375,1.79775281,2026-01-01,2026-05-25
"[PUBLICO LARISSA]","[C] [JEJOOM] [CBO]","AD2 - ORGANICO — Cópia",http://www.denavita.com.br/pages/jejoom-denavita,Imagem,archived,509,543,1.06679764,,,,12.93,2025-10-13,Contínuo,23.8121547,8,1.61625,1.4732965,2026-01-01,2026-05-25
"TONS TESTE","[C] [TONS] [PB DR]","AD - MOFU 9",https://www.denavita.com.br/pages/tons-clareador-de-pele,Vídeo,not_delivering,253,297,1.17391304,,,,12.35,2026-04-06,Contínuo,41.58249158,6,2.05833333,2.02020202,2026-01-01,2026-05-25
"[TOFU] [TIK TOK] [EXCLUSAÕ BASE] [BID 60] - TESTE ATÉ 20-05","[C] [LM - TESTE] [ABO]","AD - 3",https://www.denavita.com.br/pages/laranja-moro?utm_source=Influenciador&utm_campaign=Luciana+Moraes+-+performance&utm_content=laranja+moro,Vídeo,not_delivering,988,1220,1.23481781,,,,12.18,2026-03-12,Contínuo,9.98360656,18,0.67666667,1.47540984,2026-01-01,2026-05-25
"Influ Lari - Jejoom","[C] [LM - TESTE] [ABO]","ADS - LARI 4",http://www.denavita.com.br/pages/jejoom-denavita,Vídeo,not_delivering,186,214,1.15053763,,,,12.06,2026-02-12,Contínuo,56.35514019,4,3.015,1.86915888,2026-01-01,2026-05-25
EVELIN,"[C] [LM - TESTE] [ABO]","ADS  - EVELYN VM",https://www.denavita.com.br/pages/vinagre-maca-gomas,Vídeo,inactive,413,454,1.09927361,,,,11.83,2026-05-18,Contínuo,26.05726872,3,3.94333333,0.66079295,2026-01-01,2026-05-25
"Influ Lari - Jejoom","[C] [LM - TESTE] [ABO]",AD2,http://www.denavita.com.br/pages/jejoom-denavita,Vídeo,not_delivering,371,419,1.12938005,,,,11.67,2026-02-12,Contínuo,27.85202864,5,2.334,1.19331742,2026-01-01,2026-05-25
"Conj. - Q10","[C] [LM - TESTE] [ABO]","ADS3- Q10",http://www.denavita.com.br/pages/coenzimaq10,Imagem,not_delivering,451,491,1.0886918,,,,11.57,2026-02-20,Contínuo,23.56415479,9,1.28555556,1.83299389,2026-01-01,2026-05-25
"[TOFU] [TIK TOK] [EXCLUSAÕ BASE] [BID 60] - TESTE ATÉ 20-05","[C] [LM - TESTE] [ABO]","AD - 7",https://www.denavita.com.br/pages/laranja-moro?utm_source=Influenciador&utm_campaign=Luciana+Moraes+-+performance&utm_content=laranja+moro,Vídeo,not_delivering,934,1106,1.18415418,,,,11.26,2026-03-12,Contínuo,10.18083183,18,0.62555556,1.62748644,2026-01-01,2026-05-25
"[COENZIMA] [RMKT]","[C] [VARIOS PRODUTO] [ABO] [BID]","AD - RMKT 4",https://www.denavita.com.br/products/coenzima-q10-omega-3-e-selenio-30-caps,Imagem,not_delivering,674,792,1.17507418,,,,11.17,2026-05-10,Contínuo,14.10353535,8,1.39625,1.01010101,2026-01-01,2026-05-25
"[CAMPANHA AQUISIÇÃO]","[C] [JEJOOM] [CBO]","AD - NIVER",http://denavita.com.br/pages/jejoom-denavita,Imagem,inactive,296,335,1.13175676,,,,11,2025-10-13,Contínuo,32.8358209,5,2.2,1.49253731,2026-01-01,2026-05-25
"Evelyn Regly BM - LM","[C] [LM - TESTE] [ABO]","ADS 2 - NOVO VM",https://www.denavita.com.br/pages/vinagre-maca-gomas,Vídeo,not_delivering,320,362,1.13125,,,,10.95974283,2026-02-04,Contínuo,30.27553267,4,2.73993571,1.10497238,2026-01-01,2026-05-25
"[TESTE PB FECHADO]","[C] [LM - TESTE] [ABO]","AD - EVELYN",https://www.denavita.com.br/products/laranja-moro-cafe-verde-e-cromo-30-caps?utm_source=Influenciador&utm_campaign=Evelyn+Regly+-+performance&utm_content=Laranja+Moro,Imagem,inactive,521,559,1.07293666,,,,10.93,2026-05-22,Contínuo,19.55277281,4,2.7325,0.71556351,2026-01-01,2026-05-25
Jejoom,"[C] [LM - TESTE] [ABO]","ADS3 - 18-02",https://jejoom.denavita.com.br/,Imagem,not_delivering,383,521,1.36031332,,,,10.7,2026-02-18,Contínuo,20.53742802,2,5.35,0.38387716,2026-01-01,2026-05-25
"[AQUISIÇÃO]  [ADV. +]","[C] [LM - PRINCIPAL][EX. BASE] [ADV. +] [CBO]","AD -2 — Cópia — Cópia",https://www.denavita.com.br/pages/laranja-moro?utm_source=Influenciador&utm_campaign=Luciana+Moraes+-+performance&utm_content=laranja+moro,Vídeo,inactive,233,270,1.15879828,,,,10.68,2026-01-23,Contínuo,39.55555556,1,10.68,0.37037037,2026-01-01,2026-05-25
"Influ Evelyn - Vm 2","[C] [LM - TESTE] [ABO]","ADS 1",https://www.denavita.com.br/pages/vinagre-maca-gomas,Vídeo,inactive,256,314,1.2265625,,,,10.62,2026-02-02,Contínuo,33.82165605,1,10.62,0.31847134,2026-01-01,2026-05-25
"[TOFU] [TIK TOK] [EXCLUSAÕ BASE] [BID 60] - TESTE ATÉ 20-05","[C] [LM - TESTE] [ABO]","AD -2",https://www.denavita.com.br/pages/laranja-moro?utm_source=Influenciador&utm_campaign=Luciana+Moraes+-+performance&utm_content=laranja+moro,Vídeo,not_delivering,651,728,1.11827957,,,,10.07,2026-03-12,Contínuo,13.83241758,2,5.035,0.27472527,2026-01-01,2026-05-25
Jejoom,"[C] [LM - TESTE] [ABO]","ADS3 - 18-02",https://jejoom.denavita.com.br/,Imagem,not_delivering,239,242,1.0125523,,,,10.05,2026-02-20,Contínuo,41.52892562,4,2.5125,1.65289256,2026-01-01,2026-05-25
"[TRIO MAG] [RMKT]","[C] [VARIOS PRODUTO] [ABO] [BID]","AD - BOFU RMKT3 17-05",https://www.denavita.com.br/products/trio-magnesio?pb=0?utm_source=Influenciador&utm_campaign=Meta+performance&utm_content=meta+performance,Imagem,not_delivering,321,350,1.09034268,,,,10.02,2026-05-17,Contínuo,28.62857143,6,1.67,1.71428571,2026-01-01,2026-05-25
Jejoom,"[C] [LM - TESTE] [ABO]","ADS1 - 18-02",https://jejoom.denavita.com.br/,Imagem,not_delivering,243,256,1.05349794,"Compras no site",1,9.97,9.97,2026-02-20,Contínuo,38.9453125,5,1.994,1.953125,2026-01-01,2026-05-25
"[TESTE PB FECHADO]","[C] [LM - TESTE] [ABO]","AD - EVELYN",http://lm1.denavita.com.br/,Vídeo,inactive,531,604,1.13747646,,,,9.97,2026-05-22,Contínuo,16.50662252,8,1.24625,1.32450331,2026-01-01,2026-05-25
ABER.,"[C] [TONS] [PB ABERTO] [TESTE BID CAP]",tons_dr-ursinho-melasma2-13-10-2025,https://www.denavita.com.br/pages/tons-clareador-de-pele,Vídeo,archived,420,470,1.11904762,,,,9.97,2026-03-16,Contínuo,21.21276596,4,2.4925,0.85106383,2026-01-01,2026-05-25
"Arte Organica - VM","[C] [LM - TESTE] [ABO]","ADS1 - VM",https://www.denavita.com.br/pages/vinagre-maca-gomas,Imagem,not_delivering,241,250,1.0373444,,,,9.71,2026-02-20,Contínuo,38.84,,,,2026-01-01,2026-05-25
"Influ Sabrina - Vm [Teste até 13-03]","[C] [LM - TESTE] [ABO]",ADS9,https://www.denavita.com.br/pages/vinagre-maca-gomas,Vídeo,archived,158,165,1.0443038,,,,9.48,2026-02-05,Contínuo,57.45454545,2,4.74,1.21212121,2026-01-01,2026-05-25
"TONS TESTE","[C] [TONS] [PB DR]","AD - MOFU 2",https://www.denavita.com.br/pages/tons-clareador-de-pele,Vídeo,not_delivering,201,267,1.32835821,,,,9.38,2026-04-06,Contínuo,35.13108614,17,0.55176471,6.3670412,2026-01-01,2026-05-25
"[RMKT LARANJA MORO-REATIVAÇÃO BASE QUENTE]","[C] [LM - RMKT] [ADV. ABO]","AD - RMKT",https://www.denavita.com.br/products/laranja-moro-cafe-verde-e-cromo-30-caps?utm_source=Influenciador&utm_campaign=Dani+Winits+-+performance&utm_content=laranja+moro,Imagem,inactive,300,363,1.21,,,,9.310051,2025-10-13,Contínuo,25.64752342,7,1.33000729,1.92837466,2026-01-01,2026-05-25
"Influ Lari - Jejoom","[C] [LM - TESTE] [ABO]",AD2,http://www.denavita.com.br/pages/jejoom-denavita,Vídeo,not_delivering,363,437,1.20385675,,,,9.27,2026-02-12,Contínuo,21.21281465,,,,2026-01-01,2026-05-25
"[TOFU] [TIK TOK] [EXCLUSAÕ BASE] [BID 60] - TESTE ATÉ 20-05","[C] [LM - TESTE] [ABO]","AD -2",https://www.denavita.com.br/pages/laranja-moro?utm_source=Influenciador&utm_campaign=Luciana+Moraes+-+performance&utm_content=laranja+moro,Vídeo,not_delivering,623,777,1.24719101,,,,9.07,2026-03-12,Contínuo,11.67310167,4,2.2675,0.51480051,2026-01-01,2026-05-25
"[TOFU] [TIK TOK] [EXCLUSAÕ BASE] [BID 60] - TESTE ATÉ 20-05","[C] [LM - TESTE] [ABO]","AD - 7",https://www.denavita.com.br/pages/laranja-moro?utm_source=Influenciador&utm_campaign=Luciana+Moraes+-+performance&utm_content=laranja+moro,Vídeo,not_delivering,823,931,1.13122722,,,,8.73,2026-03-12,Contínuo,9.37701396,2,4.365,0.21482277,2026-01-01,2026-05-25
"[CAMPANHA AQUISIÇÃO]","[C] [JEJOOM] [CBO]","AD - NIVER",https://www.denavita.com.br/pages/jejoom-denavita?utm_source=Influenciador&utm_campaign=Larissa+Weissheimer+-+performance&utm_content=jejoom,Imagem,inactive,387,445,1.1498708,,,,8.56,2025-10-13,Contínuo,19.23595506,,,,2026-01-01,2026-05-25
"TESTE RACHEL ATE 21-03","[C] [LM - PRINCIPAL] - [PLANO B] 2 TESTE",AD1,http://www.denavita.com.br/pages/laranja-moro,Vídeo,archived,619,722,1.16639742,,,,8.52,2026-03-17,Contínuo,11.80055402,6,1.42,0.83102493,2026-01-01,2026-05-25
"Influ Lari - Jejoom","[C] [LM - TESTE] [ABO]","ADS - LARI 5",https://jejoom1.denavita.com.br/,Vídeo,not_delivering,277,302,1.09025271,,,,8.48,2026-02-12,Contínuo,28.0794702,3,2.82666667,0.99337748,2026-01-01,2026-05-25
"[VINAGRE] [RMKT]","[C] [VARIOS PRODUTO] [ABO] [BID]","ADS 1 - MARITZA",https://www.denavita.com.br/pages/vinagre-maca-gomas,Vídeo,inactive,144,154,1.06944444,,,,8.47,2026-01-20,Contínuo,55,11,0.77,7.14285714,2026-01-01,2026-05-25
"TONS TESTE","[C] [TONS] [PB DR]","AD - MOFU 4",https://www.denavita.com.br/pages/tons-clareador-de-pele,Vídeo,not_delivering,208,245,1.17788462,,,,8.42,2026-04-06,Contínuo,34.36734694,21,0.40095238,8.57142857,2026-01-01,2026-05-25
"[AQUISIÇÃO]  [ADV. +]","[C] [LM - PRINCIPAL][EX. BASE] [ADV. +] [CBO]","ADS - SABRINA TOPO 2",http://denavita.com.br/pages/laranja-moro,Vídeo,inactive,264,280,1.06060606,,,,8.17,2026-01-23,Contínuo,29.17857143,1,8.17,0.35714286,2026-01-01,2026-05-25
Jejoom,"[C] [LM - TESTE] [ABO]","ADS2 - 18-02",https://jejoom.denavita.com.br/,Imagem,not_delivering,276,291,1.05434783,,,,7.86,2026-02-20,Contínuo,27.01030928,5,1.572,1.71821306,2026-01-01,2026-05-25
"[VINAGRE] [RMKT]","[C] [VARIOS PRODUTO] [ABO] [BID]",AD1,https://track.denavita.com.br/5myasrs6l8/,Imagem,inactive,124,164,1.32258065,,,,7.8508234,2026-01-20,Contínuo,47.87087442,,,,2026-01-01,2026-05-25
"Influ Raiza 3 - LM TESTE TRAVA DE CPA","[C] [LM - TESTE] [ABO]","ADS 1",http://denavita.com.br/pages/laranja-moro,Vídeo,archived,240,253,1.05416667,,,,7.66,2026-01-30,Contínuo,30.27667984,2,3.83,0.79051383,2026-01-01,2026-05-25
"[VINAGRE] [RMKT]","[C] [VARIOS PRODUTO] [ABO] [BID]",AD2,https://www.denavita.com.br/pages/conheca-novo-produto,Imagem,active,445,445,1,"Compras no site",1,7.65370527,7.65370527,2026-01-20,Contínuo,17.19933769,,,,2026-01-01,2026-05-25
"Influ Larissa Lemos - Lm","[C] [LM - TESTE] [ABO]","ADS - LARISSA MES CLIENTE",https://lm1.denavita.com.br/,Vídeo,archived,238,266,1.11764706,,,,7.63,2025-10-13,Contínuo,28.68421053,1,7.63,0.37593985,2026-01-01,2026-05-25
"LP - 1","[C] [LM - PRINCIPAL][EX. BASE] [ADV. +] [CBO]","ADS - LARISSA 2",https://lm1.denavita.com.br/,Vídeo,archived,321,337,1.04984424,,,,7.6,2026-01-19,Contínuo,22.55192878,4,1.9,1.18694362,2026-01-01,2026-05-25
"[VINAGRE] [RMKT]","[C] [VARIOS PRODUTO] [ABO] [BID]",AD4,https://www.denavita.com.br/pages/vinagre-maca-gomas,Imagem,inactive,302,331,1.09602649,,,,7.34,2026-01-20,Contínuo,22.17522659,,,,2026-01-01,2026-05-25
"[CAMPANHA AQUISIÇÃO]","[C] [JEJOOM] [CBO]","AD - MORGANA",http://www.denavita.com.br/pages/jejoom-denavita,Vídeo,inactive,191,208,1.08900524,,,,7.23,2025-10-13,Contínuo,34.75961538,5,1.446,2.40384615,2026-01-01,2026-05-25
"[CAMPANHA AQUISIÇÃO]","[C] [JEJOOM] [CBO]","ARTE DANI",http://denavita.com.br/pages/jejoom-denavita,Imagem,inactive,177,210,1.18644068,,,,7.16,2025-10-13,Contínuo,34.0952381,4,1.79,1.9047619,2026-01-01,2026-05-25
"[TOFU] [TIK TOK] [EXCLUSAÕ BASE] [BID 60] - TESTE ATÉ 20-05","[C] [LM - TESTE] [ABO]","AD - 3",https://www.denavita.com.br/pages/laranja-moro?utm_source=Influenciador&utm_campaign=Luciana+Moraes+-+performance&utm_content=laranja+moro,Vídeo,not_delivering,870,979,1.12528736,,,,7.14,2026-03-12,Contínuo,7.29315628,11,0.64909091,1.12359551,2026-01-01,2026-05-25
"Influ Sabrina - LM TESTE TRAVA DE CPA","[C] [LM - TESTE] [ABO]","AD - TOFU",https://track.denavita.com.br/0ksqdzlnmv/,Vídeo,archived,665,798,1.2,,,,7.14,2025-10-22,Contínuo,8.94736842,7,1.02,0.87719298,2026-01-01,2026-05-25
"Influ Maritza 1 - LM TESTE TRAVA DE CPA","[C] [LM - TESTE] [ABO]",24-12,http://denavita.com.br/pages/laranja-moro,Vídeo,archived,367,457,1.24523161,,,,6.96,2025-11-25,Contínuo,15.2297593,3,2.32,0.65645514,2026-01-01,2026-05-25
"[CAMPANHA AQUISIÇÃO]","[C] [JEJOOM] [CBO]","AD - LARI",http://www.denavita.com.br/pages/jejoom-denavita,Vídeo,inactive,315,345,1.0952381,,,,6.66,2025-10-13,Contínuo,19.30434783,,,,2026-01-01,2026-05-25
"[CAMPANHA AQUISIÇÃO]","[C] [JEJOOM] [CBO]","AD - INGRID 3",http://denavita.com.br/pages/jejoom-denavita?utm_source=Influenciador&utm_campaign=Meta+performance&utm_content=meta+performance,Vídeo,inactive,111,131,1.18018018,,,,6.62,2025-10-13,Contínuo,50.53435115,1,6.62,0.76335878,2026-01-01,2026-05-25
"Influ Sabrina - LM TESTE TRAVA DE CPA","[C] [LM - TESTE] [ABO]","AD - TOFU",https://track.denavita.com.br/0ksqdzlnmv/,Vídeo,archived,441,657,1.48979592,,,,6.57,2025-10-22,Contínuo,10,11,0.59727273,1.67427702,2026-01-01,2026-05-25
"[PERFIL NOVO]","[C] [LM - PRINCIPAL] - [PLANO B] 2 TESTE","ADS 5",https://www.denavita.com.br/pages/laranja-moro?utm_source=Influenciador&utm_campaign=Evelyn+Regly+-+performance&utm_content=Laranja+Moro&_pos=1&_sid=464449d27&_ss=r,Vídeo,inactive,455,701,1.54065934,,,,6.54,2026-03-25,Contínuo,9.32952924,7,0.93428571,0.99857347,2026-01-01,2026-05-25
"[RMKT LARANJA MORO-REATIVAÇÃO BASE QUENTE]","[C] [LM - RMKT] [ADV. ABO]","AD - RMKT DANI",http://www.denavita.com.br/pages/laranja-moro,Imagem,active,248,257,1.03629032,,,,6.41953897,2025-10-13,Contínuo,24.97875086,5,1.28390779,1.94552529,2026-01-01,2026-05-25
"Influ Mi Ruback - Vm","[C] [LM - TESTE] [ABO]",AD2,https://www.denavita.com.br/pages/vinagre-maca-gomas,Vídeo,archived,330,362,1.0969697,,,,6.38,2026-01-22,Contínuo,17.62430939,5,1.276,1.38121547,2026-01-01,2026-05-25
"[TOFU] [TIK TOK] [EXCLUSAÕ BASE] [BID 60] - TESTE ATÉ 20-05","[C] [LM - TESTE] [ABO]","AD - 4",https://www.denavita.com.br/pages/laranja-moro?utm_source=Influenciador&utm_campaign=Luciana+Moraes+-+performance&utm_content=laranja+moro,Vídeo,not_delivering,425,506,1.19058824,,,,6.37,2026-03-12,Contínuo,12.58893281,5,1.274,0.98814229,2026-01-01,2026-05-25
"Influ Morgana - Jejoom","[C] [LM - TESTE] [ABO]",ADS3,https://jejoom.denavita.com.br/,Vídeo,inactive,140,144,1.02857143,,,,6.15,2026-03-02,Contínuo,42.70833333,4,1.5375,2.77777778,2026-01-01,2026-05-25
EVELIN,"[C] [LM - TESTE] [ABO]","AD - EVELYN",https://www.denavita.com.br/products/laranja-moro-cafe-verde-e-cromo-30-caps?utm_source=Influenciador&utm_campaign=Evelyn+Regly+-+performance&utm_content=Laranja+Moro,Imagem,inactive,264,277,1.04924242,,,,6.06,2026-05-18,Contínuo,21.87725632,4,1.515,1.44404332,2026-01-01,2026-05-25
[RMK],"[C] [JEJOOM] [CBO]","AD - RMKT",http://denavita.com.br/pages/jejoom-denavita,Imagem,inactive,538,578,1.07434944,,,,6.04,2026-04-17,Contínuo,10.44982699,6,1.00666667,1.03806228,2026-01-01,2026-05-25
"Influ Mi Ruback - Vm","[C] [LM - TESTE] [ABO]",AD1,https://www.denavita.com.br/pages/vinagre-maca-gomas,Vídeo,archived,184,211,1.14673913,,,,5.97,2026-01-22,Contínuo,28.29383886,,,,2026-01-01,2026-05-25
"[EXCLUSÃO BASE] [ADV. +]","[C] [LM - PRINCIPAL][EX. BASE] [ADV. +] [CBO]","AD - RMKT — Cópia",https://www.denavita.com.br/products/laranja-moro-cafe-verde-e-cromo-30-caps?utm_source=Influenciador&utm_campaign=Dani+Winits+-+performance&utm_content=laranja+moro,Imagem,inactive,816,1066,1.30637255,,,,5.81,2026-03-17,Contínuo,5.45028143,9,0.64555556,0.84427767,2026-01-01,2026-05-25
"[PUBLICO ABERTO]","[C] [WHITE] TRAFEGO","AD1 — Cópia — Cópia",https://www.denavita.com.br/products/vinagre-maca-gomas?_pos=3&_sid=ab1d050b6&_ss=r,Imagem,not_delivering,921,1017,1.10423453,"Visualizações da página de destino",28,0.20285714,5.68,2026-03-26,Contínuo,5.58505408,38,0.14947368,3.73647984,2026-01-01,2026-05-25
"[PUBLICO ABERTO] — Cópia","[C] [LM - PRINCIPAL] [PLANO B] 1 TESTE","ADS - ANA ELISA 2",http://denavita.com.br/pages/laranja-moro,Vídeo,archived,272,274,1.00735294,,,,5.65,2026-01-08,Contínuo,20.62043796,,,,2026-01-01,2026-05-25
"Influ Isadora N. - Lm","[C] [LM - TESTE] [ABO]","ADS 2 — Cópia",http://www.denavita.com.br/pages/laranja-moro,Imagem,archived,157,165,1.05095541,,,,5.51,2026-01-23,Contínuo,33.39393939,1,5.51,0.60606061,2026-01-01,2026-05-25
"[HIBRIDO] [ESTATICO ORG.] [BID 60]","[C] [LM - TESTE] [ABO]","AD - NIVER 3",https://www.denavita.com.br/products/laranja-moro-cafe-verde-e-cromo-30-caps?utm_source=Influenciador&utm_campaign=Meta+performance&utm_content=meta+performance,Imagem,inactive,731,870,1.19015048,,,,5.51,2026-03-20,Contínuo,6.33333333,8,0.68875,0.91954023,2026-01-01,2026-05-25
"[EXCLUSÃO BASE] [ADV. +]","[C] [LM - PRINCIPAL][EX. BASE] [ADV. +] [CBO]","AD - 5 — Cópia",https://www.denavita.com.br/pages/laranja-moro?utm_source=Influenciador&utm_campaign=Luciana+Moraes+-+performance&utm_content=laranja+moro,Vídeo,inactive,269,299,1.11152416,,,,5.33,2026-03-17,Contínuo,17.82608696,4,1.3325,1.33779264,2026-01-01,2026-05-25
"Carrossel - Lm","[C] [LM - TESTE] [ABO]","ADS2- 18-02 — Cópia",https://www.denavita.com.br/pages/digestino,Imagem,inactive,223,243,1.0896861,,,,5.22,2026-02-20,Contínuo,21.48148148,4,1.305,1.64609053,2026-01-01,2026-05-25
"Arte Organica - Digestino","[C] [LM - TESTE] [ABO]","ADS2- 18-02",https://www.denavita.com.br/pages/digestino,Imagem,inactive,158,161,1.01898734,,,,5.11,2026-02-20,Contínuo,31.73913043,1,5.11,0.62111801,2026-01-01,2026-05-25
[EVELIN],"[C] [LM - PRINCIPAL][EX. BASE] [ADV. +] [CBO]","AD1 — Cópia",https://www.denavita.com.br/pages/laranja-moro?utm_source=Influenciador&utm_campaign=Luciana+Moraes+-+performance&utm_content=laranja+moro,Vídeo,inactive,540,587,1.08703704,,,,5.08,2026-03-31,Contínuo,8.65417376,7,0.72571429,1.19250426,2026-01-01,2026-05-25
"Influ Sabrina - Tons","[C] [LM - TESTE] [ABO]","ADS 4 - SABRINA",https://denavita.com.br/pages/tons-clareador-de-pele,Vídeo,inactive,93,93,1,,,,5.05,2026-02-09,Contínuo,54.30107527,,,,2026-01-01,2026-05-25
"LP - 1","[C] [LM - PRINCIPAL][EX. BASE] [ADV. +] [CBO]","Criativo 1 - Brenda 29/12 — Cópia",https://lm1.denavita.com.br/,Vídeo,archived,270,274,1.01481481,,,,5.05,2026-01-19,Contínuo,18.43065693,2,2.525,0.72992701,2026-01-01,2026-05-25
"[TOFU] [TIK TOK] [EXCLUSAÕ BASE] [BID 60] - TESTE ATÉ 20-05","[C] [LM - TESTE] [ABO]",AD1,http://www.denavita.com.br/pages/laranja-moro,Vídeo,inactive,413,479,1.1598063,,,,4.97,2026-03-12,Contínuo,10.37578288,4,1.2425,0.83507307,2026-01-01,2026-05-25
"Influ Evelyn - Vm","[C] [LM - TESTE] [ABO]","ADS 1",https://www.denavita.com.br/pages/vinagre-maca-gomas,Vídeo,not_delivering,147,162,1.10204082,,,,4.89,2026-01-29,Contínuo,30.18518519,1,4.89,0.61728395,2026-01-01,2026-05-25
"[TESTE PB FECHADO ANA ELISA]","[C] [LM - TESTE] [ABO]","AD - ANA ELISA MOFU — Cópia",https://www.denavita.com.br/pages/laranja-moro?utm_source=Influenciador&utm_campaign=Ana+Elisa+Fitfoodmenu+-+performance&utm_content=Laranja+Moro,Vídeo,active,118,131,1.11016949,,,,4.85264108,2026-05-23,Contínuo,37.04306171,2,2.42632054,1.52671756,2026-01-01,2026-05-25
"[TESTE PB FECHADO]","[C] [LM - TESTE] [ABO]","ADS  - EVELYN VM",https://www.denavita.com.br/pages/vinagre-maca-gomas,Vídeo,inactive,195,206,1.05641026,,,,4.82,2026-05-22,Contínuo,23.39805825,,,,2026-01-01,2026-05-25
"[ADV ABER.]","[C] [LM - PRINCIPAL] - [PLANO B] 2 TESTE","[ADS] - [LARISSA] [TOPO] [27-02]",https://lm1.denavita.com.br/,Vídeo,inactive,249,265,1.06425703,,,,4.41,2026-02-25,Contínuo,16.64150943,1,4.41,0.37735849,2026-01-01,2026-05-25
"[INOSITOL] [RMKT]","[C] [VARIOS PRODUTO] [ABO] [BID]","AD - BOFU RMKT2 17-05",https://www.denavita.com.br/products/magnesio-inositol?utm_source=Influenciador&utm_campaign=Meta+performance&utm_content=meta+performance,Imagem,not_delivering,85,102,1.2,,,,4.38,2026-05-17,Contínuo,42.94117647,1,4.38,0.98039216,2026-01-01,2026-05-25
"Varias Influs - VM","[C] [LM - TESTE] [ABO]","ADS 3",https://www.denavita.com.br/pages/vinagre-maca-gomas,Vídeo,inactive,134,141,1.05223881,,,,4.16,2026-02-19,Contínuo,29.5035461,1,4.16,0.70921986,2026-01-01,2026-05-25
"[TOFU] [TIK TOK] [EXCLUSAÕ BASE] [BID 60] - TESTE ATÉ 20-05","[C] [LM - TESTE] [ABO]","AD - 4",https://www.denavita.com.br/pages/laranja-moro?utm_source=Influenciador&utm_campaign=Luciana+Moraes+-+performance&utm_content=laranja+moro,Vídeo,not_delivering,373,406,1.08847185,,,,4.12,2026-03-12,Contínuo,10.14778325,3,1.37333333,0.73891626,2026-01-01,2026-05-25
"TONS TESTE","[C] [TONS] [PB DR]","AD - TOFU 1",https://www.denavita.com.br/pages/tons-clareador-de-pele,Vídeo,inactive,47,55,1.17021277,,,,4.01,2026-04-06,Contínuo,72.90909091,1,4.01,1.81818182,2026-01-01,2026-05-25
"Influ Sabrina - Vm [Teste até 13-03]","[C] [LM - TESTE] [ABO]",ADS10,https://www.denavita.com.br/pages/vinagre-maca-gomas,Vídeo,archived,44,47,1.06818182,,,,3.85,2026-02-05,Contínuo,81.91489362,1,3.85,2.12765957,2026-01-01,2026-05-25
"LP - ATUAL","[C] [LM - PRINCIPAL][EX. BASE] [ADV. +] [CBO]","ADS - LARISSA 2",https://www.denavita.com.br/pages/laranja-moro,Vídeo,archived,198,198,1,,,,3.73,2026-01-19,Contínuo,18.83838384,2,1.865,1.01010101,2026-01-01,2026-05-25
"Carrossel - Lm","[C] [LM - TESTE] [ABO]","ADS3 - 18-02 — Cópia",https://jejoom.denavita.com.br/,Imagem,inactive,138,144,1.04347826,,,,3.69,2026-02-20,Contínuo,25.625,1,3.69,0.69444444,2026-01-01,2026-05-25
"[COENZIMA] [RMKT]","[C] [VARIOS PRODUTO] [ABO] [BID]","AD - RMKT",https://www.denavita.com.br/products/coenzima-q10-omega-3-e-selenio-30-caps?_pos=1&_sid=ab86d182c&_ss=r,Imagem,inactive,118,120,1.01694915,,,,3.59,2026-05-10,Contínuo,29.91666667,1,3.59,0.83333333,2026-01-01,2026-05-25
"[CAMPANHA AQUISIÇÃO]","[C] [JEJOOM] [CBO]","ARTE DANI 2",http://denavita.com.br/pages/jejoom-denavita,Imagem,inactive,105,115,1.0952381,,,,3.51,2025-10-13,Contínuo,30.52173913,1,3.51,0.86956522,2026-01-01,2026-05-25
EVELIN,"[C] [LM - TESTE] [ABO]","AD - EVELYN",http://lm1.denavita.com.br/,Vídeo,active,160,177,1.10625,"Compras no site",1,3.44928614,3.44928614,2026-05-18,Contínuo,19.48749233,1,3.44928614,0.56497175,2026-01-01,2026-05-25
"Carrossel - Lm","[C] [LM - TESTE] [ABO]","CARROSSEL 2 - 18-02",https://lm1.denavita.com.br/,Imagem,not_delivering,111,127,1.14414414,,,,3.39,2026-02-20,Contínuo,26.69291339,1,3.39,0.78740157,2026-01-01,2026-05-25
"[TESTE PB FECHADO]","[C] [LM - TESTE] [ABO]","AD - JADE MOFU 3 LP LM1",https://www.denavita.com.br/pages/lm1?utm_source=Influenciador&utm_campaign=Jade+Seba+-+Performance&utm_content=Laranja+Moro,Vídeo,inactive,96,117,1.21875,,,,3.32,2026-05-22,Contínuo,28.37606838,5,0.664,4.27350427,2026-01-01,2026-05-25
"Influ Larissa Lemos - Lm","[C] [LM - TESTE] [ABO]","Video 1 Larissa Lemos - 13-10-2025",http://www.denavita.com.br/pages/laranja-moro,Vídeo,archived,104,110,1.05769231,"Compras no site",1,3.12,3.12,2025-10-13,Contínuo,28.36363636,2,1.56,1.81818182,2026-01-01,2026-05-25
"Conj. - Q10","[C] [LM - TESTE] [ABO]","ADS DANI 2",http://www.denavita.com.br/pages/coenzimaq10,Imagem,not_delivering,235,291,1.23829787,,,,3.08,2026-02-20,Contínuo,10.58419244,,,,2026-01-01,2026-05-25
"[Publico Quente] [TESTE]","[C] [DIGESTINO] [PRINCIPAL]","ADS - LIS",https://www.denavita.com.br/pages/digestino,Vídeo,not_delivering,86,94,1.09302326,,,,3.03,2025-12-24,Contínuo,32.23404255,4,0.7575,4.25531915,2026-01-01,2026-05-25
"TONS TESTE","[C] [TONS] [PB DR]","AD - BOFU — Cópia",https://denavita.com.br/pages/tons-clareador-de-pele,Imagem,inactive,91,93,1.02197802,,,,2.92,2026-04-06,Contínuo,31.39784946,1,2.92,1.07526882,2026-01-01,2026-05-25
"teste aquisição ate dia 15  - Lm","[C] [LM - TESTE] [ABO]","ADS - RAIZA 3 — Cópia",https://www.denavita.com.br/pages/lm1,Vídeo,inactive,211,234,1.10900474,,,,2.91,2026-02-04,Contínuo,12.43589744,4,0.7275,1.70940171,2026-01-01,2026-05-25
"Influ Ingrid - Vm","[C] [LM - TESTE] [ABO]",AD2,https://www.denavita.com.br/pages/vinagre-maca-gomas,Vídeo,archived,90,91,1.01111111,,,,2.81,2026-01-22,Contínuo,30.87912088,3,0.93666667,3.2967033,2026-01-01,2026-05-25
"[CAMPANHA AQUISIÇÃO]","[C] [JEJOOM] [CBO]","AD - INGRID 2",http://denavita.com.br/pages/jejoom-denavita?utm_source=Influenciador&utm_campaign=Meta+performance&utm_content=meta+performance,Vídeo,inactive,91,104,1.14285714,,,,2.72,2025-10-13,Contínuo,26.15384615,,,,2026-01-01,2026-05-25
"TONS TESTE","[C] [TONS] [PB DR]","AD - MOFU 8",https://www.denavita.com.br/pages/tons-clareador-de-pele,Vídeo,not_delivering,78,84,1.07692308,,,,2.67,2026-04-06,Contínuo,31.78571429,4,0.6675,4.76190476,2026-01-01,2026-05-25
"Influ Larissa Lemos - Lm","[C] [LM - TESTE] [ABO]","29/12 — Cópia",http://www.denavita.com.br/pages/laranja-moro,Vídeo,archived,150,169,1.12666667,,,,2.51,2025-10-13,Contínuo,14.85207101,,,,2026-01-01,2026-05-25
"Evelyn Regly BM - LM","[C] [LM - TESTE] [ABO]","ADS 3 - NOVO VM — Cópia",https://www.denavita.com.br/pages/vinagre-maca-gomas,Vídeo,not_delivering,257,275,1.07003891,,,,2.37995161,2026-02-04,Contínuo,8.65436949,1,2.37995161,0.36363636,2026-01-01,2026-05-25
"[CAMPANHA AQUISIÇÃO]","[C] [JEJOOM] [CBO]","ADS - LARI 2 24-12",http://denavita.com.br/pages/jejoom-denavita,Vídeo,inactive,77,84,1.09090909,,,,2.35,2025-10-13,Contínuo,27.97619048,,,,2026-01-01,2026-05-25
"[TOFU] [TIK TOK] [EXCLUSAÕ BASE] [BID 60] - TESTE ATÉ 20-05","[C] [LM - TESTE] [ABO]","AD - 9",https://www.denavita.com.br/pages/laranja-moro?utm_source=Influenciador&utm_campaign=Luciana+Moraes+-+performance&utm_content=laranja+moro,Vídeo,not_delivering,214,227,1.06074766,,,,2.24,2026-03-12,Contínuo,9.86784141,,,,2026-01-01,2026-05-25
Nac,"[C] [VARIOS PRODUTO] [ABO] [BID]","AD - RMK 2",https://www.denavita.com.br/products/nac-polivitaminico?utm_source=Influenciador&utm_campaign=Meta+performance&utm_content=meta+performance,Imagem,not_delivering,58,62,1.06896552,,,,2.22,2026-05-12,Contínuo,35.80645161,1,2.22,1.61290323,2026-01-01,2026-05-25
"Arte Organica - Digestino","[C] [LM - TESTE] [ABO]","ADS3- 18-02",https://www.denavita.com.br/pages/digestino,Imagem,inactive,22,22,1,,,,2.18,2026-02-20,Contínuo,99.09090909,,,,2026-01-01,2026-05-25
"LP - ATUAL","[C] [LM - PRINCIPAL][EX. BASE] [ADV. +] [CBO]","ADS -  ANA ELISA 1",https://www.denavita.com.br/pages/laranja-moro,Vídeo,archived,156,156,1,,,,2.16,2026-01-19,Contínuo,13.84615385,,,,2026-01-01,2026-05-25
"Influ Ingrid - Vm","[C] [LM - TESTE] [ABO]",AD3,https://www.denavita.com.br/pages/vinagre-maca-gomas,Vídeo,archived,65,66,1.01538462,,,,2.11,2026-01-22,Contínuo,31.96969697,1,2.11,1.51515152,2026-01-01,2026-05-25
"Arte Organica - VM","[C] [LM - TESTE] [ABO]","ADS3 - VM",https://www.denavita.com.br/pages/vinagre-maca-gomas,Imagem,not_delivering,89,90,1.01123596,,,,1.98,2026-02-20,Contínuo,22,,,,2026-01-01,2026-05-25
"[EXCLUSÃO BASE] [ADV. +]","[C] [LM - PRINCIPAL][EX. BASE] [ADV. +] [CBO]","ADS - INFLU ANA ELISA",https://www.denavita.com.br/pages/laranja-moro,Vídeo,inactive,19,20,1.05263158,,,,1.98,2026-03-17,Contínuo,99,,,,2026-01-01,2026-05-25
"[EXCLUSÃO BASE] [ADV. +]","[C] [LM - PRINCIPAL][EX. BASE] [ADV. +] [CBO]","ADS - INFLU ANA ELISA 3",https://www.denavita.com.br/pages/laranja-moro,Vídeo,inactive,30,32,1.06666667,,,,1.97,2026-03-17,Contínuo,61.5625,,,,2026-01-01,2026-05-25
"TONS TESTE","[C] [TONS] [PB DR]","AD - MOFU 6",https://www.denavita.com.br/pages/tons-clareador-de-pele,Vídeo,inactive,59,63,1.06779661,,,,1.96,2026-04-06,Contínuo,31.11111111,2,0.98,3.17460317,2026-01-01,2026-05-25
"[TOFU] [TIK TOK] [EXCLUSAÕ BASE] [BID 60] - TESTE ATÉ 20-05","[C] [LM - TESTE] [ABO]","AD - 7",https://www.denavita.com.br/pages/laranja-moro?utm_source=Influenciador&utm_campaign=Luciana+Moraes+-+performance&utm_content=laranja+moro,Vídeo,not_delivering,164,173,1.05487805,,,,1.82,2026-03-12,Contínuo,10.52023121,,,,2026-01-01,2026-05-25
"Conj. - Tipo 2","[C] [LM - TESTE] [ABO]","AD - BOFU 2",https://track.denavita.com.br/szeoncn43r/,Imagem,not_delivering,230,248,1.07826087,,,,1.68996282,2026-02-27,Contínuo,6.81436621,,,,2026-01-01,2026-05-25
"LP - 2","[C] [LM - PRINCIPAL][EX. BASE] [ADV. +] [CBO]","[2] 29/12 — Cópia",https://lm2.denavita.com.br/,Vídeo,archived,127,127,1,,,,1.64,2026-01-19,Contínuo,12.91338583,,,,2026-01-01,2026-05-25
"[TOFU] [TIK TOK] [EXCLUSAÕ BASE] [BID 60] - TESTE ATÉ 20-05","[C] [LM - TESTE] [ABO]","AD - 5",https://www.denavita.com.br/pages/laranja-moro?utm_source=Influenciador&utm_campaign=Luciana+Moraes+-+performance&utm_content=laranja+moro,Vídeo,not_delivering,174,185,1.06321839,,,,1.61011139,2026-03-12,Contínuo,8.7033048,3,0.5367038,1.62162162,2026-01-01,2026-05-25
"[TRIO MAG] [RMKT]","[C] [VARIOS PRODUTO] [ABO] [BID]","AD - BOFU RMKT2 17-05",https://www.denavita.com.br/products/trio-magnesio?pb=0?utm_source=Influenciador&utm_campaign=Meta+performance&utm_content=meta+performance,Imagem,not_delivering,54,67,1.24074074,,,,1.56,2026-05-17,Contínuo,23.28358209,2,0.78,2.98507463,2026-01-01,2026-05-25
"[TESTE PB FECHADO]","[C] [LM - TESTE] [ABO]","AD - EVELYN VM",https://www.denavita.com.br/products/kit-vida-fit,Vídeo,inactive,58,60,1.03448276,,,,1.54,2026-05-22,Contínuo,25.66666667,1,1.54,1.66666667,2026-01-01,2026-05-25
"[AQUISIÇÃO]  [ADV. +]","[C] [LM - PRINCIPAL][EX. BASE] [ADV. +] [CBO]","AD - ISA MOFU LP DANI",https://www.denavita.com.br/pages/laranja-moro?utm_source=Influenciador&utm_campaign=Jade+Seba+-+Performance&utm_content=Laranja+Moro,Vídeo,inactive,74,77,1.04054054,,,,1.47018522,2026-01-23,Contínuo,19.09331458,1,1.47018522,1.2987013,2026-01-01,2026-05-25
"LP - 1","[C] [LM - PRINCIPAL][EX. BASE] [ADV. +] [CBO]","ADS -  ANA ELISA 1",https://lm1.denavita.com.br/,Vídeo,archived,81,83,1.02469136,,,,1.41,2026-01-19,Contínuo,16.98795181,1,1.41,1.20481928,2026-01-01,2026-05-25
"[TESTE PB FECHADO]","[C] [LM - TESTE] [ABO]","AD - EVELYN",https://www.denavita.com.br/pages/laranja-moro?utm_source=Influenciador&utm_campaign=Evelyn+Regly+-+performance&utm_content=Laranja+Moro,Vídeo,inactive,64,65,1.015625,,,,1.37,2026-05-22,Contínuo,21.07692308,1,1.37,1.53846154,2026-01-01,2026-05-25
"[BM] [ANA ELISA]","[C] [LM - TESTE] [ABO]","ADS - INFLU ANA ELISA 2",https://www.denavita.com.br/pages/laranja-moro,Vídeo,inactive,71,79,1.11267606,,,,1.37,2025-10-01,Contínuo,17.34177215,,,,2026-01-01,2026-05-25
"Conj. - Q10","[C] [LM - TESTE] [ABO]","ADS DANI 3",http://www.denavita.com.br/pages/coenzimaq10,Imagem,inactive,77,90,1.16883117,,,,1.35,2026-02-20,Contínuo,15,2,0.675,2.22222222,2026-01-01,2026-05-25
"LP - 1","[C] [LM - PRINCIPAL][EX. BASE] [ADV. +] [CBO]","[2] 29/12 — Cópia",https://lm1.denavita.com.br/,Vídeo,archived,80,80,1,,,,1.32,2026-01-19,Contínuo,16.5,,,,2026-01-01,2026-05-25
"[PUBLICO ABERTO]","[C] [WHITE]","laranja-moro_dor_estatico6-18-08-2025 — Cópia",https://www.denavita.com.br/products/laranja-moro-cafe-verde-e-cromo-30-caps,Imagem,not_delivering,35,37,1.05714286,,,,1.22,2026-03-26,Contínuo,32.97297297,,,,2026-01-01,2026-05-25
"[PUBLICO ABERTO]","[C] [WHITE] TRAFEGO","AD3 — Cópia — Cópia",https://www.denavita.com.br/products/vinagre-maca-gomas?_pos=3&_sid=ab1d050b6&_ss=r,Imagem,not_delivering,233,240,1.03004292,"Visualizações da página de destino",4,0.295,1.18,2026-03-26,Contínuo,4.91666667,5,0.236,2.08333333,2026-01-01,2026-05-25
"[ADV ABER.]","[C] [LM - PRINCIPAL] - [PLANO B] 2 TESTE","[ADS] - [TOPO] [27-02]",https://lm1.denavita.com.br/,Vídeo,inactive,95,96,1.01052632,,,,1.09,2026-02-25,Contínuo,11.35416667,1,1.09,1.04166667,2026-01-01,2026-05-25
"[PUBLICO ABERTO]","[C] [WHITE] TRAFEGO","laranja-moro_fundo-dani-01-10-2025 — Cópia — Cópia",https://www.denavita.com.br/products/laranja-moro-cafe-verde-e-cromo-30-caps,Imagem,not_delivering,179,197,1.10055866,"Visualizações da página de destino",9,0.11666667,1.05,2026-03-26,Contínuo,5.32994924,11,0.09545455,5.58375635,2026-01-01,2026-05-25
"TONS TESTE","[C] [TONS] [PB DR]","AD - TOFU 5",https://www.denavita.com.br/pages/tons-clareador-de-pele,Vídeo,inactive,37,43,1.16216216,,,,1.02,2026-04-06,Contínuo,23.72093023,1,1.02,2.3255814,2026-01-01,2026-05-25
"[RMKT LARANJA MORO-REATIVAÇÃO BASE QUENTE]","[C] [LM - RMKT] [ADV. ABO]","AD - RMKT — Cópia — Cópia",https://www.denavita.com.br/products/laranja-moro-cafe-verde-e-cromo-30-caps?utm_source=Influenciador&utm_campaign=Dani+Winits+-+performance&utm_content=laranja+moro,Imagem,inactive,34,34,1,,,,0.99,2025-10-13,Contínuo,29.11764706,,,,2026-01-01,2026-05-25
"[CAMPANHA AQUISIÇÃO]","[C] [JEJOOM] [CBO]","ARTE 2",http://denavita.com.br/pages/jejoom-denavita,Imagem,inactive,47,55,1.17021277,,,,0.99,2025-10-13,Contínuo,18,,,,2026-01-01,2026-05-25
"[CAMPANHA AQUISIÇÃO]","[C] [JEJOOM] [CBO]","ARTE 2 MES CLIENTE",http://denavita.com.br/pages/jejoom-denavita,Imagem,inactive,45,46,1.02222222,,,,0.99,2025-10-13,Contínuo,21.52173913,,,,2026-01-01,2026-05-25
"Carrossel - Lm","[C] [LM - TESTE] [ABO]","ADS3- Q10 — Cópia",http://www.denavita.com.br/pages/coenzimaq10,Imagem,inactive,41,42,1.02439024,,,,0.94,2026-02-20,Contínuo,22.38095238,,,,2026-01-01,2026-05-25
"Evelyn Regly BM - LM","[C] [LM - TESTE] [ABO]","ADS 3 - NOVO VM",https://www.denavita.com.br/pages/vinagre-maca-gomas,Vídeo,not_delivering,25,29,1.16,,,,0.93,2026-02-04,Contínuo,32.06896552,2,0.465,6.89655172,2026-01-01,2026-05-25
"[TOFU] [TIK TOK] [EXCLUSAÕ BASE] [BID 60] - TESTE ATÉ 20-05","[C] [LM - TESTE] [ABO]","AD - MOFU ate 14-05",https://www.denavita.com.br/pages/laranja-moro?utm_source=Influenciador&utm_campaign=Luciana+Moraes+-+performance&utm_content=laranja+moro,Vídeo,not_delivering,87,97,1.11494253,,,,0.9200051,2026-03-12,Contínuo,9.48458863,1,0.9200051,1.03092784,2026-01-01,2026-05-25
"[HIBRIDO] [ESTATICO ORG.] [BID 60]","[C] [LM - TESTE] [ABO]","AD3 -",https://track.denavita.com.br/0ksqdzlnmv/,Vídeo,inactive,104,111,1.06730769,,,,0.92,2026-03-20,Contínuo,8.28828829,,,,2026-01-01,2026-05-25
Nac,"[C] [VARIOS PRODUTO] [ABO] [BID]","AD - RMK",https://www.denavita.com.br/products/nac-polivitaminico?utm_source=Influenciador&utm_campaign=Meta+performance&utm_content=meta+performance,Imagem,not_delivering,32,32,1,,,,0.82,2026-05-12,Contínuo,25.625,,,,2026-01-01,2026-05-25
EVELIN,"[C] [LM - TESTE] [ABO]","AD - EVELYN",http://lm1.denavita.com.br/,Imagem,inactive,14,14,1,,,,0.82,2026-05-18,Contínuo,58.57142857,,,,2026-01-01,2026-05-25
"[PUBLICO ABERTO]","[C] [WHITE]","AD2 — Cópia",https://www.denavita.com.br/products/vinagre-maca-gomas?_pos=3&_sid=ab1d050b6&_ss=r,Imagem,not_delivering,48,50,1.04166667,,,,0.8,2026-03-26,Contínuo,16,,,,2026-01-01,2026-05-25
"[COENZIMA] [RMKT]","[C] [VARIOS PRODUTO] [ABO] [BID]","ADS DANI",https://www.denavita.com.br/products/coenzima-q10-omega-3-e-selenio-30-caps?_pos=1&_sid=ab86d182c&_ss=r,Imagem,inactive,37,37,1,,,,0.78,2026-05-10,Contínuo,21.08108108,,,,2026-01-01,2026-05-25
"[PUBLICO ABERTO]","[C] [WHITE]","laranja-moro_dor_estatico2-18-08-2025 — Cópia",https://www.denavita.com.br/products/laranja-moro-cafe-verde-e-cromo-30-caps,Imagem,not_delivering,11,11,1,,,,0.78,2026-03-26,Contínuo,70.90909091,,,,2026-01-01,2026-05-25
"[EXCLUSÃO BASE] [ADV. +]","[C] [LM - PRINCIPAL][EX. BASE] [ADV. +] [CBO]","ADS - INFLU ANA ELISA 2",https://www.denavita.com.br/pages/laranja-moro,Vídeo,inactive,13,13,1,,,,0.76,2026-03-17,Contínuo,58.46153846,,,,2026-01-01,2026-05-25
"TONS TESTE","[C] [TONS] [PB DR]","AD - MOFU 5",https://www.denavita.com.br/pages/tons-clareador-de-pele,Vídeo,inactive,19,19,1,,,,0.76,2026-04-06,Contínuo,40,1,0.76,5.26315789,2026-01-01,2026-05-25
"[PUBLICO ABERTO]","[C] [WHITE] TRAFEGO","ADS 2 — Cópia — Cópia — Cópia",https://www.denavita.com.br/products/vinagre-maca-gomas?_pos=3&_sid=ab1d050b6&_ss=r,Imagem,not_delivering,163,165,1.01226994,"Visualizações da página de destino",1,0.75,0.75,2026-03-26,Contínuo,4.54545455,1,0.75,0.60606061,2026-01-01,2026-05-25
"Influ Leka - LM TESTE TRAVA DE CPA","[C] [LM - TESTE] [ABO]","ADS 2",http://denavita.com.br/pages/laranja-moro,Vídeo,archived,34,36,1.05882353,,,,0.75,2026-01-14,Contínuo,20.83333333,,,,2026-01-01,2026-05-25
"LP - ATUAL","[C] [LM - PRINCIPAL][EX. BASE] [ADV. +] [CBO]","ADS - ANA ELISA 2",https://www.denavita.com.br/pages/laranja-moro,Vídeo,archived,58,58,1,,,,0.73,2026-01-19,Contínuo,12.5862069,,,,2026-01-01,2026-05-25
"[PUBLICO ABERTO]","[C] [WHITE] TRAFEGO","AD4 — Cópia — Cópia",https://www.denavita.com.br/products/vinagre-maca-gomas,Imagem,not_delivering,120,123,1.025,"Visualizações da página de destino",7,0.09714286,0.68,2026-03-26,Contínuo,5.52845528,7,0.09714286,5.69105691,2026-01-01,2026-05-25
"[PUBLICO ABERTO]","[C] [WHITE] TRAFEGO","laranja-moro_dor_estatico5-18-08-2025 — Cópia — Cópia",https://www.denavita.com.br/products/laranja-moro-cafe-verde-e-cromo-30-caps,Imagem,not_delivering,199,201,1.01005025,,,,0.68,2026-03-26,Contínuo,3.38308458,,,,2026-01-01,2026-05-25
Nac,"[C] [VARIOS PRODUTO] [ABO] [BID]","AD - RMK 3",https://www.denavita.com.br/products/nac-polivitaminico?utm_source=Influenciador&utm_campaign=Meta+performance&utm_content=meta+performance,Imagem,not_delivering,21,21,1,,,,0.64,2026-05-12,Contínuo,30.47619048,1,0.64,4.76190476,2026-01-01,2026-05-25
"[PUBLICO ABERTO]","[C] [WHITE]","AD4 — Cópia",https://www.denavita.com.br/products/vinagre-maca-gomas,Imagem,not_delivering,3,3,1,,,,0.64,2026-03-26,Contínuo,213.33333333,,,,2026-01-01,2026-05-25
"[VINAGRE] [RMKT]","[C] [VARIOS PRODUTO] [ABO] [BID]","AD - RMKT",https://www.denavita.com.br/products/vinagre-maca-gomas?utm_source=Influenciador&utm_campaign=Dani+Winits+-+performance&utm_content=laranja+moro,Imagem,inactive,21,23,1.0952381,,,,0.63,2026-01-20,Contínuo,27.39130435,1,0.63,4.34782609,2026-01-01,2026-05-25
"LP - ATUAL","[C] [LM - PRINCIPAL][EX. BASE] [ADV. +] [CBO]","[2] 29/12 — Cópia",https://www.denavita.com.br/pages/laranja-moro,Vídeo,archived,60,60,1,,,,0.62,2026-01-19,Contínuo,10.33333333,,,,2026-01-01,2026-05-25
"[VINAGRE] [RMKT]","[C] [VARIOS PRODUTO] [ABO] [BID]",AD4,https://www.denavita.com.br/pages/conheca-novo-produto,Imagem,inactive,37,38,1.02702703,,,,0.62,2026-01-20,Contínuo,16.31578947,2,0.31,5.26315789,2026-01-01,2026-05-25
"[VINAGRE] [RMKT]","[C] [VARIOS PRODUTO] [ABO] [BID]",AD1,https://www.denavita.com.br/pages/conheca-novo-produto,Imagem,inactive,14,14,1,,,,0.60006294,2026-01-20,Contínuo,42.86163824,1,0.60006294,7.14285714,2026-01-01,2026-05-25
"[PUBLICO ABERTO]","[C] [WHITE]","AD7 — Cópia",https://www.denavita.com.br/pages/vinagre-maca-gomas,Imagem,inactive,38,38,1,,,,0.6,2026-03-26,Contínuo,15.78947368,1,0.6,2.63157895,2026-01-01,2026-05-25
"Influ Evelyn BM - Vm","[C] [LM - TESTE] [ABO]","ADS 1",https://www.denavita.com.br/pages/vinagre-maca-gomas,Vídeo,archived,44,44,1,,,,0.59,2026-02-04,Contínuo,13.40909091,1,0.59,2.27272727,2026-01-01,2026-05-25
"[ADV ABER.]","[C] [LM - PRINCIPAL] - [PLANO B] 2 TESTE","Criativo 1 - Brenda 29/12 — Cópia",http://www.denavita.com.br/pages/laranja-moro,Vídeo,inactive,21,21,1,,,,0.58,2026-02-25,Contínuo,27.61904762,,,,2026-01-01,2026-05-25
"[CAMPANHA AQUISIÇÃO]","[C] [JEJOOM] [CBO]","AD - LARI 2",http://www.denavita.com.br/pages/jejoom-denavita,Vídeo,inactive,75,94,1.25333333,,,,0.58,2025-10-13,Contínuo,6.17021277,,,,2026-01-01,2026-05-25
"Influ Sabrina - LM TESTE TRAVA DE CPA","[C] [LM - TESTE] [ABO]","Criativo Versão 2 - Sabrina 29/12",http://denavita.com.br/pages/laranja-moro,Vídeo,archived,31,31,1,,,,0.57000297,2025-10-22,Contínuo,18.38719267,1,0.57000297,3.22580645,2026-01-01,2026-05-25
"TONS TESTE","[C] [TONS] [PB DR]","AD - MOFU 7",https://www.denavita.com.br/pages/tons-clareador-de-pele,Vídeo,inactive,15,15,1,,,,0.56,2026-04-06,Contínuo,37.33333333,,,,2026-01-01,2026-05-25
"Conj. - Q10","[C] [LM - TESTE] [ABO]","ADS 2",http://www.denavita.com.br/pages/coenzimaq10,Imagem,inactive,26,27,1.03846154,,,,0.48,2026-02-20,Contínuo,17.77777778,1,0.48,3.7037037,2026-01-01,2026-05-25
"[BM] [ANA ELISA]","[C] [LM - TESTE] [ABO]","ADS - INFLU ANA ELISA 3",https://www.denavita.com.br/pages/laranja-moro,Vídeo,inactive,41,41,1,,,,0.47,2025-10-01,Contínuo,11.46341463,,,,2026-01-01,2026-05-25
"[PUBLICO ABERTO]","[C] [WHITE]","laranja-moro_dor_estatico5-18-08-2025 — Cópia",https://www.denavita.com.br/products/laranja-moro-cafe-verde-e-cromo-30-caps,Imagem,not_delivering,19,21,1.10526316,,,,0.47,2026-03-26,Contínuo,22.38095238,1,0.47,4.76190476,2026-01-01,2026-05-25
EVELIN,"[C] [LM - TESTE] [ABO]","AD -  EVELYN",http://lm1.denavita.com.br/,Vídeo,inactive,31,36,1.16129032,,,,0.45,2026-05-18,Contínuo,12.5,1,0.45,2.77777778,2026-01-01,2026-05-25
EVELIN,"[C] [LM - TESTE] [ABO]","AD - EVELYN VM",https://www.denavita.com.br/products/kit-vida-fit,Vídeo,inactive,31,31,1,,,,0.44,2026-05-18,Contínuo,14.19354839,1,0.44,3.22580645,2026-01-01,2026-05-25
"[TESTE PB FECHADO JADE]","[C] [LM - TESTE] [ABO]","AD - JADE TOFU 19-05 BM JADE + DENA — Cópia — Cópia",https://www.denavita.com.br/pages/laranja-moro?utm_source=Influenciador&utm_campaign=Jade+Seba+-+Performance&utm_content=Laranja+Moro,Vídeo,active,31,32,1.03225806,,,,0.42501881,2026-05-23,Contínuo,13.2818378,,,,2026-01-01,2026-05-25
"[COENZIMA] [RMKT]","[C] [VARIOS PRODUTO] [ABO] [BID]","AD - RMKT 4",https://www.denavita.com.br/products/coenzima-q10-omega-3-e-selenio-30-caps?_pos=1&_sid=ab86d182c&_ss=r,Imagem,not_delivering,5,5,1,,,,0.35,2026-05-10,Contínuo,70,,,,2026-01-01,2026-05-25
"[PUBLICO ABERTO]","[C] [WHITE]","ADS - MES CONSUMIDOR 2 — Cópia — Cópia",https://www.denavita.com.br/products/laranja-moro-cafe-verde-e-cromo-30-caps,Imagem,not_delivering,14,14,1,,,,0.27,2026-03-26,Contínuo,19.28571429,,,,2026-01-01,2026-05-25
"[PERFIL NOVO]","[C] [LM - PRINCIPAL] - [PLANO B] 2 TESTE","ADS 6",https://www.denavita.com.br/pages/laranja-moro?utm_source=Influenciador&utm_campaign=Evelyn+Regly+-+performance&utm_content=Laranja+Moro&_pos=1&_sid=464449d27&_ss=r,Vídeo,inactive,24,26,1.08333333,,,,0.23,2026-03-25,Contínuo,8.84615385,,,,2026-01-01,2026-05-25
"[COENZIMA] [RMKT]","[C] [VARIOS PRODUTO] [ABO] [BID]","AD - RMKT",https://www.denavita.com.br/products/coenzima-q10-omega-3-e-selenio-30-caps?_pos=1&_sid=ab86d182c&_ss=r,Imagem,inactive,11,11,1,,,,0.23,2026-05-10,Contínuo,20.90909091,,,,2026-01-01,2026-05-25
"[PUBLICO ABERTO]","[C] [WHITE]","laranja-moro_dor_estatico4-18-08-2025 — Cópia",https://www.denavita.com.br/products/laranja-moro-cafe-verde-e-cromo-30-caps,Imagem,not_delivering,12,12,1,,,,0.23,2026-03-26,Contínuo,19.16666667,,,,2026-01-01,2026-05-25
"[PUBLICO ABERTO]","[C] [WHITE] TRAFEGO","laranja-moro_dor_estatico4-18-08-2025 — Cópia — Cópia",https://www.denavita.com.br/products/laranja-moro-cafe-verde-e-cromo-30-caps,Imagem,not_delivering,139,142,1.02158273,"Visualizações da página de destino",2,0.115,0.23,2026-03-26,Contínuo,1.61971831,2,0.115,1.4084507,2026-01-01,2026-05-25
"[ANA ELISA]","[C] [LM - PRINCIPAL] - [PLANO B] 2 TESTE","ADS - INFLU ANA ELISA 3",https://www.denavita.com.br/pages/laranja-moro,Vídeo,archived,22,25,1.13636364,,,,0.2,2026-03-17,Contínuo,8,,,,2026-01-01,2026-05-25
"[PUBLICO ABERTO]","[C] [WHITE]","laranja-moro_dor_estatico1-18-08-2025 — Cópia",https://www.denavita.com.br/products/laranja-moro-cafe-verde-e-cromo-30-caps,Imagem,not_delivering,8,8,1,,,,0.2,2026-03-26,Contínuo,25,,,,2026-01-01,2026-05-25
"[PUBLICO ABERTO]","[C] [TONS] [PB ABERTO] [TESTE BID CAP]","AD - TOFU 2",https://www.denavita.com.br/pages/tons-clareador-de-pele?utm_source=Influenciador&utm_campaign=Rodrigo+Andrade+-+performance&utm_content=Tons,Vídeo,not_delivering,20,22,1.1,,,,0.18,2026-03-16,Contínuo,8.18181818,,,,2026-01-01,2026-05-25
"[AQUISIÇÃO]  [ADV. +]","[C] [LM - PRINCIPAL][EX. BASE] [ADV. +] [CBO]","ADS - RAIZA 5",https://www.denavita.com.br/pages/lm1,Vídeo,inactive,18,18,1,,,,0.16,2026-01-23,Contínuo,8.88888889,,,,2026-01-01,2026-05-25
"LP - 1","[C] [LM - PRINCIPAL][EX. BASE] [ADV. +] [CBO]","CRIATIVO 2 RMKT — Cópia",https://lm1.denavita.com.br/,Imagem,archived,7,7,1,,,,0.15,2026-01-19,Contínuo,21.42857143,,,,2026-01-01,2026-05-25
"[AQUISIÇÃO]  [ADV. +]","[C] [LM - PRINCIPAL][EX. BASE] [ADV. +] [CBO]","AD - tofu  teste ate 09-05",https://www.denavita.com.br/pages/laranja-moro?utm_source=Influenciador&utm_campaign=Luciana+Moraes+-+performance&utm_content=laranja+moro,Vídeo,inactive,10,10,1,,,,0.14,2026-01-23,Contínuo,14,,,,2026-01-01,2026-05-25
"[PUBLICO ABERTO]","[C] [WHITE]","laranja-moro_dor_estatico3-18-08-2026 — Cópia",https://www.denavita.com.br/products/laranja-moro-cafe-verde-e-cromo-30-caps,Imagem,not_delivering,5,5,1,,,,0.14,2026-03-26,Contínuo,28,,,,2026-01-01,2026-05-25
"[PUBLICO ENG.] [DR]","[C] [TONS] [PB DR]","AD -   TOFU",https://www.denavita.com.br/pages/tons-clareador-de-pele,Vídeo,archived,3,3,1,,,,0.14,2025-06-20,Contínuo,46.66666667,,,,2026-01-01,2026-05-25
"[PUBLICO ABERTO]","[C] [WHITE]","AD1 — Cópia",https://www.denavita.com.br/products/vinagre-maca-gomas?_pos=3&_sid=ab1d050b6&_ss=r,Imagem,not_delivering,5,5,1,,,,0.13,2026-03-26,Contínuo,26,,,,2026-01-01,2026-05-25
"Influ Sabrina - LM TESTE TRAVA DE CPA","[C] [LM - TESTE] [ABO]","Criativo Versão 3 - Sabrina 29/12",http://denavita.com.br/pages/laranja-moro,Vídeo,archived,11,11,1,,,,0.12,2025-10-22,Contínuo,10.90909091,,,,2026-01-01,2026-05-25
"[PUBLICO ABERTO]","[C] [WHITE]","Rmkt Dani 2 — Cópia",https://www.denavita.com.br/pages/laranja-moro,Imagem,not_delivering,6,6,1,,,,0.11,2026-03-26,Contínuo,18.33333333,,,,2026-01-01,2026-05-25
"[PUBLICO ABERTO]","[C] [WHITE]","laranja-moro_dor_estatico7-18-08-2026 — Cópia",https://www.denavita.com.br/products/laranja-moro-cafe-verde-e-cromo-30-caps,Imagem,not_delivering,1,1,1,,,,0.1,2026-03-26,Contínuo,100,,,,2026-01-01,2026-05-25
"[PUBLICO ABERTO]","[C] [WHITE] TRAFEGO","laranja-moro_dor_estatico6-18-08-2025 — Cópia — Cópia",https://www.denavita.com.br/products/laranja-moro-cafe-verde-e-cromo-30-caps,Imagem,not_delivering,52,52,1,"Visualizações da página de destino",3,0.03333333,0.1,2026-03-26,Contínuo,1.92307692,3,0.03333333,5.76923077,2026-01-01,2026-05-25
"[ANA ELISA]","[C] [LM - PRINCIPAL] - [PLANO B] 2 TESTE","ADS - INFLU ANA ELISA",https://www.denavita.com.br/pages/laranja-moro,Vídeo,archived,5,5,1,,,,0.09,2026-03-17,Contínuo,18,,,,2026-01-01,2026-05-25
"[PUBLICO ABERTO]","[C] [WHITE] TRAFEGO","laranja-moro_dor_estatico3-18-08-2026 — Cópia — Cópia",https://www.denavita.com.br/products/laranja-moro-cafe-verde-e-cromo-30-caps,Imagem,not_delivering,44,45,1.02272727,"Visualizações da página de destino",2,0.04,0.08,2026-03-26,Contínuo,1.77777778,2,0.04,4.44444444,2026-01-01,2026-05-25
"ABER. — Cópia | Pausado checkout caro","[C] [TONS] [PB ABERTO] [TESTE BID CAP]","ADS 3 - MES DO CLIENTE",https://denavita.com.br/pages/tons-clareador-de-pele,Imagem,archived,4,4,1,,,,0.08,2026-03-16,Contínuo,20,,,,2026-01-01,2026-05-25
[MOFU],"[C] [LM - PRINCIPAL] - [PLANO B] 2 TESTE","ADS 4",https://track.denavita.com.br/0ksqdzlnmv/,Vídeo,not_delivering,12,12,1,,,,0.07999716,2026-03-31,Contínuo,6.66643015,,,,2026-01-01,2026-05-25
"[PUBLICO ABERTO]","[C] [WHITE] TRAFEGO","laranja-moro_dor_estatico7-18-08-2026 — Cópia — Cópia",https://www.denavita.com.br/products/laranja-moro-cafe-verde-e-cromo-30-caps,Imagem,not_delivering,51,51,1,"Visualizações da página de destino",2,0.035,0.07,2026-03-26,Contínuo,1.37254902,2,0.035,3.92156863,2026-01-01,2026-05-25
"[PUBLICO ABERTO]","[C] [WHITE]","laranja-moro_fundo-dani-01-10-2025 — Cópia",https://www.denavita.com.br/products/laranja-moro-cafe-verde-e-cromo-30-caps,Imagem,not_delivering,4,4,1,,,,0.07,2026-03-26,Contínuo,17.5,,,,2026-01-01,2026-05-25
"[ANA ELISA]","[C] [LM - PRINCIPAL] - [PLANO B] 2 TESTE","ADS - INFLU ANA ELISA 2",https://www.denavita.com.br/pages/laranja-moro,Vídeo,archived,6,7,1.16666667,,,,0.07,2026-03-17,Contínuo,10,,,,2026-01-01,2026-05-25
"Influ Djeeny Kock","[C] [LM - TESTE] [ABO]","Criativo 2 - Versão 2 Reduzida",http://denavita.com.br/pages/laranja-moro,Vídeo,archived,4,4,1,,,,0.06,2025-10-07,Contínuo,15,,,,2026-01-01,2026-05-25
"ABER. — Cópia | Pausado checkout caro","[C] [TONS] [PB ABERTO] [TESTE BID CAP]","ADS 2 - 18-02",https://denavita.com.br/pages/tons-clareador-de-pele,Imagem,archived,2,2,1,,,,0.06,2026-03-16,Contínuo,30,,,,2026-01-01,2026-05-25
"[PUBLICO ABERTO]","[C] [WHITE] TRAFEGO","laranja-moro_dor_estatico1-18-08-2025 — Cópia — Cópia",https://www.denavita.com.br/products/laranja-moro-cafe-verde-e-cromo-30-caps,Imagem,not_delivering,40,42,1.05,"Visualizações da página de destino",2,0.02,0.04,2026-03-26,Contínuo,0.95238095,2,0.02,4.76190476,2026-01-01,2026-05-25
"[PUBLICO ABERTO]","[C] [WHITE]","ADS1 - VM — Cópia — Cópia",https://www.denavita.com.br/pages/vinagre-maca-gomas,Imagem,inactive,5,5,1,,,,0.04,2026-03-26,Contínuo,8,,,,2026-01-01,2026-05-25
"Evelyn Regly BM - LM","[C] [LM - TESTE] [ABO]","ADS 3 - NOVO VM",https://www.denavita.com.br/pages/vinagre-maca-gomas,Vídeo,not_delivering,4,4,1,,,,0.04,2026-02-04,Contínuo,10,,,,2026-01-01,2026-05-25
"[PUBLICO ABERTO]","[C] [WHITE] TRAFEGO","laranja-moro_dor_estatico2-18-08-2025 — Cópia — Cópia",https://www.denavita.com.br/products/laranja-moro-cafe-verde-e-cromo-30-caps,Imagem,not_delivering,28,29,1.03571429,,,,0.03,2026-03-26,Contínuo,1.03448276,,,,2026-01-01,2026-05-25
"[PUBLICO ABERTO]","[C] [WHITE]","AD1 — Cópia",https://www.denavita.com.br/pages/vinagre-maca-gomas,Imagem,not_delivering,4,4,1,,,,0.02,2026-03-26,Contínuo,5,,,,2026-01-01,2026-05-25
"LP - ATUAL","[C] [LM - PRINCIPAL][EX. BASE] [ADV. +] [CBO]","CRIATIVO 2 RMKT — Cópia",https://www.denavita.com.br/pages/laranja-moro,Imagem,archived,3,3,1,,,,0.02,2026-01-19,Contínuo,6.66666667,,,,2026-01-01,2026-05-25
"Influ Sabrina - LM TESTE TRAVA DE CPA","[C] [LM - TESTE] [ABO]","AD - TOFU",http://denavita.com.br/pages/laranja-moro,Vídeo,archived,6,6,1,,,,0.01,2025-10-22,Contínuo,1.66666667,,,,2026-01-01,2026-05-25
"Influ Larissa Lemos - Lm","[C] [LM - TESTE] [ABO]","Video 2 Larissa Lemos - 13-10-2025",http://www.denavita.com.br/pages/laranja-moro,Vídeo,archived,2,2,1,,,,0.01,2025-10-13,Contínuo,5,,,,2026-01-01,2026-05-25
"teste publico novo - bid","[C] [LM - TESTE] [ABO]","AD - MOFU — Cópia",https://www.denavita.com.br/pages/laranja-moro?utm_source=Influenciador&utm_campaign=Luciana+Moraes+-+performance&utm_content=laranja+moro,Vídeo,not_delivering,2,2,1,,,,0.01,2026-02-19,Contínuo,5,,,,2026-01-01,2026-05-25
"[PUBLICO ABERTO]","[C] [WHITE] TRAFEGO","Rmkt Dani 2 — Cópia — Cópia",https://www.denavita.com.br/pages/laranja-moro,Imagem,not_delivering,12,12,1,,,,0.01,2026-03-26,Contínuo,0.83333333,,,,2026-01-01,2026-05-25
"[PUBLICO ABERTO]","[C] [WHITE]","AD6 — Cópia",https://www.denavita.com.br/pages/vinagre-maca-gomas,Imagem,inactive,1,1,1,,,,0,2026-03-26,Contínuo,0,,,,2026-01-01,2026-05-25
"Arte - Organica Tons ###","[C] [LM - TESTE] [ABO]",AD3,https://denavita.com.br/pages/tons-clareador-de-pele,Vídeo,not_delivering,1,1,1,,,,0,2026-01-26,Contínuo,0,,,,2026-01-01,2026-05-25
"LP - 2","[C] [LM - PRINCIPAL][EX. BASE] [ADV. +] [CBO]","CRIATIVO 2 RMKT — Cópia",https://lm2.denavita.com.br/,Imagem,archived,4,4,1,,,,0,2026-01-19,Contínuo,0,,,,2026-01-01,2026-05-25
"[TOFU][PERFIL NOVO]  TESTE","[C] [LM - PRINCIPAL] - [PLANO B] 2 TESTE",AD3,https://track.denavita.com.br/0ksqdzlnmv/,Imagem,not_delivering,3,3,1,,,,0,2026-03-16,Contínuo,0,,,,2026-01-01,2026-05-25
"[PUBLICO ABERTO]","[C] [WHITE]","AD3 — Cópia",https://www.denavita.com.br/products/vinagre-maca-gomas?_pos=3&_sid=ab1d050b6&_ss=r,Imagem,not_delivering,1,1,1,,,,0,2026-03-26,Contínuo,0,,,,2026-01-01,2026-05-25
"[RMKT LARANJA MORO-REATIVAÇÃO BASE QUENTE]","[C] [LM - RMKT] [ADV. ABO]","AD - LUCIANA MOFU",1474857760896599,Vídeo,inactive,0,0,0,"Compras no site",1,0,0,2025-10-13,Contínuo,,,,,2026-01-01,2026-05-25
